"","ID","Date","Home","Away","Half_Status","Time","Game_Time","Game_Seconds","Home_Score","Away_Score","Event_Team","Event_Description","Player_1","Player_2","Event_Type","Event_Result","Shot_Value","Event_Length","Poss_Num","Poss_Team","Poss_Length","isTransition","Home.1","Home.2","Home.3","Home.4","Home.5","Away.1","Away.2","Away.3","Away.4","Away.5","Status","isGarbageTime","Sub_Deviate"
"1","6564880","03/29/2026","Duke","UConn",1,"20:00","00:00",0,0,0,"UConn","Tarris Reed Jr., jumpball won","TARRIS.REED",NA,"won Jumpball",NA,NA,0,1,"UConn",0,FALSE,"MALIQ.BROWN","CAYDEN.BOOZER","CAMERON.BOOZER","DAME.SARR","ISAIAH.EVANS","SILAS.DEMARY","SOLO.BALL","ALEX.KARABAN","TARRIS.REED","BRAYLON.MULLINS","CLEAN",FALSE,2
"2","6564880","03/29/2026","Duke","UConn",1,"20:00","00:00",0,0,0,"Duke","Maliq Brown, jumpball lost","MALIQ.BROWN",NA,"lost Jumpball",NA,NA,0,1,"UConn",0,FALSE,"MALIQ.BROWN","CAYDEN.BOOZER","CAMERON.BOOZER","DAME.SARR","ISAIAH.EVANS","SILAS.DEMARY","SOLO.BALL","ALEX.KARABAN","TARRIS.REED","BRAYLON.MULLINS","CLEAN",FALSE,2
"3","6564880","03/29/2026","Duke","UConn",1,"19:39","00:21",21,0,0,"Duke","Maliq Brown, foul personal shooting;2freethrow;","MALIQ.BROWN",NA,"Commits Foul",NA,NA,21,1,"UConn",21,FALSE,"MALIQ.BROWN","CAYDEN.BOOZER","CAMERON.BOOZER","DAME.SARR","ISAIAH.EVANS","SILAS.DEMARY","SOLO.BALL","ALEX.KARABAN","TARRIS.REED","BRAYLON.MULLINS","CLEAN",FALSE,2
"4","6564880","03/29/2026","Duke","UConn",1,"19:39","00:21",21,0,0,"UConn","Tarris Reed Jr., foulon","TARRIS.REED",NA,"Draw Foul",NA,NA,0,1,"UConn",21,FALSE,"MALIQ.BROWN","CAYDEN.BOOZER","CAMERON.BOOZER","DAME.SARR","ISAIAH.EVANS","SILAS.DEMARY","SOLO.BALL","ALEX.KARABAN","TARRIS.REED","BRAYLON.MULLINS","CLEAN",FALSE,2
"5","6564880","03/29/2026","Duke","UConn",1,"19:39","00:21",21,0,1,"UConn","Tarris Reed Jr., freethrow 1of2   made","TARRIS.REED",NA,"Free Throw","made",1,0,1,"UConn",21,FALSE,"MALIQ.BROWN","CAYDEN.BOOZER","CAMERON.BOOZER","DAME.SARR","ISAIAH.EVANS","SILAS.DEMARY","SOLO.BALL","ALEX.KARABAN","TARRIS.REED","BRAYLON.MULLINS","CLEAN",FALSE,2
"6","6564880","03/29/2026","Duke","UConn",1,"19:39","00:21",21,0,2,"UConn","Tarris Reed Jr., freethrow 2of2   made","TARRIS.REED",NA,"Free Throw","made",1,0,1,"UConn",21,FALSE,"MALIQ.BROWN","CAYDEN.BOOZER","CAMERON.BOOZER","DAME.SARR","ISAIAH.EVANS","SILAS.DEMARY","SOLO.BALL","ALEX.KARABAN","TARRIS.REED","BRAYLON.MULLINS","CLEAN",FALSE,2
"7","6564880","03/29/2026","Duke","UConn",1,"19:25","00:35",35,0,2,"Duke","Cameron Boozer, 2pt layup pointsinthepaint;blocked;  missed","CAMERON.BOOZER",NA,"Layup","missed",2,14,2,"Duke",14,FALSE,"MALIQ.BROWN","CAYDEN.BOOZER","CAMERON.BOOZER","DAME.SARR","ISAIAH.EVANS","SILAS.DEMARY","SOLO.BALL","ALEX.KARABAN","TARRIS.REED","BRAYLON.MULLINS","CLEAN",FALSE,2
"8","6564880","03/29/2026","Duke","UConn",1,"19:25","00:35",35,0,2,"UConn","Tarris Reed Jr., block","TARRIS.REED",NA,"Blocked Shot",NA,NA,0,2,"Duke",14,FALSE,"MALIQ.BROWN","CAYDEN.BOOZER","CAMERON.BOOZER","DAME.SARR","ISAIAH.EVANS","SILAS.DEMARY","SOLO.BALL","ALEX.KARABAN","TARRIS.REED","BRAYLON.MULLINS","CLEAN",FALSE,2
"9","6564880","03/29/2026","Duke","UConn",1,"19:23","00:37",37,0,2,"UConn","Silas Demary Jr., rebound defensive","SILAS.DEMARY",NA,"Defensive Rebound",NA,NA,2,2,"Duke",16,FALSE,"MALIQ.BROWN","CAYDEN.BOOZER","CAMERON.BOOZER","DAME.SARR","ISAIAH.EVANS","SILAS.DEMARY","SOLO.BALL","ALEX.KARABAN","TARRIS.REED","BRAYLON.MULLINS","CLEAN",FALSE,2
"10","6564880","03/29/2026","Duke","UConn",1,"19:08","00:52",52,0,2,"UConn","Solo Ball, 3pt jumpshot   missed","SOLO.BALL",NA,"Three Point Jumper","missed",3,15,3,"UConn",15,FALSE,"MALIQ.BROWN","CAYDEN.BOOZER","CAMERON.BOOZER","DAME.SARR","ISAIAH.EVANS","SILAS.DEMARY","SOLO.BALL","ALEX.KARABAN","TARRIS.REED","BRAYLON.MULLINS","CLEAN",FALSE,2
"11","6564880","03/29/2026","Duke","UConn",1,"19:05","00:55",55,0,2,"Duke","Maliq Brown, rebound defensive","MALIQ.BROWN",NA,"Defensive Rebound",NA,NA,3,3,"UConn",18,FALSE,"MALIQ.BROWN","CAYDEN.BOOZER","CAMERON.BOOZER","DAME.SARR","ISAIAH.EVANS","SILAS.DEMARY","SOLO.BALL","ALEX.KARABAN","TARRIS.REED","BRAYLON.MULLINS","CLEAN",FALSE,2
"12","6564880","03/29/2026","Duke","UConn",1,"18:48","01:12",72,2,2,"Duke","Dame Sarr, 2pt drivinglayup pointsinthepaint;  made","DAME.SARR",NA,"Layup","made",2,17,4,"Duke",17,FALSE,"MALIQ.BROWN","CAYDEN.BOOZER","CAMERON.BOOZER","DAME.SARR","ISAIAH.EVANS","SILAS.DEMARY","SOLO.BALL","ALEX.KARABAN","TARRIS.REED","BRAYLON.MULLINS","CLEAN",FALSE,2
"13","6564880","03/29/2026","Duke","UConn",1,"18:31","01:29",89,2,2,"UConn","Silas Demary Jr., turnover badpass","SILAS.DEMARY",NA,"Turnover",NA,NA,17,5,"UConn",17,FALSE,"MALIQ.BROWN","CAYDEN.BOOZER","CAMERON.BOOZER","DAME.SARR","ISAIAH.EVANS","SILAS.DEMARY","SOLO.BALL","ALEX.KARABAN","TARRIS.REED","BRAYLON.MULLINS","CLEAN",FALSE,2
"14","6564880","03/29/2026","Duke","UConn",1,"18:31","01:29",89,2,2,"Duke","Cayden Boozer, steal","CAYDEN.BOOZER",NA,"Steal",NA,NA,0,5,"UConn",17,FALSE,"MALIQ.BROWN","CAYDEN.BOOZER","CAMERON.BOOZER","DAME.SARR","ISAIAH.EVANS","SILAS.DEMARY","SOLO.BALL","ALEX.KARABAN","TARRIS.REED","BRAYLON.MULLINS","CLEAN",FALSE,2
"15","6564880","03/29/2026","Duke","UConn",1,"18:26","01:34",94,4,2,"Duke","Cameron Boozer, 2pt drivinglayup fromturnover;pointsinthepaint;fastbreak;  made - Dame Sarr, assist","CAMERON.BOOZER","DAME.SARR","Layup","made",2,5,6,"Duke",5,TRUE,"MALIQ.BROWN","CAYDEN.BOOZER","CAMERON.BOOZER","DAME.SARR","ISAIAH.EVANS","SILAS.DEMARY","SOLO.BALL","ALEX.KARABAN","TARRIS.REED","BRAYLON.MULLINS","CLEAN",FALSE,2
"16","6564880","03/29/2026","Duke","UConn",1,"18:10","01:50",110,4,2,"UConn","Alex Karaban, 3pt jumpshot   missed","ALEX.KARABAN",NA,"Three Point Jumper","missed",3,16,7,"UConn",16,FALSE,"MALIQ.BROWN","CAYDEN.BOOZER","CAMERON.BOOZER","DAME.SARR","ISAIAH.EVANS","SILAS.DEMARY","SOLO.BALL","ALEX.KARABAN","TARRIS.REED","BRAYLON.MULLINS","CLEAN",FALSE,2
"17","6564880","03/29/2026","Duke","UConn",1,"18:07","01:53",113,4,2,"Duke","Cayden Boozer, rebound defensive","CAYDEN.BOOZER",NA,"Defensive Rebound",NA,NA,3,7,"UConn",19,FALSE,"MALIQ.BROWN","CAYDEN.BOOZER","CAMERON.BOOZER","DAME.SARR","ISAIAH.EVANS","SILAS.DEMARY","SOLO.BALL","ALEX.KARABAN","TARRIS.REED","BRAYLON.MULLINS","CLEAN",FALSE,2
"18","6564880","03/29/2026","Duke","UConn",1,"17:50","02:10",130,4,2,"Duke","Cameron Boozer, 3pt jumpshot   missed","CAMERON.BOOZER",NA,"Three Point Jumper","missed",3,17,8,"Duke",17,FALSE,"MALIQ.BROWN","CAYDEN.BOOZER","CAMERON.BOOZER","DAME.SARR","ISAIAH.EVANS","SILAS.DEMARY","SOLO.BALL","ALEX.KARABAN","TARRIS.REED","BRAYLON.MULLINS","CLEAN",FALSE,2
"19","6564880","03/29/2026","Duke","UConn",1,"17:47","02:13",133,4,2,"Duke","Cayden Boozer, rebound offensive","CAYDEN.BOOZER",NA,"Offensive Rebound",NA,NA,3,8,"Duke",20,FALSE,"MALIQ.BROWN","CAYDEN.BOOZER","CAMERON.BOOZER","DAME.SARR","ISAIAH.EVANS","SILAS.DEMARY","SOLO.BALL","ALEX.KARABAN","TARRIS.REED","BRAYLON.MULLINS","CLEAN",FALSE,2
"20","6564880","03/29/2026","Duke","UConn",1,"17:45","02:15",135,7,2,"Duke","Isaiah Evans, 3pt jumpshot 2ndchance;  made - Cayden Boozer, assist","ISAIAH.EVANS","CAYDEN.BOOZER","Three Point Jumper","made",3,2,8,"Duke",22,FALSE,"MALIQ.BROWN","CAYDEN.BOOZER","CAMERON.BOOZER","DAME.SARR","ISAIAH.EVANS","SILAS.DEMARY","SOLO.BALL","ALEX.KARABAN","TARRIS.REED","BRAYLON.MULLINS","CLEAN",FALSE,2
"21","6564880","03/29/2026","Duke","UConn",1,"17:18","02:42",162,7,4,"UConn","Tarris Reed Jr., 2pt drivinglayup pointsinthepaint;  made","TARRIS.REED",NA,"Layup","made",2,27,9,"UConn",27,FALSE,"MALIQ.BROWN","CAYDEN.BOOZER","CAMERON.BOOZER","DAME.SARR","ISAIAH.EVANS","SILAS.DEMARY","SOLO.BALL","ALEX.KARABAN","TARRIS.REED","BRAYLON.MULLINS","CLEAN",FALSE,2
"22","6564880","03/29/2026","Duke","UConn",1,"17:03","02:57",177,7,4,"Duke","Cayden Boozer, foulon","CAYDEN.BOOZER",NA,"Draw Foul",NA,NA,15,10,"Duke",15,FALSE,"MALIQ.BROWN","CAYDEN.BOOZER","CAMERON.BOOZER","DAME.SARR","ISAIAH.EVANS","SILAS.DEMARY","SOLO.BALL","ALEX.KARABAN","TARRIS.REED","BRAYLON.MULLINS","CLEAN",FALSE,2
"23","6564880","03/29/2026","Duke","UConn",1,"17:03","02:57",177,7,4,"UConn","Braylon Mullins, foul personal shooting;2freethrow;","BRAYLON.MULLINS",NA,"Commits Foul",NA,NA,0,10,"Duke",15,FALSE,"MALIQ.BROWN","CAYDEN.BOOZER","CAMERON.BOOZER","DAME.SARR","ISAIAH.EVANS","SILAS.DEMARY","SOLO.BALL","ALEX.KARABAN","TARRIS.REED","BRAYLON.MULLINS","CLEAN",FALSE,2
"24","6564880","03/29/2026","Duke","UConn",1,"17:03","02:57",177,8,4,"Duke","Cayden Boozer, freethrow 1of2   made","CAYDEN.BOOZER",NA,"Free Throw","made",1,0,10,"Duke",15,FALSE,"MALIQ.BROWN","CAYDEN.BOOZER","CAMERON.BOOZER","DAME.SARR","ISAIAH.EVANS","SILAS.DEMARY","SOLO.BALL","ALEX.KARABAN","TARRIS.REED","BRAYLON.MULLINS","CLEAN",FALSE,2
"25","6564880","03/29/2026","Duke","UConn",1,"17:03","02:57",177,8,4,"Duke","Patrick Ngongba, substitution in","PATRICK.NGONGBA",NA,"Enters Game",NA,NA,0,10,"Duke",15,FALSE,"MALIQ.BROWN","CAYDEN.BOOZER","CAMERON.BOOZER","DAME.SARR","ISAIAH.EVANS","SILAS.DEMARY","SOLO.BALL","ALEX.KARABAN","TARRIS.REED","BRAYLON.MULLINS","CLEAN",FALSE,2
"26","6564880","03/29/2026","Duke","UConn",1,"17:03","02:57",177,8,4,"Duke","Maliq Brown, substitution out","MALIQ.BROWN",NA,"Leaves Game",NA,NA,0,10,"Duke",15,FALSE,"MALIQ.BROWN","CAYDEN.BOOZER","CAMERON.BOOZER","DAME.SARR","ISAIAH.EVANS","SILAS.DEMARY","SOLO.BALL","ALEX.KARABAN","TARRIS.REED","BRAYLON.MULLINS","CLEAN",FALSE,2
"27","6564880","03/29/2026","Duke","UConn",1,"17:03","02:57",177,9,4,"Duke","Cayden Boozer, freethrow 2of2   made","CAYDEN.BOOZER",NA,"Free Throw","made",1,0,10,"Duke",15,FALSE,"MALIQ.BROWN","CAYDEN.BOOZER","CAMERON.BOOZER","DAME.SARR","ISAIAH.EVANS","SILAS.DEMARY","SOLO.BALL","ALEX.KARABAN","TARRIS.REED","BRAYLON.MULLINS","CLEAN",FALSE,2
"28","6564880","03/29/2026","Duke","UConn",1,"16:48","03:12",192,9,4,"UConn","Silas Demary Jr., 3pt jumpshot   missed","SILAS.DEMARY",NA,"Three Point Jumper","missed",3,15,11,"UConn",15,FALSE,"PATRICK.NGONGBA","CAYDEN.BOOZER","CAMERON.BOOZER","DAME.SARR","ISAIAH.EVANS","SILAS.DEMARY","SOLO.BALL","ALEX.KARABAN","TARRIS.REED","BRAYLON.MULLINS","CLEAN",FALSE,2
"29","6564880","03/29/2026","Duke","UConn",1,"16:45","03:15",195,9,4,"UConn","Tarris Reed Jr., rebound offensive","TARRIS.REED",NA,"Offensive Rebound",NA,NA,3,11,"UConn",18,FALSE,"PATRICK.NGONGBA","CAYDEN.BOOZER","CAMERON.BOOZER","DAME.SARR","ISAIAH.EVANS","SILAS.DEMARY","SOLO.BALL","ALEX.KARABAN","TARRIS.REED","BRAYLON.MULLINS","CLEAN",FALSE,2
"30","6564880","03/29/2026","Duke","UConn",1,"16:45","03:15",195,9,4,"Duke","Patrick Ngongba, foul personal","PATRICK.NGONGBA",NA,"Commits Foul",NA,NA,0,11,"UConn",18,FALSE,"PATRICK.NGONGBA","CAYDEN.BOOZER","CAMERON.BOOZER","DAME.SARR","ISAIAH.EVANS","SILAS.DEMARY","SOLO.BALL","ALEX.KARABAN","TARRIS.REED","BRAYLON.MULLINS","CLEAN",FALSE,2
"31","6564880","03/29/2026","Duke","UConn",1,"16:45","03:15",195,9,4,"UConn","Tarris Reed Jr., foulon","TARRIS.REED",NA,"Draw Foul",NA,NA,0,11,"UConn",18,FALSE,"PATRICK.NGONGBA","CAYDEN.BOOZER","CAMERON.BOOZER","DAME.SARR","ISAIAH.EVANS","SILAS.DEMARY","SOLO.BALL","ALEX.KARABAN","TARRIS.REED","BRAYLON.MULLINS","CLEAN",FALSE,2
"32","6564880","03/29/2026","Duke","UConn",1,"16:42","03:18",198,9,6,"UConn","Solo Ball, 2pt pullupjumpshot 2ndchance;  made","SOLO.BALL",NA,"Two Point Jumper","made",2,3,11,"UConn",21,FALSE,"PATRICK.NGONGBA","CAYDEN.BOOZER","CAMERON.BOOZER","DAME.SARR","ISAIAH.EVANS","SILAS.DEMARY","SOLO.BALL","ALEX.KARABAN","TARRIS.REED","BRAYLON.MULLINS","CLEAN",FALSE,2
"33","6564880","03/29/2026","Duke","UConn",1,"16:25","03:35",215,9,6,"UConn","Alex Karaban, foul personal","ALEX.KARABAN",NA,"Commits Foul",NA,NA,17,12,"Duke",17,FALSE,"PATRICK.NGONGBA","CAYDEN.BOOZER","CAMERON.BOOZER","DAME.SARR","ISAIAH.EVANS","SILAS.DEMARY","SOLO.BALL","ALEX.KARABAN","TARRIS.REED","BRAYLON.MULLINS","CLEAN",FALSE,2
"34","6564880","03/29/2026","Duke","UConn",1,"16:25","03:35",215,9,6,"Duke","Patrick Ngongba, foulon","PATRICK.NGONGBA",NA,"Draw Foul",NA,NA,0,12,"Duke",17,FALSE,"PATRICK.NGONGBA","CAYDEN.BOOZER","CAMERON.BOOZER","DAME.SARR","ISAIAH.EVANS","SILAS.DEMARY","SOLO.BALL","ALEX.KARABAN","TARRIS.REED","BRAYLON.MULLINS","CLEAN",FALSE,2
"35","6564880","03/29/2026","Duke","UConn",1,"16:21","03:39",219,9,6,"Duke","Cameron Boozer, 2pt layup pointsinthepaint;blocked;  missed","CAMERON.BOOZER",NA,"Layup","missed",2,4,12,"Duke",21,FALSE,"PATRICK.NGONGBA","CAYDEN.BOOZER","CAMERON.BOOZER","DAME.SARR","ISAIAH.EVANS","SILAS.DEMARY","SOLO.BALL","ALEX.KARABAN","TARRIS.REED","BRAYLON.MULLINS","CLEAN",FALSE,2
"36","6564880","03/29/2026","Duke","UConn",1,"16:21","03:39",219,9,6,"UConn","Alex Karaban, block","ALEX.KARABAN",NA,"Blocked Shot",NA,NA,0,12,"Duke",21,FALSE,"PATRICK.NGONGBA","CAYDEN.BOOZER","CAMERON.BOOZER","DAME.SARR","ISAIAH.EVANS","SILAS.DEMARY","SOLO.BALL","ALEX.KARABAN","TARRIS.REED","BRAYLON.MULLINS","CLEAN",FALSE,2
"37","6564880","03/29/2026","Duke","UConn",1,"16:19","03:41",221,9,6,"Duke","Cameron Boozer, rebound offensive","CAMERON.BOOZER",NA,"Offensive Rebound",NA,NA,2,12,"Duke",23,FALSE,"PATRICK.NGONGBA","CAYDEN.BOOZER","CAMERON.BOOZER","DAME.SARR","ISAIAH.EVANS","SILAS.DEMARY","SOLO.BALL","ALEX.KARABAN","TARRIS.REED","BRAYLON.MULLINS","CLEAN",FALSE,2
"38","6564880","03/29/2026","Duke","UConn",1,"16:17","03:43",223,12,6,"Duke","Dame Sarr, 3pt jumpshot 2ndchance;  made - Cameron Boozer, assist","DAME.SARR","CAMERON.BOOZER","Three Point Jumper","made",3,2,12,"Duke",25,FALSE,"PATRICK.NGONGBA","CAYDEN.BOOZER","CAMERON.BOOZER","DAME.SARR","ISAIAH.EVANS","SILAS.DEMARY","SOLO.BALL","ALEX.KARABAN","TARRIS.REED","BRAYLON.MULLINS","CLEAN",FALSE,2
"39","6564880","03/29/2026","Duke","UConn",1,"15:56","04:04",244,12,6,"UConn","Tarris Reed Jr., 2pt layup pointsinthepaint;  missed","TARRIS.REED",NA,"Layup","missed",2,21,13,"UConn",21,FALSE,"PATRICK.NGONGBA","CAYDEN.BOOZER","CAMERON.BOOZER","DAME.SARR","ISAIAH.EVANS","SILAS.DEMARY","SOLO.BALL","ALEX.KARABAN","TARRIS.REED","BRAYLON.MULLINS","CLEAN",FALSE,2
"40","6564880","03/29/2026","Duke","UConn",1,"15:54","04:06",246,12,6,"Duke","Patrick Ngongba, rebound defensive","PATRICK.NGONGBA",NA,"Defensive Rebound",NA,NA,2,13,"UConn",23,FALSE,"PATRICK.NGONGBA","CAYDEN.BOOZER","CAMERON.BOOZER","DAME.SARR","ISAIAH.EVANS","SILAS.DEMARY","SOLO.BALL","ALEX.KARABAN","TARRIS.REED","BRAYLON.MULLINS","CLEAN",FALSE,2
"41","6564880","03/29/2026","Duke","UConn",1,"15:46","04:14",254,14,6,"Duke","Cameron Boozer, 2pt layup pointsinthepaint;  made - Patrick Ngongba, assist","CAMERON.BOOZER","PATRICK.NGONGBA","Layup","made",2,8,14,"Duke",8,TRUE,"PATRICK.NGONGBA","CAYDEN.BOOZER","CAMERON.BOOZER","DAME.SARR","ISAIAH.EVANS","SILAS.DEMARY","SOLO.BALL","ALEX.KARABAN","TARRIS.REED","BRAYLON.MULLINS","CLEAN",FALSE,2
"42","6564880","03/29/2026","Duke","UConn",1,"15:26","04:34",274,14,6,"UConn","Tarris Reed Jr., 2pt drivinglayup pointsinthepaint;  missed","TARRIS.REED",NA,"Layup","missed",2,20,15,"UConn",20,FALSE,"PATRICK.NGONGBA","CAYDEN.BOOZER","CAMERON.BOOZER","DAME.SARR","ISAIAH.EVANS","SILAS.DEMARY","SOLO.BALL","ALEX.KARABAN","TARRIS.REED","BRAYLON.MULLINS","CLEAN",FALSE,2
"43","6564880","03/29/2026","Duke","UConn",1,"15:24","04:36",276,14,6,"UConn","Tarris Reed Jr., rebound offensive","TARRIS.REED",NA,"Offensive Rebound",NA,NA,2,15,"UConn",22,FALSE,"PATRICK.NGONGBA","CAYDEN.BOOZER","CAMERON.BOOZER","DAME.SARR","ISAIAH.EVANS","SILAS.DEMARY","SOLO.BALL","ALEX.KARABAN","TARRIS.REED","BRAYLON.MULLINS","CLEAN",FALSE,2
"44","6564880","03/29/2026","Duke","UConn",1,"15:23","04:37",277,14,8,"UConn","Tarris Reed Jr., 2pt jumpshot 2ndchance;pointsinthepaint;  made","TARRIS.REED",NA,"Two Point Jumper","made",2,1,15,"UConn",23,FALSE,"PATRICK.NGONGBA","CAYDEN.BOOZER","CAMERON.BOOZER","DAME.SARR","ISAIAH.EVANS","SILAS.DEMARY","SOLO.BALL","ALEX.KARABAN","TARRIS.REED","BRAYLON.MULLINS","CLEAN",FALSE,2
"45","6564880","03/29/2026","Duke","UConn",1,"15:06","04:54",294,16,8,"Duke","Cayden Boozer, 2pt floatingjumpshot pointsinthepaint;  made - Cameron Boozer, assist","CAYDEN.BOOZER","CAMERON.BOOZER","Two Point Jumper","made",2,17,16,"Duke",17,FALSE,"PATRICK.NGONGBA","CAYDEN.BOOZER","CAMERON.BOOZER","DAME.SARR","ISAIAH.EVANS","SILAS.DEMARY","SOLO.BALL","ALEX.KARABAN","TARRIS.REED","BRAYLON.MULLINS","CLEAN",FALSE,2
"46","6564880","03/29/2026","Duke","UConn",1,"14:42","05:18",318,16,10,"UConn","Tarris Reed Jr., 2pt hookshot pointsinthepaint;  made","TARRIS.REED",NA,"Hook","made",2,24,17,"UConn",24,FALSE,"PATRICK.NGONGBA","CAYDEN.BOOZER","CAMERON.BOOZER","DAME.SARR","ISAIAH.EVANS","SILAS.DEMARY","SOLO.BALL","ALEX.KARABAN","TARRIS.REED","BRAYLON.MULLINS","CLEAN",FALSE,2
"47","6564880","03/29/2026","Duke","UConn",1,"14:29","05:31",331,16,10,"Duke","Dame Sarr, foulon","DAME.SARR",NA,"Draw Foul",NA,NA,13,18,"Duke",13,FALSE,"PATRICK.NGONGBA","CAYDEN.BOOZER","CAMERON.BOOZER","DAME.SARR","ISAIAH.EVANS","SILAS.DEMARY","SOLO.BALL","ALEX.KARABAN","TARRIS.REED","BRAYLON.MULLINS","CLEAN",FALSE,2
"48","6564880","03/29/2026","Duke","UConn",1,"14:29","05:31",331,16,10,"UConn","Solo Ball, foul personal","SOLO.BALL",NA,"Commits Foul",NA,NA,0,18,"Duke",13,FALSE,"PATRICK.NGONGBA","CAYDEN.BOOZER","CAMERON.BOOZER","DAME.SARR","ISAIAH.EVANS","SILAS.DEMARY","SOLO.BALL","ALEX.KARABAN","TARRIS.REED","BRAYLON.MULLINS","CLEAN",FALSE,2
"49","6564880","03/29/2026","Duke","UConn",1,"14:29","05:31",331,16,10,"UConn","Malachi Smith, substitution in","MALACHI.SMITH",NA,"Enters Game",NA,NA,0,18,"Duke",13,FALSE,"PATRICK.NGONGBA","CAYDEN.BOOZER","CAMERON.BOOZER","DAME.SARR","ISAIAH.EVANS","SILAS.DEMARY","SOLO.BALL","ALEX.KARABAN","TARRIS.REED","BRAYLON.MULLINS","CLEAN",FALSE,2
"50","6564880","03/29/2026","Duke","UConn",1,"14:29","05:31",331,16,10,"UConn","Jayden Ross, substitution in","JAYDEN.ROSS",NA,"Enters Game",NA,NA,0,18,"Duke",13,FALSE,"PATRICK.NGONGBA","CAYDEN.BOOZER","CAMERON.BOOZER","DAME.SARR","ISAIAH.EVANS","SILAS.DEMARY","SOLO.BALL","ALEX.KARABAN","TARRIS.REED","BRAYLON.MULLINS","CLEAN",FALSE,2
"51","6564880","03/29/2026","Duke","UConn",1,"14:29","05:31",331,16,10,"UConn","Silas Demary Jr., substitution out","SILAS.DEMARY",NA,"Leaves Game",NA,NA,0,18,"Duke",13,FALSE,"PATRICK.NGONGBA","CAYDEN.BOOZER","CAMERON.BOOZER","DAME.SARR","ISAIAH.EVANS","SILAS.DEMARY","SOLO.BALL","ALEX.KARABAN","TARRIS.REED","BRAYLON.MULLINS","CLEAN",FALSE,2
"52","6564880","03/29/2026","Duke","UConn",1,"14:29","05:31",331,16,10,"UConn","Solo Ball, substitution out","SOLO.BALL",NA,"Leaves Game",NA,NA,0,18,"Duke",13,FALSE,"PATRICK.NGONGBA","CAYDEN.BOOZER","CAMERON.BOOZER","DAME.SARR","ISAIAH.EVANS","SILAS.DEMARY","SOLO.BALL","ALEX.KARABAN","TARRIS.REED","BRAYLON.MULLINS","CLEAN",FALSE,2
"53","6564880","03/29/2026","Duke","UConn",1,"14:22","05:38",338,19,10,"Duke","Cameron Boozer, 3pt jumpshot   made - Patrick Ngongba, assist","CAMERON.BOOZER","PATRICK.NGONGBA","Three Point Jumper","made",3,7,18,"Duke",20,FALSE,"PATRICK.NGONGBA","CAYDEN.BOOZER","CAMERON.BOOZER","DAME.SARR","ISAIAH.EVANS","SILAS.DEMARY","SOLO.BALL","ALEX.KARABAN","TARRIS.REED","BRAYLON.MULLINS","CLEAN",FALSE,2
"54","6564880","03/29/2026","Duke","UConn",1,"13:57","06:03",363,19,12,"UConn","Braylon Mullins, 2pt floatingjumpshot   made","BRAYLON.MULLINS",NA,"Two Point Jumper","made",2,25,19,"UConn",25,FALSE,"PATRICK.NGONGBA","CAYDEN.BOOZER","CAMERON.BOOZER","DAME.SARR","ISAIAH.EVANS","MALACHI.SMITH","JAYDEN.ROSS","ALEX.KARABAN","TARRIS.REED","BRAYLON.MULLINS","CLEAN",FALSE,2
"55","6564880","03/29/2026","Duke","UConn",1,"13:34","06:26",386,19,12,"Duke","Patrick Ngongba, 3pt jumpshot   missed","PATRICK.NGONGBA",NA,"Three Point Jumper","missed",3,23,20,"Duke",23,FALSE,"PATRICK.NGONGBA","CAYDEN.BOOZER","CAMERON.BOOZER","DAME.SARR","ISAIAH.EVANS","MALACHI.SMITH","JAYDEN.ROSS","ALEX.KARABAN","TARRIS.REED","BRAYLON.MULLINS","CLEAN",FALSE,2
"56","6564880","03/29/2026","Duke","UConn",1,"13:30","06:30",390,19,12,"Duke","Cameron Boozer, rebound offensive","CAMERON.BOOZER",NA,"Offensive Rebound",NA,NA,4,20,"Duke",27,FALSE,"PATRICK.NGONGBA","CAYDEN.BOOZER","CAMERON.BOOZER","DAME.SARR","ISAIAH.EVANS","MALACHI.SMITH","JAYDEN.ROSS","ALEX.KARABAN","TARRIS.REED","BRAYLON.MULLINS","CLEAN",FALSE,2
"57","6564880","03/29/2026","Duke","UConn",1,"13:30","06:30",390,19,12,"Duke","Cameron Boozer, 2pt layup 2ndchance;pointsinthepaint;blocked;  missed","CAMERON.BOOZER",NA,"Layup","missed",2,0,20,"Duke",27,FALSE,"PATRICK.NGONGBA","CAYDEN.BOOZER","CAMERON.BOOZER","DAME.SARR","ISAIAH.EVANS","MALACHI.SMITH","JAYDEN.ROSS","ALEX.KARABAN","TARRIS.REED","BRAYLON.MULLINS","CLEAN",FALSE,2
"58","6564880","03/29/2026","Duke","UConn",1,"13:30","06:30",390,19,12,"UConn","Alex Karaban, block","ALEX.KARABAN",NA,"Blocked Shot",NA,NA,0,20,"Duke",27,FALSE,"PATRICK.NGONGBA","CAYDEN.BOOZER","CAMERON.BOOZER","DAME.SARR","ISAIAH.EVANS","MALACHI.SMITH","JAYDEN.ROSS","ALEX.KARABAN","TARRIS.REED","BRAYLON.MULLINS","CLEAN",FALSE,2
"59","6564880","03/29/2026","Duke","UConn",1,"13:29","06:31",391,19,12,"Duke","Cameron Boozer, rebound offensive","CAMERON.BOOZER",NA,"Offensive Rebound",NA,NA,1,20,"Duke",28,FALSE,"PATRICK.NGONGBA","CAYDEN.BOOZER","CAMERON.BOOZER","DAME.SARR","ISAIAH.EVANS","MALACHI.SMITH","JAYDEN.ROSS","ALEX.KARABAN","TARRIS.REED","BRAYLON.MULLINS","CLEAN",FALSE,2
"60","6564880","03/29/2026","Duke","UConn",1,"13:29","06:31",391,19,12,"Duke","Team, jumpball blocktieup","TEAM",NA,"Blocked Shot",NA,NA,0,20,"Duke",28,FALSE,"PATRICK.NGONGBA","CAYDEN.BOOZER","CAMERON.BOOZER","DAME.SARR","ISAIAH.EVANS","MALACHI.SMITH","JAYDEN.ROSS","ALEX.KARABAN","TARRIS.REED","BRAYLON.MULLINS","CLEAN",FALSE,2
"61","6564880","03/29/2026","Duke","UConn",1,"13:24","06:36",396,22,12,"Duke","Cayden Boozer, 3pt jumpshot 2ndchance;  made - Patrick Ngongba, assist","CAYDEN.BOOZER","PATRICK.NGONGBA","Three Point Jumper","made",3,5,20,"Duke",33,FALSE,"PATRICK.NGONGBA","CAYDEN.BOOZER","CAMERON.BOOZER","DAME.SARR","ISAIAH.EVANS","MALACHI.SMITH","JAYDEN.ROSS","ALEX.KARABAN","TARRIS.REED","BRAYLON.MULLINS","CLEAN",FALSE,2
"62","6564880","03/29/2026","Duke","UConn",1,"12:53","07:07",427,22,14,"UConn","Tarris Reed Jr., 2pt layup pointsinthepaint;  made","TARRIS.REED",NA,"Layup","made",2,31,21,"UConn",31,FALSE,"PATRICK.NGONGBA","CAYDEN.BOOZER","CAMERON.BOOZER","DAME.SARR","ISAIAH.EVANS","MALACHI.SMITH","JAYDEN.ROSS","ALEX.KARABAN","TARRIS.REED","BRAYLON.MULLINS","CLEAN",FALSE,2
"63","6564880","03/29/2026","Duke","UConn",1,"12:34","07:26",446,22,14,"Duke","Dame Sarr, 3pt jumpshot   missed","DAME.SARR",NA,"Three Point Jumper","missed",3,19,22,"Duke",19,FALSE,"PATRICK.NGONGBA","CAYDEN.BOOZER","CAMERON.BOOZER","DAME.SARR","ISAIAH.EVANS","MALACHI.SMITH","JAYDEN.ROSS","ALEX.KARABAN","TARRIS.REED","BRAYLON.MULLINS","CLEAN",FALSE,2
"64","6564880","03/29/2026","Duke","UConn",1,"12:32","07:28",448,22,14,"UConn","Team, rebound defensivedeadball","TEAM",NA,"Deadball Rebound",NA,NA,2,22,"Duke",21,FALSE,"PATRICK.NGONGBA","CAYDEN.BOOZER","CAMERON.BOOZER","DAME.SARR","ISAIAH.EVANS","MALACHI.SMITH","JAYDEN.ROSS","ALEX.KARABAN","TARRIS.REED","BRAYLON.MULLINS","CLEAN",FALSE,2
"65","6564880","03/29/2026","Duke","UConn",1,"12:32","07:28",448,22,14,"Duke","Caleb Foster, substitution in","CALEB.FOSTER",NA,"Enters Game",NA,NA,0,22,"Duke",21,FALSE,"PATRICK.NGONGBA","CAYDEN.BOOZER","CAMERON.BOOZER","DAME.SARR","ISAIAH.EVANS","MALACHI.SMITH","JAYDEN.ROSS","ALEX.KARABAN","TARRIS.REED","BRAYLON.MULLINS","CLEAN",FALSE,2
"66","6564880","03/29/2026","Duke","UConn",1,"12:32","07:28",448,22,14,"UConn","Jaylin Stewart, substitution in","JAYLIN.STEWART",NA,"Enters Game",NA,NA,0,22,"Duke",21,FALSE,"PATRICK.NGONGBA","CAYDEN.BOOZER","CAMERON.BOOZER","DAME.SARR","ISAIAH.EVANS","MALACHI.SMITH","JAYDEN.ROSS","ALEX.KARABAN","TARRIS.REED","BRAYLON.MULLINS","CLEAN",FALSE,2
"67","6564880","03/29/2026","Duke","UConn",1,"12:32","07:28",448,22,14,"UConn","Alex Karaban, substitution out","ALEX.KARABAN",NA,"Leaves Game",NA,NA,0,22,"Duke",21,FALSE,"PATRICK.NGONGBA","CAYDEN.BOOZER","CAMERON.BOOZER","DAME.SARR","ISAIAH.EVANS","MALACHI.SMITH","JAYDEN.ROSS","ALEX.KARABAN","TARRIS.REED","BRAYLON.MULLINS","CLEAN",FALSE,2
"68","6564880","03/29/2026","Duke","UConn",1,"12:32","07:28",448,22,14,"Duke","Nikolas Khamenia, substitution in","NIKOLAS.KHAMENIA",NA,"Enters Game",NA,NA,0,22,"Duke",21,FALSE,"PATRICK.NGONGBA","CAYDEN.BOOZER","CAMERON.BOOZER","DAME.SARR","ISAIAH.EVANS","MALACHI.SMITH","JAYDEN.ROSS","ALEX.KARABAN","TARRIS.REED","BRAYLON.MULLINS","CLEAN",FALSE,2
"69","6564880","03/29/2026","Duke","UConn",1,"12:32","07:28",448,22,14,"Duke","Cayden Boozer, substitution out","CAYDEN.BOOZER",NA,"Leaves Game",NA,NA,0,22,"Duke",21,FALSE,"PATRICK.NGONGBA","CAYDEN.BOOZER","CAMERON.BOOZER","DAME.SARR","ISAIAH.EVANS","MALACHI.SMITH","JAYDEN.ROSS","ALEX.KARABAN","TARRIS.REED","BRAYLON.MULLINS","CLEAN",FALSE,2
"70","6564880","03/29/2026","Duke","UConn",1,"12:32","07:28",448,22,14,"Duke","Cameron Boozer, substitution out","CAMERON.BOOZER",NA,"Leaves Game",NA,NA,0,22,"Duke",21,FALSE,"PATRICK.NGONGBA","CAYDEN.BOOZER","CAMERON.BOOZER","DAME.SARR","ISAIAH.EVANS","MALACHI.SMITH","JAYDEN.ROSS","ALEX.KARABAN","TARRIS.REED","BRAYLON.MULLINS","CLEAN",FALSE,2
"71","6564880","03/29/2026","Duke","UConn",1,"12:32","07:28",448,22,14,"Duke","Patrick Ngongba, substitution out","PATRICK.NGONGBA",NA,"Leaves Game",NA,NA,0,22,"Duke",21,FALSE,"PATRICK.NGONGBA","CAYDEN.BOOZER","CAMERON.BOOZER","DAME.SARR","ISAIAH.EVANS","MALACHI.SMITH","JAYDEN.ROSS","ALEX.KARABAN","TARRIS.REED","BRAYLON.MULLINS","CLEAN",FALSE,2
"72","6564880","03/29/2026","Duke","UConn",1,"12:32","07:28",448,22,14,"Duke","Maliq Brown, substitution in","MALIQ.BROWN",NA,"Enters Game",NA,NA,0,22,"Duke",21,FALSE,"PATRICK.NGONGBA","CAYDEN.BOOZER","CAMERON.BOOZER","DAME.SARR","ISAIAH.EVANS","MALACHI.SMITH","JAYDEN.ROSS","ALEX.KARABAN","TARRIS.REED","BRAYLON.MULLINS","CLEAN",FALSE,2
"73","6564880","03/29/2026","Duke","UConn",1,"12:21","07:39",459,22,16,"UConn","Tarris Reed Jr., 2pt layup pointsinthepaint;  made - Jaylin Stewart, assist","TARRIS.REED","JAYLIN.STEWART","Layup","made",2,11,23,"UConn",11,FALSE,"MALIQ.BROWN","CALEB.FOSTER","NIKOLAS.KHAMENIA","DAME.SARR","ISAIAH.EVANS","MALACHI.SMITH","JAYDEN.ROSS","JAYLIN.STEWART","TARRIS.REED","BRAYLON.MULLINS","CLEAN",FALSE,2
"74","6564880","03/29/2026","Duke","UConn",1,"12:00","08:00",480,22,16,"Duke","Dame Sarr, turnover lostball","DAME.SARR",NA,"Turnover",NA,NA,21,24,"Duke",21,FALSE,"MALIQ.BROWN","CALEB.FOSTER","NIKOLAS.KHAMENIA","DAME.SARR","ISAIAH.EVANS","MALACHI.SMITH","JAYDEN.ROSS","JAYLIN.STEWART","TARRIS.REED","BRAYLON.MULLINS","CLEAN",FALSE,2
"75","6564880","03/29/2026","Duke","UConn",1,"11:52","08:08",488,22,16,"UConn","Braylon Mullins, 3pt jumpshot fromturnover;  missed","BRAYLON.MULLINS",NA,"Three Point Jumper","missed",3,8,25,"UConn",8,FALSE,"MALIQ.BROWN","CALEB.FOSTER","NIKOLAS.KHAMENIA","DAME.SARR","ISAIAH.EVANS","MALACHI.SMITH","JAYDEN.ROSS","JAYLIN.STEWART","TARRIS.REED","BRAYLON.MULLINS","CLEAN",FALSE,2
"76","6564880","03/29/2026","Duke","UConn",1,"11:50","08:10",490,22,16,"Duke","Team, rebound defensive team;","TEAM",NA,"Defensive Rebound",NA,NA,2,25,"UConn",10,FALSE,"MALIQ.BROWN","CALEB.FOSTER","NIKOLAS.KHAMENIA","DAME.SARR","ISAIAH.EVANS","MALACHI.SMITH","JAYDEN.ROSS","JAYLIN.STEWART","TARRIS.REED","BRAYLON.MULLINS","CLEAN",FALSE,2
"77","6564880","03/29/2026","Duke","UConn",1,"11:50","08:10",490,22,16,"Duke","Dame Sarr, substitution out","DAME.SARR",NA,"Leaves Game",NA,NA,0,25,"UConn",10,FALSE,"MALIQ.BROWN","CALEB.FOSTER","NIKOLAS.KHAMENIA","DAME.SARR","ISAIAH.EVANS","MALACHI.SMITH","JAYDEN.ROSS","JAYLIN.STEWART","TARRIS.REED","BRAYLON.MULLINS","CLEAN",FALSE,2
"78","6564880","03/29/2026","Duke","UConn",1,"11:50","08:10",490,22,16,"Duke","Cameron Boozer, substitution in","CAMERON.BOOZER",NA,"Enters Game",NA,NA,0,25,"UConn",10,FALSE,"MALIQ.BROWN","CALEB.FOSTER","NIKOLAS.KHAMENIA","DAME.SARR","ISAIAH.EVANS","MALACHI.SMITH","JAYDEN.ROSS","JAYLIN.STEWART","TARRIS.REED","BRAYLON.MULLINS","CLEAN",FALSE,2
"79","6564880","03/29/2026","Duke","UConn",1,"11:28","08:32",512,24,16,"Duke","Isaiah Evans, 2pt stepbackjumpshot   made","ISAIAH.EVANS",NA,"Two Point Jumper","made",2,22,26,"Duke",22,FALSE,"MALIQ.BROWN","CALEB.FOSTER","NIKOLAS.KHAMENIA","CAMERON.BOOZER","ISAIAH.EVANS","MALACHI.SMITH","JAYDEN.ROSS","JAYLIN.STEWART","TARRIS.REED","BRAYLON.MULLINS","CLEAN",FALSE,2
"80","6564880","03/29/2026","Duke","UConn",1,"11:09","08:51",531,24,16,"UConn","Braylon Mullins, 3pt jumpshot   missed","BRAYLON.MULLINS",NA,"Three Point Jumper","missed",3,19,27,"UConn",19,FALSE,"MALIQ.BROWN","CALEB.FOSTER","NIKOLAS.KHAMENIA","CAMERON.BOOZER","ISAIAH.EVANS","MALACHI.SMITH","JAYDEN.ROSS","JAYLIN.STEWART","TARRIS.REED","BRAYLON.MULLINS","CLEAN",FALSE,2
"81","6564880","03/29/2026","Duke","UConn",1,"11:06","08:54",534,24,16,"Duke","Caleb Foster, rebound defensive","CALEB.FOSTER",NA,"Defensive Rebound",NA,NA,3,27,"UConn",22,FALSE,"MALIQ.BROWN","CALEB.FOSTER","NIKOLAS.KHAMENIA","CAMERON.BOOZER","ISAIAH.EVANS","MALACHI.SMITH","JAYDEN.ROSS","JAYLIN.STEWART","TARRIS.REED","BRAYLON.MULLINS","CLEAN",FALSE,2
"82","6564880","03/29/2026","Duke","UConn",1,"10:57","09:03",543,24,16,"UConn","Jaylin Stewart, foul personal","JAYLIN.STEWART",NA,"Commits Foul",NA,NA,9,28,"Duke",9,TRUE,"MALIQ.BROWN","CALEB.FOSTER","NIKOLAS.KHAMENIA","CAMERON.BOOZER","ISAIAH.EVANS","MALACHI.SMITH","JAYDEN.ROSS","JAYLIN.STEWART","TARRIS.REED","BRAYLON.MULLINS","CLEAN",FALSE,2
"83","6564880","03/29/2026","Duke","UConn",1,"10:57","09:03",543,24,16,"Duke","Nikolas Khamenia, foulon","NIKOLAS.KHAMENIA",NA,"Draw Foul",NA,NA,0,28,"Duke",9,FALSE,"MALIQ.BROWN","CALEB.FOSTER","NIKOLAS.KHAMENIA","CAMERON.BOOZER","ISAIAH.EVANS","MALACHI.SMITH","JAYDEN.ROSS","JAYLIN.STEWART","TARRIS.REED","BRAYLON.MULLINS","CLEAN",FALSE,2
"84","6564880","03/29/2026","Duke","UConn",1,"10:57","09:03",543,24,16,"UConn","Tarris Reed Jr., substitution out","TARRIS.REED",NA,"Leaves Game",NA,NA,0,28,"Duke",9,TRUE,"MALIQ.BROWN","CALEB.FOSTER","NIKOLAS.KHAMENIA","CAMERON.BOOZER","ISAIAH.EVANS","MALACHI.SMITH","JAYDEN.ROSS","JAYLIN.STEWART","TARRIS.REED","BRAYLON.MULLINS","CLEAN",FALSE,2
"85","6564880","03/29/2026","Duke","UConn",1,"10:57","09:03",543,24,16,"UConn","Braylon Mullins, substitution out","BRAYLON.MULLINS",NA,"Leaves Game",NA,NA,0,28,"Duke",9,TRUE,"MALIQ.BROWN","CALEB.FOSTER","NIKOLAS.KHAMENIA","CAMERON.BOOZER","ISAIAH.EVANS","MALACHI.SMITH","JAYDEN.ROSS","JAYLIN.STEWART","TARRIS.REED","BRAYLON.MULLINS","CLEAN",FALSE,2
"86","6564880","03/29/2026","Duke","UConn",1,"10:57","09:03",543,24,16,"UConn","Solo Ball, substitution in","SOLO.BALL",NA,"Enters Game",NA,NA,0,28,"Duke",9,TRUE,"MALIQ.BROWN","CALEB.FOSTER","NIKOLAS.KHAMENIA","CAMERON.BOOZER","ISAIAH.EVANS","MALACHI.SMITH","JAYDEN.ROSS","JAYLIN.STEWART","TARRIS.REED","BRAYLON.MULLINS","CLEAN",FALSE,2
"87","6564880","03/29/2026","Duke","UConn",1,"10:57","09:03",543,24,16,"UConn","Eric Reibe, substitution in","ERIC.REIBE",NA,"Enters Game",NA,NA,0,28,"Duke",9,TRUE,"MALIQ.BROWN","CALEB.FOSTER","NIKOLAS.KHAMENIA","CAMERON.BOOZER","ISAIAH.EVANS","MALACHI.SMITH","JAYDEN.ROSS","JAYLIN.STEWART","TARRIS.REED","BRAYLON.MULLINS","CLEAN",FALSE,2
"88","6564880","03/29/2026","Duke","UConn",1,"10:53","09:07",547,24,16,"Duke","Isaiah Evans, 3pt stepbackjumpshot   missed","ISAIAH.EVANS",NA,"Three Point Jumper","missed",3,4,28,"Duke",13,FALSE,"MALIQ.BROWN","CALEB.FOSTER","NIKOLAS.KHAMENIA","CAMERON.BOOZER","ISAIAH.EVANS","MALACHI.SMITH","JAYDEN.ROSS","JAYLIN.STEWART","TARRIS.REED","BRAYLON.MULLINS","CLEAN",FALSE,2
"89","6564880","03/29/2026","Duke","UConn",1,"10:49","09:11",551,24,16,"Duke","Team, rebound offensive team;","TEAM",NA,"Offensive Rebound",NA,NA,4,28,"Duke",17,FALSE,"MALIQ.BROWN","CALEB.FOSTER","NIKOLAS.KHAMENIA","CAMERON.BOOZER","ISAIAH.EVANS","MALACHI.SMITH","JAYDEN.ROSS","JAYLIN.STEWART","TARRIS.REED","BRAYLON.MULLINS","CLEAN",FALSE,2
"90","6564880","03/29/2026","Duke","UConn",1,"10:37","09:23",563,24,16,"Duke","Maliq Brown, turnover badpass","MALIQ.BROWN",NA,"Turnover",NA,NA,12,28,"Duke",29,FALSE,"MALIQ.BROWN","CALEB.FOSTER","NIKOLAS.KHAMENIA","CAMERON.BOOZER","ISAIAH.EVANS","MALACHI.SMITH","JAYDEN.ROSS","JAYLIN.STEWART","TARRIS.REED","BRAYLON.MULLINS","CLEAN",FALSE,2
"91","6564880","03/29/2026","Duke","UConn",1,"10:37","09:23",563,24,16,"UConn","Jayden Ross, substitution out","JAYDEN.ROSS",NA,"Leaves Game",NA,NA,0,28,"Duke",29,TRUE,"MALIQ.BROWN","CALEB.FOSTER","NIKOLAS.KHAMENIA","CAMERON.BOOZER","ISAIAH.EVANS","MALACHI.SMITH","JAYDEN.ROSS","JAYLIN.STEWART","TARRIS.REED","BRAYLON.MULLINS","CLEAN",FALSE,2
"92","6564880","03/29/2026","Duke","UConn",1,"10:37","09:23",563,24,16,"UConn","Alex Karaban, substitution in","ALEX.KARABAN",NA,"Enters Game",NA,NA,0,28,"Duke",29,TRUE,"MALIQ.BROWN","CALEB.FOSTER","NIKOLAS.KHAMENIA","CAMERON.BOOZER","ISAIAH.EVANS","MALACHI.SMITH","JAYDEN.ROSS","JAYLIN.STEWART","TARRIS.REED","BRAYLON.MULLINS","CLEAN",FALSE,2
"93","6564880","03/29/2026","Duke","UConn",1,"10:20","09:40",580,24,16,"UConn","Malachi Smith, 2pt floatingjumpshot fromturnover;  missed","MALACHI.SMITH",NA,"Two Point Jumper","missed",2,17,29,"UConn",17,FALSE,"MALIQ.BROWN","CALEB.FOSTER","NIKOLAS.KHAMENIA","CAMERON.BOOZER","ISAIAH.EVANS","MALACHI.SMITH","ALEX.KARABAN","JAYLIN.STEWART","SOLO.BALL","ERIC.REIBE","CLEAN",FALSE,2
"94","6564880","03/29/2026","Duke","UConn",1,"10:17","09:43",583,24,16,"Duke","Maliq Brown, rebound defensive","MALIQ.BROWN",NA,"Defensive Rebound",NA,NA,3,29,"UConn",20,FALSE,"MALIQ.BROWN","CALEB.FOSTER","NIKOLAS.KHAMENIA","CAMERON.BOOZER","ISAIAH.EVANS","MALACHI.SMITH","ALEX.KARABAN","JAYLIN.STEWART","SOLO.BALL","ERIC.REIBE","CLEAN",FALSE,2
"95","6564880","03/29/2026","Duke","UConn",1,"10:09","09:51",591,26,16,"Duke","Cameron Boozer, 2pt turnaroundjumpshot pointsinthepaint;  made - Caleb Foster, assist","CAMERON.BOOZER","CALEB.FOSTER","Two Point Jumper","made",2,8,30,"Duke",8,TRUE,"MALIQ.BROWN","CALEB.FOSTER","NIKOLAS.KHAMENIA","CAMERON.BOOZER","ISAIAH.EVANS","MALACHI.SMITH","ALEX.KARABAN","JAYLIN.STEWART","SOLO.BALL","ERIC.REIBE","CLEAN",FALSE,2
"96","6564880","03/29/2026","Duke","UConn",1,"09:50","10:10",610,26,16,"UConn","Alex Karaban, 3pt jumpshot   missed","ALEX.KARABAN",NA,"Three Point Jumper","missed",3,19,31,"UConn",19,FALSE,"MALIQ.BROWN","CALEB.FOSTER","NIKOLAS.KHAMENIA","CAMERON.BOOZER","ISAIAH.EVANS","MALACHI.SMITH","ALEX.KARABAN","JAYLIN.STEWART","SOLO.BALL","ERIC.REIBE","CLEAN",FALSE,2
"97","6564880","03/29/2026","Duke","UConn",1,"09:48","10:12",612,26,16,"UConn","Jaylin Stewart, rebound offensive","JAYLIN.STEWART",NA,"Offensive Rebound",NA,NA,2,31,"UConn",21,FALSE,"MALIQ.BROWN","CALEB.FOSTER","NIKOLAS.KHAMENIA","CAMERON.BOOZER","ISAIAH.EVANS","MALACHI.SMITH","ALEX.KARABAN","JAYLIN.STEWART","SOLO.BALL","ERIC.REIBE","CLEAN",FALSE,2
"98","6564880","03/29/2026","Duke","UConn",1,"09:46","10:14",614,26,19,"UConn","Malachi Smith, 3pt jumpshot 2ndchance;  made - Jaylin Stewart, assist","MALACHI.SMITH","JAYLIN.STEWART","Three Point Jumper","made",3,2,31,"UConn",23,FALSE,"MALIQ.BROWN","CALEB.FOSTER","NIKOLAS.KHAMENIA","CAMERON.BOOZER","ISAIAH.EVANS","MALACHI.SMITH","ALEX.KARABAN","JAYLIN.STEWART","SOLO.BALL","ERIC.REIBE","CLEAN",FALSE,2
"99","6564880","03/29/2026","Duke","UConn",1,"09:30","10:30",630,26,19,"Duke","Cameron Boozer, turnover lostball","CAMERON.BOOZER",NA,"Turnover",NA,NA,16,32,"Duke",16,FALSE,"MALIQ.BROWN","CALEB.FOSTER","NIKOLAS.KHAMENIA","CAMERON.BOOZER","ISAIAH.EVANS","MALACHI.SMITH","ALEX.KARABAN","JAYLIN.STEWART","SOLO.BALL","ERIC.REIBE","CLEAN",FALSE,2
"100","6564880","03/29/2026","Duke","UConn",1,"09:30","10:30",630,26,19,"Duke","Isaiah Evans, substitution out","ISAIAH.EVANS",NA,"Leaves Game",NA,NA,0,32,"Duke",16,FALSE,"MALIQ.BROWN","CALEB.FOSTER","NIKOLAS.KHAMENIA","CAMERON.BOOZER","ISAIAH.EVANS","MALACHI.SMITH","ALEX.KARABAN","JAYLIN.STEWART","SOLO.BALL","ERIC.REIBE","CLEAN",FALSE,2
"101","6564880","03/29/2026","Duke","UConn",1,"09:30","10:30",630,26,19,"Duke","Maliq Brown, substitution out","MALIQ.BROWN",NA,"Leaves Game",NA,NA,0,32,"Duke",16,FALSE,"MALIQ.BROWN","CALEB.FOSTER","NIKOLAS.KHAMENIA","CAMERON.BOOZER","ISAIAH.EVANS","MALACHI.SMITH","ALEX.KARABAN","JAYLIN.STEWART","SOLO.BALL","ERIC.REIBE","CLEAN",FALSE,2
"102","6564880","03/29/2026","Duke","UConn",1,"09:30","10:30",630,26,19,"UConn","Silas Demary Jr., substitution in","SILAS.DEMARY",NA,"Enters Game",NA,NA,0,32,"Duke",16,FALSE,"MALIQ.BROWN","CALEB.FOSTER","NIKOLAS.KHAMENIA","CAMERON.BOOZER","ISAIAH.EVANS","MALACHI.SMITH","ALEX.KARABAN","JAYLIN.STEWART","SOLO.BALL","ERIC.REIBE","CLEAN",FALSE,2
"103","6564880","03/29/2026","Duke","UConn",1,"09:30","10:30",630,26,19,"Duke","Cayden Boozer, substitution in","CAYDEN.BOOZER",NA,"Enters Game",NA,NA,0,32,"Duke",16,FALSE,"MALIQ.BROWN","CALEB.FOSTER","NIKOLAS.KHAMENIA","CAMERON.BOOZER","ISAIAH.EVANS","MALACHI.SMITH","ALEX.KARABAN","JAYLIN.STEWART","SOLO.BALL","ERIC.REIBE","CLEAN",FALSE,2
"104","6564880","03/29/2026","Duke","UConn",1,"09:30","10:30",630,26,19,"Duke","Darren Harris, substitution in","DARREN.HARRIS",NA,"Enters Game",NA,NA,0,32,"Duke",16,FALSE,"MALIQ.BROWN","CALEB.FOSTER","NIKOLAS.KHAMENIA","CAMERON.BOOZER","ISAIAH.EVANS","MALACHI.SMITH","ALEX.KARABAN","JAYLIN.STEWART","SOLO.BALL","ERIC.REIBE","CLEAN",FALSE,2
"105","6564880","03/29/2026","Duke","UConn",1,"09:30","10:30",630,26,19,"UConn","Malachi Smith, substitution out","MALACHI.SMITH",NA,"Leaves Game",NA,NA,0,32,"Duke",16,FALSE,"MALIQ.BROWN","CALEB.FOSTER","NIKOLAS.KHAMENIA","CAMERON.BOOZER","ISAIAH.EVANS","MALACHI.SMITH","ALEX.KARABAN","JAYLIN.STEWART","SOLO.BALL","ERIC.REIBE","CLEAN",FALSE,2
"106","6564880","03/29/2026","Duke","UConn",1,"09:12","10:48",648,26,21,"UConn","Silas Demary Jr., 2pt jumpshot fromturnover;pointsinthepaint;  made - Eric Reibe, assist","SILAS.DEMARY","ERIC.REIBE","Two Point Jumper","made",2,18,33,"UConn",18,FALSE,"DARREN.HARRIS","CALEB.FOSTER","NIKOLAS.KHAMENIA","CAMERON.BOOZER","CAYDEN.BOOZER","SILAS.DEMARY","ALEX.KARABAN","JAYLIN.STEWART","SOLO.BALL","ERIC.REIBE","CLEAN",FALSE,2
"107","6564880","03/29/2026","Duke","UConn",1,"08:55","11:05",665,26,21,"Duke","Darren Harris, 2pt jumpshot   missed","DARREN.HARRIS",NA,"Two Point Jumper","missed",2,17,34,"Duke",17,FALSE,"DARREN.HARRIS","CALEB.FOSTER","NIKOLAS.KHAMENIA","CAMERON.BOOZER","CAYDEN.BOOZER","SILAS.DEMARY","ALEX.KARABAN","JAYLIN.STEWART","SOLO.BALL","ERIC.REIBE","CLEAN",FALSE,2
"108","6564880","03/29/2026","Duke","UConn",1,"08:51","11:09",669,26,21,"UConn","Silas Demary Jr., rebound defensive","SILAS.DEMARY",NA,"Defensive Rebound",NA,NA,4,34,"Duke",21,FALSE,"DARREN.HARRIS","CALEB.FOSTER","NIKOLAS.KHAMENIA","CAMERON.BOOZER","CAYDEN.BOOZER","SILAS.DEMARY","ALEX.KARABAN","JAYLIN.STEWART","SOLO.BALL","ERIC.REIBE","CLEAN",FALSE,2
"109","6564880","03/29/2026","Duke","UConn",1,"08:45","11:15",675,26,21,"UConn","Silas Demary Jr., turnover lostball","SILAS.DEMARY",NA,"Turnover",NA,NA,6,35,"UConn",6,FALSE,"DARREN.HARRIS","CALEB.FOSTER","NIKOLAS.KHAMENIA","CAMERON.BOOZER","CAYDEN.BOOZER","SILAS.DEMARY","ALEX.KARABAN","JAYLIN.STEWART","SOLO.BALL","ERIC.REIBE","CLEAN",FALSE,2
"110","6564880","03/29/2026","Duke","UConn",1,"08:45","11:15",675,26,21,"Duke","Cayden Boozer, steal","CAYDEN.BOOZER",NA,"Steal",NA,NA,0,35,"UConn",6,FALSE,"DARREN.HARRIS","CALEB.FOSTER","NIKOLAS.KHAMENIA","CAMERON.BOOZER","CAYDEN.BOOZER","SILAS.DEMARY","ALEX.KARABAN","JAYLIN.STEWART","SOLO.BALL","ERIC.REIBE","CLEAN",FALSE,2
"111","6564880","03/29/2026","Duke","UConn",1,"08:42","11:18",678,28,21,"Duke","Nikolas Khamenia, 2pt layup fromturnover;pointsinthepaint;fastbreak;  made - Cayden Boozer, assist","NIKOLAS.KHAMENIA","CAYDEN.BOOZER","Layup","made",2,3,36,"Duke",3,TRUE,"DARREN.HARRIS","CALEB.FOSTER","NIKOLAS.KHAMENIA","CAMERON.BOOZER","CAYDEN.BOOZER","SILAS.DEMARY","ALEX.KARABAN","JAYLIN.STEWART","SOLO.BALL","ERIC.REIBE","CLEAN",FALSE,2
"112","6564880","03/29/2026","Duke","UConn",1,"08:18","11:42",702,28,21,"UConn","Alex Karaban, 3pt jumpshot   missed","ALEX.KARABAN",NA,"Three Point Jumper","missed",3,24,37,"UConn",24,FALSE,"DARREN.HARRIS","CALEB.FOSTER","NIKOLAS.KHAMENIA","CAMERON.BOOZER","CAYDEN.BOOZER","SILAS.DEMARY","ALEX.KARABAN","JAYLIN.STEWART","SOLO.BALL","ERIC.REIBE","CLEAN",FALSE,2
"113","6564880","03/29/2026","Duke","UConn",1,"08:16","11:44",704,28,21,"Duke","Team, rebound defensive team;","TEAM",NA,"Defensive Rebound",NA,NA,2,37,"UConn",26,FALSE,"DARREN.HARRIS","CALEB.FOSTER","NIKOLAS.KHAMENIA","CAMERON.BOOZER","CAYDEN.BOOZER","SILAS.DEMARY","ALEX.KARABAN","JAYLIN.STEWART","SOLO.BALL","ERIC.REIBE","CLEAN",FALSE,2
"114","6564880","03/29/2026","Duke","UConn",1,"08:16","11:44",704,28,21,"Duke","Darren Harris, substitution out","DARREN.HARRIS",NA,"Leaves Game",NA,NA,0,37,"UConn",26,FALSE,"DARREN.HARRIS","CALEB.FOSTER","NIKOLAS.KHAMENIA","CAMERON.BOOZER","CAYDEN.BOOZER","SILAS.DEMARY","ALEX.KARABAN","JAYLIN.STEWART","SOLO.BALL","ERIC.REIBE","CLEAN",FALSE,2
"115","6564880","03/29/2026","Duke","UConn",1,"08:16","11:44",704,28,21,"UConn","Tarris Reed Jr., substitution in","TARRIS.REED",NA,"Enters Game",NA,NA,0,37,"UConn",26,FALSE,"DARREN.HARRIS","CALEB.FOSTER","NIKOLAS.KHAMENIA","CAMERON.BOOZER","CAYDEN.BOOZER","SILAS.DEMARY","ALEX.KARABAN","JAYLIN.STEWART","SOLO.BALL","ERIC.REIBE","CLEAN",FALSE,2
"116","6564880","03/29/2026","Duke","UConn",1,"08:16","11:44",704,28,21,"UConn","Eric Reibe, substitution out","ERIC.REIBE",NA,"Leaves Game",NA,NA,0,37,"UConn",26,FALSE,"DARREN.HARRIS","CALEB.FOSTER","NIKOLAS.KHAMENIA","CAMERON.BOOZER","CAYDEN.BOOZER","SILAS.DEMARY","ALEX.KARABAN","JAYLIN.STEWART","SOLO.BALL","ERIC.REIBE","CLEAN",FALSE,2
"117","6564880","03/29/2026","Duke","UConn",1,"08:16","11:44",704,28,21,"Duke","Patrick Ngongba, substitution in","PATRICK.NGONGBA",NA,"Enters Game",NA,NA,0,37,"UConn",26,FALSE,"DARREN.HARRIS","CALEB.FOSTER","NIKOLAS.KHAMENIA","CAMERON.BOOZER","CAYDEN.BOOZER","SILAS.DEMARY","ALEX.KARABAN","JAYLIN.STEWART","SOLO.BALL","ERIC.REIBE","CLEAN",FALSE,2
"118","6564880","03/29/2026","Duke","UConn",1,"08:02","11:58",718,30,21,"Duke","Patrick Ngongba, 2pt drivinglayup pointsinthepaint;  made - Nikolas Khamenia, assist","PATRICK.NGONGBA","NIKOLAS.KHAMENIA","Layup","made",2,14,38,"Duke",14,FALSE,"PATRICK.NGONGBA","CALEB.FOSTER","NIKOLAS.KHAMENIA","CAMERON.BOOZER","CAYDEN.BOOZER","SILAS.DEMARY","ALEX.KARABAN","JAYLIN.STEWART","SOLO.BALL","TARRIS.REED","CLEAN",FALSE,2
"119","6564880","03/29/2026","Duke","UConn",1,"07:43","12:17",737,30,21,"UConn","Solo Ball, 3pt pullupjumpshot   missed","SOLO.BALL",NA,"Three Point Jumper","missed",3,19,39,"UConn",19,FALSE,"PATRICK.NGONGBA","CALEB.FOSTER","NIKOLAS.KHAMENIA","CAMERON.BOOZER","CAYDEN.BOOZER","SILAS.DEMARY","ALEX.KARABAN","JAYLIN.STEWART","SOLO.BALL","TARRIS.REED","CLEAN",FALSE,2
"120","6564880","03/29/2026","Duke","UConn",1,"07:40","12:20",740,30,21,"UConn","Jaylin Stewart, rebound offensive","JAYLIN.STEWART",NA,"Offensive Rebound",NA,NA,3,39,"UConn",22,FALSE,"PATRICK.NGONGBA","CALEB.FOSTER","NIKOLAS.KHAMENIA","CAMERON.BOOZER","CAYDEN.BOOZER","SILAS.DEMARY","ALEX.KARABAN","JAYLIN.STEWART","SOLO.BALL","TARRIS.REED","CLEAN",FALSE,2
"121","6564880","03/29/2026","Duke","UConn",1,"07:34","12:26",746,30,21,"UConn","Tarris Reed Jr., 2pt turnaroundjumpshot 2ndchance;pointsinthepaint;blocked;  missed","TARRIS.REED",NA,"Two Point Jumper","missed",2,6,39,"UConn",28,FALSE,"PATRICK.NGONGBA","CALEB.FOSTER","NIKOLAS.KHAMENIA","CAMERON.BOOZER","CAYDEN.BOOZER","SILAS.DEMARY","ALEX.KARABAN","JAYLIN.STEWART","SOLO.BALL","TARRIS.REED","CLEAN",FALSE,2
"122","6564880","03/29/2026","Duke","UConn",1,"07:34","12:26",746,30,21,"Duke","Cameron Boozer, block","CAMERON.BOOZER",NA,"Blocked Shot",NA,NA,0,39,"UConn",28,FALSE,"PATRICK.NGONGBA","CALEB.FOSTER","NIKOLAS.KHAMENIA","CAMERON.BOOZER","CAYDEN.BOOZER","SILAS.DEMARY","ALEX.KARABAN","JAYLIN.STEWART","SOLO.BALL","TARRIS.REED","CLEAN",FALSE,2
"123","6564880","03/29/2026","Duke","UConn",1,"07:32","12:28",748,30,21,"Duke","Cayden Boozer, rebound defensive","CAYDEN.BOOZER",NA,"Defensive Rebound",NA,NA,2,39,"UConn",30,FALSE,"PATRICK.NGONGBA","CALEB.FOSTER","NIKOLAS.KHAMENIA","CAMERON.BOOZER","CAYDEN.BOOZER","SILAS.DEMARY","ALEX.KARABAN","JAYLIN.STEWART","SOLO.BALL","TARRIS.REED","CLEAN",FALSE,2
"124","6564880","03/29/2026","Duke","UConn",1,"07:29","12:31",751,30,21,"Duke","Cayden Boozer, foulon","CAYDEN.BOOZER",NA,"Draw Foul",NA,NA,3,40,"Duke",3,FALSE,"PATRICK.NGONGBA","CALEB.FOSTER","NIKOLAS.KHAMENIA","CAMERON.BOOZER","CAYDEN.BOOZER","SILAS.DEMARY","ALEX.KARABAN","JAYLIN.STEWART","SOLO.BALL","TARRIS.REED","CLEAN",FALSE,2
"125","6564880","03/29/2026","Duke","UConn",1,"07:29","12:31",751,30,21,"UConn","Jaylin Stewart, foul personal shooting;2freethrow;","JAYLIN.STEWART",NA,"Commits Foul",NA,NA,0,40,"Duke",3,FALSE,"PATRICK.NGONGBA","CALEB.FOSTER","NIKOLAS.KHAMENIA","CAMERON.BOOZER","CAYDEN.BOOZER","SILAS.DEMARY","ALEX.KARABAN","JAYLIN.STEWART","SOLO.BALL","TARRIS.REED","CLEAN",FALSE,2
"126","6564880","03/29/2026","Duke","UConn",1,"07:29","12:31",751,30,21,"Duke","Caleb Foster, substitution out","CALEB.FOSTER",NA,"Leaves Game",NA,NA,0,40,"Duke",3,FALSE,"PATRICK.NGONGBA","CALEB.FOSTER","NIKOLAS.KHAMENIA","CAMERON.BOOZER","CAYDEN.BOOZER","SILAS.DEMARY","ALEX.KARABAN","JAYLIN.STEWART","SOLO.BALL","TARRIS.REED","CLEAN",FALSE,2
"127","6564880","03/29/2026","Duke","UConn",1,"07:29","12:31",751,30,21,"Duke","Dame Sarr, substitution in","DAME.SARR",NA,"Enters Game",NA,NA,0,40,"Duke",3,FALSE,"PATRICK.NGONGBA","CALEB.FOSTER","NIKOLAS.KHAMENIA","CAMERON.BOOZER","CAYDEN.BOOZER","SILAS.DEMARY","ALEX.KARABAN","JAYLIN.STEWART","SOLO.BALL","TARRIS.REED","CLEAN",FALSE,2
"128","6564880","03/29/2026","Duke","UConn",1,"07:29","12:31",751,30,21,"UConn","Jaylin Stewart, substitution out","JAYLIN.STEWART",NA,"Leaves Game",NA,NA,0,40,"Duke",3,FALSE,"PATRICK.NGONGBA","CALEB.FOSTER","NIKOLAS.KHAMENIA","CAMERON.BOOZER","CAYDEN.BOOZER","SILAS.DEMARY","ALEX.KARABAN","JAYLIN.STEWART","SOLO.BALL","TARRIS.REED","CLEAN",FALSE,2
"129","6564880","03/29/2026","Duke","UConn",1,"07:29","12:31",751,30,21,"UConn","Braylon Mullins, substitution in","BRAYLON.MULLINS",NA,"Enters Game",NA,NA,0,40,"Duke",3,FALSE,"PATRICK.NGONGBA","CALEB.FOSTER","NIKOLAS.KHAMENIA","CAMERON.BOOZER","CAYDEN.BOOZER","SILAS.DEMARY","ALEX.KARABAN","JAYLIN.STEWART","SOLO.BALL","TARRIS.REED","CLEAN",FALSE,2
"130","6564880","03/29/2026","Duke","UConn",1,"07:29","12:31",751,31,21,"Duke","Cayden Boozer, freethrow 1of2 fastbreak;  made","CAYDEN.BOOZER",NA,"Free Throw","made",1,0,40,"Duke",3,FALSE,"PATRICK.NGONGBA","CALEB.FOSTER","NIKOLAS.KHAMENIA","CAMERON.BOOZER","CAYDEN.BOOZER","SILAS.DEMARY","ALEX.KARABAN","JAYLIN.STEWART","SOLO.BALL","TARRIS.REED","CLEAN",FALSE,2
"131","6564880","03/29/2026","Duke","UConn",1,"07:29","12:31",751,32,21,"Duke","Cayden Boozer, freethrow 2of2 fastbreak;  made","CAYDEN.BOOZER",NA,"Free Throw","made",1,0,40,"Duke",3,FALSE,"PATRICK.NGONGBA","CALEB.FOSTER","NIKOLAS.KHAMENIA","CAMERON.BOOZER","CAYDEN.BOOZER","SILAS.DEMARY","ALEX.KARABAN","JAYLIN.STEWART","SOLO.BALL","TARRIS.REED","CLEAN",FALSE,2
"132","6564880","03/29/2026","Duke","UConn",1,"07:17","12:43",763,32,21,"UConn","Tarris Reed Jr., turnover badpass","TARRIS.REED",NA,"Turnover",NA,NA,12,41,"UConn",12,FALSE,"PATRICK.NGONGBA","DAME.SARR","NIKOLAS.KHAMENIA","CAMERON.BOOZER","CAYDEN.BOOZER","SILAS.DEMARY","ALEX.KARABAN","BRAYLON.MULLINS","SOLO.BALL","TARRIS.REED","CLEAN",FALSE,2
"133","6564880","03/29/2026","Duke","UConn",1,"07:17","12:43",763,32,21,"Duke","Patrick Ngongba, steal","PATRICK.NGONGBA",NA,"Steal",NA,NA,0,41,"UConn",12,FALSE,"PATRICK.NGONGBA","DAME.SARR","NIKOLAS.KHAMENIA","CAMERON.BOOZER","CAYDEN.BOOZER","SILAS.DEMARY","ALEX.KARABAN","BRAYLON.MULLINS","SOLO.BALL","TARRIS.REED","CLEAN",FALSE,2
"134","6564880","03/29/2026","Duke","UConn",1,"06:57","13:03",783,32,21,"Duke","Nikolas Khamenia, 2pt drivinglayup fromturnover;pointsinthepaint;blocked;  missed","NIKOLAS.KHAMENIA",NA,"Layup","missed",2,20,42,"Duke",20,FALSE,"PATRICK.NGONGBA","DAME.SARR","NIKOLAS.KHAMENIA","CAMERON.BOOZER","CAYDEN.BOOZER","SILAS.DEMARY","ALEX.KARABAN","BRAYLON.MULLINS","SOLO.BALL","TARRIS.REED","CLEAN",FALSE,2
"135","6564880","03/29/2026","Duke","UConn",1,"06:57","13:03",783,32,21,"UConn","Silas Demary Jr., block","SILAS.DEMARY",NA,"Blocked Shot",NA,NA,0,42,"Duke",20,FALSE,"PATRICK.NGONGBA","DAME.SARR","NIKOLAS.KHAMENIA","CAMERON.BOOZER","CAYDEN.BOOZER","SILAS.DEMARY","ALEX.KARABAN","BRAYLON.MULLINS","SOLO.BALL","TARRIS.REED","CLEAN",FALSE,2
"136","6564880","03/29/2026","Duke","UConn",1,"06:56","13:04",784,32,21,"Duke","Team, rebound offensive team;","TEAM",NA,"Offensive Rebound",NA,NA,1,42,"Duke",21,FALSE,"PATRICK.NGONGBA","DAME.SARR","NIKOLAS.KHAMENIA","CAMERON.BOOZER","CAYDEN.BOOZER","SILAS.DEMARY","ALEX.KARABAN","BRAYLON.MULLINS","SOLO.BALL","TARRIS.REED","CLEAN",FALSE,2
"137","6564880","03/29/2026","Duke","UConn",1,"06:47","13:13",793,35,21,"Duke","Dame Sarr, 3pt jumpshot 2ndchance;fromturnover;  made - Cameron Boozer, assist","DAME.SARR","CAMERON.BOOZER","Three Point Jumper","made",3,9,42,"Duke",30,FALSE,"PATRICK.NGONGBA","DAME.SARR","NIKOLAS.KHAMENIA","CAMERON.BOOZER","CAYDEN.BOOZER","SILAS.DEMARY","ALEX.KARABAN","BRAYLON.MULLINS","SOLO.BALL","TARRIS.REED","CLEAN",FALSE,2
"138","6564880","03/29/2026","Duke","UConn",1,"06:26","13:34",814,35,21,"UConn","Tarris Reed Jr., 2pt layup pointsinthepaint;blocked;  missed","TARRIS.REED",NA,"Layup","missed",2,21,43,"UConn",21,FALSE,"PATRICK.NGONGBA","DAME.SARR","NIKOLAS.KHAMENIA","CAMERON.BOOZER","CAYDEN.BOOZER","SILAS.DEMARY","ALEX.KARABAN","BRAYLON.MULLINS","SOLO.BALL","TARRIS.REED","CLEAN",FALSE,2
"139","6564880","03/29/2026","Duke","UConn",1,"06:26","13:34",814,35,21,"Duke","Cameron Boozer, block","CAMERON.BOOZER",NA,"Blocked Shot",NA,NA,0,43,"UConn",21,FALSE,"PATRICK.NGONGBA","DAME.SARR","NIKOLAS.KHAMENIA","CAMERON.BOOZER","CAYDEN.BOOZER","SILAS.DEMARY","ALEX.KARABAN","BRAYLON.MULLINS","SOLO.BALL","TARRIS.REED","CLEAN",FALSE,2
"140","6564880","03/29/2026","Duke","UConn",1,"06:25","13:35",815,35,21,"UConn","Team, rebound offensive team;","TEAM",NA,"Offensive Rebound",NA,NA,1,43,"UConn",22,FALSE,"PATRICK.NGONGBA","DAME.SARR","NIKOLAS.KHAMENIA","CAMERON.BOOZER","CAYDEN.BOOZER","SILAS.DEMARY","ALEX.KARABAN","BRAYLON.MULLINS","SOLO.BALL","TARRIS.REED","CLEAN",FALSE,2
"141","6564880","03/29/2026","Duke","UConn",1,"06:25","13:35",815,35,21,"Duke","Patrick Ngongba, substitution out","PATRICK.NGONGBA",NA,"Leaves Game",NA,NA,0,43,"UConn",22,FALSE,"PATRICK.NGONGBA","DAME.SARR","NIKOLAS.KHAMENIA","CAMERON.BOOZER","CAYDEN.BOOZER","SILAS.DEMARY","ALEX.KARABAN","BRAYLON.MULLINS","SOLO.BALL","TARRIS.REED","CLEAN",FALSE,2
"142","6564880","03/29/2026","Duke","UConn",1,"06:25","13:35",815,35,21,"Duke","Maliq Brown, substitution in","MALIQ.BROWN",NA,"Enters Game",NA,NA,0,43,"UConn",22,FALSE,"PATRICK.NGONGBA","DAME.SARR","NIKOLAS.KHAMENIA","CAMERON.BOOZER","CAYDEN.BOOZER","SILAS.DEMARY","ALEX.KARABAN","BRAYLON.MULLINS","SOLO.BALL","TARRIS.REED","CLEAN",FALSE,2
"143","6564880","03/29/2026","Duke","UConn",1,"06:24","13:36",816,35,21,"UConn","Alex Karaban, 2pt floatingjumpshot 2ndchance;  missed","ALEX.KARABAN",NA,"Two Point Jumper","missed",2,1,43,"UConn",23,FALSE,"PATRICK.NGONGBA","DAME.SARR","NIKOLAS.KHAMENIA","CAMERON.BOOZER","CAYDEN.BOOZER","SILAS.DEMARY","ALEX.KARABAN","BRAYLON.MULLINS","SOLO.BALL","TARRIS.REED","CLEAN",FALSE,2
"144","6564880","03/29/2026","Duke","UConn",1,"06:23","13:37",817,35,21,"Duke","Maliq Brown, rebound defensive","MALIQ.BROWN",NA,"Defensive Rebound",NA,NA,1,43,"UConn",24,FALSE,"PATRICK.NGONGBA","DAME.SARR","NIKOLAS.KHAMENIA","CAMERON.BOOZER","CAYDEN.BOOZER","SILAS.DEMARY","ALEX.KARABAN","BRAYLON.MULLINS","SOLO.BALL","TARRIS.REED","CLEAN",FALSE,2
"145","6564880","03/29/2026","Duke","UConn",1,"06:23","13:37",817,35,21,"UConn","Tarris Reed Jr., foul personal","TARRIS.REED",NA,"Commits Foul",NA,NA,0,43,"UConn",24,FALSE,"PATRICK.NGONGBA","DAME.SARR","NIKOLAS.KHAMENIA","CAMERON.BOOZER","CAYDEN.BOOZER","SILAS.DEMARY","ALEX.KARABAN","BRAYLON.MULLINS","SOLO.BALL","TARRIS.REED","CLEAN",FALSE,2
"146","6564880","03/29/2026","Duke","UConn",1,"06:23","13:37",817,35,21,"Duke","Maliq Brown, foulon","MALIQ.BROWN",NA,"Draw Foul",NA,NA,0,43,"UConn",24,FALSE,"PATRICK.NGONGBA","DAME.SARR","NIKOLAS.KHAMENIA","CAMERON.BOOZER","CAYDEN.BOOZER","SILAS.DEMARY","ALEX.KARABAN","BRAYLON.MULLINS","SOLO.BALL","TARRIS.REED","CLEAN",FALSE,2
"147","6564880","03/29/2026","Duke","UConn",1,"06:23","13:37",817,35,21,"UConn","Solo Ball, substitution out","SOLO.BALL",NA,"Leaves Game",NA,NA,0,43,"UConn",24,FALSE,"PATRICK.NGONGBA","DAME.SARR","NIKOLAS.KHAMENIA","CAMERON.BOOZER","CAYDEN.BOOZER","SILAS.DEMARY","ALEX.KARABAN","BRAYLON.MULLINS","SOLO.BALL","TARRIS.REED","CLEAN",FALSE,2
"148","6564880","03/29/2026","Duke","UConn",1,"06:23","13:37",817,35,21,"UConn","Jayden Ross, substitution in","JAYDEN.ROSS",NA,"Enters Game",NA,NA,0,43,"UConn",24,FALSE,"PATRICK.NGONGBA","DAME.SARR","NIKOLAS.KHAMENIA","CAMERON.BOOZER","CAYDEN.BOOZER","SILAS.DEMARY","ALEX.KARABAN","BRAYLON.MULLINS","SOLO.BALL","TARRIS.REED","CLEAN",FALSE,2
"149","6564880","03/29/2026","Duke","UConn",1,"06:12","13:48",828,35,21,"UConn","Braylon Mullins, foul personal shooting;2freethrow;","BRAYLON.MULLINS",NA,"Commits Foul",NA,NA,11,44,"Duke",11,FALSE,"MALIQ.BROWN","DAME.SARR","NIKOLAS.KHAMENIA","CAMERON.BOOZER","CAYDEN.BOOZER","SILAS.DEMARY","ALEX.KARABAN","BRAYLON.MULLINS","JAYDEN.ROSS","TARRIS.REED","CLEAN",FALSE,2
"150","6564880","03/29/2026","Duke","UConn",1,"06:12","13:48",828,35,21,"Duke","Cameron Boozer, foulon","CAMERON.BOOZER",NA,"Draw Foul",NA,NA,0,44,"Duke",11,FALSE,"MALIQ.BROWN","DAME.SARR","NIKOLAS.KHAMENIA","CAMERON.BOOZER","CAYDEN.BOOZER","SILAS.DEMARY","ALEX.KARABAN","BRAYLON.MULLINS","JAYDEN.ROSS","TARRIS.REED","CLEAN",FALSE,2
"151","6564880","03/29/2026","Duke","UConn",1,"06:12","13:48",828,36,21,"Duke","Cameron Boozer, freethrow 1of2   made","CAMERON.BOOZER",NA,"Free Throw","made",1,0,44,"Duke",11,FALSE,"MALIQ.BROWN","DAME.SARR","NIKOLAS.KHAMENIA","CAMERON.BOOZER","CAYDEN.BOOZER","SILAS.DEMARY","ALEX.KARABAN","BRAYLON.MULLINS","JAYDEN.ROSS","TARRIS.REED","CLEAN",FALSE,2
"152","6564880","03/29/2026","Duke","UConn",1,"06:12","13:48",828,36,21,"Duke","Cameron Boozer, freethrow 2of2   missed","CAMERON.BOOZER",NA,"Free Throw","missed",1,0,44,"Duke",11,FALSE,"MALIQ.BROWN","DAME.SARR","NIKOLAS.KHAMENIA","CAMERON.BOOZER","CAYDEN.BOOZER","SILAS.DEMARY","ALEX.KARABAN","BRAYLON.MULLINS","JAYDEN.ROSS","TARRIS.REED","CLEAN",FALSE,2
"153","6564880","03/29/2026","Duke","UConn",1,"06:11","13:49",829,36,21,"UConn","Jayden Ross, rebound defensive","JAYDEN.ROSS",NA,"Defensive Rebound",NA,NA,1,44,"Duke",12,FALSE,"MALIQ.BROWN","DAME.SARR","NIKOLAS.KHAMENIA","CAMERON.BOOZER","CAYDEN.BOOZER","SILAS.DEMARY","ALEX.KARABAN","BRAYLON.MULLINS","JAYDEN.ROSS","TARRIS.REED","CLEAN",FALSE,2
"154","6564880","03/29/2026","Duke","UConn",1,"05:49","14:11",851,36,21,"UConn","Tarris Reed Jr., 2pt drivinglayup pointsinthepaint;  missed","TARRIS.REED",NA,"Layup","missed",2,22,45,"UConn",22,FALSE,"MALIQ.BROWN","DAME.SARR","NIKOLAS.KHAMENIA","CAMERON.BOOZER","CAYDEN.BOOZER","SILAS.DEMARY","ALEX.KARABAN","BRAYLON.MULLINS","JAYDEN.ROSS","TARRIS.REED","CLEAN",FALSE,2
"155","6564880","03/29/2026","Duke","UConn",1,"05:47","14:13",853,36,21,"UConn","Silas Demary Jr., rebound offensive","SILAS.DEMARY",NA,"Offensive Rebound",NA,NA,2,45,"UConn",24,FALSE,"MALIQ.BROWN","DAME.SARR","NIKOLAS.KHAMENIA","CAMERON.BOOZER","CAYDEN.BOOZER","SILAS.DEMARY","ALEX.KARABAN","BRAYLON.MULLINS","JAYDEN.ROSS","TARRIS.REED","CLEAN",FALSE,2
"156","6564880","03/29/2026","Duke","UConn",1,"05:47","14:13",853,36,21,"UConn","Silas Demary Jr., 2pt layup 2ndchance;pointsinthepaint;  missed","SILAS.DEMARY",NA,"Layup","missed",2,0,45,"UConn",24,FALSE,"MALIQ.BROWN","DAME.SARR","NIKOLAS.KHAMENIA","CAMERON.BOOZER","CAYDEN.BOOZER","SILAS.DEMARY","ALEX.KARABAN","BRAYLON.MULLINS","JAYDEN.ROSS","TARRIS.REED","CLEAN",FALSE,2
"157","6564880","03/29/2026","Duke","UConn",1,"05:45","14:15",855,36,21,"Duke","Maliq Brown, rebound defensive","MALIQ.BROWN",NA,"Defensive Rebound",NA,NA,2,45,"UConn",26,FALSE,"MALIQ.BROWN","DAME.SARR","NIKOLAS.KHAMENIA","CAMERON.BOOZER","CAYDEN.BOOZER","SILAS.DEMARY","ALEX.KARABAN","BRAYLON.MULLINS","JAYDEN.ROSS","TARRIS.REED","CLEAN",FALSE,2
"158","6564880","03/29/2026","Duke","UConn",1,"05:31","14:29",869,36,21,"Duke","Cameron Boozer, 2pt drivinglayup pointsinthepaint;blocked;  missed","CAMERON.BOOZER",NA,"Layup","missed",2,14,46,"Duke",14,FALSE,"MALIQ.BROWN","DAME.SARR","NIKOLAS.KHAMENIA","CAMERON.BOOZER","CAYDEN.BOOZER","SILAS.DEMARY","ALEX.KARABAN","BRAYLON.MULLINS","JAYDEN.ROSS","TARRIS.REED","CLEAN",FALSE,2
"159","6564880","03/29/2026","Duke","UConn",1,"05:31","14:29",869,36,21,"UConn","Tarris Reed Jr., block","TARRIS.REED",NA,"Blocked Shot",NA,NA,0,46,"Duke",14,FALSE,"MALIQ.BROWN","DAME.SARR","NIKOLAS.KHAMENIA","CAMERON.BOOZER","CAYDEN.BOOZER","SILAS.DEMARY","ALEX.KARABAN","BRAYLON.MULLINS","JAYDEN.ROSS","TARRIS.REED","CLEAN",FALSE,2
"160","6564880","03/29/2026","Duke","UConn",1,"05:29","14:31",871,36,21,"Duke","Cameron Boozer, rebound offensive","CAMERON.BOOZER",NA,"Offensive Rebound",NA,NA,2,46,"Duke",16,FALSE,"MALIQ.BROWN","DAME.SARR","NIKOLAS.KHAMENIA","CAMERON.BOOZER","CAYDEN.BOOZER","SILAS.DEMARY","ALEX.KARABAN","BRAYLON.MULLINS","JAYDEN.ROSS","TARRIS.REED","CLEAN",FALSE,2
"161","6564880","03/29/2026","Duke","UConn",1,"05:27","14:33",873,36,21,"Duke","Cameron Boozer, foulon","CAMERON.BOOZER",NA,"Draw Foul",NA,NA,2,46,"Duke",18,FALSE,"MALIQ.BROWN","DAME.SARR","NIKOLAS.KHAMENIA","CAMERON.BOOZER","CAYDEN.BOOZER","SILAS.DEMARY","ALEX.KARABAN","BRAYLON.MULLINS","JAYDEN.ROSS","TARRIS.REED","CLEAN",FALSE,2
"162","6564880","03/29/2026","Duke","UConn",1,"05:27","14:33",873,36,21,"UConn","Tarris Reed Jr., foul personal shooting;2freethrow;","TARRIS.REED",NA,"Commits Foul",NA,NA,0,46,"Duke",18,FALSE,"MALIQ.BROWN","DAME.SARR","NIKOLAS.KHAMENIA","CAMERON.BOOZER","CAYDEN.BOOZER","SILAS.DEMARY","ALEX.KARABAN","BRAYLON.MULLINS","JAYDEN.ROSS","TARRIS.REED","CLEAN",FALSE,2
"163","6564880","03/29/2026","Duke","UConn",1,"05:27","14:33",873,37,21,"Duke","Cameron Boozer, freethrow 1of2 2ndchance;  made","CAMERON.BOOZER",NA,"Free Throw","made",1,0,46,"Duke",18,FALSE,"MALIQ.BROWN","DAME.SARR","NIKOLAS.KHAMENIA","CAMERON.BOOZER","CAYDEN.BOOZER","SILAS.DEMARY","ALEX.KARABAN","BRAYLON.MULLINS","JAYDEN.ROSS","TARRIS.REED","CLEAN",FALSE,2
"164","6564880","03/29/2026","Duke","UConn",1,"05:27","14:33",873,37,21,"UConn","Tarris Reed Jr., substitution out","TARRIS.REED",NA,"Leaves Game",NA,NA,0,46,"Duke",18,FALSE,"MALIQ.BROWN","DAME.SARR","NIKOLAS.KHAMENIA","CAMERON.BOOZER","CAYDEN.BOOZER","SILAS.DEMARY","ALEX.KARABAN","BRAYLON.MULLINS","JAYDEN.ROSS","TARRIS.REED","CLEAN",FALSE,2
"165","6564880","03/29/2026","Duke","UConn",1,"05:27","14:33",873,37,21,"UConn","Eric Reibe, substitution in","ERIC.REIBE",NA,"Enters Game",NA,NA,0,46,"Duke",18,FALSE,"MALIQ.BROWN","DAME.SARR","NIKOLAS.KHAMENIA","CAMERON.BOOZER","CAYDEN.BOOZER","SILAS.DEMARY","ALEX.KARABAN","BRAYLON.MULLINS","JAYDEN.ROSS","TARRIS.REED","CLEAN",FALSE,2
"166","6564880","03/29/2026","Duke","UConn",1,"05:27","14:33",873,38,21,"Duke","Cameron Boozer, freethrow 2of2 2ndchance;  made","CAMERON.BOOZER",NA,"Free Throw","made",1,0,46,"Duke",18,FALSE,"MALIQ.BROWN","DAME.SARR","NIKOLAS.KHAMENIA","CAMERON.BOOZER","CAYDEN.BOOZER","SILAS.DEMARY","ALEX.KARABAN","BRAYLON.MULLINS","JAYDEN.ROSS","TARRIS.REED","CLEAN",FALSE,2
"167","6564880","03/29/2026","Duke","UConn",1,"05:16","14:44",884,38,21,"UConn","Braylon Mullins, 2pt jumpshot pointsinthepaint;  missed","BRAYLON.MULLINS",NA,"Two Point Jumper","missed",2,11,47,"UConn",11,FALSE,"MALIQ.BROWN","DAME.SARR","NIKOLAS.KHAMENIA","CAMERON.BOOZER","CAYDEN.BOOZER","SILAS.DEMARY","ALEX.KARABAN","BRAYLON.MULLINS","JAYDEN.ROSS","ERIC.REIBE","CLEAN",FALSE,2
"168","6564880","03/29/2026","Duke","UConn",1,"05:13","14:47",887,38,21,"Duke","Dame Sarr, rebound defensive","DAME.SARR",NA,"Defensive Rebound",NA,NA,3,47,"UConn",14,FALSE,"MALIQ.BROWN","DAME.SARR","NIKOLAS.KHAMENIA","CAMERON.BOOZER","CAYDEN.BOOZER","SILAS.DEMARY","ALEX.KARABAN","BRAYLON.MULLINS","JAYDEN.ROSS","ERIC.REIBE","CLEAN",FALSE,2
"169","6564880","03/29/2026","Duke","UConn",1,"05:01","14:59",899,38,21,"Duke","Cameron Boozer, foulon","CAMERON.BOOZER",NA,"Draw Foul",NA,NA,12,48,"Duke",12,FALSE,"MALIQ.BROWN","DAME.SARR","NIKOLAS.KHAMENIA","CAMERON.BOOZER","CAYDEN.BOOZER","SILAS.DEMARY","ALEX.KARABAN","BRAYLON.MULLINS","JAYDEN.ROSS","ERIC.REIBE","CLEAN",FALSE,2
"170","6564880","03/29/2026","Duke","UConn",1,"05:01","14:59",899,38,21,"UConn","Silas Demary Jr., foul personal oneandone;","SILAS.DEMARY",NA,"Commits Foul",NA,NA,0,48,"Duke",12,FALSE,"MALIQ.BROWN","DAME.SARR","NIKOLAS.KHAMENIA","CAMERON.BOOZER","CAYDEN.BOOZER","SILAS.DEMARY","ALEX.KARABAN","BRAYLON.MULLINS","JAYDEN.ROSS","ERIC.REIBE","CLEAN",FALSE,2
"171","6564880","03/29/2026","Duke","UConn",1,"05:01","14:59",899,38,21,"UConn","Solo Ball, substitution in","SOLO.BALL",NA,"Enters Game",NA,NA,0,48,"Duke",12,FALSE,"MALIQ.BROWN","DAME.SARR","NIKOLAS.KHAMENIA","CAMERON.BOOZER","CAYDEN.BOOZER","SILAS.DEMARY","ALEX.KARABAN","BRAYLON.MULLINS","JAYDEN.ROSS","ERIC.REIBE","CLEAN",FALSE,2
"172","6564880","03/29/2026","Duke","UConn",1,"05:01","14:59",899,38,21,"UConn","Braylon Mullins, substitution out","BRAYLON.MULLINS",NA,"Leaves Game",NA,NA,0,48,"Duke",12,FALSE,"MALIQ.BROWN","DAME.SARR","NIKOLAS.KHAMENIA","CAMERON.BOOZER","CAYDEN.BOOZER","SILAS.DEMARY","ALEX.KARABAN","BRAYLON.MULLINS","JAYDEN.ROSS","ERIC.REIBE","CLEAN",FALSE,2
"173","6564880","03/29/2026","Duke","UConn",1,"05:01","14:59",899,39,21,"Duke","Cameron Boozer, freethrow 1of2   made","CAMERON.BOOZER",NA,"Free Throw","made",1,0,48,"Duke",12,FALSE,"MALIQ.BROWN","DAME.SARR","NIKOLAS.KHAMENIA","CAMERON.BOOZER","CAYDEN.BOOZER","SILAS.DEMARY","ALEX.KARABAN","BRAYLON.MULLINS","JAYDEN.ROSS","ERIC.REIBE","CLEAN",FALSE,2
"174","6564880","03/29/2026","Duke","UConn",1,"05:01","14:59",899,39,21,"UConn","Malachi Smith, substitution in","MALACHI.SMITH",NA,"Enters Game",NA,NA,0,48,"Duke",12,FALSE,"MALIQ.BROWN","DAME.SARR","NIKOLAS.KHAMENIA","CAMERON.BOOZER","CAYDEN.BOOZER","SILAS.DEMARY","ALEX.KARABAN","BRAYLON.MULLINS","JAYDEN.ROSS","ERIC.REIBE","CLEAN",FALSE,2
"175","6564880","03/29/2026","Duke","UConn",1,"05:01","14:59",899,39,21,"UConn","Silas Demary Jr., substitution out","SILAS.DEMARY",NA,"Leaves Game",NA,NA,0,48,"Duke",12,FALSE,"MALIQ.BROWN","DAME.SARR","NIKOLAS.KHAMENIA","CAMERON.BOOZER","CAYDEN.BOOZER","SILAS.DEMARY","ALEX.KARABAN","BRAYLON.MULLINS","JAYDEN.ROSS","ERIC.REIBE","CLEAN",FALSE,2
"176","6564880","03/29/2026","Duke","UConn",1,"05:01","14:59",899,40,21,"Duke","Cameron Boozer, freethrow 2of2   made","CAMERON.BOOZER",NA,"Free Throw","made",1,0,48,"Duke",12,FALSE,"MALIQ.BROWN","DAME.SARR","NIKOLAS.KHAMENIA","CAMERON.BOOZER","CAYDEN.BOOZER","SILAS.DEMARY","ALEX.KARABAN","BRAYLON.MULLINS","JAYDEN.ROSS","ERIC.REIBE","CLEAN",FALSE,2
"177","6564880","03/29/2026","Duke","UConn",1,"04:38","15:22",922,40,21,"UConn","Eric Reibe, substitution out","ERIC.REIBE",NA,"Leaves Game",NA,NA,23,49,"UConn",23,FALSE,"MALIQ.BROWN","DAME.SARR","NIKOLAS.KHAMENIA","CAMERON.BOOZER","CAYDEN.BOOZER","MALACHI.SMITH","ALEX.KARABAN","SOLO.BALL","JAYDEN.ROSS","TARRIS.REED","CLEAN",FALSE,2
"178","6564880","03/29/2026","Duke","UConn",1,"04:38","15:22",922,40,21,"UConn","Tarris Reed Jr., substitution in","TARRIS.REED",NA,"Enters Game",NA,NA,0,49,"UConn",23,FALSE,"MALIQ.BROWN","DAME.SARR","NIKOLAS.KHAMENIA","CAMERON.BOOZER","CAYDEN.BOOZER","MALACHI.SMITH","ALEX.KARABAN","SOLO.BALL","JAYDEN.ROSS","TARRIS.REED","CLEAN",FALSE,2
"179","6564880","03/29/2026","Duke","UConn",1,"04:38","15:22",922,40,21,"Duke","Maliq Brown, substitution out","MALIQ.BROWN",NA,"Leaves Game",NA,NA,0,49,"UConn",23,FALSE,"MALIQ.BROWN","DAME.SARR","NIKOLAS.KHAMENIA","CAMERON.BOOZER","CAYDEN.BOOZER","MALACHI.SMITH","ALEX.KARABAN","SOLO.BALL","JAYDEN.ROSS","TARRIS.REED","CLEAN",FALSE,2
"180","6564880","03/29/2026","Duke","UConn",1,"04:38","15:22",922,40,21,"Duke","Patrick Ngongba, substitution in","PATRICK.NGONGBA",NA,"Enters Game",NA,NA,0,49,"UConn",23,FALSE,"MALIQ.BROWN","DAME.SARR","NIKOLAS.KHAMENIA","CAMERON.BOOZER","CAYDEN.BOOZER","MALACHI.SMITH","ALEX.KARABAN","SOLO.BALL","JAYDEN.ROSS","TARRIS.REED","CLEAN",FALSE,2
"181","6564880","03/29/2026","Duke","UConn",1,"04:32","15:28",928,40,21,"UConn","Malachi Smith, 2pt stepbackjumpshot   missed","MALACHI.SMITH",NA,"Two Point Jumper","missed",2,6,49,"UConn",29,FALSE,"MALIQ.BROWN","DAME.SARR","NIKOLAS.KHAMENIA","CAMERON.BOOZER","CAYDEN.BOOZER","MALACHI.SMITH","ALEX.KARABAN","SOLO.BALL","JAYDEN.ROSS","TARRIS.REED","CLEAN",FALSE,2
"182","6564880","03/29/2026","Duke","UConn",1,"04:31","15:29",929,40,21,"UConn","Team, rebound offensivedeadball","TEAM",NA,"Deadball Rebound",NA,NA,1,49,"UConn",30,FALSE,"MALIQ.BROWN","DAME.SARR","NIKOLAS.KHAMENIA","CAMERON.BOOZER","CAYDEN.BOOZER","MALACHI.SMITH","ALEX.KARABAN","SOLO.BALL","JAYDEN.ROSS","TARRIS.REED","CLEAN",FALSE,2
"183","6564880","03/29/2026","Duke","UConn",1,"04:31","15:29",929,40,21,"UConn","Team, turnover shotclock team;","TEAM",NA,"Turnover",NA,NA,0,49,"UConn",30,FALSE,"MALIQ.BROWN","DAME.SARR","NIKOLAS.KHAMENIA","CAMERON.BOOZER","CAYDEN.BOOZER","MALACHI.SMITH","ALEX.KARABAN","SOLO.BALL","JAYDEN.ROSS","TARRIS.REED","CLEAN",FALSE,2
"184","6564880","03/29/2026","Duke","UConn",1,"04:31","15:29",929,40,21,"UConn","Tarris Reed Jr., substitution out","TARRIS.REED",NA,"Leaves Game",NA,NA,0,49,"UConn",30,FALSE,"MALIQ.BROWN","DAME.SARR","NIKOLAS.KHAMENIA","CAMERON.BOOZER","CAYDEN.BOOZER","MALACHI.SMITH","ALEX.KARABAN","SOLO.BALL","JAYDEN.ROSS","TARRIS.REED","CLEAN",FALSE,2
"185","6564880","03/29/2026","Duke","UConn",1,"04:31","15:29",929,40,21,"UConn","Eric Reibe, substitution in","ERIC.REIBE",NA,"Enters Game",NA,NA,0,49,"UConn",30,FALSE,"MALIQ.BROWN","DAME.SARR","NIKOLAS.KHAMENIA","CAMERON.BOOZER","CAYDEN.BOOZER","MALACHI.SMITH","ALEX.KARABAN","SOLO.BALL","JAYDEN.ROSS","TARRIS.REED","CLEAN",FALSE,2
"186","6564880","03/29/2026","Duke","UConn",1,"04:19","15:41",941,40,21,"Duke","Cameron Boozer, 2pt drivinglayup fromturnover;pointsinthepaint;blocked;  missed","CAMERON.BOOZER",NA,"Layup","missed",2,12,50,"Duke",12,FALSE,"PATRICK.NGONGBA","DAME.SARR","NIKOLAS.KHAMENIA","CAMERON.BOOZER","CAYDEN.BOOZER","MALACHI.SMITH","ALEX.KARABAN","SOLO.BALL","JAYDEN.ROSS","ERIC.REIBE","CLEAN",FALSE,2
"187","6564880","03/29/2026","Duke","UConn",1,"04:19","15:41",941,40,21,"UConn","Eric Reibe, block","ERIC.REIBE",NA,"Blocked Shot",NA,NA,0,50,"Duke",12,FALSE,"PATRICK.NGONGBA","DAME.SARR","NIKOLAS.KHAMENIA","CAMERON.BOOZER","CAYDEN.BOOZER","MALACHI.SMITH","ALEX.KARABAN","SOLO.BALL","JAYDEN.ROSS","ERIC.REIBE","CLEAN",FALSE,2
"188","6564880","03/29/2026","Duke","UConn",1,"04:16","15:44",944,40,21,"UConn","Eric Reibe, rebound defensive","ERIC.REIBE",NA,"Defensive Rebound",NA,NA,3,50,"Duke",15,FALSE,"PATRICK.NGONGBA","DAME.SARR","NIKOLAS.KHAMENIA","CAMERON.BOOZER","CAYDEN.BOOZER","MALACHI.SMITH","ALEX.KARABAN","SOLO.BALL","JAYDEN.ROSS","ERIC.REIBE","CLEAN",FALSE,2
"189","6564880","03/29/2026","Duke","UConn",1,"04:13","15:47",947,40,21,"UConn","Solo Ball, foulon","SOLO.BALL",NA,"Draw Foul",NA,NA,3,51,"UConn",3,FALSE,"PATRICK.NGONGBA","DAME.SARR","NIKOLAS.KHAMENIA","CAMERON.BOOZER","CAYDEN.BOOZER","MALACHI.SMITH","ALEX.KARABAN","SOLO.BALL","JAYDEN.ROSS","ERIC.REIBE","CLEAN",FALSE,2
"190","6564880","03/29/2026","Duke","UConn",1,"04:13","15:47",947,40,21,"Duke","Nikolas Khamenia, foul personal shooting;2freethrow;","NIKOLAS.KHAMENIA",NA,"Commits Foul",NA,NA,0,51,"UConn",3,FALSE,"PATRICK.NGONGBA","DAME.SARR","NIKOLAS.KHAMENIA","CAMERON.BOOZER","CAYDEN.BOOZER","MALACHI.SMITH","ALEX.KARABAN","SOLO.BALL","JAYDEN.ROSS","ERIC.REIBE","CLEAN",FALSE,2
"191","6564880","03/29/2026","Duke","UConn",1,"04:13","15:47",947,40,22,"UConn","Solo Ball, freethrow 1of2 fastbreak;  made","SOLO.BALL",NA,"Free Throw","made",1,0,51,"UConn",3,FALSE,"PATRICK.NGONGBA","DAME.SARR","NIKOLAS.KHAMENIA","CAMERON.BOOZER","CAYDEN.BOOZER","MALACHI.SMITH","ALEX.KARABAN","SOLO.BALL","JAYDEN.ROSS","ERIC.REIBE","CLEAN",FALSE,2
"192","6564880","03/29/2026","Duke","UConn",1,"04:13","15:47",947,40,22,"Duke","Nikolas Khamenia, substitution out","NIKOLAS.KHAMENIA",NA,"Leaves Game",NA,NA,0,51,"UConn",3,FALSE,"PATRICK.NGONGBA","DAME.SARR","NIKOLAS.KHAMENIA","CAMERON.BOOZER","CAYDEN.BOOZER","MALACHI.SMITH","ALEX.KARABAN","SOLO.BALL","JAYDEN.ROSS","ERIC.REIBE","CLEAN",FALSE,2
"193","6564880","03/29/2026","Duke","UConn",1,"04:13","15:47",947,40,22,"Duke","Isaiah Evans, substitution in","ISAIAH.EVANS",NA,"Enters Game",NA,NA,0,51,"UConn",3,FALSE,"PATRICK.NGONGBA","DAME.SARR","NIKOLAS.KHAMENIA","CAMERON.BOOZER","CAYDEN.BOOZER","MALACHI.SMITH","ALEX.KARABAN","SOLO.BALL","JAYDEN.ROSS","ERIC.REIBE","CLEAN",FALSE,2
"194","6564880","03/29/2026","Duke","UConn",1,"04:13","15:47",947,40,23,"UConn","Solo Ball, freethrow 2of2 fastbreak;  made","SOLO.BALL",NA,"Free Throw","made",1,0,51,"UConn",3,FALSE,"PATRICK.NGONGBA","DAME.SARR","NIKOLAS.KHAMENIA","CAMERON.BOOZER","CAYDEN.BOOZER","MALACHI.SMITH","ALEX.KARABAN","SOLO.BALL","JAYDEN.ROSS","ERIC.REIBE","CLEAN",FALSE,2
"195","6564880","03/29/2026","Duke","UConn",1,"04:02","15:58",958,42,23,"Duke","Cayden Boozer, 2pt floatingjumpshot   made","CAYDEN.BOOZER",NA,"Two Point Jumper","made",2,11,52,"Duke",11,FALSE,"PATRICK.NGONGBA","DAME.SARR","ISAIAH.EVANS","CAMERON.BOOZER","CAYDEN.BOOZER","MALACHI.SMITH","ALEX.KARABAN","SOLO.BALL","JAYDEN.ROSS","ERIC.REIBE","CLEAN",FALSE,2
"196","6564880","03/29/2026","Duke","UConn",1,"03:41","16:19",979,42,25,"UConn","Malachi Smith, 2pt drivinglayup pointsinthepaint;  made - Jayden Ross, assist","MALACHI.SMITH","JAYDEN.ROSS","Layup","made",2,21,53,"UConn",21,FALSE,"PATRICK.NGONGBA","DAME.SARR","ISAIAH.EVANS","CAMERON.BOOZER","CAYDEN.BOOZER","MALACHI.SMITH","ALEX.KARABAN","SOLO.BALL","JAYDEN.ROSS","ERIC.REIBE","CLEAN",FALSE,2
"197","6564880","03/29/2026","Duke","UConn",1,"03:24","16:36",996,44,25,"Duke","Cayden Boozer, 2pt drivinglayup pointsinthepaint;  made","CAYDEN.BOOZER",NA,"Layup","made",2,17,54,"Duke",17,FALSE,"PATRICK.NGONGBA","DAME.SARR","ISAIAH.EVANS","CAMERON.BOOZER","CAYDEN.BOOZER","MALACHI.SMITH","ALEX.KARABAN","SOLO.BALL","JAYDEN.ROSS","ERIC.REIBE","CLEAN",FALSE,2
"198","6564880","03/29/2026","Duke","UConn",1,"03:09","16:51",1011,44,25,"UConn","Solo Ball, 3pt jumpshot   missed","SOLO.BALL",NA,"Three Point Jumper","missed",3,15,55,"UConn",15,FALSE,"PATRICK.NGONGBA","DAME.SARR","ISAIAH.EVANS","CAMERON.BOOZER","CAYDEN.BOOZER","MALACHI.SMITH","ALEX.KARABAN","SOLO.BALL","JAYDEN.ROSS","ERIC.REIBE","CLEAN",FALSE,2
"199","6564880","03/29/2026","Duke","UConn",1,"03:06","16:54",1014,44,25,"Duke","Cameron Boozer, rebound defensive","CAMERON.BOOZER",NA,"Defensive Rebound",NA,NA,3,55,"UConn",18,FALSE,"PATRICK.NGONGBA","DAME.SARR","ISAIAH.EVANS","CAMERON.BOOZER","CAYDEN.BOOZER","MALACHI.SMITH","ALEX.KARABAN","SOLO.BALL","JAYDEN.ROSS","ERIC.REIBE","CLEAN",FALSE,2
"200","6564880","03/29/2026","Duke","UConn",1,"02:57","17:03",1023,44,25,"Duke","Cameron Boozer, 2pt drivinglayup pointsinthepaint;  missed","CAMERON.BOOZER",NA,"Layup","missed",2,9,56,"Duke",9,TRUE,"PATRICK.NGONGBA","DAME.SARR","ISAIAH.EVANS","CAMERON.BOOZER","CAYDEN.BOOZER","MALACHI.SMITH","ALEX.KARABAN","SOLO.BALL","JAYDEN.ROSS","ERIC.REIBE","CLEAN",FALSE,2
"201","6564880","03/29/2026","Duke","UConn",1,"02:55","17:05",1025,44,25,"Duke","Patrick Ngongba, rebound offensive","PATRICK.NGONGBA",NA,"Offensive Rebound",NA,NA,2,56,"Duke",11,TRUE,"PATRICK.NGONGBA","DAME.SARR","ISAIAH.EVANS","CAMERON.BOOZER","CAYDEN.BOOZER","MALACHI.SMITH","ALEX.KARABAN","SOLO.BALL","JAYDEN.ROSS","ERIC.REIBE","CLEAN",FALSE,2
"202","6564880","03/29/2026","Duke","UConn",1,"02:54","17:06",1026,44,25,"Duke","Cayden Boozer, substitution out","CAYDEN.BOOZER",NA,"Leaves Game",NA,NA,1,56,"Duke",12,TRUE,"PATRICK.NGONGBA","DAME.SARR","ISAIAH.EVANS","CAMERON.BOOZER","CAYDEN.BOOZER","MALACHI.SMITH","ALEX.KARABAN","SOLO.BALL","JAYDEN.ROSS","ERIC.REIBE","CLEAN",FALSE,2
"203","6564880","03/29/2026","Duke","UConn",1,"02:54","17:06",1026,44,25,"Duke","Caleb Foster, substitution in","CALEB.FOSTER",NA,"Enters Game",NA,NA,0,56,"Duke",12,TRUE,"PATRICK.NGONGBA","DAME.SARR","ISAIAH.EVANS","CAMERON.BOOZER","CAYDEN.BOOZER","MALACHI.SMITH","ALEX.KARABAN","SOLO.BALL","JAYDEN.ROSS","ERIC.REIBE","CLEAN",FALSE,2
"204","6564880","03/29/2026","Duke","UConn",1,"02:45","17:15",1035,44,25,"Duke","Cameron Boozer, turnover badpass","CAMERON.BOOZER",NA,"Turnover",NA,NA,9,56,"Duke",21,TRUE,"PATRICK.NGONGBA","DAME.SARR","ISAIAH.EVANS","CAMERON.BOOZER","CAYDEN.BOOZER","MALACHI.SMITH","ALEX.KARABAN","SOLO.BALL","JAYDEN.ROSS","ERIC.REIBE","CLEAN",FALSE,2
"205","6564880","03/29/2026","Duke","UConn",1,"02:31","17:29",1049,44,25,"UConn","Alex Karaban, 2pt drivinglayup fromturnover;pointsinthepaint;blocked;  missed","ALEX.KARABAN",NA,"Layup","missed",2,14,57,"UConn",14,FALSE,"PATRICK.NGONGBA","DAME.SARR","ISAIAH.EVANS","CAMERON.BOOZER","CALEB.FOSTER","MALACHI.SMITH","ALEX.KARABAN","SOLO.BALL","JAYDEN.ROSS","ERIC.REIBE","CLEAN",FALSE,2
"206","6564880","03/29/2026","Duke","UConn",1,"02:31","17:29",1049,44,25,"Duke","Patrick Ngongba, block","PATRICK.NGONGBA",NA,"Blocked Shot",NA,NA,0,57,"UConn",14,FALSE,"PATRICK.NGONGBA","DAME.SARR","ISAIAH.EVANS","CAMERON.BOOZER","CALEB.FOSTER","MALACHI.SMITH","ALEX.KARABAN","SOLO.BALL","JAYDEN.ROSS","ERIC.REIBE","CLEAN",FALSE,2
"207","6564880","03/29/2026","Duke","UConn",1,"02:30","17:30",1050,44,25,"UConn","Team, rebound offensive team;","TEAM",NA,"Offensive Rebound",NA,NA,1,57,"UConn",15,FALSE,"PATRICK.NGONGBA","DAME.SARR","ISAIAH.EVANS","CAMERON.BOOZER","CALEB.FOSTER","MALACHI.SMITH","ALEX.KARABAN","SOLO.BALL","JAYDEN.ROSS","ERIC.REIBE","CLEAN",FALSE,2
"208","6564880","03/29/2026","Duke","UConn",1,"02:24","17:36",1056,44,25,"UConn","Solo Ball, 2pt pullupjumpshot 2ndchance;fromturnover;pointsinthepaint;blocked;  missed","SOLO.BALL",NA,"Two Point Jumper","missed",2,6,57,"UConn",21,FALSE,"PATRICK.NGONGBA","DAME.SARR","ISAIAH.EVANS","CAMERON.BOOZER","CALEB.FOSTER","MALACHI.SMITH","ALEX.KARABAN","SOLO.BALL","JAYDEN.ROSS","ERIC.REIBE","CLEAN",FALSE,2
"209","6564880","03/29/2026","Duke","UConn",1,"02:24","17:36",1056,44,25,"Duke","Isaiah Evans, block","ISAIAH.EVANS",NA,"Blocked Shot",NA,NA,0,57,"UConn",21,FALSE,"PATRICK.NGONGBA","DAME.SARR","ISAIAH.EVANS","CAMERON.BOOZER","CALEB.FOSTER","MALACHI.SMITH","ALEX.KARABAN","SOLO.BALL","JAYDEN.ROSS","ERIC.REIBE","CLEAN",FALSE,2
"210","6564880","03/29/2026","Duke","UConn",1,"02:21","17:39",1059,44,25,"Duke","Dame Sarr, rebound defensive","DAME.SARR",NA,"Defensive Rebound",NA,NA,3,57,"UConn",24,FALSE,"PATRICK.NGONGBA","DAME.SARR","ISAIAH.EVANS","CAMERON.BOOZER","CALEB.FOSTER","MALACHI.SMITH","ALEX.KARABAN","SOLO.BALL","JAYDEN.ROSS","ERIC.REIBE","CLEAN",FALSE,2
"211","6564880","03/29/2026","Duke","UConn",1,"02:17","17:43",1063,44,25,"Duke","Isaiah Evans, 3pt stepbackjumpshot fastbreak;  missed","ISAIAH.EVANS",NA,"Three Point Jumper","missed",3,4,58,"Duke",4,TRUE,"PATRICK.NGONGBA","DAME.SARR","ISAIAH.EVANS","CAMERON.BOOZER","CALEB.FOSTER","MALACHI.SMITH","ALEX.KARABAN","SOLO.BALL","JAYDEN.ROSS","ERIC.REIBE","CLEAN",FALSE,2
"212","6564880","03/29/2026","Duke","UConn",1,"02:15","17:45",1065,44,25,"UConn","Jayden Ross, rebound defensive","JAYDEN.ROSS",NA,"Defensive Rebound",NA,NA,2,58,"Duke",6,TRUE,"PATRICK.NGONGBA","DAME.SARR","ISAIAH.EVANS","CAMERON.BOOZER","CALEB.FOSTER","MALACHI.SMITH","ALEX.KARABAN","SOLO.BALL","JAYDEN.ROSS","ERIC.REIBE","CLEAN",FALSE,2
"213","6564880","03/29/2026","Duke","UConn",1,"02:02","17:58",1078,44,25,"UConn","Malachi Smith, 3pt pullupjumpshot   missed","MALACHI.SMITH",NA,"Three Point Jumper","missed",3,13,59,"UConn",13,FALSE,"PATRICK.NGONGBA","DAME.SARR","ISAIAH.EVANS","CAMERON.BOOZER","CALEB.FOSTER","MALACHI.SMITH","ALEX.KARABAN","SOLO.BALL","JAYDEN.ROSS","ERIC.REIBE","CLEAN",FALSE,2
"214","6564880","03/29/2026","Duke","UConn",1,"01:59","18:01",1081,44,25,"Duke","Patrick Ngongba, rebound defensive","PATRICK.NGONGBA",NA,"Defensive Rebound",NA,NA,3,59,"UConn",16,FALSE,"PATRICK.NGONGBA","DAME.SARR","ISAIAH.EVANS","CAMERON.BOOZER","CALEB.FOSTER","MALACHI.SMITH","ALEX.KARABAN","SOLO.BALL","JAYDEN.ROSS","ERIC.REIBE","CLEAN",FALSE,2
"215","6564880","03/29/2026","Duke","UConn",1,"01:33","18:27",1107,44,25,"Duke","Dame Sarr, foulon","DAME.SARR",NA,"Draw Foul",NA,NA,26,60,"Duke",26,FALSE,"PATRICK.NGONGBA","DAME.SARR","ISAIAH.EVANS","CAMERON.BOOZER","CALEB.FOSTER","MALACHI.SMITH","ALEX.KARABAN","SOLO.BALL","JAYDEN.ROSS","ERIC.REIBE","CLEAN",FALSE,2
"216","6564880","03/29/2026","Duke","UConn",1,"01:33","18:27",1107,44,25,"Duke","Dame Sarr, freethrow 1of2   missed","DAME.SARR",NA,"Free Throw","missed",1,0,60,"Duke",26,FALSE,"PATRICK.NGONGBA","DAME.SARR","ISAIAH.EVANS","CAMERON.BOOZER","CALEB.FOSTER","MALACHI.SMITH","ALEX.KARABAN","SOLO.BALL","JAYDEN.ROSS","ERIC.REIBE","CLEAN",FALSE,2
"217","6564880","03/29/2026","Duke","UConn",1,"01:33","18:27",1107,44,25,"Duke","Team, rebound offensivedeadball","TEAM",NA,"Deadball Rebound",NA,NA,0,60,"Duke",26,FALSE,"PATRICK.NGONGBA","DAME.SARR","ISAIAH.EVANS","CAMERON.BOOZER","CALEB.FOSTER","MALACHI.SMITH","ALEX.KARABAN","SOLO.BALL","JAYDEN.ROSS","ERIC.REIBE","CLEAN",FALSE,2
"218","6564880","03/29/2026","Duke","UConn",1,"01:33","18:27",1107,44,25,"UConn","Eric Reibe, foul personal shooting;2freethrow;","ERIC.REIBE",NA,"Commits Foul",NA,NA,0,60,"Duke",26,FALSE,"PATRICK.NGONGBA","DAME.SARR","ISAIAH.EVANS","CAMERON.BOOZER","CALEB.FOSTER","MALACHI.SMITH","ALEX.KARABAN","SOLO.BALL","JAYDEN.ROSS","ERIC.REIBE","CLEAN",FALSE,2
"219","6564880","03/29/2026","Duke","UConn",1,"01:33","18:27",1107,44,25,"Duke","Dame Sarr, freethrow 2of2   missed","DAME.SARR",NA,"Free Throw","missed",1,0,60,"Duke",26,FALSE,"PATRICK.NGONGBA","DAME.SARR","ISAIAH.EVANS","CAMERON.BOOZER","CALEB.FOSTER","MALACHI.SMITH","ALEX.KARABAN","SOLO.BALL","JAYDEN.ROSS","ERIC.REIBE","CLEAN",FALSE,2
"220","6564880","03/29/2026","Duke","UConn",1,"01:33","18:27",1107,44,25,"Duke","Cameron Boozer, substitution out","CAMERON.BOOZER",NA,"Leaves Game",NA,NA,0,60,"Duke",26,FALSE,"PATRICK.NGONGBA","DAME.SARR","ISAIAH.EVANS","CAMERON.BOOZER","CALEB.FOSTER","MALACHI.SMITH","ALEX.KARABAN","SOLO.BALL","JAYDEN.ROSS","ERIC.REIBE","CLEAN",FALSE,2
"221","6564880","03/29/2026","Duke","UConn",1,"01:33","18:27",1107,44,25,"Duke","Nikolas Khamenia, substitution in","NIKOLAS.KHAMENIA",NA,"Enters Game",NA,NA,0,60,"Duke",26,FALSE,"PATRICK.NGONGBA","DAME.SARR","ISAIAH.EVANS","CAMERON.BOOZER","CALEB.FOSTER","MALACHI.SMITH","ALEX.KARABAN","SOLO.BALL","JAYDEN.ROSS","ERIC.REIBE","CLEAN",FALSE,2
"222","6564880","03/29/2026","Duke","UConn",1,"01:33","18:27",1107,44,25,"UConn","Solo Ball, substitution out","SOLO.BALL",NA,"Leaves Game",NA,NA,0,60,"Duke",26,FALSE,"PATRICK.NGONGBA","DAME.SARR","ISAIAH.EVANS","CAMERON.BOOZER","CALEB.FOSTER","MALACHI.SMITH","ALEX.KARABAN","SOLO.BALL","JAYDEN.ROSS","ERIC.REIBE","CLEAN",FALSE,2
"223","6564880","03/29/2026","Duke","UConn",1,"01:33","18:27",1107,44,25,"UConn","Eric Reibe, substitution out","ERIC.REIBE",NA,"Leaves Game",NA,NA,0,60,"Duke",26,FALSE,"PATRICK.NGONGBA","DAME.SARR","ISAIAH.EVANS","CAMERON.BOOZER","CALEB.FOSTER","MALACHI.SMITH","ALEX.KARABAN","SOLO.BALL","JAYDEN.ROSS","ERIC.REIBE","CLEAN",FALSE,2
"224","6564880","03/29/2026","Duke","UConn",1,"01:33","18:27",1107,44,25,"UConn","Tarris Reed Jr., substitution in","TARRIS.REED",NA,"Enters Game",NA,NA,0,60,"Duke",26,FALSE,"PATRICK.NGONGBA","DAME.SARR","ISAIAH.EVANS","CAMERON.BOOZER","CALEB.FOSTER","MALACHI.SMITH","ALEX.KARABAN","SOLO.BALL","JAYDEN.ROSS","ERIC.REIBE","CLEAN",FALSE,2
"225","6564880","03/29/2026","Duke","UConn",1,"01:33","18:27",1107,44,25,"UConn","Braylon Mullins, substitution in","BRAYLON.MULLINS",NA,"Enters Game",NA,NA,0,60,"Duke",26,FALSE,"PATRICK.NGONGBA","DAME.SARR","ISAIAH.EVANS","CAMERON.BOOZER","CALEB.FOSTER","MALACHI.SMITH","ALEX.KARABAN","SOLO.BALL","JAYDEN.ROSS","ERIC.REIBE","CLEAN",FALSE,2
"226","6564880","03/29/2026","Duke","UConn",1,"01:32","18:28",1108,44,25,"UConn","Jayden Ross, rebound defensive","JAYDEN.ROSS",NA,"Defensive Rebound",NA,NA,1,60,"Duke",27,FALSE,"PATRICK.NGONGBA","DAME.SARR","ISAIAH.EVANS","CAMERON.BOOZER","CALEB.FOSTER","MALACHI.SMITH","ALEX.KARABAN","SOLO.BALL","JAYDEN.ROSS","ERIC.REIBE","CLEAN",FALSE,2
"227","6564880","03/29/2026","Duke","UConn",1,"01:06","18:54",1134,44,27,"UConn","Malachi Smith, 2pt floatingjumpshot   made","MALACHI.SMITH",NA,"Two Point Jumper","made",2,26,61,"UConn",26,FALSE,"PATRICK.NGONGBA","DAME.SARR","ISAIAH.EVANS","NIKOLAS.KHAMENIA","CALEB.FOSTER","MALACHI.SMITH","ALEX.KARABAN","TARRIS.REED","JAYDEN.ROSS","BRAYLON.MULLINS","CLEAN",FALSE,2
"228","6564880","03/29/2026","Duke","UConn",1,"00:53","19:07",1147,44,27,"Duke","Team, timeout short","TEAM",NA,"Timeout",NA,NA,13,62,"Duke",13,FALSE,"PATRICK.NGONGBA","DAME.SARR","ISAIAH.EVANS","NIKOLAS.KHAMENIA","CALEB.FOSTER","MALACHI.SMITH","ALEX.KARABAN","TARRIS.REED","JAYDEN.ROSS","BRAYLON.MULLINS","CLEAN",FALSE,2
"229","6564880","03/29/2026","Duke","UConn",1,"00:53","19:07",1147,44,27,"Duke","Caleb Foster, foul offensive","CALEB.FOSTER",NA,"Commits Foul",NA,NA,0,62,"Duke",13,FALSE,"PATRICK.NGONGBA","DAME.SARR","ISAIAH.EVANS","NIKOLAS.KHAMENIA","CALEB.FOSTER","MALACHI.SMITH","ALEX.KARABAN","TARRIS.REED","JAYDEN.ROSS","BRAYLON.MULLINS","CLEAN",FALSE,2
"230","6564880","03/29/2026","Duke","UConn",1,"00:53","19:07",1147,44,27,"UConn","Malachi Smith, foulon","MALACHI.SMITH",NA,"Draw Foul",NA,NA,0,62,"Duke",13,FALSE,"PATRICK.NGONGBA","DAME.SARR","ISAIAH.EVANS","NIKOLAS.KHAMENIA","CALEB.FOSTER","MALACHI.SMITH","ALEX.KARABAN","TARRIS.REED","JAYDEN.ROSS","BRAYLON.MULLINS","CLEAN",FALSE,2
"231","6564880","03/29/2026","Duke","UConn",1,"00:53","19:07",1147,44,27,"Duke","Caleb Foster, turnover offensive","CALEB.FOSTER",NA,"Turnover",NA,NA,0,62,"Duke",13,FALSE,"PATRICK.NGONGBA","DAME.SARR","ISAIAH.EVANS","NIKOLAS.KHAMENIA","CALEB.FOSTER","MALACHI.SMITH","ALEX.KARABAN","TARRIS.REED","JAYDEN.ROSS","BRAYLON.MULLINS","CLEAN",FALSE,2
"232","6564880","03/29/2026","Duke","UConn",1,"00:53","19:07",1147,44,27,"Duke","Nikolas Khamenia, substitution out","NIKOLAS.KHAMENIA",NA,"Leaves Game",NA,NA,0,62,"Duke",13,FALSE,"PATRICK.NGONGBA","DAME.SARR","ISAIAH.EVANS","NIKOLAS.KHAMENIA","CALEB.FOSTER","MALACHI.SMITH","ALEX.KARABAN","TARRIS.REED","JAYDEN.ROSS","BRAYLON.MULLINS","CLEAN",FALSE,2
"233","6564880","03/29/2026","Duke","UConn",1,"00:53","19:07",1147,44,27,"Duke","Cameron Boozer, substitution in","CAMERON.BOOZER",NA,"Enters Game",NA,NA,0,62,"Duke",13,FALSE,"PATRICK.NGONGBA","DAME.SARR","ISAIAH.EVANS","NIKOLAS.KHAMENIA","CALEB.FOSTER","MALACHI.SMITH","ALEX.KARABAN","TARRIS.REED","JAYDEN.ROSS","BRAYLON.MULLINS","CLEAN",FALSE,2
"234","6564880","03/29/2026","Duke","UConn",1,"00:53","19:07",1147,44,27,"UConn","Tarris Reed Jr., substitution out","TARRIS.REED",NA,"Leaves Game",NA,NA,0,62,"Duke",13,FALSE,"PATRICK.NGONGBA","DAME.SARR","ISAIAH.EVANS","NIKOLAS.KHAMENIA","CALEB.FOSTER","MALACHI.SMITH","ALEX.KARABAN","TARRIS.REED","JAYDEN.ROSS","BRAYLON.MULLINS","CLEAN",FALSE,2
"235","6564880","03/29/2026","Duke","UConn",1,"00:53","19:07",1147,44,27,"UConn","Eric Reibe, substitution in","ERIC.REIBE",NA,"Enters Game",NA,NA,0,62,"Duke",13,FALSE,"PATRICK.NGONGBA","DAME.SARR","ISAIAH.EVANS","NIKOLAS.KHAMENIA","CALEB.FOSTER","MALACHI.SMITH","ALEX.KARABAN","TARRIS.REED","JAYDEN.ROSS","BRAYLON.MULLINS","CLEAN",FALSE,2
"236","6564880","03/29/2026","Duke","UConn",1,"00:26","19:34",1174,44,29,"UConn","Eric Reibe, 2pt hookshot fromturnover;pointsinthepaint;  made - Malachi Smith, assist","ERIC.REIBE","MALACHI.SMITH","Hook","made",2,27,63,"UConn",27,FALSE,"PATRICK.NGONGBA","DAME.SARR","ISAIAH.EVANS","CAMERON.BOOZER","CALEB.FOSTER","MALACHI.SMITH","ALEX.KARABAN","ERIC.REIBE","JAYDEN.ROSS","BRAYLON.MULLINS","CLEAN",FALSE,2
"237","6564880","03/29/2026","Duke","UConn",1,"00:01","19:59",1199,44,29,"Duke","Patrick Ngongba, 3pt jumpshot   missed","PATRICK.NGONGBA",NA,"Three Point Jumper","missed",3,25,64,"Duke",25,FALSE,"PATRICK.NGONGBA","DAME.SARR","ISAIAH.EVANS","CAMERON.BOOZER","CALEB.FOSTER","MALACHI.SMITH","ALEX.KARABAN","ERIC.REIBE","JAYDEN.ROSS","BRAYLON.MULLINS","CLEAN",FALSE,2
"238","6564880","03/29/2026","Duke","UConn",1,"00:00","20:00",1200,44,29,"UConn","Team, rebound defensivedeadball","TEAM",NA,"Deadball Rebound",NA,NA,1,64,"Duke",26,FALSE,"PATRICK.NGONGBA","DAME.SARR","ISAIAH.EVANS","CAMERON.BOOZER","CALEB.FOSTER","MALACHI.SMITH","ALEX.KARABAN","ERIC.REIBE","JAYDEN.ROSS","BRAYLON.MULLINS","CLEAN",FALSE,2
"239","6564880","03/29/2026","Duke","UConn",2,"20:00","20:00",1200,44,29,"Duke","Cayden Boozer, substitution in","CAYDEN.BOOZER",NA,"Enters Game",NA,NA,0,65,"UConn",0,FALSE,"MALIQ.BROWN","ISAIAH.EVANS","CAYDEN.BOOZER","DAME.SARR","CAMERON.BOOZER","SILAS.DEMARY","BRAYLON.MULLINS","SOLO.BALL","TARRIS.REED","ALEX.KARABAN","CLEAN",FALSE,2
"240","6564880","03/29/2026","Duke","UConn",2,"20:00","20:00",1200,44,29,"Duke","Maliq Brown, substitution in","MALIQ.BROWN",NA,"Enters Game",NA,NA,0,65,"UConn",0,FALSE,"MALIQ.BROWN","ISAIAH.EVANS","CAYDEN.BOOZER","DAME.SARR","CAMERON.BOOZER","SILAS.DEMARY","BRAYLON.MULLINS","SOLO.BALL","TARRIS.REED","ALEX.KARABAN","CLEAN",FALSE,2
"241","6564880","03/29/2026","Duke","UConn",2,"20:00","20:00",1200,44,29,"UConn","Malachi Smith, substitution out","MALACHI.SMITH",NA,"Leaves Game",NA,NA,0,65,"UConn",0,FALSE,"MALIQ.BROWN","ISAIAH.EVANS","CAYDEN.BOOZER","DAME.SARR","CAMERON.BOOZER","SILAS.DEMARY","BRAYLON.MULLINS","SOLO.BALL","TARRIS.REED","ALEX.KARABAN","CLEAN",FALSE,2
"242","6564880","03/29/2026","Duke","UConn",2,"20:00","20:00",1200,44,29,"UConn","Eric Reibe, substitution out","ERIC.REIBE",NA,"Leaves Game",NA,NA,0,65,"UConn",0,FALSE,"MALIQ.BROWN","ISAIAH.EVANS","CAYDEN.BOOZER","DAME.SARR","CAMERON.BOOZER","SILAS.DEMARY","BRAYLON.MULLINS","SOLO.BALL","TARRIS.REED","ALEX.KARABAN","CLEAN",FALSE,2
"243","6564880","03/29/2026","Duke","UConn",2,"20:00","20:00",1200,44,29,"UConn","Jayden Ross, substitution out","JAYDEN.ROSS",NA,"Leaves Game",NA,NA,0,65,"UConn",0,FALSE,"MALIQ.BROWN","ISAIAH.EVANS","CAYDEN.BOOZER","DAME.SARR","CAMERON.BOOZER","SILAS.DEMARY","BRAYLON.MULLINS","SOLO.BALL","TARRIS.REED","ALEX.KARABAN","CLEAN",FALSE,2
"244","6564880","03/29/2026","Duke","UConn",2,"20:00","20:00",1200,44,29,"Duke","Patrick Ngongba, substitution out","PATRICK.NGONGBA",NA,"Leaves Game",NA,NA,0,65,"UConn",0,FALSE,"MALIQ.BROWN","ISAIAH.EVANS","CAYDEN.BOOZER","DAME.SARR","CAMERON.BOOZER","SILAS.DEMARY","BRAYLON.MULLINS","SOLO.BALL","TARRIS.REED","ALEX.KARABAN","CLEAN",FALSE,2
"245","6564880","03/29/2026","Duke","UConn",2,"20:00","20:00",1200,44,29,"UConn","Silas Demary Jr., substitution in","SILAS.DEMARY",NA,"Enters Game",NA,NA,0,65,"UConn",0,FALSE,"MALIQ.BROWN","ISAIAH.EVANS","CAYDEN.BOOZER","DAME.SARR","CAMERON.BOOZER","SILAS.DEMARY","BRAYLON.MULLINS","SOLO.BALL","TARRIS.REED","ALEX.KARABAN","CLEAN",FALSE,2
"246","6564880","03/29/2026","Duke","UConn",2,"20:00","20:00",1200,44,29,"UConn","Tarris Reed Jr., substitution in","TARRIS.REED",NA,"Enters Game",NA,NA,0,65,"UConn",0,FALSE,"MALIQ.BROWN","ISAIAH.EVANS","CAYDEN.BOOZER","DAME.SARR","CAMERON.BOOZER","SILAS.DEMARY","BRAYLON.MULLINS","SOLO.BALL","TARRIS.REED","ALEX.KARABAN","CLEAN",FALSE,2
"247","6564880","03/29/2026","Duke","UConn",2,"20:00","20:00",1200,44,29,"Duke","Caleb Foster, substitution out","CALEB.FOSTER",NA,"Leaves Game",NA,NA,0,65,"UConn",0,FALSE,"MALIQ.BROWN","ISAIAH.EVANS","CAYDEN.BOOZER","DAME.SARR","CAMERON.BOOZER","SILAS.DEMARY","BRAYLON.MULLINS","SOLO.BALL","TARRIS.REED","ALEX.KARABAN","CLEAN",FALSE,2
"248","6564880","03/29/2026","Duke","UConn",2,"20:00","20:00",1200,44,29,"UConn","Solo Ball, substitution in","SOLO.BALL",NA,"Enters Game",NA,NA,0,65,"UConn",0,FALSE,"MALIQ.BROWN","ISAIAH.EVANS","CAYDEN.BOOZER","DAME.SARR","CAMERON.BOOZER","SILAS.DEMARY","BRAYLON.MULLINS","SOLO.BALL","TARRIS.REED","ALEX.KARABAN","CLEAN",FALSE,2
"249","6564880","03/29/2026","Duke","UConn",2,"19:38","20:22",1222,44,29,"UConn","Silas Demary Jr., 3pt jumpshot   missed","SILAS.DEMARY",NA,"Three Point Jumper","missed",3,22,65,"UConn",22,FALSE,"MALIQ.BROWN","ISAIAH.EVANS","CAYDEN.BOOZER","DAME.SARR","CAMERON.BOOZER","SILAS.DEMARY","BRAYLON.MULLINS","SOLO.BALL","TARRIS.REED","ALEX.KARABAN","CLEAN",FALSE,2
"250","6564880","03/29/2026","Duke","UConn",2,"19:35","20:25",1225,44,29,"Duke","Dame Sarr, rebound defensive","DAME.SARR",NA,"Defensive Rebound",NA,NA,3,65,"UConn",25,FALSE,"MALIQ.BROWN","ISAIAH.EVANS","CAYDEN.BOOZER","DAME.SARR","CAMERON.BOOZER","SILAS.DEMARY","BRAYLON.MULLINS","SOLO.BALL","TARRIS.REED","ALEX.KARABAN","CLEAN",FALSE,2
"251","6564880","03/29/2026","Duke","UConn",2,"19:18","20:42",1242,44,29,"Duke","Cameron Boozer, 2pt drivinglayup pointsinthepaint;blocked;  missed","CAMERON.BOOZER",NA,"Layup","missed",2,17,66,"Duke",17,FALSE,"MALIQ.BROWN","ISAIAH.EVANS","CAYDEN.BOOZER","DAME.SARR","CAMERON.BOOZER","SILAS.DEMARY","BRAYLON.MULLINS","SOLO.BALL","TARRIS.REED","ALEX.KARABAN","CLEAN",FALSE,2
"252","6564880","03/29/2026","Duke","UConn",2,"19:18","20:42",1242,44,29,"UConn","Tarris Reed Jr., block","TARRIS.REED",NA,"Blocked Shot",NA,NA,0,66,"Duke",17,FALSE,"MALIQ.BROWN","ISAIAH.EVANS","CAYDEN.BOOZER","DAME.SARR","CAMERON.BOOZER","SILAS.DEMARY","BRAYLON.MULLINS","SOLO.BALL","TARRIS.REED","ALEX.KARABAN","CLEAN",FALSE,2
"253","6564880","03/29/2026","Duke","UConn",2,"19:14","20:46",1246,44,29,"Duke","Cameron Boozer, rebound offensive","CAMERON.BOOZER",NA,"Offensive Rebound",NA,NA,4,66,"Duke",21,FALSE,"MALIQ.BROWN","ISAIAH.EVANS","CAYDEN.BOOZER","DAME.SARR","CAMERON.BOOZER","SILAS.DEMARY","BRAYLON.MULLINS","SOLO.BALL","TARRIS.REED","ALEX.KARABAN","CLEAN",FALSE,2
"254","6564880","03/29/2026","Duke","UConn",2,"19:14","20:46",1246,44,29,"Duke","Team, jumpball heldball","TEAM",NA,"Jumpball (held ball)",NA,NA,0,66,"Duke",21,FALSE,"MALIQ.BROWN","ISAIAH.EVANS","CAYDEN.BOOZER","DAME.SARR","CAMERON.BOOZER","SILAS.DEMARY","BRAYLON.MULLINS","SOLO.BALL","TARRIS.REED","ALEX.KARABAN","CLEAN",FALSE,2
"255","6564880","03/29/2026","Duke","UConn",2,"19:12","20:48",1248,46,29,"Duke","Cameron Boozer, 2pt layup 2ndchance;pointsinthepaint;  made - Cayden Boozer, assist","CAMERON.BOOZER","CAYDEN.BOOZER","Layup","made",2,2,66,"Duke",23,FALSE,"MALIQ.BROWN","ISAIAH.EVANS","CAYDEN.BOOZER","DAME.SARR","CAMERON.BOOZER","SILAS.DEMARY","BRAYLON.MULLINS","SOLO.BALL","TARRIS.REED","ALEX.KARABAN","CLEAN",FALSE,2
"256","6564880","03/29/2026","Duke","UConn",2,"18:58","21:02",1262,46,29,"Duke","Maliq Brown, foul personal","MALIQ.BROWN",NA,"Commits Foul",NA,NA,14,67,"UConn",14,FALSE,"MALIQ.BROWN","ISAIAH.EVANS","CAYDEN.BOOZER","DAME.SARR","CAMERON.BOOZER","SILAS.DEMARY","BRAYLON.MULLINS","SOLO.BALL","TARRIS.REED","ALEX.KARABAN","CLEAN",FALSE,2
"257","6564880","03/29/2026","Duke","UConn",2,"18:58","21:02",1262,46,29,"UConn","Tarris Reed Jr., foulon","TARRIS.REED",NA,"Draw Foul",NA,NA,0,67,"UConn",14,FALSE,"MALIQ.BROWN","ISAIAH.EVANS","CAYDEN.BOOZER","DAME.SARR","CAMERON.BOOZER","SILAS.DEMARY","BRAYLON.MULLINS","SOLO.BALL","TARRIS.REED","ALEX.KARABAN","CLEAN",FALSE,2
"258","6564880","03/29/2026","Duke","UConn",2,"18:56","21:04",1264,46,29,"UConn","Solo Ball, 3pt jumpshot   missed","SOLO.BALL",NA,"Three Point Jumper","missed",3,2,67,"UConn",16,FALSE,"MALIQ.BROWN","ISAIAH.EVANS","CAYDEN.BOOZER","DAME.SARR","CAMERON.BOOZER","SILAS.DEMARY","BRAYLON.MULLINS","SOLO.BALL","TARRIS.REED","ALEX.KARABAN","CLEAN",FALSE,2
"259","6564880","03/29/2026","Duke","UConn",2,"18:53","21:07",1267,46,29,"UConn","Tarris Reed Jr., rebound offensive","TARRIS.REED",NA,"Offensive Rebound",NA,NA,3,67,"UConn",19,FALSE,"MALIQ.BROWN","ISAIAH.EVANS","CAYDEN.BOOZER","DAME.SARR","CAMERON.BOOZER","SILAS.DEMARY","BRAYLON.MULLINS","SOLO.BALL","TARRIS.REED","ALEX.KARABAN","CLEAN",FALSE,2
"260","6564880","03/29/2026","Duke","UConn",2,"18:51","21:09",1269,46,31,"UConn","Tarris Reed Jr., 2pt layup 2ndchance;pointsinthepaint;  made","TARRIS.REED",NA,"Layup","made",2,2,67,"UConn",21,FALSE,"MALIQ.BROWN","ISAIAH.EVANS","CAYDEN.BOOZER","DAME.SARR","CAMERON.BOOZER","SILAS.DEMARY","BRAYLON.MULLINS","SOLO.BALL","TARRIS.REED","ALEX.KARABAN","CLEAN",FALSE,2
"261","6564880","03/29/2026","Duke","UConn",2,"18:30","21:30",1290,46,31,"Duke","Cameron Boozer, foul offensive","CAMERON.BOOZER",NA,"Commits Foul",NA,NA,21,68,"Duke",21,FALSE,"MALIQ.BROWN","ISAIAH.EVANS","CAYDEN.BOOZER","DAME.SARR","CAMERON.BOOZER","SILAS.DEMARY","BRAYLON.MULLINS","SOLO.BALL","TARRIS.REED","ALEX.KARABAN","CLEAN",FALSE,2
"262","6564880","03/29/2026","Duke","UConn",2,"18:30","21:30",1290,46,31,"UConn","Silas Demary Jr., foulon","SILAS.DEMARY",NA,"Draw Foul",NA,NA,0,68,"Duke",21,FALSE,"MALIQ.BROWN","ISAIAH.EVANS","CAYDEN.BOOZER","DAME.SARR","CAMERON.BOOZER","SILAS.DEMARY","BRAYLON.MULLINS","SOLO.BALL","TARRIS.REED","ALEX.KARABAN","CLEAN",FALSE,2
"263","6564880","03/29/2026","Duke","UConn",2,"18:30","21:30",1290,46,31,"Duke","Cameron Boozer, turnover offensive","CAMERON.BOOZER",NA,"Turnover",NA,NA,0,68,"Duke",21,FALSE,"MALIQ.BROWN","ISAIAH.EVANS","CAYDEN.BOOZER","DAME.SARR","CAMERON.BOOZER","SILAS.DEMARY","BRAYLON.MULLINS","SOLO.BALL","TARRIS.REED","ALEX.KARABAN","CLEAN",FALSE,2
"264","6564880","03/29/2026","Duke","UConn",2,"18:14","21:46",1306,46,31,"Duke","Maliq Brown, foul personal","MALIQ.BROWN",NA,"Commits Foul",NA,NA,16,69,"UConn",16,FALSE,"MALIQ.BROWN","ISAIAH.EVANS","CAYDEN.BOOZER","DAME.SARR","CAMERON.BOOZER","SILAS.DEMARY","BRAYLON.MULLINS","SOLO.BALL","TARRIS.REED","ALEX.KARABAN","CLEAN",FALSE,2
"265","6564880","03/29/2026","Duke","UConn",2,"18:14","21:46",1306,46,31,"UConn","Tarris Reed Jr., foulon","TARRIS.REED",NA,"Draw Foul",NA,NA,0,69,"UConn",16,FALSE,"MALIQ.BROWN","ISAIAH.EVANS","CAYDEN.BOOZER","DAME.SARR","CAMERON.BOOZER","SILAS.DEMARY","BRAYLON.MULLINS","SOLO.BALL","TARRIS.REED","ALEX.KARABAN","CLEAN",FALSE,2
"266","6564880","03/29/2026","Duke","UConn",2,"18:06","21:54",1314,46,31,"UConn","Braylon Mullins, 2pt drivinglayup fromturnover;pointsinthepaint;  missed","BRAYLON.MULLINS",NA,"Layup","missed",2,8,69,"UConn",24,FALSE,"MALIQ.BROWN","ISAIAH.EVANS","CAYDEN.BOOZER","DAME.SARR","CAMERON.BOOZER","SILAS.DEMARY","BRAYLON.MULLINS","SOLO.BALL","TARRIS.REED","ALEX.KARABAN","CLEAN",FALSE,2
"267","6564880","03/29/2026","Duke","UConn",2,"18:03","21:57",1317,46,31,"Duke","Cayden Boozer, rebound defensive","CAYDEN.BOOZER",NA,"Defensive Rebound",NA,NA,3,69,"UConn",27,FALSE,"MALIQ.BROWN","ISAIAH.EVANS","CAYDEN.BOOZER","DAME.SARR","CAMERON.BOOZER","SILAS.DEMARY","BRAYLON.MULLINS","SOLO.BALL","TARRIS.REED","ALEX.KARABAN","CLEAN",FALSE,2
"268","6564880","03/29/2026","Duke","UConn",2,"17:56","22:04",1324,46,31,"UConn","Solo Ball, foul personal shooting;2freethrow;","SOLO.BALL",NA,"Commits Foul",NA,NA,7,70,"Duke",7,TRUE,"MALIQ.BROWN","ISAIAH.EVANS","CAYDEN.BOOZER","DAME.SARR","CAMERON.BOOZER","SILAS.DEMARY","BRAYLON.MULLINS","SOLO.BALL","TARRIS.REED","ALEX.KARABAN","CLEAN",FALSE,2
"269","6564880","03/29/2026","Duke","UConn",2,"17:56","22:04",1324,46,31,"Duke","Cayden Boozer, foulon","CAYDEN.BOOZER",NA,"Draw Foul",NA,NA,0,70,"Duke",7,FALSE,"MALIQ.BROWN","ISAIAH.EVANS","CAYDEN.BOOZER","DAME.SARR","CAMERON.BOOZER","SILAS.DEMARY","BRAYLON.MULLINS","SOLO.BALL","TARRIS.REED","ALEX.KARABAN","CLEAN",FALSE,2
"270","6564880","03/29/2026","Duke","UConn",2,"17:56","22:04",1324,47,31,"Duke","Cayden Boozer, freethrow 1of2   made","CAYDEN.BOOZER",NA,"Free Throw","made",1,0,70,"Duke",7,FALSE,"MALIQ.BROWN","ISAIAH.EVANS","CAYDEN.BOOZER","DAME.SARR","CAMERON.BOOZER","SILAS.DEMARY","BRAYLON.MULLINS","SOLO.BALL","TARRIS.REED","ALEX.KARABAN","CLEAN",FALSE,2
"271","6564880","03/29/2026","Duke","UConn",2,"17:56","22:04",1324,47,31,"Duke","Maliq Brown, substitution out","MALIQ.BROWN",NA,"Leaves Game",NA,NA,0,70,"Duke",7,FALSE,"MALIQ.BROWN","ISAIAH.EVANS","CAYDEN.BOOZER","DAME.SARR","CAMERON.BOOZER","SILAS.DEMARY","BRAYLON.MULLINS","SOLO.BALL","TARRIS.REED","ALEX.KARABAN","CLEAN",FALSE,2
"272","6564880","03/29/2026","Duke","UConn",2,"17:56","22:04",1324,47,31,"Duke","Patrick Ngongba, substitution in","PATRICK.NGONGBA",NA,"Enters Game",NA,NA,0,70,"Duke",7,FALSE,"MALIQ.BROWN","ISAIAH.EVANS","CAYDEN.BOOZER","DAME.SARR","CAMERON.BOOZER","SILAS.DEMARY","BRAYLON.MULLINS","SOLO.BALL","TARRIS.REED","ALEX.KARABAN","CLEAN",FALSE,2
"273","6564880","03/29/2026","Duke","UConn",2,"17:56","22:04",1324,48,31,"Duke","Cayden Boozer, freethrow 2of2   made","CAYDEN.BOOZER",NA,"Free Throw","made",1,0,70,"Duke",7,FALSE,"MALIQ.BROWN","ISAIAH.EVANS","CAYDEN.BOOZER","DAME.SARR","CAMERON.BOOZER","SILAS.DEMARY","BRAYLON.MULLINS","SOLO.BALL","TARRIS.REED","ALEX.KARABAN","CLEAN",FALSE,2
"274","6564880","03/29/2026","Duke","UConn",2,"17:38","22:22",1342,48,33,"UConn","Braylon Mullins, 2pt pullupjumpshot   made","BRAYLON.MULLINS",NA,"Two Point Jumper","made",2,18,71,"UConn",18,FALSE,"PATRICK.NGONGBA","ISAIAH.EVANS","CAYDEN.BOOZER","DAME.SARR","CAMERON.BOOZER","SILAS.DEMARY","BRAYLON.MULLINS","SOLO.BALL","TARRIS.REED","ALEX.KARABAN","CLEAN",FALSE,2
"275","6564880","03/29/2026","Duke","UConn",2,"17:21","22:39",1359,50,33,"Duke","Patrick Ngongba, 2pt alleyoop pointsinthepaint;  made - Cayden Boozer, assist","PATRICK.NGONGBA","CAYDEN.BOOZER","Dunk","made",2,17,72,"Duke",17,FALSE,"PATRICK.NGONGBA","ISAIAH.EVANS","CAYDEN.BOOZER","DAME.SARR","CAMERON.BOOZER","SILAS.DEMARY","BRAYLON.MULLINS","SOLO.BALL","TARRIS.REED","ALEX.KARABAN","CLEAN",FALSE,2
"276","6564880","03/29/2026","Duke","UConn",2,"17:02","22:58",1378,50,33,"Duke","Isaiah Evans, foul personal","ISAIAH.EVANS",NA,"Commits Foul",NA,NA,19,73,"UConn",19,FALSE,"PATRICK.NGONGBA","ISAIAH.EVANS","CAYDEN.BOOZER","DAME.SARR","CAMERON.BOOZER","SILAS.DEMARY","BRAYLON.MULLINS","SOLO.BALL","TARRIS.REED","ALEX.KARABAN","CLEAN",FALSE,2
"277","6564880","03/29/2026","Duke","UConn",2,"17:02","22:58",1378,50,33,"UConn","Braylon Mullins, foulon","BRAYLON.MULLINS",NA,"Draw Foul",NA,NA,0,73,"UConn",19,FALSE,"PATRICK.NGONGBA","ISAIAH.EVANS","CAYDEN.BOOZER","DAME.SARR","CAMERON.BOOZER","SILAS.DEMARY","BRAYLON.MULLINS","SOLO.BALL","TARRIS.REED","ALEX.KARABAN","CLEAN",FALSE,2
"278","6564880","03/29/2026","Duke","UConn",2,"16:58","23:02",1382,50,35,"UConn","Braylon Mullins, 2pt jumpshot   made - Silas Demary Jr., assist","BRAYLON.MULLINS","SILAS.DEMARY","Two Point Jumper","made",2,4,73,"UConn",23,FALSE,"PATRICK.NGONGBA","ISAIAH.EVANS","CAYDEN.BOOZER","DAME.SARR","CAMERON.BOOZER","SILAS.DEMARY","BRAYLON.MULLINS","SOLO.BALL","TARRIS.REED","ALEX.KARABAN","CLEAN",FALSE,2
"279","6564880","03/29/2026","Duke","UConn",2,"16:58","23:02",1382,50,35,"Duke","Isaiah Evans, foul personal shooting;1freethrow;","ISAIAH.EVANS",NA,"Commits Foul",NA,NA,0,73,"UConn",23,FALSE,"PATRICK.NGONGBA","ISAIAH.EVANS","CAYDEN.BOOZER","DAME.SARR","CAMERON.BOOZER","SILAS.DEMARY","BRAYLON.MULLINS","SOLO.BALL","TARRIS.REED","ALEX.KARABAN","CLEAN",FALSE,2
"280","6564880","03/29/2026","Duke","UConn",2,"16:58","23:02",1382,50,35,"UConn","Braylon Mullins, foulon","BRAYLON.MULLINS",NA,"Draw Foul",NA,NA,0,73,"UConn",23,FALSE,"PATRICK.NGONGBA","ISAIAH.EVANS","CAYDEN.BOOZER","DAME.SARR","CAMERON.BOOZER","SILAS.DEMARY","BRAYLON.MULLINS","SOLO.BALL","TARRIS.REED","ALEX.KARABAN","CLEAN",FALSE,2
"281","6564880","03/29/2026","Duke","UConn",2,"16:58","23:02",1382,50,36,"UConn","Braylon Mullins, freethrow 1of1   made","BRAYLON.MULLINS",NA,"Free Throw","made",1,0,73,"UConn",23,FALSE,"PATRICK.NGONGBA","ISAIAH.EVANS","CAYDEN.BOOZER","DAME.SARR","CAMERON.BOOZER","SILAS.DEMARY","BRAYLON.MULLINS","SOLO.BALL","TARRIS.REED","ALEX.KARABAN","CLEAN",FALSE,2
"282","6564880","03/29/2026","Duke","UConn",2,"16:36","23:24",1404,50,36,"Duke","Cameron Boozer, 3pt jumpshot   missed","CAMERON.BOOZER",NA,"Three Point Jumper","missed",3,22,74,"Duke",22,FALSE,"PATRICK.NGONGBA","ISAIAH.EVANS","CAYDEN.BOOZER","DAME.SARR","CAMERON.BOOZER","SILAS.DEMARY","BRAYLON.MULLINS","SOLO.BALL","TARRIS.REED","ALEX.KARABAN","CLEAN",FALSE,2
"283","6564880","03/29/2026","Duke","UConn",2,"16:33","23:27",1407,50,36,"UConn","Silas Demary Jr., rebound defensive","SILAS.DEMARY",NA,"Defensive Rebound",NA,NA,3,74,"Duke",25,FALSE,"PATRICK.NGONGBA","ISAIAH.EVANS","CAYDEN.BOOZER","DAME.SARR","CAMERON.BOOZER","SILAS.DEMARY","BRAYLON.MULLINS","SOLO.BALL","TARRIS.REED","ALEX.KARABAN","CLEAN",FALSE,2
"284","6564880","03/29/2026","Duke","UConn",2,"16:29","23:31",1411,50,38,"UConn","Silas Demary Jr., 2pt drivinglayup pointsinthepaint;fastbreak;  made - Solo Ball, assist","SILAS.DEMARY","SOLO.BALL","Layup","made",2,4,75,"UConn",4,TRUE,"PATRICK.NGONGBA","ISAIAH.EVANS","CAYDEN.BOOZER","DAME.SARR","CAMERON.BOOZER","SILAS.DEMARY","BRAYLON.MULLINS","SOLO.BALL","TARRIS.REED","ALEX.KARABAN","CLEAN",FALSE,2
"285","6564880","03/29/2026","Duke","UConn",2,"16:15","23:45",1425,50,38,"Duke","Cayden Boozer, 2pt drivinglayup pointsinthepaint;blocked;  missed","CAYDEN.BOOZER",NA,"Layup","missed",2,14,76,"Duke",14,FALSE,"PATRICK.NGONGBA","ISAIAH.EVANS","CAYDEN.BOOZER","DAME.SARR","CAMERON.BOOZER","SILAS.DEMARY","BRAYLON.MULLINS","SOLO.BALL","TARRIS.REED","ALEX.KARABAN","CLEAN",FALSE,2
"286","6564880","03/29/2026","Duke","UConn",2,"16:15","23:45",1425,50,38,"UConn","Tarris Reed Jr., block","TARRIS.REED",NA,"Blocked Shot",NA,NA,0,76,"Duke",14,FALSE,"PATRICK.NGONGBA","ISAIAH.EVANS","CAYDEN.BOOZER","DAME.SARR","CAMERON.BOOZER","SILAS.DEMARY","BRAYLON.MULLINS","SOLO.BALL","TARRIS.REED","ALEX.KARABAN","CLEAN",FALSE,2
"287","6564880","03/29/2026","Duke","UConn",2,"16:13","23:47",1427,50,38,"UConn","Alex Karaban, rebound defensive","ALEX.KARABAN",NA,"Defensive Rebound",NA,NA,2,76,"Duke",16,FALSE,"PATRICK.NGONGBA","ISAIAH.EVANS","CAYDEN.BOOZER","DAME.SARR","CAMERON.BOOZER","SILAS.DEMARY","BRAYLON.MULLINS","SOLO.BALL","TARRIS.REED","ALEX.KARABAN","CLEAN",FALSE,2
"288","6564880","03/29/2026","Duke","UConn",2,"16:10","23:50",1430,50,38,"UConn","Alex Karaban, 3pt jumpshot fastbreak;  missed","ALEX.KARABAN",NA,"Three Point Jumper","missed",3,3,77,"UConn",3,TRUE,"PATRICK.NGONGBA","ISAIAH.EVANS","CAYDEN.BOOZER","DAME.SARR","CAMERON.BOOZER","SILAS.DEMARY","BRAYLON.MULLINS","SOLO.BALL","TARRIS.REED","ALEX.KARABAN","CLEAN",FALSE,2
"289","6564880","03/29/2026","Duke","UConn",2,"16:07","23:53",1433,50,38,"Duke","Patrick Ngongba, rebound defensive","PATRICK.NGONGBA",NA,"Defensive Rebound",NA,NA,3,77,"UConn",6,TRUE,"PATRICK.NGONGBA","ISAIAH.EVANS","CAYDEN.BOOZER","DAME.SARR","CAMERON.BOOZER","SILAS.DEMARY","BRAYLON.MULLINS","SOLO.BALL","TARRIS.REED","ALEX.KARABAN","CLEAN",FALSE,2
"290","6564880","03/29/2026","Duke","UConn",2,"15:45","24:15",1455,50,38,"Duke","Cameron Boozer, 3pt pullupjumpshot   missed","CAMERON.BOOZER",NA,"Three Point Jumper","missed",3,22,78,"Duke",22,FALSE,"PATRICK.NGONGBA","ISAIAH.EVANS","CAYDEN.BOOZER","DAME.SARR","CAMERON.BOOZER","SILAS.DEMARY","BRAYLON.MULLINS","SOLO.BALL","TARRIS.REED","ALEX.KARABAN","CLEAN",FALSE,2
"291","6564880","03/29/2026","Duke","UConn",2,"15:42","24:18",1458,50,38,"UConn","Braylon Mullins, rebound defensive","BRAYLON.MULLINS",NA,"Defensive Rebound",NA,NA,3,78,"Duke",25,FALSE,"PATRICK.NGONGBA","ISAIAH.EVANS","CAYDEN.BOOZER","DAME.SARR","CAMERON.BOOZER","SILAS.DEMARY","BRAYLON.MULLINS","SOLO.BALL","TARRIS.REED","ALEX.KARABAN","CLEAN",FALSE,2
"292","6564880","03/29/2026","Duke","UConn",2,"15:22","24:38",1478,50,38,"UConn","Tarris Reed Jr., 2pt layup pointsinthepaint;blocked;  missed","TARRIS.REED",NA,"Layup","missed",2,20,79,"UConn",20,FALSE,"PATRICK.NGONGBA","ISAIAH.EVANS","CAYDEN.BOOZER","DAME.SARR","CAMERON.BOOZER","SILAS.DEMARY","BRAYLON.MULLINS","SOLO.BALL","TARRIS.REED","ALEX.KARABAN","CLEAN",FALSE,2
"293","6564880","03/29/2026","Duke","UConn",2,"15:22","24:38",1478,50,38,"Duke","Isaiah Evans, block","ISAIAH.EVANS",NA,"Blocked Shot",NA,NA,0,79,"UConn",20,FALSE,"PATRICK.NGONGBA","ISAIAH.EVANS","CAYDEN.BOOZER","DAME.SARR","CAMERON.BOOZER","SILAS.DEMARY","BRAYLON.MULLINS","SOLO.BALL","TARRIS.REED","ALEX.KARABAN","CLEAN",FALSE,2
"294","6564880","03/29/2026","Duke","UConn",2,"15:19","24:41",1481,50,38,"UConn","Alex Karaban, rebound offensive","ALEX.KARABAN",NA,"Offensive Rebound",NA,NA,3,79,"UConn",23,FALSE,"PATRICK.NGONGBA","ISAIAH.EVANS","CAYDEN.BOOZER","DAME.SARR","CAMERON.BOOZER","SILAS.DEMARY","BRAYLON.MULLINS","SOLO.BALL","TARRIS.REED","ALEX.KARABAN","CLEAN",FALSE,2
"295","6564880","03/29/2026","Duke","UConn",2,"15:18","24:42",1482,50,38,"UConn","Silas Demary Jr., 3pt jumpshot 2ndchance;  missed","SILAS.DEMARY",NA,"Three Point Jumper","missed",3,1,79,"UConn",24,FALSE,"PATRICK.NGONGBA","ISAIAH.EVANS","CAYDEN.BOOZER","DAME.SARR","CAMERON.BOOZER","SILAS.DEMARY","BRAYLON.MULLINS","SOLO.BALL","TARRIS.REED","ALEX.KARABAN","CLEAN",FALSE,2
"296","6564880","03/29/2026","Duke","UConn",2,"15:16","24:44",1484,50,38,"Duke","Cayden Boozer, rebound defensive","CAYDEN.BOOZER",NA,"Defensive Rebound",NA,NA,2,79,"UConn",26,FALSE,"PATRICK.NGONGBA","ISAIAH.EVANS","CAYDEN.BOOZER","DAME.SARR","CAMERON.BOOZER","SILAS.DEMARY","BRAYLON.MULLINS","SOLO.BALL","TARRIS.REED","ALEX.KARABAN","CLEAN",FALSE,2
"297","6564880","03/29/2026","Duke","UConn",2,"15:13","24:47",1487,52,38,"Duke","Dame Sarr, 2pt drivinglayup pointsinthepaint;fastbreak;  made - Cayden Boozer, assist","DAME.SARR","CAYDEN.BOOZER","Layup","made",2,3,80,"Duke",3,TRUE,"PATRICK.NGONGBA","ISAIAH.EVANS","CAYDEN.BOOZER","DAME.SARR","CAMERON.BOOZER","SILAS.DEMARY","BRAYLON.MULLINS","SOLO.BALL","TARRIS.REED","ALEX.KARABAN","CLEAN",FALSE,2
"298","6564880","03/29/2026","Duke","UConn",2,"14:51","25:09",1509,52,38,"UConn","Tarris Reed Jr., foulon","TARRIS.REED",NA,"Draw Foul",NA,NA,22,81,"UConn",22,FALSE,"PATRICK.NGONGBA","ISAIAH.EVANS","CAYDEN.BOOZER","DAME.SARR","CAMERON.BOOZER","SILAS.DEMARY","BRAYLON.MULLINS","SOLO.BALL","TARRIS.REED","ALEX.KARABAN","CLEAN",FALSE,2
"299","6564880","03/29/2026","Duke","UConn",2,"14:51","25:09",1509,52,38,"Duke","Patrick Ngongba, foul personal shooting;2freethrow;","PATRICK.NGONGBA",NA,"Commits Foul",NA,NA,0,81,"UConn",22,FALSE,"PATRICK.NGONGBA","ISAIAH.EVANS","CAYDEN.BOOZER","DAME.SARR","CAMERON.BOOZER","SILAS.DEMARY","BRAYLON.MULLINS","SOLO.BALL","TARRIS.REED","ALEX.KARABAN","CLEAN",FALSE,2
"300","6564880","03/29/2026","Duke","UConn",2,"14:51","25:09",1509,52,38,"UConn","Silas Demary Jr., substitution out","SILAS.DEMARY",NA,"Leaves Game",NA,NA,0,81,"UConn",22,FALSE,"PATRICK.NGONGBA","ISAIAH.EVANS","CAYDEN.BOOZER","DAME.SARR","CAMERON.BOOZER","SILAS.DEMARY","BRAYLON.MULLINS","SOLO.BALL","TARRIS.REED","ALEX.KARABAN","CLEAN",FALSE,2
"301","6564880","03/29/2026","Duke","UConn",2,"14:51","25:09",1509,52,38,"Duke","Nikolas Khamenia, substitution in","NIKOLAS.KHAMENIA",NA,"Enters Game",NA,NA,0,81,"UConn",22,FALSE,"PATRICK.NGONGBA","ISAIAH.EVANS","CAYDEN.BOOZER","DAME.SARR","CAMERON.BOOZER","SILAS.DEMARY","BRAYLON.MULLINS","SOLO.BALL","TARRIS.REED","ALEX.KARABAN","CLEAN",FALSE,2
"302","6564880","03/29/2026","Duke","UConn",2,"14:51","25:09",1509,52,38,"UConn","Malachi Smith, substitution in","MALACHI.SMITH",NA,"Enters Game",NA,NA,0,81,"UConn",22,FALSE,"PATRICK.NGONGBA","ISAIAH.EVANS","CAYDEN.BOOZER","DAME.SARR","CAMERON.BOOZER","SILAS.DEMARY","BRAYLON.MULLINS","SOLO.BALL","TARRIS.REED","ALEX.KARABAN","CLEAN",FALSE,2
"303","6564880","03/29/2026","Duke","UConn",2,"14:51","25:09",1509,52,38,"Duke","Isaiah Evans, substitution out","ISAIAH.EVANS",NA,"Leaves Game",NA,NA,0,81,"UConn",22,FALSE,"PATRICK.NGONGBA","ISAIAH.EVANS","CAYDEN.BOOZER","DAME.SARR","CAMERON.BOOZER","SILAS.DEMARY","BRAYLON.MULLINS","SOLO.BALL","TARRIS.REED","ALEX.KARABAN","CLEAN",FALSE,2
"304","6564880","03/29/2026","Duke","UConn",2,"14:51","25:09",1509,52,39,"UConn","Tarris Reed Jr., freethrow 1of2   made","TARRIS.REED",NA,"Free Throw","made",1,0,81,"UConn",22,FALSE,"PATRICK.NGONGBA","ISAIAH.EVANS","CAYDEN.BOOZER","DAME.SARR","CAMERON.BOOZER","SILAS.DEMARY","BRAYLON.MULLINS","SOLO.BALL","TARRIS.REED","ALEX.KARABAN","CLEAN",FALSE,2
"305","6564880","03/29/2026","Duke","UConn",2,"14:51","25:09",1509,52,39,"UConn","Tarris Reed Jr., freethrow 2of2   missed","TARRIS.REED",NA,"Free Throw","missed",1,0,81,"UConn",22,FALSE,"PATRICK.NGONGBA","ISAIAH.EVANS","CAYDEN.BOOZER","DAME.SARR","CAMERON.BOOZER","SILAS.DEMARY","BRAYLON.MULLINS","SOLO.BALL","TARRIS.REED","ALEX.KARABAN","CLEAN",FALSE,2
"306","6564880","03/29/2026","Duke","UConn",2,"14:50","25:10",1510,52,39,"Duke","Dame Sarr, rebound defensive","DAME.SARR",NA,"Defensive Rebound",NA,NA,1,81,"UConn",23,FALSE,"PATRICK.NGONGBA","ISAIAH.EVANS","CAYDEN.BOOZER","DAME.SARR","CAMERON.BOOZER","SILAS.DEMARY","BRAYLON.MULLINS","SOLO.BALL","TARRIS.REED","ALEX.KARABAN","CLEAN",FALSE,2
"307","6564880","03/29/2026","Duke","UConn",2,"14:38","25:22",1522,52,39,"UConn","Braylon Mullins, foul personal","BRAYLON.MULLINS",NA,"Commits Foul",NA,NA,12,82,"Duke",12,FALSE,"PATRICK.NGONGBA","NIKOLAS.KHAMENIA","CAYDEN.BOOZER","DAME.SARR","CAMERON.BOOZER","MALACHI.SMITH","BRAYLON.MULLINS","SOLO.BALL","TARRIS.REED","ALEX.KARABAN","CLEAN",FALSE,2
"308","6564880","03/29/2026","Duke","UConn",2,"14:38","25:22",1522,52,39,"Duke","Patrick Ngongba, foulon","PATRICK.NGONGBA",NA,"Draw Foul",NA,NA,0,82,"Duke",12,FALSE,"PATRICK.NGONGBA","NIKOLAS.KHAMENIA","CAYDEN.BOOZER","DAME.SARR","CAMERON.BOOZER","MALACHI.SMITH","BRAYLON.MULLINS","SOLO.BALL","TARRIS.REED","ALEX.KARABAN","CLEAN",FALSE,2
"309","6564880","03/29/2026","Duke","UConn",2,"14:38","25:22",1522,52,39,"UConn","Braylon Mullins, substitution out","BRAYLON.MULLINS",NA,"Leaves Game",NA,NA,0,82,"Duke",12,FALSE,"PATRICK.NGONGBA","NIKOLAS.KHAMENIA","CAYDEN.BOOZER","DAME.SARR","CAMERON.BOOZER","MALACHI.SMITH","BRAYLON.MULLINS","SOLO.BALL","TARRIS.REED","ALEX.KARABAN","CLEAN",FALSE,2
"310","6564880","03/29/2026","Duke","UConn",2,"14:38","25:22",1522,52,39,"UConn","Jayden Ross, substitution in","JAYDEN.ROSS",NA,"Enters Game",NA,NA,0,82,"Duke",12,FALSE,"PATRICK.NGONGBA","NIKOLAS.KHAMENIA","CAYDEN.BOOZER","DAME.SARR","CAMERON.BOOZER","MALACHI.SMITH","BRAYLON.MULLINS","SOLO.BALL","TARRIS.REED","ALEX.KARABAN","CLEAN",FALSE,2
"311","6564880","03/29/2026","Duke","UConn",2,"14:27","25:33",1533,52,39,"Duke","Patrick Ngongba, freethrow 1of2   missed","PATRICK.NGONGBA",NA,"Free Throw","missed",1,11,82,"Duke",23,FALSE,"PATRICK.NGONGBA","NIKOLAS.KHAMENIA","CAYDEN.BOOZER","DAME.SARR","CAMERON.BOOZER","MALACHI.SMITH","BRAYLON.MULLINS","SOLO.BALL","TARRIS.REED","ALEX.KARABAN","CLEAN",FALSE,2
"312","6564880","03/29/2026","Duke","UConn",2,"14:27","25:33",1533,52,39,"Duke","Patrick Ngongba, foulon","PATRICK.NGONGBA",NA,"Draw Foul",NA,NA,0,82,"Duke",23,FALSE,"PATRICK.NGONGBA","NIKOLAS.KHAMENIA","CAYDEN.BOOZER","DAME.SARR","CAMERON.BOOZER","MALACHI.SMITH","BRAYLON.MULLINS","SOLO.BALL","TARRIS.REED","ALEX.KARABAN","CLEAN",FALSE,2
"313","6564880","03/29/2026","Duke","UConn",2,"14:27","25:33",1533,52,39,"UConn","Malachi Smith, foul personal shooting;2freethrow;","MALACHI.SMITH",NA,"Commits Foul",NA,NA,0,82,"Duke",23,FALSE,"PATRICK.NGONGBA","NIKOLAS.KHAMENIA","CAYDEN.BOOZER","DAME.SARR","CAMERON.BOOZER","MALACHI.SMITH","BRAYLON.MULLINS","SOLO.BALL","TARRIS.REED","ALEX.KARABAN","CLEAN",FALSE,2
"314","6564880","03/29/2026","Duke","UConn",2,"14:27","25:33",1533,52,39,"Duke","Team, rebound offensivedeadball","TEAM",NA,"Deadball Rebound",NA,NA,0,82,"Duke",23,FALSE,"PATRICK.NGONGBA","NIKOLAS.KHAMENIA","CAYDEN.BOOZER","DAME.SARR","CAMERON.BOOZER","MALACHI.SMITH","BRAYLON.MULLINS","SOLO.BALL","TARRIS.REED","ALEX.KARABAN","CLEAN",FALSE,2
"315","6564880","03/29/2026","Duke","UConn",2,"14:27","25:33",1533,53,39,"Duke","Patrick Ngongba, freethrow 2of2   made","PATRICK.NGONGBA",NA,"Free Throw","made",1,0,82,"Duke",23,FALSE,"PATRICK.NGONGBA","NIKOLAS.KHAMENIA","CAYDEN.BOOZER","DAME.SARR","CAMERON.BOOZER","MALACHI.SMITH","BRAYLON.MULLINS","SOLO.BALL","TARRIS.REED","ALEX.KARABAN","CLEAN",FALSE,2
"316","6564880","03/29/2026","Duke","UConn",2,"14:03","25:57",1557,53,39,"Duke","Patrick Ngongba, foul personal shooting;2freethrow;","PATRICK.NGONGBA",NA,"Commits Foul",NA,NA,24,83,"UConn",24,FALSE,"PATRICK.NGONGBA","NIKOLAS.KHAMENIA","CAYDEN.BOOZER","DAME.SARR","CAMERON.BOOZER","MALACHI.SMITH","JAYDEN.ROSS","SOLO.BALL","TARRIS.REED","ALEX.KARABAN","CLEAN",FALSE,2
"317","6564880","03/29/2026","Duke","UConn",2,"14:03","25:57",1557,53,39,"UConn","Tarris Reed Jr., foulon","TARRIS.REED",NA,"Draw Foul",NA,NA,0,83,"UConn",24,FALSE,"PATRICK.NGONGBA","NIKOLAS.KHAMENIA","CAYDEN.BOOZER","DAME.SARR","CAMERON.BOOZER","MALACHI.SMITH","JAYDEN.ROSS","SOLO.BALL","TARRIS.REED","ALEX.KARABAN","CLEAN",FALSE,2
"318","6564880","03/29/2026","Duke","UConn",2,"14:03","25:57",1557,53,40,"UConn","Tarris Reed Jr., freethrow 1of2   made","TARRIS.REED",NA,"Free Throw","made",1,0,83,"UConn",24,FALSE,"PATRICK.NGONGBA","NIKOLAS.KHAMENIA","CAYDEN.BOOZER","DAME.SARR","CAMERON.BOOZER","MALACHI.SMITH","JAYDEN.ROSS","SOLO.BALL","TARRIS.REED","ALEX.KARABAN","CLEAN",FALSE,2
"319","6564880","03/29/2026","Duke","UConn",2,"14:03","25:57",1557,53,41,"UConn","Tarris Reed Jr., freethrow 2of2   made","TARRIS.REED",NA,"Free Throw","made",1,0,83,"UConn",24,FALSE,"PATRICK.NGONGBA","NIKOLAS.KHAMENIA","CAYDEN.BOOZER","DAME.SARR","CAMERON.BOOZER","MALACHI.SMITH","JAYDEN.ROSS","SOLO.BALL","TARRIS.REED","ALEX.KARABAN","CLEAN",FALSE,2
"320","6564880","03/29/2026","Duke","UConn",2,"13:49","26:11",1571,55,41,"Duke","Cameron Boozer, 2pt dunk pointsinthepaint;  made - Cayden Boozer, assist","CAMERON.BOOZER","CAYDEN.BOOZER","Dunk","made",2,14,84,"Duke",14,FALSE,"PATRICK.NGONGBA","NIKOLAS.KHAMENIA","CAYDEN.BOOZER","DAME.SARR","CAMERON.BOOZER","MALACHI.SMITH","JAYDEN.ROSS","SOLO.BALL","TARRIS.REED","ALEX.KARABAN","CLEAN",FALSE,2
"321","6564880","03/29/2026","Duke","UConn",2,"13:31","26:29",1589,55,43,"UConn","Tarris Reed Jr., 2pt layup pointsinthepaint;  made - Alex Karaban, assist","TARRIS.REED","ALEX.KARABAN","Layup","made",2,18,85,"UConn",18,FALSE,"PATRICK.NGONGBA","NIKOLAS.KHAMENIA","CAYDEN.BOOZER","DAME.SARR","CAMERON.BOOZER","MALACHI.SMITH","JAYDEN.ROSS","SOLO.BALL","TARRIS.REED","ALEX.KARABAN","CLEAN",FALSE,2
"322","6564880","03/29/2026","Duke","UConn",2,"13:12","26:48",1608,55,43,"Duke","Cayden Boozer, turnover badpass","CAYDEN.BOOZER",NA,"Turnover",NA,NA,19,86,"Duke",19,FALSE,"PATRICK.NGONGBA","NIKOLAS.KHAMENIA","CAYDEN.BOOZER","DAME.SARR","CAMERON.BOOZER","MALACHI.SMITH","JAYDEN.ROSS","SOLO.BALL","TARRIS.REED","ALEX.KARABAN","CLEAN",FALSE,2
"323","6564880","03/29/2026","Duke","UConn",2,"13:12","26:48",1608,55,43,"UConn","Tarris Reed Jr., steal","TARRIS.REED",NA,"Steal",NA,NA,0,86,"Duke",19,FALSE,"PATRICK.NGONGBA","NIKOLAS.KHAMENIA","CAYDEN.BOOZER","DAME.SARR","CAMERON.BOOZER","MALACHI.SMITH","JAYDEN.ROSS","SOLO.BALL","TARRIS.REED","ALEX.KARABAN","CLEAN",FALSE,2
"324","6564880","03/29/2026","Duke","UConn",2,"13:09","26:51",1611,55,45,"UConn","Tarris Reed Jr., 2pt dunk fromturnover;pointsinthepaint;fastbreak;  made","TARRIS.REED",NA,"Dunk","made",2,3,87,"UConn",3,TRUE,"PATRICK.NGONGBA","NIKOLAS.KHAMENIA","CAYDEN.BOOZER","DAME.SARR","CAMERON.BOOZER","MALACHI.SMITH","JAYDEN.ROSS","SOLO.BALL","TARRIS.REED","ALEX.KARABAN","CLEAN",FALSE,2
"325","6564880","03/29/2026","Duke","UConn",2,"12:45","27:15",1635,55,45,"UConn","Tarris Reed Jr., foul personal shooting;2freethrow;","TARRIS.REED",NA,"Commits Foul",NA,NA,24,88,"Duke",24,FALSE,"PATRICK.NGONGBA","NIKOLAS.KHAMENIA","CAYDEN.BOOZER","DAME.SARR","CAMERON.BOOZER","MALACHI.SMITH","JAYDEN.ROSS","SOLO.BALL","TARRIS.REED","ALEX.KARABAN","CLEAN",FALSE,2
"326","6564880","03/29/2026","Duke","UConn",2,"12:45","27:15",1635,55,45,"Duke","Cameron Boozer, foulon","CAMERON.BOOZER",NA,"Draw Foul",NA,NA,0,88,"Duke",24,FALSE,"PATRICK.NGONGBA","NIKOLAS.KHAMENIA","CAYDEN.BOOZER","DAME.SARR","CAMERON.BOOZER","MALACHI.SMITH","JAYDEN.ROSS","SOLO.BALL","TARRIS.REED","ALEX.KARABAN","CLEAN",FALSE,2
"327","6564880","03/29/2026","Duke","UConn",2,"12:45","27:15",1635,56,45,"Duke","Cameron Boozer, freethrow 1of2   made","CAMERON.BOOZER",NA,"Free Throw","made",1,0,88,"Duke",24,FALSE,"PATRICK.NGONGBA","NIKOLAS.KHAMENIA","CAYDEN.BOOZER","DAME.SARR","CAMERON.BOOZER","MALACHI.SMITH","JAYDEN.ROSS","SOLO.BALL","TARRIS.REED","ALEX.KARABAN","CLEAN",FALSE,2
"328","6564880","03/29/2026","Duke","UConn",2,"12:45","27:15",1635,56,45,"Duke","Cameron Boozer, freethrow 2of2   missed","CAMERON.BOOZER",NA,"Free Throw","missed",1,0,88,"Duke",24,FALSE,"PATRICK.NGONGBA","NIKOLAS.KHAMENIA","CAYDEN.BOOZER","DAME.SARR","CAMERON.BOOZER","MALACHI.SMITH","JAYDEN.ROSS","SOLO.BALL","TARRIS.REED","ALEX.KARABAN","CLEAN",FALSE,2
"329","6564880","03/29/2026","Duke","UConn",2,"12:45","27:15",1635,56,45,"Duke","Cayden Boozer, substitution out","CAYDEN.BOOZER",NA,"Leaves Game",NA,NA,0,88,"Duke",24,FALSE,"PATRICK.NGONGBA","NIKOLAS.KHAMENIA","CAYDEN.BOOZER","DAME.SARR","CAMERON.BOOZER","MALACHI.SMITH","JAYDEN.ROSS","SOLO.BALL","TARRIS.REED","ALEX.KARABAN","CLEAN",FALSE,2
"330","6564880","03/29/2026","Duke","UConn",2,"12:45","27:15",1635,56,45,"Duke","Patrick Ngongba, substitution out","PATRICK.NGONGBA",NA,"Leaves Game",NA,NA,0,88,"Duke",24,FALSE,"PATRICK.NGONGBA","NIKOLAS.KHAMENIA","CAYDEN.BOOZER","DAME.SARR","CAMERON.BOOZER","MALACHI.SMITH","JAYDEN.ROSS","SOLO.BALL","TARRIS.REED","ALEX.KARABAN","CLEAN",FALSE,2
"331","6564880","03/29/2026","Duke","UConn",2,"12:45","27:15",1635,56,45,"Duke","Caleb Foster, substitution in","CALEB.FOSTER",NA,"Enters Game",NA,NA,0,88,"Duke",24,FALSE,"PATRICK.NGONGBA","NIKOLAS.KHAMENIA","CAYDEN.BOOZER","DAME.SARR","CAMERON.BOOZER","MALACHI.SMITH","JAYDEN.ROSS","SOLO.BALL","TARRIS.REED","ALEX.KARABAN","CLEAN",FALSE,2
"332","6564880","03/29/2026","Duke","UConn",2,"12:45","27:15",1635,56,45,"Duke","Maliq Brown, substitution in","MALIQ.BROWN",NA,"Enters Game",NA,NA,0,88,"Duke",24,FALSE,"PATRICK.NGONGBA","NIKOLAS.KHAMENIA","CAYDEN.BOOZER","DAME.SARR","CAMERON.BOOZER","MALACHI.SMITH","JAYDEN.ROSS","SOLO.BALL","TARRIS.REED","ALEX.KARABAN","CLEAN",FALSE,2
"333","6564880","03/29/2026","Duke","UConn",2,"12:44","27:16",1636,56,45,"UConn","Tarris Reed Jr., rebound defensive","TARRIS.REED",NA,"Defensive Rebound",NA,NA,1,88,"Duke",25,FALSE,"PATRICK.NGONGBA","NIKOLAS.KHAMENIA","CAYDEN.BOOZER","DAME.SARR","CAMERON.BOOZER","MALACHI.SMITH","JAYDEN.ROSS","SOLO.BALL","TARRIS.REED","ALEX.KARABAN","CLEAN",FALSE,2
"334","6564880","03/29/2026","Duke","UConn",2,"12:20","27:40",1660,56,47,"UConn","Alex Karaban, 2pt layup pointsinthepaint;  made - Tarris Reed Jr., assist","ALEX.KARABAN","TARRIS.REED","Layup","made",2,24,89,"UConn",24,FALSE,"MALIQ.BROWN","NIKOLAS.KHAMENIA","CALEB.FOSTER","DAME.SARR","CAMERON.BOOZER","MALACHI.SMITH","JAYDEN.ROSS","SOLO.BALL","TARRIS.REED","ALEX.KARABAN","CLEAN",FALSE,2
"335","6564880","03/29/2026","Duke","UConn",2,"11:50","28:10",1690,56,47,"Duke","Caleb Foster, 2pt drivinglayup pointsinthepaint;  missed","CALEB.FOSTER",NA,"Layup","missed",2,30,90,"Duke",30,FALSE,"MALIQ.BROWN","NIKOLAS.KHAMENIA","CALEB.FOSTER","DAME.SARR","CAMERON.BOOZER","MALACHI.SMITH","JAYDEN.ROSS","SOLO.BALL","TARRIS.REED","ALEX.KARABAN","CLEAN",FALSE,2
"336","6564880","03/29/2026","Duke","UConn",2,"11:48","28:12",1692,56,47,"UConn","Tarris Reed Jr., rebound defensive","TARRIS.REED",NA,"Defensive Rebound",NA,NA,2,90,"Duke",32,FALSE,"MALIQ.BROWN","NIKOLAS.KHAMENIA","CALEB.FOSTER","DAME.SARR","CAMERON.BOOZER","MALACHI.SMITH","JAYDEN.ROSS","SOLO.BALL","TARRIS.REED","ALEX.KARABAN","CLEAN",FALSE,2
"337","6564880","03/29/2026","Duke","UConn",2,"11:35","28:25",1705,56,47,"UConn","Solo Ball, 3pt jumpshot   missed","SOLO.BALL",NA,"Three Point Jumper","missed",3,13,91,"UConn",13,FALSE,"MALIQ.BROWN","NIKOLAS.KHAMENIA","CALEB.FOSTER","DAME.SARR","CAMERON.BOOZER","MALACHI.SMITH","JAYDEN.ROSS","SOLO.BALL","TARRIS.REED","ALEX.KARABAN","CLEAN",FALSE,2
"338","6564880","03/29/2026","Duke","UConn",2,"11:30","28:30",1710,56,47,"UConn","Alex Karaban, rebound offensive","ALEX.KARABAN",NA,"Offensive Rebound",NA,NA,5,91,"UConn",18,FALSE,"MALIQ.BROWN","NIKOLAS.KHAMENIA","CALEB.FOSTER","DAME.SARR","CAMERON.BOOZER","MALACHI.SMITH","JAYDEN.ROSS","SOLO.BALL","TARRIS.REED","ALEX.KARABAN","CLEAN",FALSE,2
"339","6564880","03/29/2026","Duke","UConn",2,"11:15","28:45",1725,56,49,"UConn","Tarris Reed Jr., 2pt dunk 2ndchance;pointsinthepaint;  made - Malachi Smith, assist","TARRIS.REED","MALACHI.SMITH","Dunk","made",2,15,91,"UConn",33,FALSE,"MALIQ.BROWN","NIKOLAS.KHAMENIA","CALEB.FOSTER","DAME.SARR","CAMERON.BOOZER","MALACHI.SMITH","JAYDEN.ROSS","SOLO.BALL","TARRIS.REED","ALEX.KARABAN","CLEAN",FALSE,2
"340","6564880","03/29/2026","Duke","UConn",2,"10:59","29:01",1741,56,49,"Duke","Team, timeout short","TEAM",NA,"Timeout",NA,NA,16,92,"Duke",16,FALSE,"MALIQ.BROWN","NIKOLAS.KHAMENIA","CALEB.FOSTER","DAME.SARR","CAMERON.BOOZER","MALACHI.SMITH","JAYDEN.ROSS","SOLO.BALL","TARRIS.REED","ALEX.KARABAN","CLEAN",FALSE,2
"341","6564880","03/29/2026","Duke","UConn",2,"10:59","29:01",1741,56,49,"Duke","Dame Sarr, substitution out","DAME.SARR",NA,"Leaves Game",NA,NA,0,92,"Duke",16,FALSE,"MALIQ.BROWN","NIKOLAS.KHAMENIA","CALEB.FOSTER","DAME.SARR","CAMERON.BOOZER","MALACHI.SMITH","JAYDEN.ROSS","SOLO.BALL","TARRIS.REED","ALEX.KARABAN","CLEAN",FALSE,2
"342","6564880","03/29/2026","Duke","UConn",2,"10:59","29:01",1741,56,49,"Duke","Isaiah Evans, substitution in","ISAIAH.EVANS",NA,"Enters Game",NA,NA,0,92,"Duke",16,FALSE,"MALIQ.BROWN","NIKOLAS.KHAMENIA","CALEB.FOSTER","DAME.SARR","CAMERON.BOOZER","MALACHI.SMITH","JAYDEN.ROSS","SOLO.BALL","TARRIS.REED","ALEX.KARABAN","CLEAN",FALSE,2
"343","6564880","03/29/2026","Duke","UConn",2,"10:37","29:23",1763,58,49,"Duke","Cameron Boozer, 2pt layup pointsinthepaint;  made - Caleb Foster, assist","CAMERON.BOOZER","CALEB.FOSTER","Layup","made",2,22,92,"Duke",38,FALSE,"MALIQ.BROWN","NIKOLAS.KHAMENIA","CALEB.FOSTER","DAME.SARR","CAMERON.BOOZER","MALACHI.SMITH","JAYDEN.ROSS","SOLO.BALL","TARRIS.REED","ALEX.KARABAN","CLEAN",FALSE,2
"344","6564880","03/29/2026","Duke","UConn",2,"10:06","29:54",1794,58,49,"UConn","Alex Karaban, 2pt floatingjumpshot pointsinthepaint;blocked;  missed","ALEX.KARABAN",NA,"Two Point Jumper","missed",2,31,93,"UConn",31,FALSE,"MALIQ.BROWN","NIKOLAS.KHAMENIA","CALEB.FOSTER","ISAIAH.EVANS","CAMERON.BOOZER","MALACHI.SMITH","JAYDEN.ROSS","SOLO.BALL","TARRIS.REED","ALEX.KARABAN","CLEAN",FALSE,2
"345","6564880","03/29/2026","Duke","UConn",2,"10:06","29:54",1794,58,49,"Duke","Nikolas Khamenia, block","NIKOLAS.KHAMENIA",NA,"Blocked Shot",NA,NA,0,93,"UConn",31,FALSE,"MALIQ.BROWN","NIKOLAS.KHAMENIA","CALEB.FOSTER","ISAIAH.EVANS","CAMERON.BOOZER","MALACHI.SMITH","JAYDEN.ROSS","SOLO.BALL","TARRIS.REED","ALEX.KARABAN","CLEAN",FALSE,2
"346","6564880","03/29/2026","Duke","UConn",2,"10:02","29:58",1798,58,49,"UConn","Tarris Reed Jr., rebound offensive","TARRIS.REED",NA,"Offensive Rebound",NA,NA,4,93,"UConn",35,FALSE,"MALIQ.BROWN","NIKOLAS.KHAMENIA","CALEB.FOSTER","ISAIAH.EVANS","CAMERON.BOOZER","MALACHI.SMITH","JAYDEN.ROSS","SOLO.BALL","TARRIS.REED","ALEX.KARABAN","CLEAN",FALSE,2
"347","6564880","03/29/2026","Duke","UConn",2,"10:02","29:58",1798,58,49,"UConn","Tarris Reed Jr., turnover badpass","TARRIS.REED",NA,"Turnover",NA,NA,0,93,"UConn",35,FALSE,"MALIQ.BROWN","NIKOLAS.KHAMENIA","CALEB.FOSTER","ISAIAH.EVANS","CAMERON.BOOZER","MALACHI.SMITH","JAYDEN.ROSS","SOLO.BALL","TARRIS.REED","ALEX.KARABAN","CLEAN",FALSE,2
"348","6564880","03/29/2026","Duke","UConn",2,"10:02","29:58",1798,58,49,"Duke","Caleb Foster, steal","CALEB.FOSTER",NA,"Steal",NA,NA,0,93,"UConn",35,FALSE,"MALIQ.BROWN","NIKOLAS.KHAMENIA","CALEB.FOSTER","ISAIAH.EVANS","CAMERON.BOOZER","MALACHI.SMITH","JAYDEN.ROSS","SOLO.BALL","TARRIS.REED","ALEX.KARABAN","CLEAN",FALSE,2
"349","6564880","03/29/2026","Duke","UConn",2,"09:58","30:02",1802,58,49,"Duke","Caleb Foster, turnover lostball","CALEB.FOSTER",NA,"Turnover",NA,NA,4,94,"Duke",4,FALSE,"MALIQ.BROWN","NIKOLAS.KHAMENIA","CALEB.FOSTER","ISAIAH.EVANS","CAMERON.BOOZER","MALACHI.SMITH","JAYDEN.ROSS","SOLO.BALL","TARRIS.REED","ALEX.KARABAN","CLEAN",FALSE,2
"350","6564880","03/29/2026","Duke","UConn",2,"09:58","30:02",1802,58,49,"UConn","Jayden Ross, steal","JAYDEN.ROSS",NA,"Steal",NA,NA,0,94,"Duke",4,FALSE,"MALIQ.BROWN","NIKOLAS.KHAMENIA","CALEB.FOSTER","ISAIAH.EVANS","CAMERON.BOOZER","MALACHI.SMITH","JAYDEN.ROSS","SOLO.BALL","TARRIS.REED","ALEX.KARABAN","CLEAN",FALSE,2
"351","6564880","03/29/2026","Duke","UConn",2,"09:58","30:02",1802,58,49,"UConn","Solo Ball, substitution out","SOLO.BALL",NA,"Leaves Game",NA,NA,0,94,"Duke",4,FALSE,"MALIQ.BROWN","NIKOLAS.KHAMENIA","CALEB.FOSTER","ISAIAH.EVANS","CAMERON.BOOZER","MALACHI.SMITH","JAYDEN.ROSS","SOLO.BALL","TARRIS.REED","ALEX.KARABAN","CLEAN",FALSE,2
"352","6564880","03/29/2026","Duke","UConn",2,"09:58","30:02",1802,58,49,"UConn","Braylon Mullins, substitution in","BRAYLON.MULLINS",NA,"Enters Game",NA,NA,0,94,"Duke",4,FALSE,"MALIQ.BROWN","NIKOLAS.KHAMENIA","CALEB.FOSTER","ISAIAH.EVANS","CAMERON.BOOZER","MALACHI.SMITH","JAYDEN.ROSS","SOLO.BALL","TARRIS.REED","ALEX.KARABAN","CLEAN",FALSE,2
"353","6564880","03/29/2026","Duke","UConn",2,"09:43","30:17",1817,58,51,"UConn","Malachi Smith, 2pt drivinglayup fromturnover;pointsinthepaint;  made","MALACHI.SMITH",NA,"Layup","made",2,15,95,"UConn",15,FALSE,"MALIQ.BROWN","NIKOLAS.KHAMENIA","CALEB.FOSTER","ISAIAH.EVANS","CAMERON.BOOZER","MALACHI.SMITH","JAYDEN.ROSS","BRAYLON.MULLINS","TARRIS.REED","ALEX.KARABAN","CLEAN",FALSE,2
"354","6564880","03/29/2026","Duke","UConn",2,"09:22","30:38",1838,58,51,"Duke","Caleb Foster, turnover lostball","CALEB.FOSTER",NA,"Turnover",NA,NA,21,96,"Duke",21,FALSE,"MALIQ.BROWN","NIKOLAS.KHAMENIA","CALEB.FOSTER","ISAIAH.EVANS","CAMERON.BOOZER","MALACHI.SMITH","JAYDEN.ROSS","BRAYLON.MULLINS","TARRIS.REED","ALEX.KARABAN","CLEAN",FALSE,2
"355","6564880","03/29/2026","Duke","UConn",2,"09:22","30:38",1838,58,51,"UConn","Malachi Smith, steal","MALACHI.SMITH",NA,"Steal",NA,NA,0,96,"Duke",21,FALSE,"MALIQ.BROWN","NIKOLAS.KHAMENIA","CALEB.FOSTER","ISAIAH.EVANS","CAMERON.BOOZER","MALACHI.SMITH","JAYDEN.ROSS","BRAYLON.MULLINS","TARRIS.REED","ALEX.KARABAN","CLEAN",FALSE,2
"356","6564880","03/29/2026","Duke","UConn",2,"09:18","30:42",1842,58,51,"UConn","Braylon Mullins, 3pt pullupjumpshot fromturnover;fastbreak;  missed","BRAYLON.MULLINS",NA,"Three Point Jumper","missed",3,4,97,"UConn",4,TRUE,"MALIQ.BROWN","NIKOLAS.KHAMENIA","CALEB.FOSTER","ISAIAH.EVANS","CAMERON.BOOZER","MALACHI.SMITH","JAYDEN.ROSS","BRAYLON.MULLINS","TARRIS.REED","ALEX.KARABAN","CLEAN",FALSE,2
"357","6564880","03/29/2026","Duke","UConn",2,"09:15","30:45",1845,58,51,"Duke","Maliq Brown, rebound defensive","MALIQ.BROWN",NA,"Defensive Rebound",NA,NA,3,97,"UConn",7,TRUE,"MALIQ.BROWN","NIKOLAS.KHAMENIA","CALEB.FOSTER","ISAIAH.EVANS","CAMERON.BOOZER","MALACHI.SMITH","JAYDEN.ROSS","BRAYLON.MULLINS","TARRIS.REED","ALEX.KARABAN","CLEAN",FALSE,2
"358","6564880","03/29/2026","Duke","UConn",2,"08:49","31:11",1871,60,51,"Duke","Nikolas Khamenia, 2pt hookshot pointsinthepaint;  made","NIKOLAS.KHAMENIA",NA,"Hook","made",2,26,98,"Duke",26,FALSE,"MALIQ.BROWN","NIKOLAS.KHAMENIA","CALEB.FOSTER","ISAIAH.EVANS","CAMERON.BOOZER","MALACHI.SMITH","JAYDEN.ROSS","BRAYLON.MULLINS","TARRIS.REED","ALEX.KARABAN","CLEAN",FALSE,2
"359","6564880","03/29/2026","Duke","UConn",2,"08:24","31:36",1896,60,51,"UConn","Braylon Mullins, 3pt jumpshot   missed","BRAYLON.MULLINS",NA,"Three Point Jumper","missed",3,25,99,"UConn",25,FALSE,"MALIQ.BROWN","NIKOLAS.KHAMENIA","CALEB.FOSTER","ISAIAH.EVANS","CAMERON.BOOZER","MALACHI.SMITH","JAYDEN.ROSS","BRAYLON.MULLINS","TARRIS.REED","ALEX.KARABAN","CLEAN",FALSE,2
"360","6564880","03/29/2026","Duke","UConn",2,"08:21","31:39",1899,60,51,"Duke","Cameron Boozer, rebound defensive","CAMERON.BOOZER",NA,"Defensive Rebound",NA,NA,3,99,"UConn",28,FALSE,"MALIQ.BROWN","NIKOLAS.KHAMENIA","CALEB.FOSTER","ISAIAH.EVANS","CAMERON.BOOZER","MALACHI.SMITH","JAYDEN.ROSS","BRAYLON.MULLINS","TARRIS.REED","ALEX.KARABAN","CLEAN",FALSE,2
"361","6564880","03/29/2026","Duke","UConn",2,"07:59","32:01",1921,62,51,"Duke","Cameron Boozer, 2pt drivinglayup pointsinthepaint;  made","CAMERON.BOOZER",NA,"Layup","made",2,22,100,"Duke",22,FALSE,"MALIQ.BROWN","NIKOLAS.KHAMENIA","CALEB.FOSTER","ISAIAH.EVANS","CAMERON.BOOZER","MALACHI.SMITH","JAYDEN.ROSS","BRAYLON.MULLINS","TARRIS.REED","ALEX.KARABAN","CLEAN",FALSE,2
"362","6564880","03/29/2026","Duke","UConn",2,"07:59","32:01",1921,62,51,"Duke","Caleb Foster, substitution out","CALEB.FOSTER",NA,"Leaves Game",NA,NA,0,100,"Duke",22,FALSE,"MALIQ.BROWN","NIKOLAS.KHAMENIA","CALEB.FOSTER","ISAIAH.EVANS","CAMERON.BOOZER","MALACHI.SMITH","JAYDEN.ROSS","BRAYLON.MULLINS","TARRIS.REED","ALEX.KARABAN","CLEAN",FALSE,2
"363","6564880","03/29/2026","Duke","UConn",2,"07:59","32:01",1921,62,51,"Duke","Maliq Brown, substitution out","MALIQ.BROWN",NA,"Leaves Game",NA,NA,0,100,"Duke",22,FALSE,"MALIQ.BROWN","NIKOLAS.KHAMENIA","CALEB.FOSTER","ISAIAH.EVANS","CAMERON.BOOZER","MALACHI.SMITH","JAYDEN.ROSS","BRAYLON.MULLINS","TARRIS.REED","ALEX.KARABAN","CLEAN",FALSE,2
"364","6564880","03/29/2026","Duke","UConn",2,"07:59","32:01",1921,62,51,"Duke","Cayden Boozer, substitution in","CAYDEN.BOOZER",NA,"Enters Game",NA,NA,0,100,"Duke",22,FALSE,"MALIQ.BROWN","NIKOLAS.KHAMENIA","CALEB.FOSTER","ISAIAH.EVANS","CAMERON.BOOZER","MALACHI.SMITH","JAYDEN.ROSS","BRAYLON.MULLINS","TARRIS.REED","ALEX.KARABAN","CLEAN",FALSE,2
"365","6564880","03/29/2026","Duke","UConn",2,"07:59","32:01",1921,62,51,"UConn","Jayden Ross, substitution out","JAYDEN.ROSS",NA,"Leaves Game",NA,NA,0,100,"Duke",22,FALSE,"MALIQ.BROWN","NIKOLAS.KHAMENIA","CALEB.FOSTER","ISAIAH.EVANS","CAMERON.BOOZER","MALACHI.SMITH","JAYDEN.ROSS","BRAYLON.MULLINS","TARRIS.REED","ALEX.KARABAN","CLEAN",FALSE,2
"366","6564880","03/29/2026","Duke","UConn",2,"07:59","32:01",1921,62,51,"UConn","Solo Ball, substitution in","SOLO.BALL",NA,"Enters Game",NA,NA,0,100,"Duke",22,FALSE,"MALIQ.BROWN","NIKOLAS.KHAMENIA","CALEB.FOSTER","ISAIAH.EVANS","CAMERON.BOOZER","MALACHI.SMITH","JAYDEN.ROSS","BRAYLON.MULLINS","TARRIS.REED","ALEX.KARABAN","CLEAN",FALSE,2
"367","6564880","03/29/2026","Duke","UConn",2,"07:59","32:01",1921,62,51,"Duke","Patrick Ngongba, substitution in","PATRICK.NGONGBA",NA,"Enters Game",NA,NA,0,100,"Duke",22,FALSE,"MALIQ.BROWN","NIKOLAS.KHAMENIA","CALEB.FOSTER","ISAIAH.EVANS","CAMERON.BOOZER","MALACHI.SMITH","JAYDEN.ROSS","BRAYLON.MULLINS","TARRIS.REED","ALEX.KARABAN","CLEAN",FALSE,2
"368","6564880","03/29/2026","Duke","UConn",2,"07:47","32:13",1933,62,51,"Duke","Patrick Ngongba, foul personal oneandone;","PATRICK.NGONGBA",NA,"Commits Foul",NA,NA,12,101,"UConn",12,FALSE,"PATRICK.NGONGBA","NIKOLAS.KHAMENIA","CAYDEN.BOOZER","ISAIAH.EVANS","CAMERON.BOOZER","MALACHI.SMITH","SOLO.BALL","BRAYLON.MULLINS","TARRIS.REED","ALEX.KARABAN","CLEAN",FALSE,2
"369","6564880","03/29/2026","Duke","UConn",2,"07:47","32:13",1933,62,51,"UConn","Tarris Reed Jr., foulon","TARRIS.REED",NA,"Draw Foul",NA,NA,0,101,"UConn",12,FALSE,"PATRICK.NGONGBA","NIKOLAS.KHAMENIA","CAYDEN.BOOZER","ISAIAH.EVANS","CAMERON.BOOZER","MALACHI.SMITH","SOLO.BALL","BRAYLON.MULLINS","TARRIS.REED","ALEX.KARABAN","CLEAN",FALSE,2
"370","6564880","03/29/2026","Duke","UConn",2,"07:47","32:13",1933,62,52,"UConn","Tarris Reed Jr., freethrow 1of2   made","TARRIS.REED",NA,"Free Throw","made",1,0,101,"UConn",12,FALSE,"PATRICK.NGONGBA","NIKOLAS.KHAMENIA","CAYDEN.BOOZER","ISAIAH.EVANS","CAMERON.BOOZER","MALACHI.SMITH","SOLO.BALL","BRAYLON.MULLINS","TARRIS.REED","ALEX.KARABAN","CLEAN",FALSE,2
"371","6564880","03/29/2026","Duke","UConn",2,"07:47","32:13",1933,62,52,"UConn","Tarris Reed Jr., freethrow 2of2   missed","TARRIS.REED",NA,"Free Throw","missed",1,0,101,"UConn",12,FALSE,"PATRICK.NGONGBA","NIKOLAS.KHAMENIA","CAYDEN.BOOZER","ISAIAH.EVANS","CAMERON.BOOZER","MALACHI.SMITH","SOLO.BALL","BRAYLON.MULLINS","TARRIS.REED","ALEX.KARABAN","CLEAN",FALSE,2
"372","6564880","03/29/2026","Duke","UConn",2,"07:47","32:13",1933,62,52,"UConn","Malachi Smith, substitution out","MALACHI.SMITH",NA,"Leaves Game",NA,NA,0,101,"UConn",12,FALSE,"PATRICK.NGONGBA","NIKOLAS.KHAMENIA","CAYDEN.BOOZER","ISAIAH.EVANS","CAMERON.BOOZER","MALACHI.SMITH","SOLO.BALL","BRAYLON.MULLINS","TARRIS.REED","ALEX.KARABAN","CLEAN",FALSE,2
"373","6564880","03/29/2026","Duke","UConn",2,"07:47","32:13",1933,62,52,"UConn","Silas Demary Jr., substitution in","SILAS.DEMARY",NA,"Enters Game",NA,NA,0,101,"UConn",12,FALSE,"PATRICK.NGONGBA","NIKOLAS.KHAMENIA","CAYDEN.BOOZER","ISAIAH.EVANS","CAMERON.BOOZER","MALACHI.SMITH","SOLO.BALL","BRAYLON.MULLINS","TARRIS.REED","ALEX.KARABAN","CLEAN",FALSE,2
"374","6564880","03/29/2026","Duke","UConn",2,"07:46","32:14",1934,62,52,"Duke","Cameron Boozer, rebound defensive","CAMERON.BOOZER",NA,"Defensive Rebound",NA,NA,1,101,"UConn",13,FALSE,"PATRICK.NGONGBA","NIKOLAS.KHAMENIA","CAYDEN.BOOZER","ISAIAH.EVANS","CAMERON.BOOZER","MALACHI.SMITH","SOLO.BALL","BRAYLON.MULLINS","TARRIS.REED","ALEX.KARABAN","CLEAN",FALSE,2
"375","6564880","03/29/2026","Duke","UConn",2,"07:34","32:26",1946,62,52,"Duke","Cayden Boozer, turnover lostball","CAYDEN.BOOZER",NA,"Turnover",NA,NA,12,102,"Duke",12,FALSE,"PATRICK.NGONGBA","NIKOLAS.KHAMENIA","CAYDEN.BOOZER","ISAIAH.EVANS","CAMERON.BOOZER","SILAS.DEMARY","SOLO.BALL","BRAYLON.MULLINS","TARRIS.REED","ALEX.KARABAN","CLEAN",FALSE,2
"376","6564880","03/29/2026","Duke","UConn",2,"07:34","32:26",1946,62,52,"UConn","Solo Ball, steal","SOLO.BALL",NA,"Steal",NA,NA,0,102,"Duke",12,FALSE,"PATRICK.NGONGBA","NIKOLAS.KHAMENIA","CAYDEN.BOOZER","ISAIAH.EVANS","CAMERON.BOOZER","SILAS.DEMARY","SOLO.BALL","BRAYLON.MULLINS","TARRIS.REED","ALEX.KARABAN","CLEAN",FALSE,2
"377","6564880","03/29/2026","Duke","UConn",2,"07:19","32:41",1961,62,52,"UConn","Solo Ball, 2pt pullupjumpshot fromturnover;  missed","SOLO.BALL",NA,"Two Point Jumper","missed",2,15,103,"UConn",15,FALSE,"PATRICK.NGONGBA","NIKOLAS.KHAMENIA","CAYDEN.BOOZER","ISAIAH.EVANS","CAMERON.BOOZER","SILAS.DEMARY","SOLO.BALL","BRAYLON.MULLINS","TARRIS.REED","ALEX.KARABAN","CLEAN",FALSE,2
"378","6564880","03/29/2026","Duke","UConn",2,"07:15","32:45",1965,62,52,"UConn","Silas Demary Jr., rebound offensive","SILAS.DEMARY",NA,"Offensive Rebound",NA,NA,4,103,"UConn",19,FALSE,"PATRICK.NGONGBA","NIKOLAS.KHAMENIA","CAYDEN.BOOZER","ISAIAH.EVANS","CAMERON.BOOZER","SILAS.DEMARY","SOLO.BALL","BRAYLON.MULLINS","TARRIS.REED","ALEX.KARABAN","CLEAN",FALSE,2
"379","6564880","03/29/2026","Duke","UConn",2,"07:00","33:00",1980,62,55,"UConn","Silas Demary Jr., 3pt jumpshot 2ndchance;fromturnover;  made - Tarris Reed Jr., assist","SILAS.DEMARY","TARRIS.REED","Three Point Jumper","made",3,15,103,"UConn",34,FALSE,"PATRICK.NGONGBA","NIKOLAS.KHAMENIA","CAYDEN.BOOZER","ISAIAH.EVANS","CAMERON.BOOZER","SILAS.DEMARY","SOLO.BALL","BRAYLON.MULLINS","TARRIS.REED","ALEX.KARABAN","CLEAN",FALSE,2
"380","6564880","03/29/2026","Duke","UConn",2,"06:37","33:23",2003,65,55,"Duke","Nikolas Khamenia, 3pt jumpshot   made - Cameron Boozer, assist","NIKOLAS.KHAMENIA","CAMERON.BOOZER","Three Point Jumper","made",3,23,104,"Duke",23,FALSE,"PATRICK.NGONGBA","NIKOLAS.KHAMENIA","CAYDEN.BOOZER","ISAIAH.EVANS","CAMERON.BOOZER","SILAS.DEMARY","SOLO.BALL","BRAYLON.MULLINS","TARRIS.REED","ALEX.KARABAN","CLEAN",FALSE,2
"381","6564880","03/29/2026","Duke","UConn",2,"06:07","33:53",2033,65,58,"UConn","Silas Demary Jr., 3pt jumpshot   made - Solo Ball, assist","SILAS.DEMARY","SOLO.BALL","Three Point Jumper","made",3,30,105,"UConn",30,FALSE,"PATRICK.NGONGBA","NIKOLAS.KHAMENIA","CAYDEN.BOOZER","ISAIAH.EVANS","CAMERON.BOOZER","SILAS.DEMARY","SOLO.BALL","BRAYLON.MULLINS","TARRIS.REED","ALEX.KARABAN","CLEAN",FALSE,2
"382","6564880","03/29/2026","Duke","UConn",2,"06:06","33:54",2034,65,58,"UConn","Team, timeout short","TEAM",NA,"Timeout",NA,NA,1,106,"Duke",1,FALSE,"PATRICK.NGONGBA","NIKOLAS.KHAMENIA","CAYDEN.BOOZER","ISAIAH.EVANS","CAMERON.BOOZER","SILAS.DEMARY","SOLO.BALL","BRAYLON.MULLINS","TARRIS.REED","ALEX.KARABAN","CLEAN",FALSE,2
"383","6564880","03/29/2026","Duke","UConn",2,"06:06","33:54",2034,65,58,"Duke","Patrick Ngongba, substitution out","PATRICK.NGONGBA",NA,"Leaves Game",NA,NA,0,106,"Duke",1,FALSE,"PATRICK.NGONGBA","NIKOLAS.KHAMENIA","CAYDEN.BOOZER","ISAIAH.EVANS","CAMERON.BOOZER","SILAS.DEMARY","SOLO.BALL","BRAYLON.MULLINS","TARRIS.REED","ALEX.KARABAN","CLEAN",FALSE,2
"384","6564880","03/29/2026","Duke","UConn",2,"06:06","33:54",2034,65,58,"Duke","Maliq Brown, substitution in","MALIQ.BROWN",NA,"Enters Game",NA,NA,0,106,"Duke",1,FALSE,"PATRICK.NGONGBA","NIKOLAS.KHAMENIA","CAYDEN.BOOZER","ISAIAH.EVANS","CAMERON.BOOZER","SILAS.DEMARY","SOLO.BALL","BRAYLON.MULLINS","TARRIS.REED","ALEX.KARABAN","CLEAN",FALSE,2
"385","6564880","03/29/2026","Duke","UConn",2,"06:06","33:54",2034,65,58,"UConn","Jayden Ross, substitution in","JAYDEN.ROSS",NA,"Enters Game",NA,NA,0,106,"Duke",1,FALSE,"PATRICK.NGONGBA","NIKOLAS.KHAMENIA","CAYDEN.BOOZER","ISAIAH.EVANS","CAMERON.BOOZER","SILAS.DEMARY","SOLO.BALL","BRAYLON.MULLINS","TARRIS.REED","ALEX.KARABAN","CLEAN",FALSE,2
"386","6564880","03/29/2026","Duke","UConn",2,"06:06","33:54",2034,65,58,"UConn","Solo Ball, substitution out","SOLO.BALL",NA,"Leaves Game",NA,NA,0,106,"Duke",1,FALSE,"PATRICK.NGONGBA","NIKOLAS.KHAMENIA","CAYDEN.BOOZER","ISAIAH.EVANS","CAMERON.BOOZER","SILAS.DEMARY","SOLO.BALL","BRAYLON.MULLINS","TARRIS.REED","ALEX.KARABAN","CLEAN",FALSE,2
"387","6564880","03/29/2026","Duke","UConn",2,"05:53","34:07",2047,65,58,"Duke","Isaiah Evans, 3pt jumpshot   missed","ISAIAH.EVANS",NA,"Three Point Jumper","missed",3,13,106,"Duke",14,FALSE,"PATRICK.NGONGBA","NIKOLAS.KHAMENIA","CAYDEN.BOOZER","ISAIAH.EVANS","CAMERON.BOOZER","SILAS.DEMARY","SOLO.BALL","BRAYLON.MULLINS","TARRIS.REED","ALEX.KARABAN","CLEAN",FALSE,2
"388","6564880","03/29/2026","Duke","UConn",2,"05:50","34:10",2050,65,58,"Duke","Nikolas Khamenia, rebound offensive","NIKOLAS.KHAMENIA",NA,"Offensive Rebound",NA,NA,3,106,"Duke",17,FALSE,"PATRICK.NGONGBA","NIKOLAS.KHAMENIA","CAYDEN.BOOZER","ISAIAH.EVANS","CAMERON.BOOZER","SILAS.DEMARY","SOLO.BALL","BRAYLON.MULLINS","TARRIS.REED","ALEX.KARABAN","CLEAN",FALSE,2
"389","6564880","03/29/2026","Duke","UConn",2,"05:50","34:10",2050,65,58,"UConn","Braylon Mullins, foul personal","BRAYLON.MULLINS",NA,"Commits Foul",NA,NA,0,106,"Duke",17,FALSE,"PATRICK.NGONGBA","NIKOLAS.KHAMENIA","CAYDEN.BOOZER","ISAIAH.EVANS","CAMERON.BOOZER","SILAS.DEMARY","SOLO.BALL","BRAYLON.MULLINS","TARRIS.REED","ALEX.KARABAN","CLEAN",FALSE,2
"390","6564880","03/29/2026","Duke","UConn",2,"05:50","34:10",2050,65,58,"Duke","Nikolas Khamenia, foulon","NIKOLAS.KHAMENIA",NA,"Draw Foul",NA,NA,0,106,"Duke",17,FALSE,"PATRICK.NGONGBA","NIKOLAS.KHAMENIA","CAYDEN.BOOZER","ISAIAH.EVANS","CAMERON.BOOZER","SILAS.DEMARY","SOLO.BALL","BRAYLON.MULLINS","TARRIS.REED","ALEX.KARABAN","CLEAN",FALSE,2
"391","6564880","03/29/2026","Duke","UConn",2,"05:50","34:10",2050,65,58,"UConn","Braylon Mullins, substitution out","BRAYLON.MULLINS",NA,"Leaves Game",NA,NA,0,106,"Duke",17,FALSE,"PATRICK.NGONGBA","NIKOLAS.KHAMENIA","CAYDEN.BOOZER","ISAIAH.EVANS","CAMERON.BOOZER","SILAS.DEMARY","SOLO.BALL","BRAYLON.MULLINS","TARRIS.REED","ALEX.KARABAN","CLEAN",FALSE,2
"392","6564880","03/29/2026","Duke","UConn",2,"05:50","34:10",2050,65,58,"UConn","Solo Ball, substitution in","SOLO.BALL",NA,"Enters Game",NA,NA,0,106,"Duke",17,FALSE,"PATRICK.NGONGBA","NIKOLAS.KHAMENIA","CAYDEN.BOOZER","ISAIAH.EVANS","CAMERON.BOOZER","SILAS.DEMARY","SOLO.BALL","BRAYLON.MULLINS","TARRIS.REED","ALEX.KARABAN","CLEAN",FALSE,2
"393","6564880","03/29/2026","Duke","UConn",2,"05:40","34:20",2060,65,58,"Duke","Cameron Boozer, 2pt stepbackjumpshot 2ndchance;pointsinthepaint;  missed","CAMERON.BOOZER",NA,"Two Point Jumper","missed",2,10,106,"Duke",27,FALSE,"PATRICK.NGONGBA","NIKOLAS.KHAMENIA","CAYDEN.BOOZER","ISAIAH.EVANS","CAMERON.BOOZER","SILAS.DEMARY","SOLO.BALL","BRAYLON.MULLINS","TARRIS.REED","ALEX.KARABAN","CLEAN",FALSE,2
"394","6564880","03/29/2026","Duke","UConn",2,"05:37","34:23",2063,65,58,"UConn","Tarris Reed Jr., rebound defensive","TARRIS.REED",NA,"Defensive Rebound",NA,NA,3,106,"Duke",30,FALSE,"PATRICK.NGONGBA","NIKOLAS.KHAMENIA","CAYDEN.BOOZER","ISAIAH.EVANS","CAMERON.BOOZER","SILAS.DEMARY","SOLO.BALL","BRAYLON.MULLINS","TARRIS.REED","ALEX.KARABAN","CLEAN",FALSE,2
"395","6564880","03/29/2026","Duke","UConn",2,"05:21","34:39",2079,65,58,"UConn","Tarris Reed Jr., foulon","TARRIS.REED",NA,"Draw Foul",NA,NA,16,107,"UConn",16,FALSE,"MALIQ.BROWN","NIKOLAS.KHAMENIA","CAYDEN.BOOZER","ISAIAH.EVANS","CAMERON.BOOZER","SILAS.DEMARY","JAYDEN.ROSS","SOLO.BALL","TARRIS.REED","ALEX.KARABAN","CLEAN",FALSE,2
"396","6564880","03/29/2026","Duke","UConn",2,"05:21","34:39",2079,65,58,"Duke","Maliq Brown, foul personal oneandone;","MALIQ.BROWN",NA,"Commits Foul",NA,NA,0,107,"UConn",16,FALSE,"MALIQ.BROWN","NIKOLAS.KHAMENIA","CAYDEN.BOOZER","ISAIAH.EVANS","CAMERON.BOOZER","SILAS.DEMARY","JAYDEN.ROSS","SOLO.BALL","TARRIS.REED","ALEX.KARABAN","CLEAN",FALSE,2
"397","6564880","03/29/2026","Duke","UConn",2,"05:21","34:39",2079,65,58,"UConn","Tarris Reed Jr., freethrow 1of1   missed","TARRIS.REED",NA,"Free Throw","missed",1,0,107,"UConn",16,FALSE,"MALIQ.BROWN","NIKOLAS.KHAMENIA","CAYDEN.BOOZER","ISAIAH.EVANS","CAMERON.BOOZER","SILAS.DEMARY","JAYDEN.ROSS","SOLO.BALL","TARRIS.REED","ALEX.KARABAN","CLEAN",FALSE,2
"398","6564880","03/29/2026","Duke","UConn",2,"05:20","34:40",2080,65,58,"Duke","Nikolas Khamenia, rebound defensive","NIKOLAS.KHAMENIA",NA,"Defensive Rebound",NA,NA,1,107,"UConn",17,FALSE,"MALIQ.BROWN","NIKOLAS.KHAMENIA","CAYDEN.BOOZER","ISAIAH.EVANS","CAMERON.BOOZER","SILAS.DEMARY","JAYDEN.ROSS","SOLO.BALL","TARRIS.REED","ALEX.KARABAN","CLEAN",FALSE,2
"399","6564880","03/29/2026","Duke","UConn",2,"05:03","34:57",2097,65,58,"UConn","Jayden Ross, foul personal shooting;2freethrow;","JAYDEN.ROSS",NA,"Commits Foul",NA,NA,17,108,"Duke",17,FALSE,"MALIQ.BROWN","NIKOLAS.KHAMENIA","CAYDEN.BOOZER","ISAIAH.EVANS","CAMERON.BOOZER","SILAS.DEMARY","JAYDEN.ROSS","SOLO.BALL","TARRIS.REED","ALEX.KARABAN","CLEAN",FALSE,2
"400","6564880","03/29/2026","Duke","UConn",2,"05:03","34:57",2097,65,58,"Duke","Isaiah Evans, foulon","ISAIAH.EVANS",NA,"Draw Foul",NA,NA,0,108,"Duke",17,FALSE,"MALIQ.BROWN","NIKOLAS.KHAMENIA","CAYDEN.BOOZER","ISAIAH.EVANS","CAMERON.BOOZER","SILAS.DEMARY","JAYDEN.ROSS","SOLO.BALL","TARRIS.REED","ALEX.KARABAN","CLEAN",FALSE,2
"401","6564880","03/29/2026","Duke","UConn",2,"05:03","34:57",2097,66,58,"Duke","Isaiah Evans, freethrow 1of2   made","ISAIAH.EVANS",NA,"Free Throw","made",1,0,108,"Duke",17,FALSE,"MALIQ.BROWN","NIKOLAS.KHAMENIA","CAYDEN.BOOZER","ISAIAH.EVANS","CAMERON.BOOZER","SILAS.DEMARY","JAYDEN.ROSS","SOLO.BALL","TARRIS.REED","ALEX.KARABAN","CLEAN",FALSE,2
"402","6564880","03/29/2026","Duke","UConn",2,"05:03","34:57",2097,66,58,"UConn","Jayden Ross, substitution out","JAYDEN.ROSS",NA,"Leaves Game",NA,NA,0,108,"Duke",17,FALSE,"MALIQ.BROWN","NIKOLAS.KHAMENIA","CAYDEN.BOOZER","ISAIAH.EVANS","CAMERON.BOOZER","SILAS.DEMARY","JAYDEN.ROSS","SOLO.BALL","TARRIS.REED","ALEX.KARABAN","CLEAN",FALSE,2
"403","6564880","03/29/2026","Duke","UConn",2,"05:03","34:57",2097,66,58,"UConn","Braylon Mullins, substitution in","BRAYLON.MULLINS",NA,"Enters Game",NA,NA,0,108,"Duke",17,FALSE,"MALIQ.BROWN","NIKOLAS.KHAMENIA","CAYDEN.BOOZER","ISAIAH.EVANS","CAMERON.BOOZER","SILAS.DEMARY","JAYDEN.ROSS","SOLO.BALL","TARRIS.REED","ALEX.KARABAN","CLEAN",FALSE,2
"404","6564880","03/29/2026","Duke","UConn",2,"05:03","34:57",2097,67,58,"Duke","Isaiah Evans, freethrow 2of2   made","ISAIAH.EVANS",NA,"Free Throw","made",1,0,108,"Duke",17,FALSE,"MALIQ.BROWN","NIKOLAS.KHAMENIA","CAYDEN.BOOZER","ISAIAH.EVANS","CAMERON.BOOZER","SILAS.DEMARY","JAYDEN.ROSS","SOLO.BALL","TARRIS.REED","ALEX.KARABAN","CLEAN",FALSE,2
"405","6564880","03/29/2026","Duke","UConn",2,"04:48","35:12",2112,67,60,"UConn","Solo Ball, 2pt layup pointsinthepaint;  made - Tarris Reed Jr., assist","SOLO.BALL","TARRIS.REED","Layup","made",2,15,109,"UConn",15,FALSE,"MALIQ.BROWN","NIKOLAS.KHAMENIA","CAYDEN.BOOZER","ISAIAH.EVANS","CAMERON.BOOZER","SILAS.DEMARY","BRAYLON.MULLINS","SOLO.BALL","TARRIS.REED","ALEX.KARABAN","CLEAN",FALSE,2
"406","6564880","03/29/2026","Duke","UConn",2,"04:28","35:32",2132,67,60,"Duke","Isaiah Evans, 2pt layup pointsinthepaint;  missed","ISAIAH.EVANS",NA,"Layup","missed",2,20,110,"Duke",20,FALSE,"MALIQ.BROWN","NIKOLAS.KHAMENIA","CAYDEN.BOOZER","ISAIAH.EVANS","CAMERON.BOOZER","SILAS.DEMARY","BRAYLON.MULLINS","SOLO.BALL","TARRIS.REED","ALEX.KARABAN","CLEAN",FALSE,2
"407","6564880","03/29/2026","Duke","UConn",2,"04:26","35:34",2134,67,60,"UConn","Tarris Reed Jr., rebound defensive","TARRIS.REED",NA,"Defensive Rebound",NA,NA,2,110,"Duke",22,FALSE,"MALIQ.BROWN","NIKOLAS.KHAMENIA","CAYDEN.BOOZER","ISAIAH.EVANS","CAMERON.BOOZER","SILAS.DEMARY","BRAYLON.MULLINS","SOLO.BALL","TARRIS.REED","ALEX.KARABAN","CLEAN",FALSE,2
"408","6564880","03/29/2026","Duke","UConn",2,"04:13","35:47",2147,67,62,"UConn","Tarris Reed Jr., 2pt layup pointsinthepaint;  made - Alex Karaban, assist","TARRIS.REED","ALEX.KARABAN","Layup","made",2,13,111,"UConn",13,FALSE,"MALIQ.BROWN","NIKOLAS.KHAMENIA","CAYDEN.BOOZER","ISAIAH.EVANS","CAMERON.BOOZER","SILAS.DEMARY","BRAYLON.MULLINS","SOLO.BALL","TARRIS.REED","ALEX.KARABAN","CLEAN",FALSE,2
"409","6564880","03/29/2026","Duke","UConn",2,"03:45","36:15",2175,67,62,"Duke","Isaiah Evans, turnover lostball","ISAIAH.EVANS",NA,"Turnover",NA,NA,28,112,"Duke",28,FALSE,"MALIQ.BROWN","NIKOLAS.KHAMENIA","CAYDEN.BOOZER","ISAIAH.EVANS","CAMERON.BOOZER","SILAS.DEMARY","BRAYLON.MULLINS","SOLO.BALL","TARRIS.REED","ALEX.KARABAN","CLEAN",FALSE,2
"410","6564880","03/29/2026","Duke","UConn",2,"03:45","36:15",2175,67,62,"UConn","Solo Ball, steal","SOLO.BALL",NA,"Steal",NA,NA,0,112,"Duke",28,FALSE,"MALIQ.BROWN","NIKOLAS.KHAMENIA","CAYDEN.BOOZER","ISAIAH.EVANS","CAMERON.BOOZER","SILAS.DEMARY","BRAYLON.MULLINS","SOLO.BALL","TARRIS.REED","ALEX.KARABAN","CLEAN",FALSE,2
"411","6564880","03/29/2026","Duke","UConn",2,"03:42","36:18",2178,67,64,"UConn","Solo Ball, 2pt drivinglayup fromturnover;pointsinthepaint;fastbreak;  made","SOLO.BALL",NA,"Layup","made",2,3,113,"UConn",3,TRUE,"MALIQ.BROWN","NIKOLAS.KHAMENIA","CAYDEN.BOOZER","ISAIAH.EVANS","CAMERON.BOOZER","SILAS.DEMARY","BRAYLON.MULLINS","SOLO.BALL","TARRIS.REED","ALEX.KARABAN","CLEAN",FALSE,2
"412","6564880","03/29/2026","Duke","UConn",2,"03:42","36:18",2178,67,64,"Duke","Cameron Boozer, foul personal shooting;1freethrow;","CAMERON.BOOZER",NA,"Commits Foul",NA,NA,0,113,"UConn",3,TRUE,"MALIQ.BROWN","NIKOLAS.KHAMENIA","CAYDEN.BOOZER","ISAIAH.EVANS","CAMERON.BOOZER","SILAS.DEMARY","BRAYLON.MULLINS","SOLO.BALL","TARRIS.REED","ALEX.KARABAN","CLEAN",FALSE,2
"413","6564880","03/29/2026","Duke","UConn",2,"03:42","36:18",2178,67,64,"UConn","Solo Ball, foulon","SOLO.BALL",NA,"Draw Foul",NA,NA,0,113,"UConn",3,TRUE,"MALIQ.BROWN","NIKOLAS.KHAMENIA","CAYDEN.BOOZER","ISAIAH.EVANS","CAMERON.BOOZER","SILAS.DEMARY","BRAYLON.MULLINS","SOLO.BALL","TARRIS.REED","ALEX.KARABAN","CLEAN",FALSE,2
"414","6564880","03/29/2026","Duke","UConn",2,"03:42","36:18",2178,67,64,"UConn","Jayden Ross, substitution in","JAYDEN.ROSS",NA,"Enters Game",NA,NA,0,113,"UConn",3,TRUE,"MALIQ.BROWN","NIKOLAS.KHAMENIA","CAYDEN.BOOZER","ISAIAH.EVANS","CAMERON.BOOZER","SILAS.DEMARY","BRAYLON.MULLINS","SOLO.BALL","TARRIS.REED","ALEX.KARABAN","CLEAN",FALSE,2
"415","6564880","03/29/2026","Duke","UConn",2,"03:42","36:18",2178,67,64,"UConn","Braylon Mullins, substitution out","BRAYLON.MULLINS",NA,"Leaves Game",NA,NA,0,113,"UConn",3,TRUE,"MALIQ.BROWN","NIKOLAS.KHAMENIA","CAYDEN.BOOZER","ISAIAH.EVANS","CAMERON.BOOZER","SILAS.DEMARY","BRAYLON.MULLINS","SOLO.BALL","TARRIS.REED","ALEX.KARABAN","CLEAN",FALSE,2
"416","6564880","03/29/2026","Duke","UConn",2,"03:42","36:18",2178,67,64,"Duke","Patrick Ngongba, substitution in","PATRICK.NGONGBA",NA,"Enters Game",NA,NA,0,113,"UConn",3,TRUE,"MALIQ.BROWN","NIKOLAS.KHAMENIA","CAYDEN.BOOZER","ISAIAH.EVANS","CAMERON.BOOZER","SILAS.DEMARY","BRAYLON.MULLINS","SOLO.BALL","TARRIS.REED","ALEX.KARABAN","CLEAN",FALSE,2
"417","6564880","03/29/2026","Duke","UConn",2,"03:42","36:18",2178,67,64,"Duke","Dame Sarr, substitution in","DAME.SARR",NA,"Enters Game",NA,NA,0,113,"UConn",3,TRUE,"MALIQ.BROWN","NIKOLAS.KHAMENIA","CAYDEN.BOOZER","ISAIAH.EVANS","CAMERON.BOOZER","SILAS.DEMARY","BRAYLON.MULLINS","SOLO.BALL","TARRIS.REED","ALEX.KARABAN","CLEAN",FALSE,2
"418","6564880","03/29/2026","Duke","UConn",2,"03:42","36:18",2178,67,64,"Duke","Isaiah Evans, substitution out","ISAIAH.EVANS",NA,"Leaves Game",NA,NA,0,113,"UConn",3,TRUE,"MALIQ.BROWN","NIKOLAS.KHAMENIA","CAYDEN.BOOZER","ISAIAH.EVANS","CAMERON.BOOZER","SILAS.DEMARY","BRAYLON.MULLINS","SOLO.BALL","TARRIS.REED","ALEX.KARABAN","CLEAN",FALSE,2
"419","6564880","03/29/2026","Duke","UConn",2,"03:42","36:18",2178,67,64,"Duke","Maliq Brown, substitution out","MALIQ.BROWN",NA,"Leaves Game",NA,NA,0,113,"UConn",3,TRUE,"MALIQ.BROWN","NIKOLAS.KHAMENIA","CAYDEN.BOOZER","ISAIAH.EVANS","CAMERON.BOOZER","SILAS.DEMARY","BRAYLON.MULLINS","SOLO.BALL","TARRIS.REED","ALEX.KARABAN","CLEAN",FALSE,2
"420","6564880","03/29/2026","Duke","UConn",2,"03:42","36:18",2178,67,65,"UConn","Solo Ball, freethrow 1of1 fastbreak;fromturnover;  made","SOLO.BALL",NA,"Free Throw","made",1,0,113,"UConn",3,TRUE,"MALIQ.BROWN","NIKOLAS.KHAMENIA","CAYDEN.BOOZER","ISAIAH.EVANS","CAMERON.BOOZER","SILAS.DEMARY","BRAYLON.MULLINS","SOLO.BALL","TARRIS.REED","ALEX.KARABAN","CLEAN",FALSE,2
"421","6564880","03/29/2026","Duke","UConn",2,"03:22","36:38",2198,69,65,"Duke","Cameron Boozer, 2pt pullupjumpshot pointsinthepaint;  made","CAMERON.BOOZER",NA,"Two Point Jumper","made",2,20,114,"Duke",20,FALSE,"DAME.SARR","NIKOLAS.KHAMENIA","CAYDEN.BOOZER","PATRICK.NGONGBA","CAMERON.BOOZER","SILAS.DEMARY","JAYDEN.ROSS","SOLO.BALL","TARRIS.REED","ALEX.KARABAN","CLEAN",FALSE,2
"422","6564880","03/29/2026","Duke","UConn",2,"03:00","37:00",2220,69,65,"UConn","Solo Ball, 2pt drivinglayup pointsinthepaint;  missed","SOLO.BALL",NA,"Layup","missed",2,22,115,"UConn",22,FALSE,"DAME.SARR","NIKOLAS.KHAMENIA","CAYDEN.BOOZER","PATRICK.NGONGBA","CAMERON.BOOZER","SILAS.DEMARY","JAYDEN.ROSS","SOLO.BALL","TARRIS.REED","ALEX.KARABAN","CLEAN",FALSE,2
"423","6564880","03/29/2026","Duke","UConn",2,"02:58","37:02",2222,69,65,"Duke","Patrick Ngongba, rebound defensive","PATRICK.NGONGBA",NA,"Defensive Rebound",NA,NA,2,115,"UConn",24,FALSE,"DAME.SARR","NIKOLAS.KHAMENIA","CAYDEN.BOOZER","PATRICK.NGONGBA","CAMERON.BOOZER","SILAS.DEMARY","JAYDEN.ROSS","SOLO.BALL","TARRIS.REED","ALEX.KARABAN","CLEAN",FALSE,2
"424","6564880","03/29/2026","Duke","UConn",2,"02:38","37:22",2242,69,65,"Duke","Nikolas Khamenia, 2pt drivinglayup pointsinthepaint;  missed","NIKOLAS.KHAMENIA",NA,"Layup","missed",2,20,116,"Duke",20,FALSE,"DAME.SARR","NIKOLAS.KHAMENIA","CAYDEN.BOOZER","PATRICK.NGONGBA","CAMERON.BOOZER","SILAS.DEMARY","JAYDEN.ROSS","SOLO.BALL","TARRIS.REED","ALEX.KARABAN","CLEAN",FALSE,2
"425","6564880","03/29/2026","Duke","UConn",2,"02:36","37:24",2244,69,65,"UConn","Solo Ball, rebound defensive","SOLO.BALL",NA,"Defensive Rebound",NA,NA,2,116,"Duke",22,FALSE,"DAME.SARR","NIKOLAS.KHAMENIA","CAYDEN.BOOZER","PATRICK.NGONGBA","CAMERON.BOOZER","SILAS.DEMARY","JAYDEN.ROSS","SOLO.BALL","TARRIS.REED","ALEX.KARABAN","CLEAN",FALSE,2
"426","6564880","03/29/2026","Duke","UConn",2,"02:07","37:53",2273,69,65,"UConn","Silas Demary Jr., 2pt jumpshot   missed","SILAS.DEMARY",NA,"Two Point Jumper","missed",2,29,117,"UConn",29,FALSE,"DAME.SARR","NIKOLAS.KHAMENIA","CAYDEN.BOOZER","PATRICK.NGONGBA","CAMERON.BOOZER","SILAS.DEMARY","JAYDEN.ROSS","SOLO.BALL","TARRIS.REED","ALEX.KARABAN","CLEAN",FALSE,2
"427","6564880","03/29/2026","Duke","UConn",2,"02:06","37:54",2274,69,65,"Duke","Team, rebound defensivedeadball","TEAM",NA,"Deadball Rebound",NA,NA,1,117,"UConn",30,FALSE,"DAME.SARR","NIKOLAS.KHAMENIA","CAYDEN.BOOZER","PATRICK.NGONGBA","CAMERON.BOOZER","SILAS.DEMARY","JAYDEN.ROSS","SOLO.BALL","TARRIS.REED","ALEX.KARABAN","CLEAN",FALSE,2
"428","6564880","03/29/2026","Duke","UConn",2,"02:06","37:54",2274,69,65,"Duke","Isaiah Evans, substitution in","ISAIAH.EVANS",NA,"Enters Game",NA,NA,0,117,"UConn",30,FALSE,"DAME.SARR","NIKOLAS.KHAMENIA","CAYDEN.BOOZER","PATRICK.NGONGBA","CAMERON.BOOZER","SILAS.DEMARY","JAYDEN.ROSS","SOLO.BALL","TARRIS.REED","ALEX.KARABAN","CLEAN",FALSE,2
"429","6564880","03/29/2026","Duke","UConn",2,"02:06","37:54",2274,69,65,"Duke","Caleb Foster, substitution in","CALEB.FOSTER",NA,"Enters Game",NA,NA,0,117,"UConn",30,FALSE,"DAME.SARR","NIKOLAS.KHAMENIA","CAYDEN.BOOZER","PATRICK.NGONGBA","CAMERON.BOOZER","SILAS.DEMARY","JAYDEN.ROSS","SOLO.BALL","TARRIS.REED","ALEX.KARABAN","CLEAN",FALSE,2
"430","6564880","03/29/2026","Duke","UConn",2,"02:06","37:54",2274,69,65,"Duke","Nikolas Khamenia, substitution out","NIKOLAS.KHAMENIA",NA,"Leaves Game",NA,NA,0,117,"UConn",30,FALSE,"DAME.SARR","NIKOLAS.KHAMENIA","CAYDEN.BOOZER","PATRICK.NGONGBA","CAMERON.BOOZER","SILAS.DEMARY","JAYDEN.ROSS","SOLO.BALL","TARRIS.REED","ALEX.KARABAN","CLEAN",FALSE,2
"431","6564880","03/29/2026","Duke","UConn",2,"02:06","37:54",2274,69,65,"Duke","Cayden Boozer, substitution out","CAYDEN.BOOZER",NA,"Leaves Game",NA,NA,0,117,"UConn",30,FALSE,"DAME.SARR","NIKOLAS.KHAMENIA","CAYDEN.BOOZER","PATRICK.NGONGBA","CAMERON.BOOZER","SILAS.DEMARY","JAYDEN.ROSS","SOLO.BALL","TARRIS.REED","ALEX.KARABAN","CLEAN",FALSE,2
"432","6564880","03/29/2026","Duke","UConn",2,"01:51","38:09",2289,69,65,"UConn","Alex Karaban, foul personal oneandone;","ALEX.KARABAN",NA,"Commits Foul",NA,NA,15,117,"UConn",45,FALSE,"DAME.SARR","NIKOLAS.KHAMENIA","CAYDEN.BOOZER","PATRICK.NGONGBA","CAMERON.BOOZER","SILAS.DEMARY","JAYDEN.ROSS","SOLO.BALL","TARRIS.REED","ALEX.KARABAN","CLEAN",FALSE,2
"433","6564880","03/29/2026","Duke","UConn",2,"01:51","38:09",2289,69,65,"Duke","Patrick Ngongba, foulon","PATRICK.NGONGBA",NA,"Draw Foul",NA,NA,0,117,"UConn",45,FALSE,"DAME.SARR","NIKOLAS.KHAMENIA","CAYDEN.BOOZER","PATRICK.NGONGBA","CAMERON.BOOZER","SILAS.DEMARY","JAYDEN.ROSS","SOLO.BALL","TARRIS.REED","ALEX.KARABAN","CLEAN",FALSE,2
"434","6564880","03/29/2026","Duke","UConn",2,"01:51","38:09",2289,69,65,"Duke","Caleb Foster, substitution out","CALEB.FOSTER",NA,"Leaves Game",NA,NA,0,117,"UConn",45,FALSE,"DAME.SARR","NIKOLAS.KHAMENIA","CAYDEN.BOOZER","PATRICK.NGONGBA","CAMERON.BOOZER","SILAS.DEMARY","JAYDEN.ROSS","SOLO.BALL","TARRIS.REED","ALEX.KARABAN","CLEAN",FALSE,2
"435","6564880","03/29/2026","Duke","UConn",2,"01:51","38:09",2289,69,65,"Duke","Cayden Boozer, substitution in","CAYDEN.BOOZER",NA,"Enters Game",NA,NA,0,117,"UConn",45,FALSE,"DAME.SARR","NIKOLAS.KHAMENIA","CAYDEN.BOOZER","PATRICK.NGONGBA","CAMERON.BOOZER","SILAS.DEMARY","JAYDEN.ROSS","SOLO.BALL","TARRIS.REED","ALEX.KARABAN","CLEAN",FALSE,2
"436","6564880","03/29/2026","Duke","UConn",2,"01:51","38:09",2289,69,65,"UConn","Jayden Ross, substitution out","JAYDEN.ROSS",NA,"Leaves Game",NA,NA,0,117,"UConn",45,FALSE,"DAME.SARR","NIKOLAS.KHAMENIA","CAYDEN.BOOZER","PATRICK.NGONGBA","CAMERON.BOOZER","SILAS.DEMARY","JAYDEN.ROSS","SOLO.BALL","TARRIS.REED","ALEX.KARABAN","CLEAN",FALSE,2
"437","6564880","03/29/2026","Duke","UConn",2,"01:51","38:09",2289,69,65,"UConn","Braylon Mullins, substitution in","BRAYLON.MULLINS",NA,"Enters Game",NA,NA,0,117,"UConn",45,FALSE,"DAME.SARR","NIKOLAS.KHAMENIA","CAYDEN.BOOZER","PATRICK.NGONGBA","CAMERON.BOOZER","SILAS.DEMARY","JAYDEN.ROSS","SOLO.BALL","TARRIS.REED","ALEX.KARABAN","CLEAN",FALSE,2
"438","6564880","03/29/2026","Duke","UConn",2,"01:51","38:09",2289,70,65,"Duke","Patrick Ngongba, freethrow 1of2   made","PATRICK.NGONGBA",NA,"Free Throw","made",1,0,118,"Duke",0,FALSE,"DAME.SARR","ISAIAH.EVANS","CAYDEN.BOOZER","PATRICK.NGONGBA","CAMERON.BOOZER","SILAS.DEMARY","BRAYLON.MULLINS","SOLO.BALL","TARRIS.REED","ALEX.KARABAN","CLEAN",FALSE,2
"439","6564880","03/29/2026","Duke","UConn",2,"01:51","38:09",2289,70,65,"Duke","Patrick Ngongba, freethrow 2of2   missed","PATRICK.NGONGBA",NA,"Free Throw","missed",1,0,118,"Duke",0,FALSE,"DAME.SARR","ISAIAH.EVANS","CAYDEN.BOOZER","PATRICK.NGONGBA","CAMERON.BOOZER","SILAS.DEMARY","BRAYLON.MULLINS","SOLO.BALL","TARRIS.REED","ALEX.KARABAN","CLEAN",FALSE,2
"440","6564880","03/29/2026","Duke","UConn",2,"01:51","38:09",2289,70,65,"Duke","Nikolas Khamenia, substitution in","NIKOLAS.KHAMENIA",NA,"Enters Game",NA,NA,0,118,"Duke",0,FALSE,"DAME.SARR","ISAIAH.EVANS","CAYDEN.BOOZER","PATRICK.NGONGBA","CAMERON.BOOZER","SILAS.DEMARY","BRAYLON.MULLINS","SOLO.BALL","TARRIS.REED","ALEX.KARABAN","CLEAN",FALSE,2
"441","6564880","03/29/2026","Duke","UConn",2,"01:51","38:09",2289,70,65,"Duke","Isaiah Evans, substitution out","ISAIAH.EVANS",NA,"Leaves Game",NA,NA,0,118,"Duke",0,FALSE,"DAME.SARR","ISAIAH.EVANS","CAYDEN.BOOZER","PATRICK.NGONGBA","CAMERON.BOOZER","SILAS.DEMARY","BRAYLON.MULLINS","SOLO.BALL","TARRIS.REED","ALEX.KARABAN","CLEAN",FALSE,2
"442","6564880","03/29/2026","Duke","UConn",2,"01:50","38:10",2290,70,65,"UConn","Tarris Reed Jr., rebound defensive","TARRIS.REED",NA,"Defensive Rebound",NA,NA,1,118,"Duke",1,FALSE,"DAME.SARR","ISAIAH.EVANS","CAYDEN.BOOZER","PATRICK.NGONGBA","CAMERON.BOOZER","SILAS.DEMARY","BRAYLON.MULLINS","SOLO.BALL","TARRIS.REED","ALEX.KARABAN","CLEAN",FALSE,2
"443","6564880","03/29/2026","Duke","UConn",2,"01:36","38:24",2304,70,65,"UConn","Alex Karaban, 3pt jumpshot   missed","ALEX.KARABAN",NA,"Three Point Jumper","missed",3,14,119,"UConn",14,FALSE,"DAME.SARR","NIKOLAS.KHAMENIA","CAYDEN.BOOZER","PATRICK.NGONGBA","CAMERON.BOOZER","SILAS.DEMARY","BRAYLON.MULLINS","SOLO.BALL","TARRIS.REED","ALEX.KARABAN","CLEAN",FALSE,2
"444","6564880","03/29/2026","Duke","UConn",2,"01:33","38:27",2307,70,65,"UConn","Solo Ball, rebound offensive","SOLO.BALL",NA,"Offensive Rebound",NA,NA,3,119,"UConn",17,FALSE,"DAME.SARR","NIKOLAS.KHAMENIA","CAYDEN.BOOZER","PATRICK.NGONGBA","CAMERON.BOOZER","SILAS.DEMARY","BRAYLON.MULLINS","SOLO.BALL","TARRIS.REED","ALEX.KARABAN","CLEAN",FALSE,2
"445","6564880","03/29/2026","Duke","UConn",2,"01:31","38:29",2309,70,65,"Duke","Dame Sarr, foul personal 2freethrow;","DAME.SARR",NA,"Commits Foul",NA,NA,2,119,"UConn",19,FALSE,"DAME.SARR","NIKOLAS.KHAMENIA","CAYDEN.BOOZER","PATRICK.NGONGBA","CAMERON.BOOZER","SILAS.DEMARY","BRAYLON.MULLINS","SOLO.BALL","TARRIS.REED","ALEX.KARABAN","CLEAN",FALSE,2
"446","6564880","03/29/2026","Duke","UConn",2,"01:31","38:29",2309,70,65,"UConn","Solo Ball, foulon","SOLO.BALL",NA,"Draw Foul",NA,NA,0,119,"UConn",19,FALSE,"DAME.SARR","NIKOLAS.KHAMENIA","CAYDEN.BOOZER","PATRICK.NGONGBA","CAMERON.BOOZER","SILAS.DEMARY","BRAYLON.MULLINS","SOLO.BALL","TARRIS.REED","ALEX.KARABAN","CLEAN",FALSE,2
"447","6564880","03/29/2026","Duke","UConn",2,"01:31","38:29",2309,70,65,"UConn","Solo Ball, freethrow 1of2 2ndchance;  missed","SOLO.BALL",NA,"Free Throw","missed",1,0,119,"UConn",19,FALSE,"DAME.SARR","NIKOLAS.KHAMENIA","CAYDEN.BOOZER","PATRICK.NGONGBA","CAMERON.BOOZER","SILAS.DEMARY","BRAYLON.MULLINS","SOLO.BALL","TARRIS.REED","ALEX.KARABAN","CLEAN",FALSE,2
"448","6564880","03/29/2026","Duke","UConn",2,"01:31","38:29",2309,70,65,"UConn","Team, rebound offensivedeadball","TEAM",NA,"Deadball Rebound",NA,NA,0,119,"UConn",19,FALSE,"DAME.SARR","NIKOLAS.KHAMENIA","CAYDEN.BOOZER","PATRICK.NGONGBA","CAMERON.BOOZER","SILAS.DEMARY","BRAYLON.MULLINS","SOLO.BALL","TARRIS.REED","ALEX.KARABAN","CLEAN",FALSE,2
"449","6564880","03/29/2026","Duke","UConn",2,"01:31","38:29",2309,70,65,"Duke","Cayden Boozer, substitution out","CAYDEN.BOOZER",NA,"Leaves Game",NA,NA,0,119,"UConn",19,FALSE,"DAME.SARR","NIKOLAS.KHAMENIA","CAYDEN.BOOZER","PATRICK.NGONGBA","CAMERON.BOOZER","SILAS.DEMARY","BRAYLON.MULLINS","SOLO.BALL","TARRIS.REED","ALEX.KARABAN","CLEAN",FALSE,2
"450","6564880","03/29/2026","Duke","UConn",2,"01:31","38:29",2309,70,65,"Duke","Nikolas Khamenia, substitution out","NIKOLAS.KHAMENIA",NA,"Leaves Game",NA,NA,0,119,"UConn",19,FALSE,"DAME.SARR","NIKOLAS.KHAMENIA","CAYDEN.BOOZER","PATRICK.NGONGBA","CAMERON.BOOZER","SILAS.DEMARY","BRAYLON.MULLINS","SOLO.BALL","TARRIS.REED","ALEX.KARABAN","CLEAN",FALSE,2
"451","6564880","03/29/2026","Duke","UConn",2,"01:31","38:29",2309,70,65,"Duke","Caleb Foster, substitution in","CALEB.FOSTER",NA,"Enters Game",NA,NA,0,119,"UConn",19,FALSE,"DAME.SARR","NIKOLAS.KHAMENIA","CAYDEN.BOOZER","PATRICK.NGONGBA","CAMERON.BOOZER","SILAS.DEMARY","BRAYLON.MULLINS","SOLO.BALL","TARRIS.REED","ALEX.KARABAN","CLEAN",FALSE,2
"452","6564880","03/29/2026","Duke","UConn",2,"01:31","38:29",2309,70,65,"Duke","Isaiah Evans, substitution in","ISAIAH.EVANS",NA,"Enters Game",NA,NA,0,119,"UConn",19,FALSE,"DAME.SARR","NIKOLAS.KHAMENIA","CAYDEN.BOOZER","PATRICK.NGONGBA","CAMERON.BOOZER","SILAS.DEMARY","BRAYLON.MULLINS","SOLO.BALL","TARRIS.REED","ALEX.KARABAN","CLEAN",FALSE,2
"453","6564880","03/29/2026","Duke","UConn",2,"01:31","38:29",2309,70,66,"UConn","Solo Ball, freethrow 2of2 2ndchance;  made","SOLO.BALL",NA,"Free Throw","made",1,0,119,"UConn",19,FALSE,"DAME.SARR","NIKOLAS.KHAMENIA","CAYDEN.BOOZER","PATRICK.NGONGBA","CAMERON.BOOZER","SILAS.DEMARY","BRAYLON.MULLINS","SOLO.BALL","TARRIS.REED","ALEX.KARABAN","CLEAN",FALSE,2
"454","6564880","03/29/2026","Duke","UConn",2,"01:31","38:29",2309,70,66,"UConn","Solo Ball, substitution out","SOLO.BALL",NA,"Leaves Game",NA,NA,0,119,"UConn",19,FALSE,"DAME.SARR","NIKOLAS.KHAMENIA","CAYDEN.BOOZER","PATRICK.NGONGBA","CAMERON.BOOZER","SILAS.DEMARY","BRAYLON.MULLINS","SOLO.BALL","TARRIS.REED","ALEX.KARABAN","CLEAN",FALSE,2
"455","6564880","03/29/2026","Duke","UConn",2,"01:31","38:29",2309,70,66,"UConn","Jayden Ross, substitution in","JAYDEN.ROSS",NA,"Enters Game",NA,NA,0,119,"UConn",19,FALSE,"DAME.SARR","NIKOLAS.KHAMENIA","CAYDEN.BOOZER","PATRICK.NGONGBA","CAMERON.BOOZER","SILAS.DEMARY","BRAYLON.MULLINS","SOLO.BALL","TARRIS.REED","ALEX.KARABAN","CLEAN",FALSE,2
"456","6564880","03/29/2026","Duke","UConn",2,"01:20","38:40",2320,70,66,"Duke","Team, timeout full","TEAM",NA,"Timeout",NA,NA,11,120,"Duke",11,FALSE,"DAME.SARR","ISAIAH.EVANS","CALEB.FOSTER","PATRICK.NGONGBA","CAMERON.BOOZER","SILAS.DEMARY","BRAYLON.MULLINS","JAYDEN.ROSS","TARRIS.REED","ALEX.KARABAN","CLEAN",FALSE,2
"457","6564880","03/29/2026","Duke","UConn",2,"01:05","38:55",2335,70,66,"Duke","Cameron Boozer, turnover lostball","CAMERON.BOOZER",NA,"Turnover",NA,NA,15,120,"Duke",26,FALSE,"DAME.SARR","ISAIAH.EVANS","CALEB.FOSTER","PATRICK.NGONGBA","CAMERON.BOOZER","SILAS.DEMARY","BRAYLON.MULLINS","JAYDEN.ROSS","TARRIS.REED","ALEX.KARABAN","CLEAN",FALSE,2
"458","6564880","03/29/2026","Duke","UConn",2,"01:05","38:55",2335,70,66,"UConn","Tarris Reed Jr., steal","TARRIS.REED",NA,"Steal",NA,NA,0,120,"Duke",26,FALSE,"DAME.SARR","ISAIAH.EVANS","CALEB.FOSTER","PATRICK.NGONGBA","CAMERON.BOOZER","SILAS.DEMARY","BRAYLON.MULLINS","JAYDEN.ROSS","TARRIS.REED","ALEX.KARABAN","CLEAN",FALSE,2
"459","6564880","03/29/2026","Duke","UConn",2,"00:50","39:10",2350,70,69,"UConn","Alex Karaban, 3pt jumpshot fromturnover;  made - Silas Demary Jr., assist","ALEX.KARABAN","SILAS.DEMARY","Three Point Jumper","made",3,15,121,"UConn",15,FALSE,"DAME.SARR","ISAIAH.EVANS","CALEB.FOSTER","PATRICK.NGONGBA","CAMERON.BOOZER","SILAS.DEMARY","BRAYLON.MULLINS","JAYDEN.ROSS","TARRIS.REED","ALEX.KARABAN","CLEAN",FALSE,2
"460","6564880","03/29/2026","Duke","UConn",2,"00:28","39:32",2372,72,69,"Duke","Cameron Boozer, 2pt pullupjumpshot pointsinthepaint;  made","CAMERON.BOOZER",NA,"Two Point Jumper","made",2,22,122,"Duke",22,FALSE,"DAME.SARR","ISAIAH.EVANS","CALEB.FOSTER","PATRICK.NGONGBA","CAMERON.BOOZER","SILAS.DEMARY","BRAYLON.MULLINS","JAYDEN.ROSS","TARRIS.REED","ALEX.KARABAN","CLEAN",FALSE,2
"461","6564880","03/29/2026","Duke","UConn",2,"00:27","39:33",2373,72,69,"UConn","Team, timeout full","TEAM",NA,"Timeout",NA,NA,1,123,"UConn",1,FALSE,"DAME.SARR","ISAIAH.EVANS","CALEB.FOSTER","PATRICK.NGONGBA","CAMERON.BOOZER","SILAS.DEMARY","BRAYLON.MULLINS","JAYDEN.ROSS","TARRIS.REED","ALEX.KARABAN","CLEAN",FALSE,2
"462","6564880","03/29/2026","Duke","UConn",2,"00:27","39:33",2373,72,69,"Duke","Nikolas Khamenia, substitution in","NIKOLAS.KHAMENIA",NA,"Enters Game",NA,NA,0,123,"UConn",1,FALSE,"DAME.SARR","ISAIAH.EVANS","CALEB.FOSTER","PATRICK.NGONGBA","CAMERON.BOOZER","SILAS.DEMARY","BRAYLON.MULLINS","JAYDEN.ROSS","TARRIS.REED","ALEX.KARABAN","CLEAN",FALSE,2
"463","6564880","03/29/2026","Duke","UConn",2,"00:27","39:33",2373,72,69,"Duke","Caleb Foster, substitution out","CALEB.FOSTER",NA,"Leaves Game",NA,NA,0,123,"UConn",1,FALSE,"DAME.SARR","ISAIAH.EVANS","CALEB.FOSTER","PATRICK.NGONGBA","CAMERON.BOOZER","SILAS.DEMARY","BRAYLON.MULLINS","JAYDEN.ROSS","TARRIS.REED","ALEX.KARABAN","CLEAN",FALSE,2
"464","6564880","03/29/2026","Duke","UConn",2,"00:27","39:33",2373,72,69,"UConn","Jayden Ross, substitution out","JAYDEN.ROSS",NA,"Leaves Game",NA,NA,0,123,"UConn",1,FALSE,"DAME.SARR","ISAIAH.EVANS","CALEB.FOSTER","PATRICK.NGONGBA","CAMERON.BOOZER","SILAS.DEMARY","BRAYLON.MULLINS","JAYDEN.ROSS","TARRIS.REED","ALEX.KARABAN","CLEAN",FALSE,2
"465","6564880","03/29/2026","Duke","UConn",2,"00:27","39:33",2373,72,69,"UConn","Solo Ball, substitution in","SOLO.BALL",NA,"Enters Game",NA,NA,0,123,"UConn",1,FALSE,"DAME.SARR","ISAIAH.EVANS","CALEB.FOSTER","PATRICK.NGONGBA","CAMERON.BOOZER","SILAS.DEMARY","BRAYLON.MULLINS","JAYDEN.ROSS","TARRIS.REED","ALEX.KARABAN","CLEAN",FALSE,2
"466","6564880","03/29/2026","Duke","UConn",2,"00:10","39:50",2390,72,69,"UConn","Team, rebound offensivedeadball","TEAM",NA,"Deadball Rebound",NA,NA,17,123,"UConn",18,FALSE,"DAME.SARR","ISAIAH.EVANS","CALEB.FOSTER","PATRICK.NGONGBA","CAMERON.BOOZER","SILAS.DEMARY","BRAYLON.MULLINS","JAYDEN.ROSS","TARRIS.REED","ALEX.KARABAN","CLEAN",FALSE,2
"467","6564880","03/29/2026","Duke","UConn",2,"00:10","39:50",2390,72,69,"UConn","Silas Demary Jr., freethrow 1of2   missed","SILAS.DEMARY",NA,"Free Throw","missed",1,0,123,"UConn",18,FALSE,"DAME.SARR","ISAIAH.EVANS","CALEB.FOSTER","PATRICK.NGONGBA","CAMERON.BOOZER","SILAS.DEMARY","BRAYLON.MULLINS","JAYDEN.ROSS","TARRIS.REED","ALEX.KARABAN","CLEAN",FALSE,2
"468","6564880","03/29/2026","Duke","UConn",2,"00:10","39:50",2390,72,69,"UConn","Silas Demary Jr., foulon","SILAS.DEMARY",NA,"Draw Foul",NA,NA,0,123,"UConn",18,FALSE,"DAME.SARR","ISAIAH.EVANS","CALEB.FOSTER","PATRICK.NGONGBA","CAMERON.BOOZER","SILAS.DEMARY","BRAYLON.MULLINS","JAYDEN.ROSS","TARRIS.REED","ALEX.KARABAN","CLEAN",FALSE,2
"469","6564880","03/29/2026","Duke","UConn",2,"00:10","39:50",2390,72,69,"Duke","Cameron Boozer, foul personal 2freethrow;","CAMERON.BOOZER",NA,"Commits Foul",NA,NA,0,123,"UConn",18,FALSE,"DAME.SARR","ISAIAH.EVANS","CALEB.FOSTER","PATRICK.NGONGBA","CAMERON.BOOZER","SILAS.DEMARY","BRAYLON.MULLINS","JAYDEN.ROSS","TARRIS.REED","ALEX.KARABAN","CLEAN",FALSE,2
"470","6564880","03/29/2026","Duke","UConn",2,"00:10","39:50",2390,72,69,"Duke","Cayden Boozer, substitution in","CAYDEN.BOOZER",NA,"Enters Game",NA,NA,0,123,"UConn",18,FALSE,"DAME.SARR","ISAIAH.EVANS","CALEB.FOSTER","PATRICK.NGONGBA","CAMERON.BOOZER","SILAS.DEMARY","BRAYLON.MULLINS","JAYDEN.ROSS","TARRIS.REED","ALEX.KARABAN","CLEAN",FALSE,2
"471","6564880","03/29/2026","Duke","UConn",2,"00:10","39:50",2390,72,69,"Duke","Nikolas Khamenia, substitution out","NIKOLAS.KHAMENIA",NA,"Leaves Game",NA,NA,0,123,"UConn",18,FALSE,"DAME.SARR","ISAIAH.EVANS","CALEB.FOSTER","PATRICK.NGONGBA","CAMERON.BOOZER","SILAS.DEMARY","BRAYLON.MULLINS","JAYDEN.ROSS","TARRIS.REED","ALEX.KARABAN","CLEAN",FALSE,2
"472","6564880","03/29/2026","Duke","UConn",2,"00:10","39:50",2390,72,69,"UConn","Solo Ball, substitution out","SOLO.BALL",NA,"Leaves Game",NA,NA,0,123,"UConn",18,FALSE,"DAME.SARR","ISAIAH.EVANS","CALEB.FOSTER","PATRICK.NGONGBA","CAMERON.BOOZER","SILAS.DEMARY","BRAYLON.MULLINS","JAYDEN.ROSS","TARRIS.REED","ALEX.KARABAN","CLEAN",FALSE,2
"473","6564880","03/29/2026","Duke","UConn",2,"00:10","39:50",2390,72,69,"UConn","Jayden Ross, substitution in","JAYDEN.ROSS",NA,"Enters Game",NA,NA,0,123,"UConn",18,FALSE,"DAME.SARR","ISAIAH.EVANS","CALEB.FOSTER","PATRICK.NGONGBA","CAMERON.BOOZER","SILAS.DEMARY","BRAYLON.MULLINS","JAYDEN.ROSS","TARRIS.REED","ALEX.KARABAN","CLEAN",FALSE,2
"474","6564880","03/29/2026","Duke","UConn",2,"00:10","39:50",2390,72,69,"UConn","Malachi Smith, substitution in","MALACHI.SMITH",NA,"Enters Game",NA,NA,0,123,"UConn",18,FALSE,"DAME.SARR","ISAIAH.EVANS","CALEB.FOSTER","PATRICK.NGONGBA","CAMERON.BOOZER","SILAS.DEMARY","BRAYLON.MULLINS","JAYDEN.ROSS","TARRIS.REED","ALEX.KARABAN","CLEAN",FALSE,2
"475","6564880","03/29/2026","Duke","UConn",2,"00:10","39:50",2390,72,69,"UConn","Tarris Reed Jr., substitution out","TARRIS.REED",NA,"Leaves Game",NA,NA,0,123,"UConn",18,FALSE,"DAME.SARR","ISAIAH.EVANS","CALEB.FOSTER","PATRICK.NGONGBA","CAMERON.BOOZER","SILAS.DEMARY","BRAYLON.MULLINS","JAYDEN.ROSS","TARRIS.REED","ALEX.KARABAN","CLEAN",FALSE,2
"476","6564880","03/29/2026","Duke","UConn",2,"00:10","39:50",2390,72,70,"UConn","Silas Demary Jr., freethrow 2of2   made","SILAS.DEMARY",NA,"Free Throw","made",1,0,123,"UConn",18,FALSE,"DAME.SARR","ISAIAH.EVANS","CALEB.FOSTER","PATRICK.NGONGBA","CAMERON.BOOZER","SILAS.DEMARY","BRAYLON.MULLINS","JAYDEN.ROSS","TARRIS.REED","ALEX.KARABAN","CLEAN",FALSE,2
"477","6564880","03/29/2026","Duke","UConn",2,"00:06","39:54",2394,72,70,"Duke","Cayden Boozer, turnover badpass","CAYDEN.BOOZER",NA,"Turnover",NA,NA,4,124,"Duke",4,FALSE,"DAME.SARR","ISAIAH.EVANS","CAYDEN.BOOZER","PATRICK.NGONGBA","CAMERON.BOOZER","SILAS.DEMARY","BRAYLON.MULLINS","JAYDEN.ROSS","MALACHI.SMITH","ALEX.KARABAN","CLEAN",FALSE,2
"478","6564880","03/29/2026","Duke","UConn",2,"00:06","39:54",2394,72,70,"UConn","Silas Demary Jr., steal","SILAS.DEMARY",NA,"Steal",NA,NA,0,124,"Duke",4,FALSE,"DAME.SARR","ISAIAH.EVANS","CAYDEN.BOOZER","PATRICK.NGONGBA","CAMERON.BOOZER","SILAS.DEMARY","BRAYLON.MULLINS","JAYDEN.ROSS","MALACHI.SMITH","ALEX.KARABAN","CLEAN",FALSE,2
"479","6564880","03/29/2026","Duke","UConn",2,"00:00","40:00",2400,72,73,"UConn","Braylon Mullins, 3pt jumpshot fromturnover;fastbreak;  made - Alex Karaban, assist","BRAYLON.MULLINS","ALEX.KARABAN","Three Point Jumper","made",3,6,125,"UConn",6,TRUE,"DAME.SARR","ISAIAH.EVANS","CAYDEN.BOOZER","PATRICK.NGONGBA","CAMERON.BOOZER","SILAS.DEMARY","BRAYLON.MULLINS","JAYDEN.ROSS","MALACHI.SMITH","ALEX.KARABAN","CLEAN",FALSE,2
"480","6564880","03/29/2026","Duke","UConn",2,"00:00","40:00",2400,72,73,"UConn","Team, timeout short","TEAM",NA,"Timeout",NA,NA,0,125,"UConn",6,TRUE,"DAME.SARR","ISAIAH.EVANS","CAYDEN.BOOZER","PATRICK.NGONGBA","CAMERON.BOOZER","SILAS.DEMARY","BRAYLON.MULLINS","JAYDEN.ROSS","MALACHI.SMITH","ALEX.KARABAN","CLEAN",FALSE,2
"481","6564880","03/29/2026","Duke","UConn",2,"00:00","40:00",2400,72,73,"Duke","Cayden Boozer, substitution out","CAYDEN.BOOZER",NA,"Leaves Game",NA,NA,0,125,"UConn",6,TRUE,"DAME.SARR","ISAIAH.EVANS","CAYDEN.BOOZER","PATRICK.NGONGBA","CAMERON.BOOZER","SILAS.DEMARY","BRAYLON.MULLINS","JAYDEN.ROSS","MALACHI.SMITH","ALEX.KARABAN","CLEAN",FALSE,2
"482","6564880","03/29/2026","Duke","UConn",2,"00:00","40:00",2400,72,73,"Duke","Caleb Foster, substitution in","CALEB.FOSTER",NA,"Enters Game",NA,NA,0,125,"UConn",6,TRUE,"DAME.SARR","ISAIAH.EVANS","CAYDEN.BOOZER","PATRICK.NGONGBA","CAMERON.BOOZER","SILAS.DEMARY","BRAYLON.MULLINS","JAYDEN.ROSS","MALACHI.SMITH","ALEX.KARABAN","CLEAN",FALSE,2
"483","6564880","03/29/2026","Duke","UConn",2,"00:00","40:00",2400,72,73,"UConn","Tarris Reed Jr., substitution in","TARRIS.REED",NA,"Enters Game",NA,NA,0,125,"UConn",6,TRUE,"DAME.SARR","ISAIAH.EVANS","CAYDEN.BOOZER","PATRICK.NGONGBA","CAMERON.BOOZER","SILAS.DEMARY","BRAYLON.MULLINS","JAYDEN.ROSS","MALACHI.SMITH","ALEX.KARABAN","CLEAN",FALSE,2
"484","6564880","03/29/2026","Duke","UConn",2,"00:00","40:00",2400,72,73,"UConn","Malachi Smith, substitution out","MALACHI.SMITH",NA,"Leaves Game",NA,NA,0,125,"UConn",6,TRUE,"DAME.SARR","ISAIAH.EVANS","CAYDEN.BOOZER","PATRICK.NGONGBA","CAMERON.BOOZER","SILAS.DEMARY","BRAYLON.MULLINS","JAYDEN.ROSS","MALACHI.SMITH","ALEX.KARABAN","CLEAN",FALSE,2
