"","year","Season","team_name","team_slug","SRS"
"1",2026,"2025-26","Boston College","boston-college",3.04
"2",2025,"2024-25","Boston College","boston-college",-0.25
"3",2024,"2023-24","Boston College","boston-college",9.48
"4",2023,"2022-23","Boston College","boston-college",1.09
"5",2022,"2021-22","Boston College","boston-college",4.03
"6",2021,"2020-21","Boston College","boston-college",0.82
"7",2020,"2019-20","Boston College","boston-college",1.82
"8",2019,"2018-19","Boston College","boston-college",5.83
"9",2018,"2017-18","Boston College","boston-college",9
"10",2017,"2016-17","Boston College","boston-college",2.2
"11",2016,"2015-16","Boston College","boston-college",-1.61
"12",2015,"2014-15","Boston College","boston-college",6.32
"13",2014,"2013-14","Boston College","boston-college",3.01
"14",2013,"2012-13","Boston College","boston-college",6.11
"15",2012,"2011-12","Boston College","boston-college",-4.54
"16",2011,"2010-11","Boston College","boston-college",9.78
"17",2010,"2009-10","Boston College","boston-college",9.58
"18",2009,"2008-09","Boston College","boston-college",10.36
"19",2008,"2007-08","Boston College","boston-college",6.46
"20",2007,"2006-07","Boston College","boston-college",13.76
"21",2006,"2005-06","Boston College","boston-college",13.79
"22",2005,"2004-05","Boston College","boston-college",14.38
"23",2004,"2003-04","Boston College","boston-college",11.99
"24",2003,"2002-03","Boston College","boston-college",10.3
"25",2002,"2001-02","Boston College","boston-college",8.96
"26",2001,"2000-01","Boston College","boston-college",17.99
"27",2000,"1999-00","Boston College","boston-college",4.21
"28",1999,"1998-99","Boston College","boston-college",-1.24
"29",1998,"1997-98","Boston College","boston-college",5.14
"30",1997,"1996-97","Boston College","boston-college",11.92
"31",1996,"1995-96","Boston College","boston-college",16.93
"32",1995,"1994-95","Boston College","boston-college",1.36
"33",1994,"1993-94","Boston College","boston-college",16.78
"34",1993,"1992-93","Boston College","boston-college",11.88
"35",1992,"1991-92","Boston College","boston-college",10.48
"36",1991,"1990-91","Boston College","boston-college",8.03
"37",1990,"1989-90","Boston College","boston-college",0.89
"38",1989,"1988-89","Boston College","boston-college",3.41
"39",1988,"1987-88","Boston College","boston-college",9.01
"40",1987,"1986-87","Boston College","boston-college",1.97
"41",1986,"1985-86","Boston College","boston-college",6.24
"42",1985,"1984-85","Boston College","boston-college",11
"43",1984,"1983-84","Boston College","boston-college",9.36
"44",1983,"1982-83","Boston College","boston-college",11.49
"45",1982,"1981-82","Boston College","boston-college",10.08
"46",1981,"1980-81","Boston College","boston-college",7.47
"47",1980,"1979-80","Boston College","boston-college",5.92
"48",1979,"1978-79","Boston College","boston-college",1.5
"49",1978,"1977-78","Boston College","boston-college",-1.66
"50",1977,"1976-77","Boston College","boston-college",-10.54
"51",1976,"1975-76","Boston College","boston-college",-4.32
"52",1975,"1974-75","Boston College","boston-college",4.04
"53",1974,"1973-74","Boston College","boston-college",3.35
"54",1973,"1972-73","Boston College","boston-college",-4.24
"55",1972,"1971-72","Boston College","boston-college",-2.36
"56",1971,"1970-71","Boston College","boston-college",3.69
"57",1970,"1969-70","Boston College","boston-college",-3.15
"58",1969,"1968-69","Boston College","boston-college",11.26
"59",1968,"1967-68","Boston College","boston-college",13.92
"60",1967,"1966-67","Boston College","boston-college",11.72
"61",1966,"1965-66","Boston College","boston-college",8.45
"62",1965,"1964-65","Boston College","boston-college",1.72
"63",1964,"1963-64","Boston College","boston-college",-13.57
"64",1963,"1962-63","Boston College","boston-college",-5.24
"65",1962,"1961-62","Boston College","boston-college",-3.63
"66",1961,"1960-61","Boston College","boston-college",-3.9
"67",1960,"1959-60","Boston College","boston-college",-7.6
"68",1959,"1958-59","Boston College","boston-college",0.93
"69",1958,"1957-58","Boston College","boston-college",-4.63
"70",1957,"1956-57","Boston College","boston-college",-14.23
"71",1956,"1955-56","Boston College","boston-college",-26.8
"72",1955,"1954-55","Boston College","boston-college",-24.19
"73",1954,"1953-54","Boston College","boston-college",-8.17
"74",1953,"1952-53","Boston College","boston-college",-13.17
"75",1952,"1951-52","Boston College","boston-college",-0.44
"76",1951,"1950-51","Boston College","boston-college",-0.97
"77",1950,"1949-50","Boston College","boston-college",-1.83
"78",2026,"2025-26","California","california",11.28
"79",2025,"2024-25","California","california",5.48
"80",2024,"2023-24","California","california",4.94
"81",2023,"2022-23","California","california",-3.36
"82",2022,"2021-22","California","california",3.96
"83",2021,"2020-21","California","california",4.89
"84",2020,"2019-20","California","california",3.2
"85",2019,"2018-19","California","california",-3.16
"86",2018,"2017-18","California","california",-3.4
"87",2017,"2016-17","California","california",11.11
"88",2016,"2015-16","California","california",15.39
"89",2015,"2014-15","California","california",5.36
"90",2014,"2013-14","California","california",10.7
"91",2013,"2012-13","California","california",10.59
"92",2012,"2011-12","California","california",13.79
"93",2011,"2010-11","California","california",9.45
"94",2010,"2009-10","California","california",17.29
"95",2009,"2008-09","California","california",13.3
"96",2008,"2007-08","California","california",9.36
"97",2007,"2006-07","California","california",8.64
"98",2006,"2005-06","California","california",12.31
"99",2005,"2004-05","California","california",2.58
"100",2004,"2003-04","California","california",6.29
"101",2003,"2002-03","California","california",11.78
"102",2002,"2001-02","California","california",13.08
"103",2001,"2000-01","California","california",14.77
"104",2000,"1999-00","California","california",9.65
"105",1999,"1998-99","California","california",12.05
"106",1998,"1997-98","California","california",8.33
"107",1997,"1996-97","California","california",17.34
"108",1996,"1995-96","California","california",11.9
"109",1995,"1994-95","California","california",10.96
"110",1994,"1993-94","California","california",14.29
"111",1993,"1992-93","California","california",12.79
"112",1992,"1991-92","California","california",5.74
"113",1991,"1990-91","California","california",8.15
"114",1990,"1989-90","California","california",10.93
"115",1989,"1988-89","California","california",10.62
"116",1988,"1987-88","California","california",-0.71
"117",1987,"1986-87","California","california",6.62
"118",1986,"1985-86","California","california",5.62
"119",1985,"1984-85","California","california",2.08
"120",1984,"1983-84","California","california",0.76
"121",1983,"1982-83","California","california",6.44
"122",1982,"1981-82","California","california",4.3
"123",1981,"1980-81","California","california",0.49
"124",1980,"1979-80","California","california",-1.78
"125",1979,"1978-79","California","california",-2.62
"126",1978,"1977-78","California","california",5.37
"127",1977,"1976-77","California","california",3.12
"128",1976,"1975-76","California","california",1.9
"129",1975,"1974-75","California","california",5.85
"130",1974,"1973-74","California","california",0.68
"131",1973,"1972-73","California","california",5.75
"132",1972,"1971-72","California","california",4.04
"133",1971,"1970-71","California","california",8.71
"134",1970,"1969-70","California","california",4.77
"135",1969,"1968-69","California","california",1.68
"136",1968,"1967-68","California","california",3.53
"137",1967,"1966-67","California","california",3.88
"138",1966,"1965-66","California","california",-0.27
"139",1965,"1964-65","California","california",1.79
"140",1964,"1963-64","California","california",4.47
"141",1963,"1962-63","California","california",8.47
"142",1962,"1961-62","California","california",-0.66
"143",1961,"1960-61","California","california",7.75
"144",1960,"1959-60","California","california",21.03
"145",1959,"1958-59","California","california",15.51
"146",1958,"1957-58","California","california",9.43
"147",1957,"1956-57","California","california",10.41
"148",1956,"1955-56","California","california",4.38
"149",1955,"1954-55","California","california",6
"150",1954,"1953-54","California","california",9.73
"151",1953,"1952-53","California","california",9.56
"152",1952,"1951-52","California","california",4.77
"153",1951,"1950-51","California","california",7.18
"154",1950,"1949-50","California","california",-1.42
"155",2026,"2025-26","Clemson","clemson",16.44
"156",2025,"2024-25","Clemson","clemson",17.81
"157",2024,"2023-24","Clemson","clemson",16.2
"158",2023,"2022-23","Clemson","clemson",10.53
"159",2022,"2021-22","Clemson","clemson",9.59
"160",2021,"2020-21","Clemson","clemson",12.49
"161",2020,"2019-20","Clemson","clemson",10.26
"162",2019,"2018-19","Clemson","clemson",13.85
"163",2018,"2017-18","Clemson","clemson",17.16
"164",2017,"2016-17","Clemson","clemson",13.22
"165",2016,"2015-16","Clemson","clemson",12.03
"166",2015,"2014-15","Clemson","clemson",7.73
"167",2014,"2013-14","Clemson","clemson",11.08
"168",2013,"2012-13","Clemson","clemson",5.85
"169",2012,"2011-12","Clemson","clemson",7.31
"170",2011,"2010-11","Clemson","clemson",13.76
"171",2010,"2009-10","Clemson","clemson",15.71
"172",2009,"2008-09","Clemson","clemson",15.56
"173",2008,"2007-08","Clemson","clemson",18.05
"174",2007,"2006-07","Clemson","clemson",15.35
"175",2006,"2005-06","Clemson","clemson",10.3
"176",2005,"2004-05","Clemson","clemson",11.23
"177",2004,"2003-04","Clemson","clemson",5.87
"178",2003,"2002-03","Clemson","clemson",5.67
"179",2002,"2001-02","Clemson","clemson",3.56
"180",2001,"2000-01","Clemson","clemson",2.73
"181",2000,"1999-00","Clemson","clemson",1.83
"182",1999,"1998-99","Clemson","clemson",13.41
"183",1998,"1997-98","Clemson","clemson",17.17
"184",1997,"1996-97","Clemson","clemson",17.23
"185",1996,"1995-96","Clemson","clemson",13.18
"186",1995,"1994-95","Clemson","clemson",10.4
"187",1994,"1993-94","Clemson","clemson",9.21
"188",1993,"1992-93","Clemson","clemson",10.05
"189",1992,"1991-92","Clemson","clemson",6.94
"190",1991,"1990-91","Clemson","clemson",5.51
"191",1990,"1989-90","Clemson","clemson",15.67
"192",1989,"1988-89","Clemson","clemson",11.56
"193",1988,"1987-88","Clemson","clemson",9.21
"194",1987,"1986-87","Clemson","clemson",16.59
"195",1986,"1985-86","Clemson","clemson",12.86
"196",1985,"1984-85","Clemson","clemson",8.06
"197",1984,"1983-84","Clemson","clemson",10.64
"198",1983,"1982-83","Clemson","clemson",2.51
"199",1982,"1981-82","Clemson","clemson",9.83
"200",1981,"1980-81","Clemson","clemson",10.39
"201",1980,"1979-80","Clemson","clemson",15.72
"202",1979,"1978-79","Clemson","clemson",10.51
"203",1978,"1977-78","Clemson","clemson",11.89
"204",1977,"1976-77","Clemson","clemson",19
"205",1976,"1975-76","Clemson","clemson",9.62
"206",1975,"1974-75","Clemson","clemson",14.13
"207",1974,"1973-74","Clemson","clemson",5.31
"208",1973,"1972-73","Clemson","clemson",5.33
"209",1972,"1971-72","Clemson","clemson",3.97
"210",1971,"1970-71","Clemson","clemson",-3.5
"211",1970,"1969-70","Clemson","clemson",-3.96
"212",1969,"1968-69","Clemson","clemson",-3.86
"213",1968,"1967-68","Clemson","clemson",-9.8
"214",1967,"1966-67","Clemson","clemson",5.37
"215",1966,"1965-66","Clemson","clemson",5.47
"216",1965,"1964-65","Clemson","clemson",0.19
"217",1964,"1963-64","Clemson","clemson",1.58
"218",1963,"1962-63","Clemson","clemson",-0.45
"219",1962,"1961-62","Clemson","clemson",-0.38
"220",1961,"1960-61","Clemson","clemson",-5.1
"221",1960,"1959-60","Clemson","clemson",-7.39
"222",1959,"1958-59","Clemson","clemson",-6.04
"223",1958,"1957-58","Clemson","clemson",-3.73
"224",1957,"1956-57","Clemson","clemson",-9.38
"225",1956,"1955-56","Clemson","clemson",-5.97
"226",1955,"1954-55","Clemson","clemson",-19.15
"227",1954,"1953-54","Clemson","clemson",-26.13
"228",1953,"1952-53","Clemson","clemson",-13
"229",1952,"1951-52","Clemson","clemson",-7.2
"230",1951,"1950-51","Clemson","clemson",-12.08
"231",1950,"1949-50","Clemson","clemson",-15.12
"232",2026,"2025-26","Duke","duke",30.53
"233",2025,"2024-25","Duke","duke",30.72
"234",2024,"2023-24","Duke","duke",20.67
"235",2023,"2022-23","Duke","duke",15.83
"236",2022,"2021-22","Duke","duke",19.55
"237",2021,"2020-21","Duke","duke",13.04
"238",2020,"2019-20","Duke","duke",22.55
"239",2019,"2018-19","Duke","duke",26.9
"240",2018,"2017-18","Duke","duke",24.43
"241",2017,"2016-17","Duke","duke",21.56
"242",2016,"2015-16","Duke","duke",19.23
"243",2015,"2014-15","Duke","duke",24.97
"244",2014,"2013-14","Duke","duke",19.51
"245",2013,"2012-13","Duke","duke",21.46
"246",2012,"2011-12","Duke","duke",17.05
"247",2011,"2010-11","Duke","duke",24.51
"248",2010,"2009-10","Duke","duke",25.21
"249",2009,"2008-09","Duke","duke",20.1
"250",2008,"2007-08","Duke","duke",21.52
"251",2007,"2006-07","Duke","duke",18.85
"252",2006,"2005-06","Duke","duke",21.77
"253",2005,"2004-05","Duke","duke",23.01
"254",2004,"2003-04","Duke","duke",25.67
"255",2003,"2002-03","Duke","duke",19.86
"256",2002,"2001-02","Duke","duke",28.91
"257",2001,"2000-01","Duke","duke",32.18
"258",2000,"1999-00","Duke","duke",25.55
"259",1999,"1998-99","Duke","duke",34.79
"260",1998,"1997-98","Duke","duke",29.55
"261",1997,"1996-97","Duke","duke",22.52
"262",1996,"1995-96","Duke","duke",16.06
"263",1995,"1994-95","Duke","duke",16.35
"264",1994,"1993-94","Duke","duke",19.29
"265",1993,"1992-93","Duke","duke",25.98
"266",1992,"1991-92","Duke","duke",24.71
"267",1991,"1990-91","Duke","duke",24.92
"268",1990,"1989-90","Duke","duke",21.34
"269",1989,"1988-89","Duke","duke",24.95
"270",1988,"1987-88","Duke","duke",23.33
"271",1987,"1986-87","Duke","duke",16.82
"272",1986,"1985-86","Duke","duke",22.1
"273",1985,"1984-85","Duke","duke",18.38
"274",1984,"1983-84","Duke","duke",11.86
"275",1983,"1982-83","Duke","duke",2.99
"276",1982,"1981-82","Duke","duke",1.2
"277",1981,"1980-81","Duke","duke",10.18
"278",1980,"1979-80","Duke","duke",13.73
"279",1979,"1978-79","Duke","duke",15.35
"280",1978,"1977-78","Duke","duke",16.1
"281",1977,"1976-77","Duke","duke",10.68
"282",1976,"1975-76","Duke","duke",11.03
"283",1975,"1974-75","Duke","duke",8.34
"284",1974,"1973-74","Duke","duke",5.51
"285",1973,"1972-73","Duke","duke",7.73
"286",1972,"1971-72","Duke","duke",6.71
"287",1971,"1970-71","Duke","duke",12.07
"288",1970,"1969-70","Duke","duke",8.33
"289",1969,"1968-69","Duke","duke",7.28
"290",1968,"1967-68","Duke","duke",13.21
"291",1967,"1966-67","Duke","duke",12.75
"292",1966,"1965-66","Duke","duke",18.06
"293",1965,"1964-65","Duke","duke",17.31
"294",1964,"1963-64","Duke","duke",19.03
"295",1963,"1962-63","Duke","duke",16.39
"296",1962,"1961-62","Duke","duke",16.27
"297",1961,"1960-61","Duke","duke",9.43
"298",1960,"1959-60","Duke","duke",3.97
"299",1959,"1958-59","Duke","duke",-0.33
"300",1958,"1957-58","Duke","duke",6.29
"301",1957,"1956-57","Duke","duke",5.05
"302",1956,"1955-56","Duke","duke",15.26
"303",1955,"1954-55","Duke","duke",12.94
"304",1954,"1953-54","Duke","duke",14.37
"305",1953,"1952-53","Duke","duke",4.01
"306",1952,"1951-52","Duke","duke",6.85
"307",1951,"1950-51","Duke","duke",-5.1
"308",1950,"1949-50","Duke","duke",-6.62
"309",2026,"2025-26","Florida State","florida-state",11.24
"310",2025,"2024-25","Florida State","florida-state",8.43
"311",2024,"2023-24","Florida State","florida-state",9.52
"312",2023,"2022-23","Florida State","florida-state",-0.38
"313",2022,"2021-22","Florida State","florida-state",6.39
"314",2021,"2020-21","Florida State","florida-state",17.12
"315",2020,"2019-20","Florida State","florida-state",17.28
"316",2019,"2018-19","Florida State","florida-state",17.99
"317",2018,"2017-18","Florida State","florida-state",15.78
"318",2017,"2016-17","Florida State","florida-state",18.87
"319",2016,"2015-16","Florida State","florida-state",12.16
"320",2015,"2014-15","Florida State","florida-state",6.69
"321",2014,"2013-14","Florida State","florida-state",12.63
"322",2013,"2012-13","Florida State","florida-state",5.71
"323",2012,"2011-12","Florida State","florida-state",14.53
"324",2011,"2010-11","Florida State","florida-state",13.48
"325",2010,"2009-10","Florida State","florida-state",14.64
"326",2009,"2008-09","Florida State","florida-state",11.37
"327",2008,"2007-08","Florida State","florida-state",10.4
"328",2007,"2006-07","Florida State","florida-state",14.14
"329",2006,"2005-06","Florida State","florida-state",12.36
"330",2005,"2004-05","Florida State","florida-state",6.82
"331",2004,"2003-04","Florida State","florida-state",14.46
"332",2003,"2002-03","Florida State","florida-state",9
"333",2002,"2001-02","Florida State","florida-state",4.31
"334",2001,"2000-01","Florida State","florida-state",3.2
"335",2000,"1999-00","Florida State","florida-state",4.42
"336",1999,"1998-99","Florida State","florida-state",8.52
"337",1998,"1997-98","Florida State","florida-state",12.93
"338",1997,"1996-97","Florida State","florida-state",16.14
"339",1996,"1995-96","Florida State","florida-state",10.94
"340",1995,"1994-95","Florida State","florida-state",13.05
"341",1994,"1993-94","Florida State","florida-state",9.44
"342",1993,"1992-93","Florida State","florida-state",18.07
"343",1992,"1991-92","Florida State","florida-state",14.02
"344",1991,"1990-91","Florida State","florida-state",8.83
"345",1990,"1989-90","Florida State","florida-state",5.52
"346",1989,"1988-89","Florida State","florida-state",15.12
"347",1988,"1987-88","Florida State","florida-state",11.81
"348",1987,"1986-87","Florida State","florida-state",8.27
"349",1986,"1985-86","Florida State","florida-state",2.85
"350",1985,"1984-85","Florida State","florida-state",8.65
"351",1984,"1983-84","Florida State","florida-state",9.11
"352",1983,"1982-83","Florida State","florida-state",2.74
"353",1982,"1981-82","Florida State","florida-state",1.17
"354",1981,"1980-81","Florida State","florida-state",4.29
"355",1980,"1979-80","Florida State","florida-state",6.84
"356",1979,"1978-79","Florida State","florida-state",1.66
"357",1978,"1977-78","Florida State","florida-state",12.3
"358",1977,"1976-77","Florida State","florida-state",6.23
"359",1976,"1975-76","Florida State","florida-state",10.84
"360",1975,"1974-75","Florida State","florida-state",7.04
"361",1974,"1973-74","Florida State","florida-state",9.73
"362",1973,"1972-73","Florida State","florida-state",8
"363",1972,"1971-72","Florida State","florida-state",12.95
"364",1971,"1970-71","Florida State","florida-state",1.95
"365",1970,"1969-70","Florida State","florida-state",18.11
"366",1969,"1968-69","Florida State","florida-state",5.41
"367",1968,"1967-68","Florida State","florida-state",8.79
"368",1967,"1966-67","Florida State","florida-state",-6.06
"369",1966,"1965-66","Florida State","florida-state",-5.53
"370",1965,"1964-65","Florida State","florida-state",3.57
"371",1964,"1963-64","Florida State","florida-state",-6.86
"372",1963,"1962-63","Florida State","florida-state",-4.38
"373",1962,"1961-62","Florida State","florida-state",4.47
"374",1961,"1960-61","Florida State","florida-state",-1.06
"375",1960,"1959-60","Florida State","florida-state",-6.94
"376",1959,"1958-59","Florida State","florida-state",-4.86
"377",1958,"1957-58","Florida State","florida-state",-9.88
"378",1957,"1956-57","Florida State","florida-state",-10.71
"379",2026,"2025-26","Georgia Tech","georgia-tech",2.69
"380",2025,"2024-25","Georgia Tech","georgia-tech",6.3
"381",2024,"2023-24","Georgia Tech","georgia-tech",4.6
"382",2023,"2022-23","Georgia Tech","georgia-tech",2.08
"383",2022,"2021-22","Georgia Tech","georgia-tech",2.24
"384",2021,"2020-21","Georgia Tech","georgia-tech",12.79
"385",2020,"2019-20","Georgia Tech","georgia-tech",10.49
"386",2019,"2018-19","Georgia Tech","georgia-tech",6.93
"387",2018,"2017-18","Georgia Tech","georgia-tech",5.25
"388",2017,"2016-17","Georgia Tech","georgia-tech",7.82
"389",2016,"2015-16","Georgia Tech","georgia-tech",12.51
"390",2015,"2014-15","Georgia Tech","georgia-tech",7.16
"391",2014,"2013-14","Georgia Tech","georgia-tech",5.12
"392",2013,"2012-13","Georgia Tech","georgia-tech",6.62
"393",2012,"2011-12","Georgia Tech","georgia-tech",1.74
"394",2011,"2010-11","Georgia Tech","georgia-tech",6.42
"395",2010,"2009-10","Georgia Tech","georgia-tech",14.11
"396",2009,"2008-09","Georgia Tech","georgia-tech",5.56
"397",2008,"2007-08","Georgia Tech","georgia-tech",10.77
"398",2007,"2006-07","Georgia Tech","georgia-tech",17.17
"399",2006,"2005-06","Georgia Tech","georgia-tech",5.45
"400",2005,"2004-05","Georgia Tech","georgia-tech",17.21
"401",2004,"2003-04","Georgia Tech","georgia-tech",20.66
"402",2003,"2002-03","Georgia Tech","georgia-tech",12.2
"403",2002,"2001-02","Georgia Tech","georgia-tech",8.47
"404",2001,"2000-01","Georgia Tech","georgia-tech",14.52
"405",2000,"1999-00","Georgia Tech","georgia-tech",6.23
"406",1999,"1998-99","Georgia Tech","georgia-tech",4.5
"407",1998,"1997-98","Georgia Tech","georgia-tech",12.82
"408",1997,"1996-97","Georgia Tech","georgia-tech",9.11
"409",1996,"1995-96","Georgia Tech","georgia-tech",16.95
"410",1995,"1994-95","Georgia Tech","georgia-tech",15.01
"411",1994,"1993-94","Georgia Tech","georgia-tech",11.52
"412",1993,"1992-93","Georgia Tech","georgia-tech",12.95
"413",1992,"1991-92","Georgia Tech","georgia-tech",16.49
"414",1991,"1990-91","Georgia Tech","georgia-tech",16.3
"415",1990,"1989-90","Georgia Tech","georgia-tech",17.99
"416",1989,"1988-89","Georgia Tech","georgia-tech",14.19
"417",1988,"1987-88","Georgia Tech","georgia-tech",13.96
"418",1987,"1986-87","Georgia Tech","georgia-tech",11.23
"419",1986,"1985-86","Georgia Tech","georgia-tech",21.77
"420",1985,"1984-85","Georgia Tech","georgia-tech",16.45
"421",1984,"1983-84","Georgia Tech","georgia-tech",10.09
"422",1983,"1982-83","Georgia Tech","georgia-tech",1.51
"423",1982,"1981-82","Georgia Tech","georgia-tech",3.48
"424",1981,"1980-81","Georgia Tech","georgia-tech",-11.14
"425",1980,"1979-80","Georgia Tech","georgia-tech",5.2
"426",1979,"1978-79","Georgia Tech","georgia-tech",8.13
"427",1978,"1977-78","Georgia Tech","georgia-tech",7.53
"428",1977,"1976-77","Georgia Tech","georgia-tech",3.48
"429",1976,"1975-76","Georgia Tech","georgia-tech",1.49
"430",1975,"1974-75","Georgia Tech","georgia-tech",-7.24
"431",1974,"1973-74","Georgia Tech","georgia-tech",-11.79
"432",1973,"1972-73","Georgia Tech","georgia-tech",-6.45
"433",1972,"1971-72","Georgia Tech","georgia-tech",-10.53
"434",1971,"1970-71","Georgia Tech","georgia-tech",6.85
"435",1970,"1969-70","Georgia Tech","georgia-tech",8.88
"436",1969,"1968-69","Georgia Tech","georgia-tech",1.59
"437",1968,"1967-68","Georgia Tech","georgia-tech",1.45
"438",1967,"1966-67","Georgia Tech","georgia-tech",6.06
"439",1966,"1965-66","Georgia Tech","georgia-tech",1.83
"440",1965,"1964-65","Georgia Tech","georgia-tech",0.83
"441",1964,"1963-64","Georgia Tech","georgia-tech",1.98
"442",1963,"1962-63","Georgia Tech","georgia-tech",4.75
"443",1962,"1961-62","Georgia Tech","georgia-tech",-1.01
"444",1961,"1960-61","Georgia Tech","georgia-tech",-0.69
"445",1960,"1959-60","Georgia Tech","georgia-tech",8.46
"446",1959,"1958-59","Georgia Tech","georgia-tech",6.87
"447",1958,"1957-58","Georgia Tech","georgia-tech",2.81
"448",1957,"1956-57","Georgia Tech","georgia-tech",4.28
"449",1956,"1955-56","Georgia Tech","georgia-tech",-5.84
"450",1955,"1954-55","Georgia Tech","georgia-tech",-3.13
"451",1954,"1953-54","Georgia Tech","georgia-tech",-18.68
"452",1953,"1952-53","Georgia Tech","georgia-tech",-12.63
"453",1952,"1951-52","Georgia Tech","georgia-tech",-13.01
"454",1951,"1950-51","Georgia Tech","georgia-tech",-8.58
"455",1950,"1949-50","Georgia Tech","georgia-tech",-4.11
"456",2026,"2025-26","Louisville","louisville",22.59
"457",2025,"2024-25","Louisville","louisville",18.49
"458",2024,"2023-24","Louisville","louisville",0.45
"459",2023,"2022-23","Louisville","louisville",-5.39
"460",2022,"2021-22","Louisville","louisville",4.23
"461",2021,"2020-21","Louisville","louisville",10.35
"462",2020,"2019-20","Louisville","louisville",17.94
"463",2019,"2018-19","Louisville","louisville",17.28
"464",2018,"2017-18","Louisville","louisville",14.3
"465",2017,"2016-17","Louisville","louisville",22.47
"466",2016,"2015-16","Louisville","louisville",21.57
"467",2015,"2014-15","Louisville","louisville",18.12
"468",2014,"2013-14","Louisville","louisville",24.69
"469",2013,"2012-13","Louisville","louisville",24.82
"470",2012,"2011-12","Louisville","louisville",16.19
"471",2011,"2010-11","Louisville","louisville",18.6
"472",2010,"2009-10","Louisville","louisville",14.08
"473",2009,"2008-09","Louisville","louisville",20.87
"474",2008,"2007-08","Louisville","louisville",19
"475",2007,"2006-07","Louisville","louisville",16.08
"476",2006,"2005-06","Louisville","louisville",11.26
"477",2005,"2004-05","Louisville","louisville",22.56
"478",2004,"2003-04","Louisville","louisville",18.6
"479",2003,"2002-03","Louisville","louisville",19.81
"480",2002,"2001-02","Louisville","louisville",11.7
"481",2001,"2000-01","Louisville","louisville",2.83
"482",2000,"1999-00","Louisville","louisville",14.93
"483",1999,"1998-99","Louisville","louisville",15.38
"484",1998,"1997-98","Louisville","louisville",7.9
"485",1997,"1996-97","Louisville","louisville",11.98
"486",1996,"1995-96","Louisville","louisville",15.18
"487",1995,"1994-95","Louisville","louisville",11.6
"488",1994,"1993-94","Louisville","louisville",18.77
"489",1993,"1992-93","Louisville","louisville",14.65
"490",1992,"1991-92","Louisville","louisville",12.81
"491",1991,"1990-91","Louisville","louisville",7.82
"492",1990,"1989-90","Louisville","louisville",17.32
"493",1989,"1988-89","Louisville","louisville",17.59
"494",1988,"1987-88","Louisville","louisville",15.96
"495",1987,"1986-87","Louisville","louisville",8.68
"496",1986,"1985-86","Louisville","louisville",20.65
"497",1985,"1984-85","Louisville","louisville",7.71
"498",1984,"1983-84","Louisville","louisville",13.95
"499",1983,"1982-83","Louisville","louisville",18.56
"500",1982,"1981-82","Louisville","louisville",14.71
"501",1981,"1980-81","Louisville","louisville",14.21
"502",1980,"1979-80","Louisville","louisville",15.56
"503",1979,"1978-79","Louisville","louisville",14.27
"504",1978,"1977-78","Louisville","louisville",13.13
"505",1977,"1976-77","Louisville","louisville",15.24
"506",1976,"1975-76","Louisville","louisville",8.82
"507",1975,"1974-75","Louisville","louisville",16.7
"508",1974,"1973-74","Louisville","louisville",9.49
"509",1973,"1972-73","Louisville","louisville",12.4
"510",1972,"1971-72","Louisville","louisville",16.29
"511",1971,"1970-71","Louisville","louisville",10.4
"512",1970,"1969-70","Louisville","louisville",6.64
"513",1969,"1968-69","Louisville","louisville",6.86
"514",1968,"1967-68","Louisville","louisville",13.54
"515",1967,"1966-67","Louisville","louisville",18.28
"516",1966,"1965-66","Louisville","louisville",8.26
"517",1965,"1964-65","Louisville","louisville",5.64
"518",1964,"1963-64","Louisville","louisville",5.15
"519",1963,"1962-63","Louisville","louisville",2.42
"520",1962,"1961-62","Louisville","louisville",9.5
"521",1961,"1960-61","Louisville","louisville",13.2
"522",1960,"1959-60","Louisville","louisville",6.15
"523",1959,"1958-59","Louisville","louisville",9.34
"524",1958,"1957-58","Louisville","louisville",5.16
"525",1957,"1956-57","Louisville","louisville",15.87
"526",1956,"1955-56","Louisville","louisville",14.67
"527",1955,"1954-55","Louisville","louisville",13.8
"528",1954,"1953-54","Louisville","louisville",8.85
"529",1953,"1952-53","Louisville","louisville",7.01
"530",1952,"1951-52","Louisville","louisville",10.88
"531",1951,"1950-51","Louisville","louisville",8.75
"532",1950,"1949-50","Louisville","louisville",5.67
"533",2026,"2025-26","Miami Fl","miami-fl",17.82
"534",2025,"2024-25","Miami Fl","miami-fl",0.38
"535",2024,"2023-24","Miami Fl","miami-fl",9.59
"536",2023,"2022-23","Miami Fl","miami-fl",13.98
"537",2022,"2021-22","Miami Fl","miami-fl",11.22
"538",2021,"2020-21","Miami Fl","miami-fl",3.23
"539",2020,"2019-20","Miami Fl","miami-fl",6.63
"540",2019,"2018-19","Miami Fl","miami-fl",9.39
"541",2018,"2017-18","Miami Fl","miami-fl",12.83
"542",2017,"2016-17","Miami Fl","miami-fl",14.48
"543",2016,"2015-16","Miami Fl","miami-fl",18.52
"544",2015,"2014-15","Miami Fl","miami-fl",12
"545",2014,"2013-14","Miami Fl","miami-fl",7.6
"546",2013,"2012-13","Miami Fl","miami-fl",16.98
"547",2012,"2011-12","Miami Fl","miami-fl",10.75
"548",2011,"2010-11","Miami Fl","miami-fl",10.47
"549",2010,"2009-10","Miami Fl","miami-fl",11.35
"550",2009,"2008-09","Miami Fl","miami-fl",11.76
"551",2008,"2007-08","Miami Fl","miami-fl",12.38
"552",2007,"2006-07","Miami Fl","miami-fl",5.49
"553",2006,"2005-06","Miami Fl","miami-fl",9.79
"554",2005,"2004-05","Miami Fl","miami-fl",9.53
"555",2004,"2003-04","Miami Fl","miami-fl",5.38
"556",2003,"2002-03","Miami Fl","miami-fl",6.05
"557",2002,"2001-02","Miami Fl","miami-fl",13
"558",2001,"2000-01","Miami Fl","miami-fl",7.54
"559",2000,"1999-00","Miami Fl","miami-fl",11.83
"560",1999,"1998-99","Miami Fl","miami-fl",16.8
"561",1998,"1997-98","Miami Fl","miami-fl",10.87
"562",1997,"1996-97","Miami Fl","miami-fl",8.18
"563",1996,"1995-96","Miami Fl","miami-fl",7.77
"564",1995,"1994-95","Miami Fl","miami-fl",2.41
"565",1994,"1993-94","Miami Fl","miami-fl",-1.83
"566",1993,"1992-93","Miami Fl","miami-fl",4.63
"567",1992,"1991-92","Miami Fl","miami-fl",-2.06
"568",1991,"1990-91","Miami Fl","miami-fl",2.48
"569",1990,"1989-90","Miami Fl","miami-fl",-5.1
"570",1989,"1988-89","Miami Fl","miami-fl",2.86
"571",1988,"1987-88","Miami Fl","miami-fl",-0.15
"572",1987,"1986-87","Miami Fl","miami-fl",-3.09
"573",1986,"1985-86","Miami Fl","miami-fl",-6.46
"574",1971,"1970-71","Miami Fl","miami-fl",-8.26
"575",1970,"1969-70","Miami Fl","miami-fl",-8.57
"576",1969,"1968-69","Miami Fl","miami-fl",-4.43
"577",1968,"1967-68","Miami Fl","miami-fl",-6.33
"578",1967,"1966-67","Miami Fl","miami-fl",0.71
"579",1966,"1965-66","Miami Fl","miami-fl",-3.11
"580",1965,"1964-65","Miami Fl","miami-fl",8.98
"581",1964,"1963-64","Miami Fl","miami-fl",0.56
"582",1963,"1962-63","Miami Fl","miami-fl",6.1
"583",1962,"1961-62","Miami Fl","miami-fl",-7.71
"584",1961,"1960-61","Miami Fl","miami-fl",2.43
"585",1960,"1959-60","Miami Fl","miami-fl",2.1
"586",1959,"1958-59","Miami Fl","miami-fl",-2.71
"587",1958,"1957-58","Miami Fl","miami-fl",-0.1
"588",1957,"1956-57","Miami Fl","miami-fl",-10.17
"589",1956,"1955-56","Miami Fl","miami-fl",-2.32
"590",1955,"1954-55","Miami Fl","miami-fl",-11.24
"591",1953,"1952-53","Miami Fl","miami-fl",-10.14
"592",1952,"1951-52","Miami Fl","miami-fl",-7.91
"593",1951,"1950-51","Miami Fl","miami-fl",-11.46
"594",1950,"1949-50","Miami Fl","miami-fl",-7.93
"595",2026,"2025-26","North Carolina","north-carolina",18.68
"596",2025,"2024-25","North Carolina","north-carolina",17.27
"597",2024,"2023-24","North Carolina","north-carolina",21.36
"598",2023,"2022-23","North Carolina","north-carolina",12.94
"599",2022,"2021-22","North Carolina","north-carolina",15.5
"600",2021,"2020-21","North Carolina","north-carolina",14.79
"601",2020,"2019-20","North Carolina","north-carolina",9.45
"602",2019,"2018-19","North Carolina","north-carolina",23.94
"603",2018,"2017-18","North Carolina","north-carolina",20.07
"604",2017,"2016-17","North Carolina","north-carolina",24.84
"605",2016,"2015-16","North Carolina","north-carolina",23.44
"606",2015,"2014-15","North Carolina","north-carolina",20.63
"607",2014,"2013-14","North Carolina","north-carolina",15.24
"608",2013,"2012-13","North Carolina","north-carolina",14.57
"609",2012,"2011-12","North Carolina","north-carolina",21.34
"610",2011,"2010-11","North Carolina","north-carolina",18.87
"611",2010,"2009-10","North Carolina","north-carolina",10.14
"612",2009,"2008-09","North Carolina","north-carolina",25.46
"613",2008,"2007-08","North Carolina","north-carolina",24.17
"614",2007,"2006-07","North Carolina","north-carolina",26.41
"615",2006,"2005-06","North Carolina","north-carolina",18.48
"616",2005,"2004-05","North Carolina","north-carolina",28.42
"617",2004,"2003-04","North Carolina","north-carolina",19.4
"618",2003,"2002-03","North Carolina","north-carolina",11.22
"619",2002,"2001-02","North Carolina","north-carolina",3.86
"620",2001,"2000-01","North Carolina","north-carolina",19.95
"621",2000,"1999-00","North Carolina","north-carolina",17
"622",1999,"1998-99","North Carolina","north-carolina",16.77
"623",1998,"1997-98","North Carolina","north-carolina",26.67
"624",1997,"1996-97","North Carolina","north-carolina",21.23
"625",1996,"1995-96","North Carolina","north-carolina",18.02
"626",1995,"1994-95","North Carolina","north-carolina",23.58
"627",1994,"1993-94","North Carolina","north-carolina",22.62
"628",1993,"1992-93","North Carolina","north-carolina",29.04
"629",1992,"1991-92","North Carolina","north-carolina",18.04
"630",1991,"1990-91","North Carolina","north-carolina",26.9
"631",1990,"1989-90","North Carolina","north-carolina",15.62
"632",1989,"1988-89","North Carolina","north-carolina",22.73
"633",1988,"1987-88","North Carolina","north-carolina",19.52
"634",1987,"1986-87","North Carolina","north-carolina",24.48
"635",1986,"1985-86","North Carolina","north-carolina",26.13
"636",1985,"1984-85","North Carolina","north-carolina",15.33
"637",1984,"1983-84","North Carolina","north-carolina",23.86
"638",1983,"1982-83","North Carolina","north-carolina",20.14
"639",1982,"1981-82","North Carolina","north-carolina",20.17
"640",1981,"1980-81","North Carolina","north-carolina",18.3
"641",1980,"1979-80","North Carolina","north-carolina",12.79
"642",1979,"1978-79","North Carolina","north-carolina",18.54
"643",1978,"1977-78","North Carolina","north-carolina",16.25
"644",1977,"1976-77","North Carolina","north-carolina",20.78
"645",1976,"1975-76","North Carolina","north-carolina",18.17
"646",1975,"1974-75","North Carolina","north-carolina",13.96
"647",1974,"1973-74","North Carolina","north-carolina",18.42
"648",1973,"1972-73","North Carolina","north-carolina",17.71
"649",1972,"1971-72","North Carolina","north-carolina",23.49
"650",1971,"1970-71","North Carolina","north-carolina",17.42
"651",1970,"1969-70","North Carolina","north-carolina",10.91
"652",1969,"1968-69","North Carolina","north-carolina",18.39
"653",1968,"1967-68","North Carolina","north-carolina",15.73
"654",1967,"1966-67","North Carolina","north-carolina",14.72
"655",1966,"1965-66","North Carolina","north-carolina",12.39
"656",1965,"1964-65","North Carolina","north-carolina",5.41
"657",1964,"1963-64","North Carolina","north-carolina",2.8
"658",1963,"1962-63","North Carolina","north-carolina",6.83
"659",1962,"1961-62","North Carolina","north-carolina",2.93
"660",1961,"1960-61","North Carolina","north-carolina",11.82
"661",1960,"1959-60","North Carolina","north-carolina",14.04
"662",1959,"1958-59","North Carolina","north-carolina",9.25
"663",1958,"1957-58","North Carolina","north-carolina",8.75
"664",1957,"1956-57","North Carolina","north-carolina",14.7
"665",1956,"1955-56","North Carolina","north-carolina",12.35
"666",1955,"1954-55","North Carolina","north-carolina",2.22
"667",1954,"1953-54","North Carolina","north-carolina",-3.11
"668",1953,"1952-53","North Carolina","north-carolina",-0.73
"669",1952,"1951-52","North Carolina","north-carolina",-7.12
"670",1951,"1950-51","North Carolina","north-carolina",-11.33
"671",1950,"1949-50","North Carolina","north-carolina",-6.26
"672",2026,"2025-26","North Carolina State","north-carolina-state",17.53
"673",2025,"2024-25","North Carolina State","north-carolina-state",5.56
"674",2024,"2023-24","North Carolina State","north-carolina-state",12.81
"675",2023,"2022-23","North Carolina State","north-carolina-state",12.5
"676",2022,"2021-22","North Carolina State","north-carolina-state",3.77
"677",2021,"2020-21","North Carolina State","north-carolina-state",9.6
"678",2020,"2019-20","North Carolina State","north-carolina-state",12.05
"679",2019,"2018-19","North Carolina State","north-carolina-state",14.94
"680",2018,"2017-18","North Carolina State","north-carolina-state",12.91
"681",2017,"2016-17","North Carolina State","north-carolina-state",6.09
"682",2016,"2015-16","North Carolina State","north-carolina-state",9.83
"683",2015,"2014-15","North Carolina State","north-carolina-state",14.11
"684",2014,"2013-14","North Carolina State","north-carolina-state",9.02
"685",2013,"2012-13","North Carolina State","north-carolina-state",14.34
"686",2012,"2011-12","North Carolina State","north-carolina-state",12.1
"687",2011,"2010-11","North Carolina State","north-carolina-state",7.02
"688",2010,"2009-10","North Carolina State","north-carolina-state",8.47
"689",2009,"2008-09","North Carolina State","north-carolina-state",8.38
"690",2008,"2007-08","North Carolina State","north-carolina-state",5.41
"691",2007,"2006-07","North Carolina State","north-carolina-state",8.53
"692",2006,"2005-06","North Carolina State","north-carolina-state",12.7
"693",2005,"2004-05","North Carolina State","north-carolina-state",16.15
"694",2004,"2003-04","North Carolina State","north-carolina-state",18.45
"695",2003,"2002-03","North Carolina State","north-carolina-state",11.76
"696",2002,"2001-02","North Carolina State","north-carolina-state",15.83
"697",2001,"2000-01","North Carolina State","north-carolina-state",12.36
"698",2000,"1999-00","North Carolina State","north-carolina-state",12.96
"699",1999,"1998-99","North Carolina State","north-carolina-state",12.14
"700",1998,"1997-98","North Carolina State","north-carolina-state",10.84
"701",1997,"1996-97","North Carolina State","north-carolina-state",13.98
"702",1996,"1995-96","North Carolina State","north-carolina-state",14.08
"703",1995,"1994-95","North Carolina State","north-carolina-state",12.95
"704",1994,"1993-94","North Carolina State","north-carolina-state",1.88
"705",1993,"1992-93","North Carolina State","north-carolina-state",1.73
"706",1992,"1991-92","North Carolina State","north-carolina-state",5.51
"707",1991,"1990-91","North Carolina State","north-carolina-state",15.22
"708",1990,"1989-90","North Carolina State","north-carolina-state",17.71
"709",1989,"1988-89","North Carolina State","north-carolina-state",17.67
"710",1988,"1987-88","North Carolina State","north-carolina-state",17.34
"711",1987,"1986-87","North Carolina State","north-carolina-state",11.03
"712",1986,"1985-86","North Carolina State","north-carolina-state",16.92
"713",1985,"1984-85","North Carolina State","north-carolina-state",15.02
"714",1984,"1983-84","North Carolina State","north-carolina-state",10.45
"715",1983,"1982-83","North Carolina State","north-carolina-state",15.26
"716",1982,"1981-82","North Carolina State","north-carolina-state",13.42
"717",1981,"1980-81","North Carolina State","north-carolina-state",9.37
"718",1980,"1979-80","North Carolina State","north-carolina-state",12.95
"719",1979,"1978-79","North Carolina State","north-carolina-state",15.83
"720",1978,"1977-78","North Carolina State","north-carolina-state",13.64
"721",1977,"1976-77","North Carolina State","north-carolina-state",13.43
"722",1976,"1975-76","North Carolina State","north-carolina-state",11.48
"723",1975,"1974-75","North Carolina State","north-carolina-state",19.07
"724",1974,"1973-74","North Carolina State","north-carolina-state",25.05
"725",1973,"1972-73","North Carolina State","north-carolina-state",21.15
"726",1972,"1971-72","North Carolina State","north-carolina-state",10.33
"727",1971,"1970-71","North Carolina State","north-carolina-state",4.56
"728",1970,"1969-70","North Carolina State","north-carolina-state",13.67
"729",1969,"1968-69","North Carolina State","north-carolina-state",5.27
"730",1968,"1967-68","North Carolina State","north-carolina-state",4.79
"731",1967,"1966-67","North Carolina State","north-carolina-state",-0.84
"732",1966,"1965-66","North Carolina State","north-carolina-state",12.32
"733",1965,"1964-65","North Carolina State","north-carolina-state",10.73
"734",1964,"1963-64","North Carolina State","north-carolina-state",-3.6
"735",1963,"1962-63","North Carolina State","north-carolina-state",1.34
"736",1962,"1961-62","North Carolina State","north-carolina-state",7.07
"737",1961,"1960-61","North Carolina State","north-carolina-state",4.46
"738",1960,"1959-60","North Carolina State","north-carolina-state",4.07
"739",1959,"1958-59","North Carolina State","north-carolina-state",10.51
"740",1958,"1957-58","North Carolina State","north-carolina-state",5.02
"741",1957,"1956-57","North Carolina State","north-carolina-state",2.43
"742",1956,"1955-56","North Carolina State","north-carolina-state",15.23
"743",1955,"1954-55","North Carolina State","north-carolina-state",13.84
"744",1954,"1953-54","North Carolina State","north-carolina-state",10.68
"745",1953,"1952-53","North Carolina State","north-carolina-state",15.8
"746",1952,"1951-52","North Carolina State","north-carolina-state",5.02
"747",1951,"1950-51","North Carolina State","north-carolina-state",8.22
"748",1950,"1949-50","North Carolina State","north-carolina-state",11.2
"749",2026,"2025-26","Notre Dame","notre-dame",8.64
"750",2025,"2024-25","Notre Dame","notre-dame",7.07
"751",2024,"2023-24","Notre Dame","notre-dame",4.94
"752",2023,"2022-23","Notre Dame","notre-dame",2.09
"753",2022,"2021-22","Notre Dame","notre-dame",11.87
"754",2021,"2020-21","Notre Dame","notre-dame",7.73
"755",2020,"2019-20","Notre Dame","notre-dame",11.21
"756",2019,"2018-19","Notre Dame","notre-dame",7.97
"757",2018,"2017-18","Notre Dame","notre-dame",13.64
"758",2017,"2016-17","Notre Dame","notre-dame",17.81
"759",2016,"2015-16","Notre Dame","notre-dame",14.1
"760",2015,"2014-15","Notre Dame","notre-dame",19.23
"761",2014,"2013-14","Notre Dame","notre-dame",8.19
"762",2013,"2012-13","Notre Dame","notre-dame",13.76
"763",2012,"2011-12","Notre Dame","notre-dame",11.18
"764",2011,"2010-11","Notre Dame","notre-dame",18.17
"765",2010,"2009-10","Notre Dame","notre-dame",13.14
"766",2009,"2008-09","Notre Dame","notre-dame",12.26
"767",2008,"2007-08","Notre Dame","notre-dame",16.15
"768",2007,"2006-07","Notre Dame","notre-dame",16.94
"769",2006,"2005-06","Notre Dame","notre-dame",12.35
"770",2005,"2004-05","Notre Dame","notre-dame",9.39
"771",2004,"2003-04","Notre Dame","notre-dame",10.7
"772",2003,"2002-03","Notre Dame","notre-dame",17.32
"773",2002,"2001-02","Notre Dame","notre-dame",15.67
"774",2001,"2000-01","Notre Dame","notre-dame",14.36
"775",2000,"1999-00","Notre Dame","notre-dame",9.57
"776",1999,"1998-99","Notre Dame","notre-dame",5.18
"777",1998,"1997-98","Notre Dame","notre-dame",5.54
"778",1997,"1996-97","Notre Dame","notre-dame",9.42
"779",1996,"1995-96","Notre Dame","notre-dame",5.99
"780",1995,"1994-95","Notre Dame","notre-dame",2.8
"781",1994,"1993-94","Notre Dame","notre-dame",4.88
"782",1993,"1992-93","Notre Dame","notre-dame",2.06
"783",1992,"1991-92","Notre Dame","notre-dame",9.03
"784",1991,"1990-91","Notre Dame","notre-dame",5.6
"785",1990,"1989-90","Notre Dame","notre-dame",12
"786",1989,"1988-89","Notre Dame","notre-dame",11.31
"787",1988,"1987-88","Notre Dame","notre-dame",12.28
"788",1987,"1986-87","Notre Dame","notre-dame",11.72
"789",1986,"1985-86","Notre Dame","notre-dame",17.66
"790",1985,"1984-85","Notre Dame","notre-dame",10.96
"791",1984,"1983-84","Notre Dame","notre-dame",7.09
"792",1983,"1982-83","Notre Dame","notre-dame",11.34
"793",1982,"1981-82","Notre Dame","notre-dame",1.98
"794",1981,"1980-81","Notre Dame","notre-dame",13.27
"795",1980,"1979-80","Notre Dame","notre-dame",13.38
"796",1979,"1978-79","Notre Dame","notre-dame",18.94
"797",1978,"1977-78","Notre Dame","notre-dame",18.29
"798",1977,"1976-77","Notre Dame","notre-dame",16.09
"799",1976,"1975-76","Notre Dame","notre-dame",18.03
"800",1975,"1974-75","Notre Dame","notre-dame",14.51
"801",1974,"1973-74","Notre Dame","notre-dame",20.75
"802",1973,"1972-73","Notre Dame","notre-dame",11.09
"803",1972,"1971-72","Notre Dame","notre-dame",-7.83
"804",1971,"1970-71","Notre Dame","notre-dame",11.92
"805",1970,"1969-70","Notre Dame","notre-dame",12.49
"806",1969,"1968-69","Notre Dame","notre-dame",8.43
"807",1968,"1967-68","Notre Dame","notre-dame",3.03
"808",1967,"1966-67","Notre Dame","notre-dame",3.77
"809",1966,"1965-66","Notre Dame","notre-dame",-9.44
"810",1965,"1964-65","Notre Dame","notre-dame",12
"811",1964,"1963-64","Notre Dame","notre-dame",2.7
"812",1963,"1962-63","Notre Dame","notre-dame",8.34
"813",1962,"1961-62","Notre Dame","notre-dame",-2.16
"814",1961,"1960-61","Notre Dame","notre-dame",0.91
"815",1960,"1959-60","Notre Dame","notre-dame",10.59
"816",1959,"1958-59","Notre Dame","notre-dame",4.89
"817",1958,"1957-58","Notre Dame","notre-dame",13.43
"818",1957,"1956-57","Notre Dame","notre-dame",10.39
"819",1956,"1955-56","Notre Dame","notre-dame",4.5
"820",1955,"1954-55","Notre Dame","notre-dame",7.76
"821",1954,"1953-54","Notre Dame","notre-dame",16.87
"822",1953,"1952-53","Notre Dame","notre-dame",12.59
"823",1952,"1951-52","Notre Dame","notre-dame",6.15
"824",1951,"1950-51","Notre Dame","notre-dame",3.64
"825",1950,"1949-50","Notre Dame","notre-dame",6.4
"826",2026,"2025-26","Pittsburgh","pittsburgh",8.15
"827",2025,"2024-25","Pittsburgh","pittsburgh",13.27
"828",2024,"2023-24","Pittsburgh","pittsburgh",14.89
"829",2023,"2022-23","Pittsburgh","pittsburgh",10.59
"830",2022,"2021-22","Pittsburgh","pittsburgh",0.45
"831",2021,"2020-21","Pittsburgh","pittsburgh",7.8
"832",2020,"2019-20","Pittsburgh","pittsburgh",6.8
"833",2019,"2018-19","Pittsburgh","pittsburgh",7.88
"834",2018,"2017-18","Pittsburgh","pittsburgh",-1.87
"835",2017,"2016-17","Pittsburgh","pittsburgh",9.25
"836",2016,"2015-16","Pittsburgh","pittsburgh",15.47
"837",2015,"2014-15","Pittsburgh","pittsburgh",8.45
"838",2014,"2013-14","Pittsburgh","pittsburgh",17.46
"839",2013,"2012-13","Pittsburgh","pittsburgh",18.84
"840",2012,"2011-12","Pittsburgh","pittsburgh",9.43
"841",2011,"2010-11","Pittsburgh","pittsburgh",20.82
"842",2010,"2009-10","Pittsburgh","pittsburgh",14.3
"843",2009,"2008-09","Pittsburgh","pittsburgh",21.21
"844",2008,"2007-08","Pittsburgh","pittsburgh",15.62
"845",2007,"2006-07","Pittsburgh","pittsburgh",16.99
"846",2006,"2005-06","Pittsburgh","pittsburgh",16.37
"847",2005,"2004-05","Pittsburgh","pittsburgh",14.53
"848",2004,"2003-04","Pittsburgh","pittsburgh",18.2
"849",2003,"2002-03","Pittsburgh","pittsburgh",21.49
"850",2002,"2001-02","Pittsburgh","pittsburgh",14.68
"851",2001,"2000-01","Pittsburgh","pittsburgh",7.38
"852",2000,"1999-00","Pittsburgh","pittsburgh",3.98
"853",1999,"1998-99","Pittsburgh","pittsburgh",4.06
"854",1998,"1997-98","Pittsburgh","pittsburgh",2.66
"855",1997,"1996-97","Pittsburgh","pittsburgh",9.12
"856",1996,"1995-96","Pittsburgh","pittsburgh",10.97
"857",1995,"1994-95","Pittsburgh","pittsburgh",5.82
"858",1994,"1993-94","Pittsburgh","pittsburgh",12.8
"859",1993,"1992-93","Pittsburgh","pittsburgh",9.72
"860",1992,"1991-92","Pittsburgh","pittsburgh",11.49
"861",1991,"1990-91","Pittsburgh","pittsburgh",15.97
"862",1990,"1989-90","Pittsburgh","pittsburgh",11.8
"863",1989,"1988-89","Pittsburgh","pittsburgh",11.35
"864",1988,"1987-88","Pittsburgh","pittsburgh",16.96
"865",1987,"1986-87","Pittsburgh","pittsburgh",16.6
"866",1986,"1985-86","Pittsburgh","pittsburgh",11.2
"867",1985,"1984-85","Pittsburgh","pittsburgh",7.2
"868",1984,"1983-84","Pittsburgh","pittsburgh",4.68
"869",1983,"1982-83","Pittsburgh","pittsburgh",2.71
"870",1982,"1981-82","Pittsburgh","pittsburgh",2.26
"871",1981,"1980-81","Pittsburgh","pittsburgh",6.7
"872",1980,"1979-80","Pittsburgh","pittsburgh",5.7
"873",1979,"1978-79","Pittsburgh","pittsburgh",4.4
"874",1978,"1977-78","Pittsburgh","pittsburgh",0.76
"875",1977,"1976-77","Pittsburgh","pittsburgh",-4.52
"876",1976,"1975-76","Pittsburgh","pittsburgh",0.98
"877",1975,"1974-75","Pittsburgh","pittsburgh",4.56
"878",1974,"1973-74","Pittsburgh","pittsburgh",12.76
"879",1973,"1972-73","Pittsburgh","pittsburgh",1.44
"880",1972,"1971-72","Pittsburgh","pittsburgh",0.95
"881",1971,"1970-71","Pittsburgh","pittsburgh",3.31
"882",1970,"1969-70","Pittsburgh","pittsburgh",-9.57
"883",1969,"1968-69","Pittsburgh","pittsburgh",-17.41
"884",1968,"1967-68","Pittsburgh","pittsburgh",-18.27
"885",1967,"1966-67","Pittsburgh","pittsburgh",-17.8
"886",1966,"1965-66","Pittsburgh","pittsburgh",-11.52
"887",1965,"1964-65","Pittsburgh","pittsburgh",-12.23
"888",1964,"1963-64","Pittsburgh","pittsburgh",5.9
"889",1963,"1962-63","Pittsburgh","pittsburgh",7.77
"890",1962,"1961-62","Pittsburgh","pittsburgh",-2.79
"891",1961,"1960-61","Pittsburgh","pittsburgh",-3.93
"892",1960,"1959-60","Pittsburgh","pittsburgh",-3.76
"893",1959,"1958-59","Pittsburgh","pittsburgh",-3.72
"894",1958,"1957-58","Pittsburgh","pittsburgh",4.99
"895",1957,"1956-57","Pittsburgh","pittsburgh",2.14
"896",1956,"1955-56","Pittsburgh","pittsburgh",-4.1
"897",1955,"1954-55","Pittsburgh","pittsburgh",-4.76
"898",1954,"1953-54","Pittsburgh","pittsburgh",-5.23
"899",1953,"1952-53","Pittsburgh","pittsburgh",-3.24
"900",1952,"1951-52","Pittsburgh","pittsburgh",-0.07
"901",1951,"1950-51","Pittsburgh","pittsburgh",-4.49
"902",1950,"1949-50","Pittsburgh","pittsburgh",-9.87
"903",2026,"2025-26","Stanford","stanford",12.17
"904",2025,"2024-25","Stanford","stanford",8.78
"905",2024,"2023-24","Stanford","stanford",7.35
"906",2023,"2022-23","Stanford","stanford",9.64
"907",2022,"2021-22","Stanford","stanford",6.27
"908",2021,"2020-21","Stanford","stanford",10.15
"909",2020,"2019-20","Stanford","stanford",13.35
"910",2019,"2018-19","Stanford","stanford",6.03
"911",2018,"2017-18","Stanford","stanford",8.08
"912",2017,"2016-17","Stanford","stanford",6.39
"913",2016,"2015-16","Stanford","stanford",8.06
"914",2015,"2014-15","Stanford","stanford",12.33
"915",2014,"2013-14","Stanford","stanford",13.42
"916",2013,"2012-13","Stanford","stanford",11.36
"917",2012,"2011-12","Stanford","stanford",12.64
"918",2011,"2010-11","Stanford","stanford",6.4
"919",2010,"2009-10","Stanford","stanford",5.71
"920",2009,"2008-09","Stanford","stanford",10.58
"921",2008,"2007-08","Stanford","stanford",16.31
"922",2007,"2006-07","Stanford","stanford",11.16
"923",2006,"2005-06","Stanford","stanford",9.52
"924",2005,"2004-05","Stanford","stanford",9.09
"925",2004,"2003-04","Stanford","stanford",17.46
"926",2003,"2002-03","Stanford","stanford",13.25
"927",2002,"2001-02","Stanford","stanford",17.03
"928",2001,"2000-01","Stanford","stanford",25.77
"929",2000,"1999-00","Stanford","stanford",25.65
"930",1999,"1998-99","Stanford","stanford",22.23
"931",1998,"1997-98","Stanford","stanford",18.95
"932",1997,"1996-97","Stanford","stanford",19.89
"933",1996,"1995-96","Stanford","stanford",14.85
"934",1995,"1994-95","Stanford","stanford",13.11
"935",1994,"1993-94","Stanford","stanford",10.79
"936",1993,"1992-93","Stanford","stanford",0.06
"937",1992,"1991-92","Stanford","stanford",15.92
"938",1991,"1990-91","Stanford","stanford",14.48
"939",1990,"1989-90","Stanford","stanford",9.89
"940",1989,"1988-89","Stanford","stanford",20
"941",1988,"1987-88","Stanford","stanford",11.35
"942",1987,"1986-87","Stanford","stanford",3.99
"943",1986,"1985-86","Stanford","stanford",2.7
"944",1985,"1984-85","Stanford","stanford",-0.74
"945",1984,"1983-84","Stanford","stanford",3.64
"946",1983,"1982-83","Stanford","stanford",3.93
"947",1982,"1981-82","Stanford","stanford",-1.72
"948",1981,"1980-81","Stanford","stanford",-1.37
"949",1980,"1979-80","Stanford","stanford",-1.04
"950",1979,"1978-79","Stanford","stanford",2.88
"951",1978,"1977-78","Stanford","stanford",0.65
"952",1977,"1976-77","Stanford","stanford",-1.88
"953",1976,"1975-76","Stanford","stanford",2.25
"954",1975,"1974-75","Stanford","stanford",8.95
"955",1974,"1973-74","Stanford","stanford",8.94
"956",1973,"1972-73","Stanford","stanford",7.62
"957",1972,"1971-72","Stanford","stanford",2.81
"958",1971,"1970-71","Stanford","stanford",-0.34
"959",1970,"1969-70","Stanford","stanford",-0.41
"960",1969,"1968-69","Stanford","stanford",2.29
"961",1968,"1967-68","Stanford","stanford",2.81
"962",1967,"1966-67","Stanford","stanford",2.25
"963",1966,"1965-66","Stanford","stanford",3.81
"964",1965,"1964-65","Stanford","stanford",8.38
"965",1964,"1963-64","Stanford","stanford",11.05
"966",1963,"1962-63","Stanford","stanford",12.31
"967",1962,"1961-62","Stanford","stanford",10.57
"968",1961,"1960-61","Stanford","stanford",1.64
"969",1960,"1959-60","Stanford","stanford",6.74
"970",1959,"1958-59","Stanford","stanford",2.26
"971",1958,"1957-58","Stanford","stanford",2.04
"972",1957,"1956-57","Stanford","stanford",-0.09
"973",1956,"1955-56","Stanford","stanford",4.94
"974",1955,"1954-55","Stanford","stanford",9.05
"975",1954,"1953-54","Stanford","stanford",5.41
"976",1953,"1952-53","Stanford","stanford",-2.27
"977",1952,"1951-52","Stanford","stanford",4.08
"978",1951,"1950-51","Stanford","stanford",3.14
"979",1950,"1949-50","Stanford","stanford",-1.91
"980",2026,"2025-26","Syracuse","syracuse",9.9
"981",2025,"2024-25","Syracuse","syracuse",4.95
"982",2024,"2023-24","Syracuse","syracuse",8.53
"983",2023,"2022-23","Syracuse","syracuse",5.39
"984",2022,"2021-22","Syracuse","syracuse",10.12
"985",2021,"2020-21","Syracuse","syracuse",13.27
"986",2020,"2019-20","Syracuse","syracuse",12.32
"987",2019,"2018-19","Syracuse","syracuse",13.73
"988",2018,"2017-18","Syracuse","syracuse",12.89
"989",2017,"2016-17","Syracuse","syracuse",13.7
"990",2016,"2015-16","Syracuse","syracuse",14.62
"991",2015,"2014-15","Syracuse","syracuse",11.91
"992",2014,"2013-14","Syracuse","syracuse",16.05
"993",2013,"2012-13","Syracuse","syracuse",20.3
"994",2012,"2011-12","Syracuse","syracuse",21.12
"995",2011,"2010-11","Syracuse","syracuse",18.85
"996",2010,"2009-10","Syracuse","syracuse",21.72
"997",2009,"2008-09","Syracuse","syracuse",17.24
"998",2008,"2007-08","Syracuse","syracuse",12.65
"999",2007,"2006-07","Syracuse","syracuse",14.04
"1000",2006,"2005-06","Syracuse","syracuse",11.68
"1001",2005,"2004-05","Syracuse","syracuse",15.95
"1002",2004,"2003-04","Syracuse","syracuse",13.06
"1003",2003,"2002-03","Syracuse","syracuse",19.02
"1004",2002,"2001-02","Syracuse","syracuse",11.44
"1005",2001,"2000-01","Syracuse","syracuse",11.15
"1006",2000,"1999-00","Syracuse","syracuse",17.67
"1007",1999,"1998-99","Syracuse","syracuse",15.84
"1008",1998,"1997-98","Syracuse","syracuse",11.87
"1009",1997,"1996-97","Syracuse","syracuse",12.87
"1010",1996,"1995-96","Syracuse","syracuse",18.99
"1011",1995,"1994-95","Syracuse","syracuse",15.36
"1012",1994,"1993-94","Syracuse","syracuse",17.8
"1013",1993,"1992-93","Syracuse","syracuse",13.58
"1014",1992,"1991-92","Syracuse","syracuse",11.13
"1015",1991,"1990-91","Syracuse","syracuse",17.43
"1016",1990,"1989-90","Syracuse","syracuse",18.69
"1017",1989,"1988-89","Syracuse","syracuse",22.31
"1018",1988,"1987-88","Syracuse","syracuse",22.66
"1019",1987,"1986-87","Syracuse","syracuse",17.98
"1020",1986,"1985-86","Syracuse","syracuse",21.74
"1021",1985,"1984-85","Syracuse","syracuse",12.17
"1022",1984,"1983-84","Syracuse","syracuse",11.5
"1023",1983,"1982-83","Syracuse","syracuse",14.69
"1024",1982,"1981-82","Syracuse","syracuse",7.57
"1025",1981,"1980-81","Syracuse","syracuse",8.73
"1026",1980,"1979-80","Syracuse","syracuse",16.43
"1027",1979,"1978-79","Syracuse","syracuse",15.51
"1028",1978,"1977-78","Syracuse","syracuse",13.91
"1029",1977,"1976-77","Syracuse","syracuse",14.5
"1030",1976,"1975-76","Syracuse","syracuse",2.66
"1031",1975,"1974-75","Syracuse","syracuse",6.93
"1032",1974,"1973-74","Syracuse","syracuse",7.96
"1033",1973,"1972-73","Syracuse","syracuse",6.64
"1034",1972,"1971-72","Syracuse","syracuse",5.89
"1035",1971,"1970-71","Syracuse","syracuse",4.89
"1036",1970,"1969-70","Syracuse","syracuse",-7.65
"1037",1969,"1968-69","Syracuse","syracuse",-8.14
"1038",1968,"1967-68","Syracuse","syracuse",-4.95
"1039",1967,"1966-67","Syracuse","syracuse",9.28
"1040",1966,"1965-66","Syracuse","syracuse",11.39
"1041",1965,"1964-65","Syracuse","syracuse",1.93
"1042",1964,"1963-64","Syracuse","syracuse",0.99
"1043",1963,"1962-63","Syracuse","syracuse",-11.32
"1044",1962,"1961-62","Syracuse","syracuse",-19.77
"1045",1961,"1960-61","Syracuse","syracuse",-17.58
"1046",1960,"1959-60","Syracuse","syracuse",-4.82
"1047",1959,"1958-59","Syracuse","syracuse",-0.3
"1048",1958,"1957-58","Syracuse","syracuse",-0.46
"1049",1957,"1956-57","Syracuse","syracuse",6.9
"1050",1956,"1955-56","Syracuse","syracuse",2.59
"1051",1955,"1954-55","Syracuse","syracuse",-1.6
"1052",1954,"1953-54","Syracuse","syracuse",-1.06
"1053",1953,"1952-53","Syracuse","syracuse",-2.96
"1054",1952,"1951-52","Syracuse","syracuse",7.73
"1055",1951,"1950-51","Syracuse","syracuse",7.71
"1056",1950,"1949-50","Syracuse","syracuse",9.64
"1057",2026,"2025-26","Virginia","virginia",20.74
"1058",2025,"2024-25","Virginia","virginia",5.71
"1059",2024,"2023-24","Virginia","virginia",10.45
"1060",2023,"2022-23","Virginia","virginia",13.28
"1061",2022,"2021-22","Virginia","virginia",8.88
"1062",2021,"2020-21","Virginia","virginia",15.27
"1063",2020,"2019-20","Virginia","virginia",12.16
"1064",2019,"2018-19","Virginia","virginia",25.46
"1065",2018,"2017-18","Virginia","virginia",22.2
"1066",2017,"2016-17","Virginia","virginia",20.63
"1067",2016,"2015-16","Virginia","virginia",22.04
"1068",2015,"2014-15","Virginia","virginia",21.73
"1069",2014,"2013-14","Virginia","virginia",18.38
"1070",2013,"2012-13","Virginia","virginia",12.91
"1071",2012,"2011-12","Virginia","virginia",12.51
"1072",2011,"2010-11","Virginia","virginia",6.01
"1073",2010,"2009-10","Virginia","virginia",8.8
"1074",2009,"2008-09","Virginia","virginia",5.87
"1075",2008,"2007-08","Virginia","virginia",7.6
"1076",2007,"2006-07","Virginia","virginia",12.89
"1077",2006,"2005-06","Virginia","virginia",6.71
"1078",2005,"2004-05","Virginia","virginia",7.48
"1079",2004,"2003-04","Virginia","virginia",9.07
"1080",2003,"2002-03","Virginia","virginia",7.51
"1081",2002,"2001-02","Virginia","virginia",13.24
"1082",2001,"2000-01","Virginia","virginia",18.93
"1083",2000,"1999-00","Virginia","virginia",12.29
"1084",1999,"1998-99","Virginia","virginia",6.98
"1085",1998,"1997-98","Virginia","virginia",6.03
"1086",1997,"1996-97","Virginia","virginia",13.84
"1087",1996,"1995-96","Virginia","virginia",12.3
"1088",1995,"1994-95","Virginia","virginia",20.64
"1089",1994,"1993-94","Virginia","virginia",9.64
"1090",1993,"1992-93","Virginia","virginia",14.6
"1091",1992,"1991-92","Virginia","virginia",14.5
"1092",1991,"1990-91","Virginia","virginia",15.11
"1093",1990,"1989-90","Virginia","virginia",12.13
"1094",1989,"1988-89","Virginia","virginia",15.38
"1095",1988,"1987-88","Virginia","virginia",8.64
"1096",1987,"1986-87","Virginia","virginia",13.61
"1097",1986,"1985-86","Virginia","virginia",14.84
"1098",1985,"1984-85","Virginia","virginia",8.03
"1099",1984,"1983-84","Virginia","virginia",14.43
"1100",1983,"1982-83","Virginia","virginia",21.94
"1101",1982,"1981-82","Virginia","virginia",19.39
"1102",1981,"1980-81","Virginia","virginia",18.59
"1103",1980,"1979-80","Virginia","virginia",12.77
"1104",1979,"1978-79","Virginia","virginia",11.49
"1105",1978,"1977-78","Virginia","virginia",10.26
"1106",1977,"1976-77","Virginia","virginia",5.21
"1107",1976,"1975-76","Virginia","virginia",10.99
"1108",1975,"1974-75","Virginia","virginia",6.42
"1109",1974,"1973-74","Virginia","virginia",3.25
"1110",1973,"1972-73","Virginia","virginia",8.16
"1111",1972,"1971-72","Virginia","virginia",11.79
"1112",1971,"1970-71","Virginia","virginia",4.82
"1113",1970,"1969-70","Virginia","virginia",-0.09
"1114",1969,"1968-69","Virginia","virginia",-1.79
"1115",1968,"1967-68","Virginia","virginia",-6.17
"1116",1967,"1966-67","Virginia","virginia",-2.8
"1117",1966,"1965-66","Virginia","virginia",0.88
"1118",1965,"1964-65","Virginia","virginia",-8.08
"1119",1964,"1963-64","Virginia","virginia",-1.7
"1120",1963,"1962-63","Virginia","virginia",-6.11
"1121",1962,"1961-62","Virginia","virginia",-11.28
"1122",1961,"1960-61","Virginia","virginia",-15.34
"1123",1960,"1959-60","Virginia","virginia",-8.64
"1124",1959,"1958-59","Virginia","virginia",1.13
"1125",1958,"1957-58","Virginia","virginia",-2.31
"1126",1957,"1956-57","Virginia","virginia",-6.27
"1127",1956,"1955-56","Virginia","virginia",-5.31
"1128",1955,"1954-55","Virginia","virginia",0.75
"1129",1954,"1953-54","Virginia","virginia",-9
"1130",1953,"1952-53","Virginia","virginia",-9.93
"1131",1952,"1951-52","Virginia","virginia",-13.21
"1132",1951,"1950-51","Virginia","virginia",-20.91
"1133",1950,"1949-50","Virginia","virginia",-18.59
"1134",2026,"2025-26","Virginia Tech","virginia-tech",12.87
"1135",2025,"2024-25","Virginia Tech","virginia-tech",2.62
"1136",2024,"2023-24","Virginia Tech","virginia-tech",11.91
"1137",2023,"2022-23","Virginia Tech","virginia-tech",9.36
"1138",2022,"2021-22","Virginia Tech","virginia-tech",14.48
"1139",2021,"2020-21","Virginia Tech","virginia-tech",12.59
"1140",2020,"2019-20","Virginia Tech","virginia-tech",8.22
"1141",2019,"2018-19","Virginia Tech","virginia-tech",19.28
"1142",2018,"2017-18","Virginia Tech","virginia-tech",14.35
"1143",2017,"2016-17","Virginia Tech","virginia-tech",12.77
"1144",2016,"2015-16","Virginia Tech","virginia-tech",9.93
"1145",2015,"2014-15","Virginia Tech","virginia-tech",1.29
"1146",2014,"2013-14","Virginia Tech","virginia-tech",1.9
"1147",2013,"2012-13","Virginia Tech","virginia-tech",1.8
"1148",2012,"2011-12","Virginia Tech","virginia-tech",8.93
"1149",2011,"2010-11","Virginia Tech","virginia-tech",13.84
"1150",2010,"2009-10","Virginia Tech","virginia-tech",11.65
"1151",2009,"2008-09","Virginia Tech","virginia-tech",8.79
"1152",2008,"2007-08","Virginia Tech","virginia-tech",12
"1153",2007,"2006-07","Virginia Tech","virginia-tech",14.35
"1154",2006,"2005-06","Virginia Tech","virginia-tech",8.17
"1155",2005,"2004-05","Virginia Tech","virginia-tech",5.59
"1156",2004,"2003-04","Virginia Tech","virginia-tech",3.29
"1157",2003,"2002-03","Virginia Tech","virginia-tech",2.3
"1158",2002,"2001-02","Virginia Tech","virginia-tech",3.35
"1159",2001,"2000-01","Virginia Tech","virginia-tech",-5.37
"1160",2000,"1999-00","Virginia Tech","virginia-tech",3
"1161",1999,"1998-99","Virginia Tech","virginia-tech",0.77
"1162",1998,"1997-98","Virginia Tech","virginia-tech",3.21
"1163",1997,"1996-97","Virginia Tech","virginia-tech",6.37
"1164",1996,"1995-96","Virginia Tech","virginia-tech",11.52
"1165",1995,"1994-95","Virginia Tech","virginia-tech",13.59
"1166",1994,"1993-94","Virginia Tech","virginia-tech",9.88
"1167",1993,"1992-93","Virginia Tech","virginia-tech",-2.09
"1168",1992,"1991-92","Virginia Tech","virginia-tech",1.28
"1169",1991,"1990-91","Virginia Tech","virginia-tech",-0.09
"1170",1990,"1989-90","Virginia Tech","virginia-tech",0.52
"1171",1989,"1988-89","Virginia Tech","virginia-tech",3.01
"1172",1988,"1987-88","Virginia Tech","virginia-tech",10.88
"1173",1987,"1986-87","Virginia Tech","virginia-tech",-1.02
"1174",1986,"1985-86","Virginia Tech","virginia-tech",11.3
"1175",1985,"1984-85","Virginia Tech","virginia-tech",13.84
"1176",1984,"1983-84","Virginia Tech","virginia-tech",14.09
"1177",1983,"1982-83","Virginia Tech","virginia-tech",9.22
"1178",1982,"1981-82","Virginia Tech","virginia-tech",9.92
"1179",1981,"1980-81","Virginia Tech","virginia-tech",4.36
"1180",1980,"1979-80","Virginia Tech","virginia-tech",9.19
"1181",1979,"1978-79","Virginia Tech","virginia-tech",5.87
"1182",1978,"1977-78","Virginia Tech","virginia-tech",6.72
"1183",1977,"1976-77","Virginia Tech","virginia-tech",6.9
"1184",1976,"1975-76","Virginia Tech","virginia-tech",17.33
"1185",1975,"1974-75","Virginia Tech","virginia-tech",3.52
"1186",1974,"1973-74","Virginia Tech","virginia-tech",1.69
"1187",1973,"1972-73","Virginia Tech","virginia-tech",7.85
"1188",1972,"1971-72","Virginia Tech","virginia-tech",2.94
"1189",1971,"1970-71","Virginia Tech","virginia-tech",1.24
"1190",1970,"1969-70","Virginia Tech","virginia-tech",-2.11
"1191",1969,"1968-69","Virginia Tech","virginia-tech",-1.23
"1192",1968,"1967-68","Virginia Tech","virginia-tech",-0.46
"1193",1967,"1966-67","Virginia Tech","virginia-tech",6.23
"1194",1966,"1965-66","Virginia Tech","virginia-tech",4.86
"1195",1965,"1964-65","Virginia Tech","virginia-tech",0.66
"1196",1964,"1963-64","Virginia Tech","virginia-tech",2.81
"1197",1963,"1962-63","Virginia Tech","virginia-tech",-1.14
"1198",1962,"1961-62","Virginia Tech","virginia-tech",4.9
"1199",1961,"1960-61","Virginia Tech","virginia-tech",5
"1200",1960,"1959-60","Virginia Tech","virginia-tech",5.61
"1201",1959,"1958-59","Virginia Tech","virginia-tech",12.1
"1202",1958,"1957-58","Virginia Tech","virginia-tech",-0.74
"1203",1957,"1956-57","Virginia Tech","virginia-tech",-1.81
"1204",1956,"1955-56","Virginia Tech","virginia-tech",-7.88
"1205",1955,"1954-55","Virginia Tech","virginia-tech",-18.94
"1206",1954,"1953-54","Virginia Tech","virginia-tech",-26.74
"1207",1953,"1952-53","Virginia Tech","virginia-tech",-18.2
"1208",1952,"1951-52","Virginia Tech","virginia-tech",-19.07
"1209",1951,"1950-51","Virginia Tech","virginia-tech",-9.09
"1210",1950,"1949-50","Virginia Tech","virginia-tech",-7.18
"1211",2026,"2025-26","Wake Forest","wake-forest",11.8
"1212",2025,"2024-25","Wake Forest","wake-forest",9.63
"1213",2024,"2023-24","Wake Forest","wake-forest",14.94
"1214",2023,"2022-23","Wake Forest","wake-forest",8.25
"1215",2022,"2021-22","Wake Forest","wake-forest",13.24
"1216",2021,"2020-21","Wake Forest","wake-forest",1.72
"1217",2020,"2019-20","Wake Forest","wake-forest",6.69
"1218",2019,"2018-19","Wake Forest","wake-forest",1.21
"1219",2018,"2017-18","Wake Forest","wake-forest",7.76
"1220",2017,"2016-17","Wake Forest","wake-forest",14.19
"1221",2016,"2015-16","Wake Forest","wake-forest",5.53
"1222",2015,"2014-15","Wake Forest","wake-forest",4.62
"1223",2014,"2013-14","Wake Forest","wake-forest",5.49
"1224",2013,"2012-13","Wake Forest","wake-forest",3.44
"1225",2012,"2011-12","Wake Forest","wake-forest",-0.75
"1226",2011,"2010-11","Wake Forest","wake-forest",-4.43
"1227",2010,"2009-10","Wake Forest","wake-forest",11.45
"1228",2009,"2008-09","Wake Forest","wake-forest",15.63
"1229",2008,"2007-08","Wake Forest","wake-forest",9.29
"1230",2007,"2006-07","Wake Forest","wake-forest",6.08
"1231",2006,"2005-06","Wake Forest","wake-forest",8.16
"1232",2005,"2004-05","Wake Forest","wake-forest",20.24
"1233",2004,"2003-04","Wake Forest","wake-forest",18.45
"1234",2003,"2002-03","Wake Forest","wake-forest",16.96
"1235",2002,"2001-02","Wake Forest","wake-forest",15.25
"1236",2001,"2000-01","Wake Forest","wake-forest",20.53
"1237",2000,"1999-00","Wake Forest","wake-forest",14.2
"1238",1999,"1998-99","Wake Forest","wake-forest",9.79
"1239",1998,"1997-98","Wake Forest","wake-forest",9.62
"1240",1997,"1996-97","Wake Forest","wake-forest",20.94
"1241",1996,"1995-96","Wake Forest","wake-forest",18.26
"1242",1995,"1994-95","Wake Forest","wake-forest",19.5
"1243",1994,"1993-94","Wake Forest","wake-forest",13.92
"1244",1993,"1992-93","Wake Forest","wake-forest",16.82
"1245",1992,"1991-92","Wake Forest","wake-forest",13.41
"1246",1991,"1990-91","Wake Forest","wake-forest",13.76
"1247",1990,"1989-90","Wake Forest","wake-forest",7.81
"1248",1989,"1988-89","Wake Forest","wake-forest",8.12
"1249",1988,"1987-88","Wake Forest","wake-forest",2.63
"1250",1987,"1986-87","Wake Forest","wake-forest",6.49
"1251",1986,"1985-86","Wake Forest","wake-forest",1.41
"1252",1985,"1984-85","Wake Forest","wake-forest",9.91
"1253",1984,"1983-84","Wake Forest","wake-forest",15.1
"1254",1983,"1982-83","Wake Forest","wake-forest",10.15
"1255",1982,"1981-82","Wake Forest","wake-forest",15.41
"1256",1981,"1980-81","Wake Forest","wake-forest",16.29
"1257",1980,"1979-80","Wake Forest","wake-forest",8.63
"1258",1979,"1978-79","Wake Forest","wake-forest",5.1
"1259",1978,"1977-78","Wake Forest","wake-forest",12.89
"1260",1977,"1976-77","Wake Forest","wake-forest",13.09
"1261",1976,"1975-76","Wake Forest","wake-forest",12.37
"1262",1975,"1974-75","Wake Forest","wake-forest",8.27
"1263",1974,"1973-74","Wake Forest","wake-forest",9.08
"1264",1973,"1972-73","Wake Forest","wake-forest",1.25
"1265",1972,"1971-72","Wake Forest","wake-forest",2.95
"1266",1971,"1970-71","Wake Forest","wake-forest",9
"1267",1970,"1969-70","Wake Forest","wake-forest",5.15
"1268",1969,"1968-69","Wake Forest","wake-forest",9.15
"1269",1968,"1967-68","Wake Forest","wake-forest",-5.07
"1270",1967,"1966-67","Wake Forest","wake-forest",0.26
"1271",1966,"1965-66","Wake Forest","wake-forest",-0.47
"1272",1965,"1964-65","Wake Forest","wake-forest",2.38
"1273",1964,"1963-64","Wake Forest","wake-forest",4.96
"1274",1963,"1962-63","Wake Forest","wake-forest",4.97
"1275",1962,"1961-62","Wake Forest","wake-forest",11.57
"1276",1961,"1960-61","Wake Forest","wake-forest",8.17
"1277",1960,"1959-60","Wake Forest","wake-forest",12.02
"1278",1959,"1958-59","Wake Forest","wake-forest",1.51
"1279",1958,"1957-58","Wake Forest","wake-forest",-2.61
"1280",1957,"1956-57","Wake Forest","wake-forest",7.11
"1281",1956,"1955-56","Wake Forest","wake-forest",9.97
"1282",1955,"1954-55","Wake Forest","wake-forest",6.95
"1283",1954,"1953-54","Wake Forest","wake-forest",4.76
"1284",1953,"1952-53","Wake Forest","wake-forest",7.21
"1285",1952,"1951-52","Wake Forest","wake-forest",-12.91
"1286",1951,"1950-51","Wake Forest","wake-forest",-9.19
"1287",1950,"1949-50","Wake Forest","wake-forest",-8.27
"1288",2026,"2025-26","Southern Methodist","southern-methodist",16.2
"1289",2025,"2024-25","Southern Methodist","southern-methodist",14.35
"1290",2024,"2023-24","Southern Methodist","southern-methodist",10.22
"1291",2023,"2022-23","Southern Methodist","southern-methodist",-0.12
"1292",2022,"2021-22","Southern Methodist","southern-methodist",11.14
"1293",2021,"2020-21","Southern Methodist","southern-methodist",10.97
"1294",2020,"2019-20","Southern Methodist","southern-methodist",7.97
"1295",2019,"2018-19","Southern Methodist","southern-methodist",5.81
"1296",2018,"2017-18","Southern Methodist","southern-methodist",9.08
"1297",2017,"2016-17","Southern Methodist","southern-methodist",18.71
"1298",2016,"2015-16","Southern Methodist","southern-methodist",18.42
"1299",2015,"2014-15","Southern Methodist","southern-methodist",12.94
"1300",2014,"2013-14","Southern Methodist","southern-methodist",13.73
"1301",2013,"2012-13","Southern Methodist","southern-methodist",-0.59
"1302",2012,"2011-12","Southern Methodist","southern-methodist",-1.26
"1303",2011,"2010-11","Southern Methodist","southern-methodist",1.04
"1304",2010,"2009-10","Southern Methodist","southern-methodist",2.39
"1305",2009,"2008-09","Southern Methodist","southern-methodist",-3.27
"1306",2008,"2007-08","Southern Methodist","southern-methodist",-8.41
"1307",2007,"2006-07","Southern Methodist","southern-methodist",-0.45
"1308",2006,"2005-06","Southern Methodist","southern-methodist",-1.1
"1309",2005,"2004-05","Southern Methodist","southern-methodist",3.59
"1310",2004,"2003-04","Southern Methodist","southern-methodist",0.69
"1311",2003,"2002-03","Southern Methodist","southern-methodist",1.77
"1312",2002,"2001-02","Southern Methodist","southern-methodist",4.23
"1313",2001,"2000-01","Southern Methodist","southern-methodist",7.79
"1314",2000,"1999-00","Southern Methodist","southern-methodist",7.7
"1315",1999,"1998-99","Southern Methodist","southern-methodist",2.06
"1316",1998,"1997-98","Southern Methodist","southern-methodist",5.82
"1317",1997,"1996-97","Southern Methodist","southern-methodist",2.41
"1318",1996,"1995-96","Southern Methodist","southern-methodist",-2.38
"1319",1995,"1994-95","Southern Methodist","southern-methodist",-7.3
"1320",1994,"1993-94","Southern Methodist","southern-methodist",-3.69
"1321",1993,"1992-93","Southern Methodist","southern-methodist",6.8
"1322",1992,"1991-92","Southern Methodist","southern-methodist",-1.02
"1323",1991,"1990-91","Southern Methodist","southern-methodist",4.95
"1324",1990,"1989-90","Southern Methodist","southern-methodist",-1.98
"1325",1989,"1988-89","Southern Methodist","southern-methodist",0.83
"1326",1988,"1987-88","Southern Methodist","southern-methodist",11.12
"1327",1987,"1986-87","Southern Methodist","southern-methodist",8.61
"1328",1986,"1985-86","Southern Methodist","southern-methodist",5.44
"1329",1985,"1984-85","Southern Methodist","southern-methodist",11.58
"1330",1984,"1983-84","Southern Methodist","southern-methodist",8.33
"1331",1983,"1982-83","Southern Methodist","southern-methodist",3.03
"1332",1982,"1981-82","Southern Methodist","southern-methodist",-2.48
"1333",1981,"1980-81","Southern Methodist","southern-methodist",-5.99
"1334",1980,"1979-80","Southern Methodist","southern-methodist",0.27
"1335",1979,"1978-79","Southern Methodist","southern-methodist",-1.77
"1336",1978,"1977-78","Southern Methodist","southern-methodist",-0.4
"1337",1977,"1976-77","Southern Methodist","southern-methodist",-5.79
"1338",1976,"1975-76","Southern Methodist","southern-methodist",3.89
"1339",1975,"1974-75","Southern Methodist","southern-methodist",-7.24
"1340",1974,"1973-74","Southern Methodist","southern-methodist",1.11
"1341",1973,"1972-73","Southern Methodist","southern-methodist",-0.14
"1342",1972,"1971-72","Southern Methodist","southern-methodist",-3.21
"1343",1971,"1970-71","Southern Methodist","southern-methodist",-2.51
"1344",1970,"1969-70","Southern Methodist","southern-methodist",-6.01
"1345",1969,"1968-69","Southern Methodist","southern-methodist",-0.2
"1346",1968,"1967-68","Southern Methodist","southern-methodist",-6.73
"1347",1967,"1966-67","Southern Methodist","southern-methodist",0.34
"1348",1966,"1965-66","Southern Methodist","southern-methodist",3.77
"1349",1965,"1964-65","Southern Methodist","southern-methodist",0.68
"1350",1964,"1963-64","Southern Methodist","southern-methodist",2.73
"1351",1963,"1962-63","Southern Methodist","southern-methodist",1.01
"1352",1962,"1961-62","Southern Methodist","southern-methodist",6.1
"1353",1961,"1960-61","Southern Methodist","southern-methodist",-1.01
"1354",1960,"1959-60","Southern Methodist","southern-methodist",8.72
"1355",1959,"1958-59","Southern Methodist","southern-methodist",5.21
"1356",1958,"1957-58","Southern Methodist","southern-methodist",5.21
"1357",1957,"1956-57","Southern Methodist","southern-methodist",14.21
"1358",1956,"1955-56","Southern Methodist","southern-methodist",13.45
"1359",1955,"1954-55","Southern Methodist","southern-methodist",0.4
"1360",1954,"1953-54","Southern Methodist","southern-methodist",8.05
"1361",1953,"1952-53","Southern Methodist","southern-methodist",-4.24
"1362",1952,"1951-52","Southern Methodist","southern-methodist",-2.36
"1363",1951,"1950-51","Southern Methodist","southern-methodist",1.56
"1364",1950,"1949-50","Southern Methodist","southern-methodist",-2.72
"1365",2026,"2025-26","Illinois","illinois",26.74
"1366",2025,"2024-25","Illinois","illinois",21.59
"1367",2024,"2023-24","Illinois","illinois",19.56
"1368",2023,"2022-23","Illinois","illinois",14.81
"1369",2022,"2021-22","Illinois","illinois",16.69
"1370",2021,"2020-21","Illinois","illinois",23.25
"1371",2020,"2019-20","Illinois","illinois",15.27
"1372",2019,"2018-19","Illinois","illinois",8.95
"1373",2018,"2017-18","Illinois","illinois",8.5
"1374",2017,"2016-17","Illinois","illinois",10.54
"1375",2016,"2015-16","Illinois","illinois",4.39
"1376",2015,"2014-15","Illinois","illinois",12.42
"1377",2014,"2013-14","Illinois","illinois",10.33
"1378",2013,"2012-13","Illinois","illinois",13.18
"1379",2012,"2011-12","Illinois","illinois",9.33
"1380",2011,"2010-11","Illinois","illinois",16.72
"1381",2010,"2009-10","Illinois","illinois",11.58
"1382",2009,"2008-09","Illinois","illinois",14.38
"1383",2008,"2007-08","Illinois","illinois",10.98
"1384",2007,"2006-07","Illinois","illinois",14.18
"1385",2006,"2005-06","Illinois","illinois",17.2
"1386",2005,"2004-05","Illinois","illinois",24.11
"1387",2004,"2003-04","Illinois","illinois",16.93
"1388",2003,"2002-03","Illinois","illinois",19.83
"1389",2002,"2001-02","Illinois","illinois",19.2
"1390",2001,"2000-01","Illinois","illinois",23.32
"1391",2000,"1999-00","Illinois","illinois",19.73
"1392",1999,"1998-99","Illinois","illinois",10.6
"1393",1998,"1997-98","Illinois","illinois",15.21
"1394",1997,"1996-97","Illinois","illinois",15.68
"1395",1996,"1995-96","Illinois","illinois",13.96
"1396",1995,"1994-95","Illinois","illinois",11.97
"1397",1994,"1993-94","Illinois","illinois",19.11
"1398",1993,"1992-93","Illinois","illinois",11.83
"1399",1992,"1991-92","Illinois","illinois",12.48
"1400",1991,"1990-91","Illinois","illinois",9.82
"1401",1990,"1989-90","Illinois","illinois",18.39
"1402",1989,"1988-89","Illinois","illinois",24.68
"1403",1988,"1987-88","Illinois","illinois",21.54
"1404",1987,"1986-87","Illinois","illinois",18.05
"1405",1986,"1985-86","Illinois","illinois",20.35
"1406",1985,"1984-85","Illinois","illinois",18.85
"1407",1984,"1983-84","Illinois","illinois",19.56
"1408",1983,"1982-83","Illinois","illinois",9.76
"1409",1982,"1981-82","Illinois","illinois",10.58
"1410",1981,"1980-81","Illinois","illinois",18.11
"1411",1980,"1979-80","Illinois","illinois",15.77
"1412",1979,"1978-79","Illinois","illinois",11.28
"1413",1978,"1977-78","Illinois","illinois",6.11
"1414",1977,"1976-77","Illinois","illinois",5.33
"1415",1976,"1975-76","Illinois","illinois",6.07
"1416",1975,"1974-75","Illinois","illinois",-1.31
"1417",1974,"1973-74","Illinois","illinois",-5.06
"1418",1973,"1972-73","Illinois","illinois",7.58
"1419",1972,"1971-72","Illinois","illinois",0.3
"1420",1971,"1970-71","Illinois","illinois",6.92
"1421",1970,"1969-70","Illinois","illinois",8.37
"1422",1969,"1968-69","Illinois","illinois",17.98
"1423",1968,"1967-68","Illinois","illinois",4.47
"1424",1967,"1966-67","Illinois","illinois",4.39
"1425",1966,"1965-66","Illinois","illinois",7.52
"1426",1965,"1964-65","Illinois","illinois",20.59
"1427",1964,"1963-64","Illinois","illinois",10.56
"1428",1963,"1962-63","Illinois","illinois",13.17
"1429",1962,"1961-62","Illinois","illinois",8.1
"1430",1961,"1960-61","Illinois","illinois",2.52
"1431",1960,"1959-60","Illinois","illinois",9.95
"1432",1959,"1958-59","Illinois","illinois",10.02
"1433",1958,"1957-58","Illinois","illinois",5.62
"1434",1957,"1956-57","Illinois","illinois",12.27
"1435",1956,"1955-56","Illinois","illinois",21.14
"1436",1955,"1954-55","Illinois","illinois",17.43
"1437",1954,"1953-54","Illinois","illinois",18.81
"1438",1953,"1952-53","Illinois","illinois",20.19
"1439",1952,"1951-52","Illinois","illinois",15.13
"1440",1951,"1950-51","Illinois","illinois",15.51
"1441",1950,"1949-50","Illinois","illinois",11.31
"1442",2026,"2025-26","Indiana","indiana",16.55
"1443",2025,"2024-25","Indiana","indiana",14.63
"1444",2024,"2023-24","Indiana","indiana",7.74
"1445",2023,"2022-23","Indiana","indiana",14.94
"1446",2022,"2021-22","Indiana","indiana",12.71
"1447",2021,"2020-21","Indiana","indiana",12.79
"1448",2020,"2019-20","Indiana","indiana",15.07
"1449",2019,"2018-19","Indiana","indiana",13.82
"1450",2018,"2017-18","Indiana","indiana",9.89
"1451",2017,"2016-17","Indiana","indiana",14.63
"1452",2016,"2015-16","Indiana","indiana",19.59
"1453",2015,"2014-15","Indiana","indiana",12.94
"1454",2014,"2013-14","Indiana","indiana",11.32
"1455",2013,"2012-13","Indiana","indiana",24.92
"1456",2012,"2011-12","Indiana","indiana",18.63
"1457",2011,"2010-11","Indiana","indiana",9.03
"1458",2010,"2009-10","Indiana","indiana",0.76
"1459",2009,"2008-09","Indiana","indiana",-2.03
"1460",2008,"2007-08","Indiana","indiana",15.78
"1461",2007,"2006-07","Indiana","indiana",16.78
"1462",2006,"2005-06","Indiana","indiana",12.1
"1463",2005,"2004-05","Indiana","indiana",10.19
"1464",2004,"2003-04","Indiana","indiana",5.18
"1465",2003,"2002-03","Indiana","indiana",12.63
"1466",2002,"2001-02","Indiana","indiana",19.19
"1467",2001,"2000-01","Indiana","indiana",17.58
"1468",2000,"1999-00","Indiana","indiana",19.43
"1469",1999,"1998-99","Indiana","indiana",17.21
"1470",1998,"1997-98","Indiana","indiana",14.18
"1471",1997,"1996-97","Indiana","indiana",13.94
"1472",1996,"1995-96","Indiana","indiana",17.61
"1473",1995,"1994-95","Indiana","indiana",14.83
"1474",1994,"1993-94","Indiana","indiana",16.04
"1475",1993,"1992-93","Indiana","indiana",25.83
"1476",1992,"1991-92","Indiana","indiana",30.05
"1477",1991,"1990-91","Indiana","indiana",23.21
"1478",1990,"1989-90","Indiana","indiana",18.17
"1479",1989,"1988-89","Indiana","indiana",20.27
"1480",1988,"1987-88","Indiana","indiana",17.48
"1481",1987,"1986-87","Indiana","indiana",20.69
"1482",1986,"1985-86","Indiana","indiana",18.68
"1483",1985,"1984-85","Indiana","indiana",15.23
"1484",1984,"1983-84","Indiana","indiana",14.6
"1485",1983,"1982-83","Indiana","indiana",17.88
"1486",1982,"1981-82","Indiana","indiana",13.21
"1487",1981,"1980-81","Indiana","indiana",21.18
"1488",1980,"1979-80","Indiana","indiana",17.55
"1489",1979,"1978-79","Indiana","indiana",14.86
"1490",1978,"1977-78","Indiana","indiana",12.48
"1491",1977,"1976-77","Indiana","indiana",11.44
"1492",1976,"1975-76","Indiana","indiana",26.53
"1493",1975,"1974-75","Indiana","indiana",28.66
"1494",1974,"1973-74","Indiana","indiana",17.61
"1495",1973,"1972-73","Indiana","indiana",16.57
"1496",1972,"1971-72","Indiana","indiana",10.28
"1497",1971,"1970-71","Indiana","indiana",7.96
"1498",1970,"1969-70","Indiana","indiana",1.72
"1499",1969,"1968-69","Indiana","indiana",4.5
"1500",1968,"1967-68","Indiana","indiana",0.64
"1501",1967,"1966-67","Indiana","indiana",7.26
"1502",1966,"1965-66","Indiana","indiana",1.54
"1503",1965,"1964-65","Indiana","indiana",18.55
"1504",1964,"1963-64","Indiana","indiana",7.65
"1505",1963,"1962-63","Indiana","indiana",6.98
"1506",1962,"1961-62","Indiana","indiana",5.25
"1507",1961,"1960-61","Indiana","indiana",7.81
"1508",1960,"1959-60","Indiana","indiana",14.94
"1509",1959,"1958-59","Indiana","indiana",9.6
"1510",1958,"1957-58","Indiana","indiana",7.41
"1511",1957,"1956-57","Indiana","indiana",8.9
"1512",1956,"1955-56","Indiana","indiana",10.67
"1513",1955,"1954-55","Indiana","indiana",4.47
"1514",1954,"1953-54","Indiana","indiana",17.47
"1515",1953,"1952-53","Indiana","indiana",19.98
"1516",1952,"1951-52","Indiana","indiana",12.16
"1517",1951,"1950-51","Indiana","indiana",16.94
"1518",1950,"1949-50","Indiana","indiana",12
"1519",2026,"2025-26","Iowa","iowa",19.24
"1520",2025,"2024-25","Iowa","iowa",12.85
"1521",2024,"2023-24","Iowa","iowa",13
"1522",2023,"2022-23","Iowa","iowa",14.08
"1523",2022,"2021-22","Iowa","iowa",18.9
"1524",2021,"2020-21","Iowa","iowa",21.4
"1525",2020,"2019-20","Iowa","iowa",16.07
"1526",2019,"2018-19","Iowa","iowa",14.27
"1527",2018,"2017-18","Iowa","iowa",8.13
"1528",2017,"2016-17","Iowa","iowa",10.01
"1529",2016,"2015-16","Iowa","iowa",17.01
"1530",2015,"2014-15","Iowa","iowa",15.83
"1531",2014,"2013-14","Iowa","iowa",18.58
"1532",2013,"2012-13","Iowa","iowa",14.22
"1533",2012,"2011-12","Iowa","iowa",7.04
"1534",2011,"2010-11","Iowa","iowa",7.95
"1535",2010,"2009-10","Iowa","iowa",2.12
"1536",2009,"2008-09","Iowa","iowa",6.65
"1537",2008,"2007-08","Iowa","iowa",2.77
"1538",2007,"2006-07","Iowa","iowa",9.12
"1539",2006,"2005-06","Iowa","iowa",14.18
"1540",2005,"2004-05","Iowa","iowa",14.98
"1541",2004,"2003-04","Iowa","iowa",8.7
"1542",2003,"2002-03","Iowa","iowa",8.44
"1543",2002,"2001-02","Iowa","iowa",12.39
"1544",2001,"2000-01","Iowa","iowa",14.25
"1545",2000,"1999-00","Iowa","iowa",9
"1546",1999,"1998-99","Iowa","iowa",15.37
"1547",1998,"1997-98","Iowa","iowa",17.25
"1548",1997,"1996-97","Iowa","iowa",16.84
"1549",1996,"1995-96","Iowa","iowa",18.65
"1550",1995,"1994-95","Iowa","iowa",15.91
"1551",1994,"1993-94","Iowa","iowa",11.53
"1552",1993,"1992-93","Iowa","iowa",19.75
"1553",1992,"1991-92","Iowa","iowa",18.19
"1554",1991,"1990-91","Iowa","iowa",10.75
"1555",1990,"1989-90","Iowa","iowa",6.71
"1556",1989,"1988-89","Iowa","iowa",18.99
"1557",1988,"1987-88","Iowa","iowa",21.79
"1558",1987,"1986-87","Iowa","iowa",20.59
"1559",1986,"1985-86","Iowa","iowa",15.93
"1560",1985,"1984-85","Iowa","iowa",16.68
"1561",1984,"1983-84","Iowa","iowa",8.62
"1562",1983,"1982-83","Iowa","iowa",15.25
"1563",1982,"1981-82","Iowa","iowa",12.01
"1564",1981,"1980-81","Iowa","iowa",18.02
"1565",1980,"1979-80","Iowa","iowa",17.56
"1566",1979,"1978-79","Iowa","iowa",17.6
"1567",1978,"1977-78","Iowa","iowa",5.83
"1568",1977,"1976-77","Iowa","iowa",10.5
"1569",1976,"1975-76","Iowa","iowa",8.48
"1570",1975,"1974-75","Iowa","iowa",-0.32
"1571",1974,"1973-74","Iowa","iowa",-1.3
"1572",1973,"1972-73","Iowa","iowa",10.16
"1573",1972,"1971-72","Iowa","iowa",5.15
"1574",1971,"1970-71","Iowa","iowa",1.17
"1575",1970,"1969-70","Iowa","iowa",15.24
"1576",1969,"1968-69","Iowa","iowa",9.46
"1577",1968,"1967-68","Iowa","iowa",8.05
"1578",1967,"1966-67","Iowa","iowa",7.77
"1579",1966,"1965-66","Iowa","iowa",10.5
"1580",1965,"1964-65","Iowa","iowa",14.03
"1581",1964,"1963-64","Iowa","iowa",-1.04
"1582",1963,"1962-63","Iowa","iowa",2.63
"1583",1962,"1961-62","Iowa","iowa",6.3
"1584",1961,"1960-61","Iowa","iowa",10.13
"1585",1960,"1959-60","Iowa","iowa",7.2
"1586",1959,"1958-59","Iowa","iowa",6.45
"1587",1958,"1957-58","Iowa","iowa",5.32
"1588",1957,"1956-57","Iowa","iowa",2.32
"1589",1956,"1955-56","Iowa","iowa",14.61
"1590",1955,"1954-55","Iowa","iowa",15.84
"1591",1954,"1953-54","Iowa","iowa",15.41
"1592",1953,"1952-53","Iowa","iowa",10.11
"1593",1952,"1951-52","Iowa","iowa",12.03
"1594",1951,"1950-51","Iowa","iowa",10.65
"1595",1950,"1949-50","Iowa","iowa",7.42
"1596",2026,"2025-26","Maryland","maryland",4.67
"1597",2025,"2024-25","Maryland","maryland",23.33
"1598",2024,"2023-24","Maryland","maryland",10.6
"1599",2023,"2022-23","Maryland","maryland",14.58
"1600",2022,"2021-22","Maryland","maryland",9.34
"1601",2021,"2020-21","Maryland","maryland",13.94
"1602",2020,"2019-20","Maryland","maryland",17.82
"1603",2019,"2018-19","Maryland","maryland",16.01
"1604",2018,"2017-18","Maryland","maryland",13.78
"1605",2017,"2016-17","Maryland","maryland",12.79
"1606",2016,"2015-16","Maryland","maryland",16.71
"1607",2015,"2014-15","Maryland","maryland",13.32
"1608",2014,"2013-14","Maryland","maryland",11.33
"1609",2013,"2012-13","Maryland","maryland",11.39
"1610",2012,"2011-12","Maryland","maryland",3.95
"1611",2011,"2010-11","Maryland","maryland",15
"1612",2010,"2009-10","Maryland","maryland",17.75
"1613",2009,"2008-09","Maryland","maryland",11.1
"1614",2008,"2007-08","Maryland","maryland",9.74
"1615",2007,"2006-07","Maryland","maryland",19.06
"1616",2006,"2005-06","Maryland","maryland",10.73
"1617",2005,"2004-05","Maryland","maryland",13.76
"1618",2004,"2003-04","Maryland","maryland",16.96
"1619",2003,"2002-03","Maryland","maryland",20.56
"1620",2002,"2001-02","Maryland","maryland",23.46
"1621",2001,"2000-01","Maryland","maryland",23.83
"1622",2000,"1999-00","Maryland","maryland",17.93
"1623",1999,"1998-99","Maryland","maryland",26.13
"1624",1998,"1997-98","Maryland","maryland",18.79
"1625",1997,"1996-97","Maryland","maryland",17.52
"1626",1996,"1995-96","Maryland","maryland",15
"1627",1995,"1994-95","Maryland","maryland",22.69
"1628",1994,"1993-94","Maryland","maryland",14.13
"1629",1993,"1992-93","Maryland","maryland",9.49
"1630",1992,"1991-92","Maryland","maryland",9.86
"1631",1991,"1990-91","Maryland","maryland",9.03
"1632",1990,"1989-90","Maryland","maryland",10.91
"1633",1989,"1988-89","Maryland","maryland",4.01
"1634",1988,"1987-88","Maryland","maryland",11.91
"1635",1987,"1986-87","Maryland","maryland",4.6
"1636",1986,"1985-86","Maryland","maryland",15.08
"1637",1985,"1984-85","Maryland","maryland",13.92
"1638",1984,"1983-84","Maryland","maryland",14.92
"1639",1983,"1982-83","Maryland","maryland",8.5
"1640",1982,"1981-82","Maryland","maryland",7.74
"1641",1981,"1980-81","Maryland","maryland",13.7
"1642",1980,"1979-80","Maryland","maryland",14.61
"1643",1979,"1978-79","Maryland","maryland",10.73
"1644",1978,"1977-78","Maryland","maryland",9.1
"1645",1977,"1976-77","Maryland","maryland",10.44
"1646",1976,"1975-76","Maryland","maryland",18.22
"1647",1975,"1974-75","Maryland","maryland",19.93
"1648",1974,"1973-74","Maryland","maryland",23.3
"1649",1973,"1972-73","Maryland","maryland",17.12
"1650",1972,"1971-72","Maryland","maryland",14.65
"1651",1971,"1970-71","Maryland","maryland",1.79
"1652",1970,"1969-70","Maryland","maryland",2.76
"1653",1969,"1968-69","Maryland","maryland",-2.63
"1654",1968,"1967-68","Maryland","maryland",-4.59
"1655",1967,"1966-67","Maryland","maryland",2.68
"1656",1966,"1965-66","Maryland","maryland",9.09
"1657",1965,"1964-65","Maryland","maryland",7.44
"1658",1964,"1963-64","Maryland","maryland",-3.98
"1659",1963,"1962-63","Maryland","maryland",-6.89
"1660",1962,"1961-62","Maryland","maryland",0.23
"1661",1961,"1960-61","Maryland","maryland",-0.44
"1662",1960,"1959-60","Maryland","maryland",4.55
"1663",1959,"1958-59","Maryland","maryland",5.55
"1664",1958,"1957-58","Maryland","maryland",10.2
"1665",1957,"1956-57","Maryland","maryland",2.48
"1666",1956,"1955-56","Maryland","maryland",5.13
"1667",1955,"1954-55","Maryland","maryland",4.8
"1668",1954,"1953-54","Maryland","maryland",-0.71
"1669",1953,"1952-53","Maryland","maryland",2.56
"1670",1952,"1951-52","Maryland","maryland",-2.36
"1671",1951,"1950-51","Maryland","maryland",-12.16
"1672",1950,"1949-50","Maryland","maryland",-14.29
"1673",2026,"2025-26","Michigan","michigan",32.04
"1674",2025,"2024-25","Michigan","michigan",20.21
"1675",2024,"2023-24","Michigan","michigan",5.28
"1676",2023,"2022-23","Michigan","michigan",12.43
"1677",2022,"2021-22","Michigan","michigan",14.26
"1678",2021,"2020-21","Michigan","michigan",22
"1679",2020,"2019-20","Michigan","michigan",17.94
"1680",2019,"2018-19","Michigan","michigan",21.82
"1681",2018,"2017-18","Michigan","michigan",19.03
"1682",2017,"2016-17","Michigan","michigan",18.8
"1683",2016,"2015-16","Michigan","michigan",13.75
"1684",2015,"2014-15","Michigan","michigan",9.56
"1685",2014,"2013-14","Michigan","michigan",18.52
"1686",2013,"2012-13","Michigan","michigan",21.29
"1687",2012,"2011-12","Michigan","michigan",13.19
"1688",2011,"2010-11","Michigan","michigan",14.21
"1689",2010,"2009-10","Michigan","michigan",10.04
"1690",2009,"2008-09","Michigan","michigan",11.9
"1691",2008,"2007-08","Michigan","michigan",3.05
"1692",2007,"2006-07","Michigan","michigan",10.59
"1693",2006,"2005-06","Michigan","michigan",12.19
"1694",2005,"2004-05","Michigan","michigan",4.8
"1695",2004,"2003-04","Michigan","michigan",11.79
"1696",2003,"2002-03","Michigan","michigan",9.62
"1697",2002,"2001-02","Michigan","michigan",3.54
"1698",2001,"2000-01","Michigan","michigan",3.21
"1699",2000,"1999-00","Michigan","michigan",5.27
"1700",1999,"1998-99","Michigan","michigan",8.49
"1701",1998,"1997-98","Michigan","michigan",18.79
"1702",1997,"1996-97","Michigan","michigan",16.67
"1703",1996,"1995-96","Michigan","michigan",15.02
"1704",1995,"1994-95","Michigan","michigan",9.81
"1705",1994,"1993-94","Michigan","michigan",18.46
"1706",1993,"1992-93","Michigan","michigan",22.01
"1707",1992,"1991-92","Michigan","michigan",18.79
"1708",1991,"1990-91","Michigan","michigan",8.46
"1709",1990,"1989-90","Michigan","michigan",18.07
"1710",1989,"1988-89","Michigan","michigan",27.63
"1711",1988,"1987-88","Michigan","michigan",22.42
"1712",1987,"1986-87","Michigan","michigan",15.04
"1713",1986,"1985-86","Michigan","michigan",21.88
"1714",1985,"1984-85","Michigan","michigan",18.6
"1715",1984,"1983-84","Michigan","michigan",13.24
"1716",1983,"1982-83","Michigan","michigan",7.1
"1717",1982,"1981-82","Michigan","michigan",-0.41
"1718",1981,"1980-81","Michigan","michigan",12.26
"1719",1980,"1979-80","Michigan","michigan",13.7
"1720",1979,"1978-79","Michigan","michigan",10.8
"1721",1978,"1977-78","Michigan","michigan",9.79
"1722",1977,"1976-77","Michigan","michigan",16.61
"1723",1976,"1975-76","Michigan","michigan",18.25
"1724",1975,"1974-75","Michigan","michigan",11.63
"1725",1974,"1973-74","Michigan","michigan",14.75
"1726",1973,"1972-73","Michigan","michigan",10.01
"1727",1972,"1971-72","Michigan","michigan",3.97
"1728",1971,"1970-71","Michigan","michigan",11.25
"1729",1970,"1969-70","Michigan","michigan",6.49
"1730",1969,"1968-69","Michigan","michigan",6.6
"1731",1968,"1967-68","Michigan","michigan",1.86
"1732",1967,"1966-67","Michigan","michigan",0.06
"1733",1966,"1965-66","Michigan","michigan",12.86
"1734",1965,"1964-65","Michigan","michigan",18.89
"1735",1964,"1963-64","Michigan","michigan",18.3
"1736",1963,"1962-63","Michigan","michigan",8.51
"1737",1962,"1961-62","Michigan","michigan",-0.5
"1738",1961,"1960-61","Michigan","michigan",-3.58
"1739",1960,"1959-60","Michigan","michigan",-7.71
"1740",1959,"1958-59","Michigan","michigan",9.17
"1741",1958,"1957-58","Michigan","michigan",1.72
"1742",1957,"1956-57","Michigan","michigan",7.17
"1743",1956,"1955-56","Michigan","michigan",2.43
"1744",1955,"1954-55","Michigan","michigan",9.61
"1745",1954,"1953-54","Michigan","michigan",3.5
"1746",1953,"1952-53","Michigan","michigan",0.03
"1747",1952,"1951-52","Michigan","michigan",-0.88
"1748",1951,"1950-51","Michigan","michigan",-0.16
"1749",1950,"1949-50","Michigan","michigan",6.65
"1750",2026,"2025-26","Michigan State","michigan-state",23.54
"1751",2025,"2024-25","Michigan State","michigan-state",22.43
"1752",2024,"2023-24","Michigan State","michigan-state",17.72
"1753",2023,"2022-23","Michigan State","michigan-state",14.25
"1754",2022,"2021-22","Michigan State","michigan-state",13.18
"1755",2021,"2020-21","Michigan State","michigan-state",9.8
"1756",2020,"2019-20","Michigan State","michigan-state",21.92
"1757",2019,"2018-19","Michigan State","michigan-state",24.93
"1758",2018,"2017-18","Michigan State","michigan-state",22.41
"1759",2017,"2016-17","Michigan State","michigan-state",13.67
"1760",2016,"2015-16","Michigan State","michigan-state",22.59
"1761",2015,"2014-15","Michigan State","michigan-state",17.46
"1762",2014,"2013-14","Michigan State","michigan-state",19.35
"1763",2013,"2012-13","Michigan State","michigan-state",18.63
"1764",2012,"2011-12","Michigan State","michigan-state",21.32
"1765",2011,"2010-11","Michigan State","michigan-state",13.7
"1766",2010,"2009-10","Michigan State","michigan-state",15.33
"1767",2009,"2008-09","Michigan State","michigan-state",17.71
"1768",2008,"2007-08","Michigan State","michigan-state",16.32
"1769",2007,"2006-07","Michigan State","michigan-state",16.3
"1770",2006,"2005-06","Michigan State","michigan-state",12.24
"1771",2005,"2004-05","Michigan State","michigan-state",20.47
"1772",2004,"2003-04","Michigan State","michigan-state",12.15
"1773",2003,"2002-03","Michigan State","michigan-state",16.12
"1774",2002,"2001-02","Michigan State","michigan-state",14.91
"1775",2001,"2000-01","Michigan State","michigan-state",25.12
"1776",2000,"1999-00","Michigan State","michigan-state",25.04
"1777",1999,"1998-99","Michigan State","michigan-state",22.64
"1778",1998,"1997-98","Michigan State","michigan-state",18.65
"1779",1997,"1996-97","Michigan State","michigan-state",12.07
"1780",1996,"1995-96","Michigan State","michigan-state",6.79
"1781",1995,"1994-95","Michigan State","michigan-state",17.49
"1782",1994,"1993-94","Michigan State","michigan-state",15.77
"1783",1993,"1992-93","Michigan State","michigan-state",13.67
"1784",1992,"1991-92","Michigan State","michigan-state",17.72
"1785",1991,"1990-91","Michigan State","michigan-state",11.76
"1786",1990,"1989-90","Michigan State","michigan-state",16.62
"1787",1989,"1988-89","Michigan State","michigan-state",11.83
"1788",1988,"1987-88","Michigan State","michigan-state",5.17
"1789",1987,"1986-87","Michigan State","michigan-state",6.2
"1790",1986,"1985-86","Michigan State","michigan-state",19.79
"1791",1985,"1984-85","Michigan State","michigan-state",13.7
"1792",1984,"1983-84","Michigan State","michigan-state",7.84
"1793",1983,"1982-83","Michigan State","michigan-state",9.1
"1794",1982,"1981-82","Michigan State","michigan-state",3.53
"1795",1981,"1980-81","Michigan State","michigan-state",6.43
"1796",1980,"1979-80","Michigan State","michigan-state",11.29
"1797",1979,"1978-79","Michigan State","michigan-state",22.53
"1798",1978,"1977-78","Michigan State","michigan-state",16.3
"1799",1977,"1976-77","Michigan State","michigan-state",4.83
"1800",1976,"1975-76","Michigan State","michigan-state",6.95
"1801",1975,"1974-75","Michigan State","michigan-state",8.16
"1802",1974,"1973-74","Michigan State","michigan-state",4.7
"1803",1973,"1972-73","Michigan State","michigan-state",4.78
"1804",1972,"1971-72","Michigan State","michigan-state",0.09
"1805",1971,"1970-71","Michigan State","michigan-state",0.97
"1806",1970,"1969-70","Michigan State","michigan-state",-0.86
"1807",1969,"1968-69","Michigan State","michigan-state",8.35
"1808",1968,"1967-68","Michigan State","michigan-state",1.86
"1809",1967,"1966-67","Michigan State","michigan-state",6.57
"1810",1966,"1965-66","Michigan State","michigan-state",8.94
"1811",1965,"1964-65","Michigan State","michigan-state",-1.32
"1812",1964,"1963-64","Michigan State","michigan-state",6.69
"1813",1963,"1962-63","Michigan State","michigan-state",2.26
"1814",1962,"1961-62","Michigan State","michigan-state",2.46
"1815",1961,"1960-61","Michigan State","michigan-state",-0.44
"1816",1960,"1959-60","Michigan State","michigan-state",7.42
"1817",1959,"1958-59","Michigan State","michigan-state",16.51
"1818",1958,"1957-58","Michigan State","michigan-state",13.2
"1819",1957,"1956-57","Michigan State","michigan-state",11.65
"1820",1956,"1955-56","Michigan State","michigan-state",7.28
"1821",1955,"1954-55","Michigan State","michigan-state",11.33
"1822",1954,"1953-54","Michigan State","michigan-state",10.24
"1823",1953,"1952-53","Michigan State","michigan-state",10.53
"1824",1952,"1951-52","Michigan State","michigan-state",6.54
"1825",1951,"1950-51","Michigan State","michigan-state",6.04
"1826",1950,"1949-50","Michigan State","michigan-state",-8.26
"1827",2026,"2025-26","Minnesota","minnesota",10.26
"1828",2025,"2024-25","Minnesota","minnesota",8.48
"1829",2024,"2023-24","Minnesota","minnesota",9.51
"1830",2023,"2022-23","Minnesota","minnesota",-0.3
"1831",2022,"2021-22","Minnesota","minnesota",5.93
"1832",2021,"2020-21","Minnesota","minnesota",11.04
"1833",2020,"2019-20","Minnesota","minnesota",16.39
"1834",2019,"2018-19","Minnesota","minnesota",12.52
"1835",2018,"2017-18","Minnesota","minnesota",7
"1836",2017,"2016-17","Minnesota","minnesota",14.56
"1837",2016,"2015-16","Minnesota","minnesota",0.86
"1838",2015,"2014-15","Minnesota","minnesota",12.34
"1839",2014,"2013-14","Minnesota","minnesota",11.75
"1840",2013,"2012-13","Minnesota","minnesota",16.84
"1841",2012,"2011-12","Minnesota","minnesota",10.7
"1842",2011,"2010-11","Minnesota","minnesota",11.75
"1843",2010,"2009-10","Minnesota","minnesota",15.64
"1844",2009,"2008-09","Minnesota","minnesota",11.32
"1845",2008,"2007-08","Minnesota","minnesota",10.27
"1846",2007,"2006-07","Minnesota","minnesota",0.78
"1847",2006,"2005-06","Minnesota","minnesota",7.67
"1848",2005,"2004-05","Minnesota","minnesota",12.1
"1849",2004,"2003-04","Minnesota","minnesota",3.73
"1850",2003,"2002-03","Minnesota","minnesota",9.11
"1851",2002,"2001-02","Minnesota","minnesota",12.83
"1852",2001,"2000-01","Minnesota","minnesota",9.44
"1853",2000,"1999-00","Minnesota","minnesota",6.77
"1854",1999,"1998-99","Minnesota","minnesota",13.53
"1855",1998,"1997-98","Minnesota","minnesota",11.95
"1856",1997,"1996-97","Minnesota","minnesota",23.34
"1857",1996,"1995-96","Minnesota","minnesota",8.67
"1858",1995,"1994-95","Minnesota","minnesota",13.96
"1859",1994,"1993-94","Minnesota","minnesota",19.06
"1860",1993,"1992-93","Minnesota","minnesota",16.81
"1861",1992,"1991-92","Minnesota","minnesota",13.18
"1862",1991,"1990-91","Minnesota","minnesota",9.59
"1863",1990,"1989-90","Minnesota","minnesota",18.24
"1864",1989,"1988-89","Minnesota","minnesota",13.79
"1865",1988,"1987-88","Minnesota","minnesota",4.85
"1866",1987,"1986-87","Minnesota","minnesota",0.99
"1867",1986,"1985-86","Minnesota","minnesota",7.76
"1868",1985,"1984-85","Minnesota","minnesota",5.57
"1869",1984,"1983-84","Minnesota","minnesota",6.9
"1870",1983,"1982-83","Minnesota","minnesota",10.67
"1871",1982,"1981-82","Minnesota","minnesota",13.44
"1872",1981,"1980-81","Minnesota","minnesota",14.7
"1873",1980,"1979-80","Minnesota","minnesota",15.72
"1874",1979,"1978-79","Minnesota","minnesota",5.29
"1875",1978,"1977-78","Minnesota","minnesota",10.27
"1876",1977,"1976-77","Minnesota","minnesota",17.53
"1877",1976,"1975-76","Minnesota","minnesota",10.54
"1878",1975,"1974-75","Minnesota","minnesota",9.03
"1879",1974,"1973-74","Minnesota","minnesota",0.83
"1880",1973,"1972-73","Minnesota","minnesota",14.27
"1881",1972,"1971-72","Minnesota","minnesota",10.33
"1882",1971,"1970-71","Minnesota","minnesota",2.91
"1883",1970,"1969-70","Minnesota","minnesota",6.56
"1884",1969,"1968-69","Minnesota","minnesota",4.6
"1885",1968,"1967-68","Minnesota","minnesota",-5.55
"1886",1967,"1966-67","Minnesota","minnesota",-0.89
"1887",1966,"1965-66","Minnesota","minnesota",3.47
"1888",1965,"1964-65","Minnesota","minnesota",15.54
"1889",1964,"1963-64","Minnesota","minnesota",11.15
"1890",1963,"1962-63","Minnesota","minnesota",8.43
"1891",1962,"1961-62","Minnesota","minnesota",6.12
"1892",1961,"1960-61","Minnesota","minnesota",1.95
"1893",1960,"1959-60","Minnesota","minnesota",8.06
"1894",1959,"1958-59","Minnesota","minnesota",5.05
"1895",1958,"1957-58","Minnesota","minnesota",3.85
"1896",1957,"1956-57","Minnesota","minnesota",11.6
"1897",1956,"1955-56","Minnesota","minnesota",8.07
"1898",1955,"1954-55","Minnesota","minnesota",14.29
"1899",1954,"1953-54","Minnesota","minnesota",14.03
"1900",1953,"1952-53","Minnesota","minnesota",13.07
"1901",1952,"1951-52","Minnesota","minnesota",8.9
"1902",1951,"1950-51","Minnesota","minnesota",9.93
"1903",1950,"1949-50","Minnesota","minnesota",8.12
"1904",2026,"2025-26","Nebraska","nebraska",21.72
"1905",2025,"2024-25","Nebraska","nebraska",13.86
"1906",2024,"2023-24","Nebraska","nebraska",14.36
"1907",2023,"2022-23","Nebraska","nebraska",7.12
"1908",2022,"2021-22","Nebraska","nebraska",3
"1909",2021,"2020-21","Nebraska","nebraska",6.08
"1910",2020,"2019-20","Nebraska","nebraska",2.41
"1911",2019,"2018-19","Nebraska","nebraska",14.85
"1912",2018,"2017-18","Nebraska","nebraska",10.99
"1913",2017,"2016-17","Nebraska","nebraska",6.47
"1914",2016,"2015-16","Nebraska","nebraska",8.84
"1915",2015,"2014-15","Nebraska","nebraska",5.9
"1916",2014,"2013-14","Nebraska","nebraska",10.13
"1917",2013,"2012-13","Nebraska","nebraska",4.4
"1918",2012,"2011-12","Nebraska","nebraska",3.52
"1919",2011,"2010-11","Nebraska","nebraska",10.54
"1920",2010,"2009-10","Nebraska","nebraska",6.6
"1921",2009,"2008-09","Nebraska","nebraska",8.92
"1922",2008,"2007-08","Nebraska","nebraska",11.31
"1923",2007,"2006-07","Nebraska","nebraska",6.94
"1924",2006,"2005-06","Nebraska","nebraska",6.31
"1925",2005,"2004-05","Nebraska","nebraska",9.39
"1926",2004,"2003-04","Nebraska","nebraska",12.66
"1927",2003,"2002-03","Nebraska","nebraska",3.46
"1928",2002,"2001-02","Nebraska","nebraska",4.41
"1929",2001,"2000-01","Nebraska","nebraska",7.94
"1930",2000,"1999-00","Nebraska","nebraska",1.17
"1931",1999,"1998-99","Nebraska","nebraska",7.61
"1932",1998,"1997-98","Nebraska","nebraska",8.72
"1933",1997,"1996-97","Nebraska","nebraska",9.71
"1934",1996,"1995-96","Nebraska","nebraska",10.29
"1935",1995,"1994-95","Nebraska","nebraska",11.26
"1936",1994,"1993-94","Nebraska","nebraska",13.56
"1937",1993,"1992-93","Nebraska","nebraska",10.57
"1938",1992,"1991-92","Nebraska","nebraska",12.6
"1939",1991,"1990-91","Nebraska","nebraska",18.46
"1940",1990,"1989-90","Nebraska","nebraska",2.37
"1941",1989,"1988-89","Nebraska","nebraska",6.02
"1942",1988,"1987-88","Nebraska","nebraska",1.49
"1943",1987,"1986-87","Nebraska","nebraska",2.92
"1944",1986,"1985-86","Nebraska","nebraska",11.57
"1945",1985,"1984-85","Nebraska","nebraska",6.26
"1946",1984,"1983-84","Nebraska","nebraska",5.85
"1947",1983,"1982-83","Nebraska","nebraska",9.69
"1948",1982,"1981-82","Nebraska","nebraska",11.89
"1949",1981,"1980-81","Nebraska","nebraska",7.78
"1950",1980,"1979-80","Nebraska","nebraska",3.41
"1951",1979,"1978-79","Nebraska","nebraska",3.75
"1952",1978,"1977-78","Nebraska","nebraska",10.18
"1953",1977,"1976-77","Nebraska","nebraska",5.31
"1954",1976,"1975-76","Nebraska","nebraska",6.71
"1955",1975,"1974-75","Nebraska","nebraska",3.4
"1956",1974,"1973-74","Nebraska","nebraska",1.43
"1957",1973,"1972-73","Nebraska","nebraska",-4.14
"1958",1972,"1971-72","Nebraska","nebraska",4.14
"1959",1971,"1970-71","Nebraska","nebraska",6.53
"1960",1970,"1969-70","Nebraska","nebraska",3.75
"1961",1969,"1968-69","Nebraska","nebraska",2.4
"1962",1968,"1967-68","Nebraska","nebraska",5.06
"1963",1967,"1966-67","Nebraska","nebraska",4.26
"1964",1966,"1965-66","Nebraska","nebraska",6.93
"1965",1965,"1964-65","Nebraska","nebraska",-0.19
"1966",1964,"1963-64","Nebraska","nebraska",-3.12
"1967",1963,"1962-63","Nebraska","nebraska",-4.39
"1968",1962,"1961-62","Nebraska","nebraska",-0.72
"1969",1961,"1960-61","Nebraska","nebraska",4.44
"1970",1960,"1959-60","Nebraska","nebraska",4.66
"1971",1959,"1958-59","Nebraska","nebraska",1.79
"1972",1958,"1957-58","Nebraska","nebraska",-0.79
"1973",1957,"1956-57","Nebraska","nebraska",5.2
"1974",1956,"1955-56","Nebraska","nebraska",-2.62
"1975",1955,"1954-55","Nebraska","nebraska",2.99
"1976",1954,"1953-54","Nebraska","nebraska",-0.29
"1977",1953,"1952-53","Nebraska","nebraska",4.46
"1978",1952,"1951-52","Nebraska","nebraska",-4.23
"1979",1951,"1950-51","Nebraska","nebraska",0.33
"1980",1950,"1949-50","Nebraska","nebraska",8.12
"1981",2026,"2025-26","Northwestern","northwestern",12.44
"1982",2025,"2024-25","Northwestern","northwestern",14.4
"1983",2024,"2023-24","Northwestern","northwestern",12.77
"1984",2023,"2022-23","Northwestern","northwestern",13.68
"1985",2022,"2021-22","Northwestern","northwestern",8.91
"1986",2021,"2020-21","Northwestern","northwestern",9.71
"1987",2020,"2019-20","Northwestern","northwestern",5.35
"1988",2019,"2018-19","Northwestern","northwestern",9.97
"1989",2018,"2017-18","Northwestern","northwestern",9.63
"1990",2017,"2016-17","Northwestern","northwestern",14.02
"1991",2016,"2015-16","Northwestern","northwestern",10.16
"1992",2015,"2014-15","Northwestern","northwestern",6.11
"1993",2014,"2013-14","Northwestern","northwestern",4.72
"1994",2013,"2012-13","Northwestern","northwestern",5.36
"1995",2012,"2011-12","Northwestern","northwestern",8.87
"1996",2011,"2010-11","Northwestern","northwestern",11.66
"1997",2010,"2009-10","Northwestern","northwestern",8.32
"1998",2009,"2008-09","Northwestern","northwestern",8.56
"1999",2008,"2007-08","Northwestern","northwestern",-1.3
"2000",2007,"2006-07","Northwestern","northwestern",4.92
"2001",2006,"2005-06","Northwestern","northwestern",3.89
"2002",2005,"2004-05","Northwestern","northwestern",4.32
"2003",2004,"2003-04","Northwestern","northwestern",4.64
"2004",2003,"2002-03","Northwestern","northwestern",2.36
"2005",2002,"2001-02","Northwestern","northwestern",5.58
"2006",2001,"2000-01","Northwestern","northwestern",3.39
"2007",2000,"1999-00","Northwestern","northwestern",-4.86
"2008",1999,"1998-99","Northwestern","northwestern",10.81
"2009",1998,"1997-98","Northwestern","northwestern",2.33
"2010",1997,"1996-97","Northwestern","northwestern",0.46
"2011",1996,"1995-96","Northwestern","northwestern",-3.72
"2012",1995,"1994-95","Northwestern","northwestern",-12.43
"2013",1994,"1993-94","Northwestern","northwestern",10.83
"2014",1993,"1992-93","Northwestern","northwestern",2.34
"2015",1992,"1991-92","Northwestern","northwestern",3.78
"2016",1991,"1990-91","Northwestern","northwestern",-5.85
"2017",1990,"1989-90","Northwestern","northwestern",4.71
"2018",1989,"1988-89","Northwestern","northwestern",5.05
"2019",1988,"1987-88","Northwestern","northwestern",0.63
"2020",1987,"1986-87","Northwestern","northwestern",-5.56
"2021",1986,"1985-86","Northwestern","northwestern",-3.63
"2022",1985,"1984-85","Northwestern","northwestern",0.24
"2023",1984,"1983-84","Northwestern","northwestern",3.98
"2024",1983,"1982-83","Northwestern","northwestern",7.42
"2025",1982,"1981-82","Northwestern","northwestern",0.96
"2026",1981,"1980-81","Northwestern","northwestern",0.67
"2027",1980,"1979-80","Northwestern","northwestern",5.92
"2028",1979,"1978-79","Northwestern","northwestern",1.11
"2029",1978,"1977-78","Northwestern","northwestern",0.33
"2030",1977,"1976-77","Northwestern","northwestern",-0.34
"2031",1976,"1975-76","Northwestern","northwestern",6.52
"2032",1975,"1974-75","Northwestern","northwestern",-0.53
"2033",1974,"1973-74","Northwestern","northwestern",1.49
"2034",1973,"1972-73","Northwestern","northwestern",-0.15
"2035",1972,"1971-72","Northwestern","northwestern",-0.48
"2036",1971,"1970-71","Northwestern","northwestern",1.21
"2037",1970,"1969-70","Northwestern","northwestern",0.36
"2038",1969,"1968-69","Northwestern","northwestern",8.58
"2039",1968,"1967-68","Northwestern","northwestern",3
"2040",1967,"1966-67","Northwestern","northwestern",5.58
"2041",1966,"1965-66","Northwestern","northwestern",0.99
"2042",1965,"1964-65","Northwestern","northwestern",0.56
"2043",1964,"1963-64","Northwestern","northwestern",4.48
"2044",1963,"1962-63","Northwestern","northwestern",6
"2045",1962,"1961-62","Northwestern","northwestern",0.99
"2046",1961,"1960-61","Northwestern","northwestern",0.25
"2047",1960,"1959-60","Northwestern","northwestern",3.16
"2048",1959,"1958-59","Northwestern","northwestern",11.9
"2049",1958,"1957-58","Northwestern","northwestern",8.2
"2050",1957,"1956-57","Northwestern","northwestern",1.1
"2051",1956,"1955-56","Northwestern","northwestern",-4.77
"2052",1955,"1954-55","Northwestern","northwestern",7.95
"2053",1954,"1953-54","Northwestern","northwestern",8.17
"2054",1953,"1952-53","Northwestern","northwestern",4.92
"2055",1952,"1951-52","Northwestern","northwestern",-2.01
"2056",1951,"1950-51","Northwestern","northwestern",2.49
"2057",1950,"1949-50","Northwestern","northwestern",4.29
"2058",2026,"2025-26","Ohio State","ohio-state",18.69
"2059",2025,"2024-25","Ohio State","ohio-state",17.86
"2060",2024,"2023-24","Ohio State","ohio-state",13.64
"2061",2023,"2022-23","Ohio State","ohio-state",12.99
"2062",2022,"2021-22","Ohio State","ohio-state",14.17
"2063",2021,"2020-21","Ohio State","ohio-state",18.25
"2064",2020,"2019-20","Ohio State","ohio-state",19.37
"2065",2019,"2018-19","Ohio State","ohio-state",13.89
"2066",2018,"2017-18","Ohio State","ohio-state",17.67
"2067",2017,"2016-17","Ohio State","ohio-state",10.31
"2068",2016,"2015-16","Ohio State","ohio-state",9.39
"2069",2015,"2014-15","Ohio State","ohio-state",19.68
"2070",2014,"2013-14","Ohio State","ohio-state",17.84
"2071",2013,"2012-13","Ohio State","ohio-state",20.19
"2072",2012,"2011-12","Ohio State","ohio-state",23.95
"2073",2011,"2010-11","Ohio State","ohio-state",25.84
"2074",2010,"2009-10","Ohio State","ohio-state",19.49
"2075",2009,"2008-09","Ohio State","ohio-state",12.48
"2076",2008,"2007-08","Ohio State","ohio-state",13.72
"2077",2007,"2006-07","Ohio State","ohio-state",21.54
"2078",2006,"2005-06","Ohio State","ohio-state",16.08
"2079",2005,"2004-05","Ohio State","ohio-state",13.15
"2080",2004,"2003-04","Ohio State","ohio-state",1.54
"2081",2003,"2002-03","Ohio State","ohio-state",8.03
"2082",2002,"2001-02","Ohio State","ohio-state",16.14
"2083",2001,"2000-01","Ohio State","ohio-state",15.68
"2084",2000,"1999-00","Ohio State","ohio-state",17.55
"2085",1999,"1998-99","Ohio State","ohio-state",19.03
"2086",1998,"1997-98","Ohio State","ohio-state",1.83
"2087",1997,"1996-97","Ohio State","ohio-state",8.45
"2088",1996,"1995-96","Ohio State","ohio-state",3.21
"2089",1995,"1994-95","Ohio State","ohio-state",-1.67
"2090",1994,"1993-94","Ohio State","ohio-state",11.21
"2091",1993,"1992-93","Ohio State","ohio-state",11.89
"2092",1992,"1991-92","Ohio State","ohio-state",24.37
"2093",1991,"1990-91","Ohio State","ohio-state",21.15
"2094",1990,"1989-90","Ohio State","ohio-state",13.99
"2095",1989,"1988-89","Ohio State","ohio-state",16.15
"2096",1988,"1987-88","Ohio State","ohio-state",8.95
"2097",1987,"1986-87","Ohio State","ohio-state",14.67
"2098",1986,"1985-86","Ohio State","ohio-state",12.6
"2099",1985,"1984-85","Ohio State","ohio-state",12.58
"2100",1984,"1983-84","Ohio State","ohio-state",8.85
"2101",1983,"1982-83","Ohio State","ohio-state",11.88
"2102",1982,"1981-82","Ohio State","ohio-state",6.81
"2103",1981,"1980-81","Ohio State","ohio-state",10.61
"2104",1980,"1979-80","Ohio State","ohio-state",17.3
"2105",1979,"1978-79","Ohio State","ohio-state",12.05
"2106",1978,"1977-78","Ohio State","ohio-state",7.18
"2107",1977,"1976-77","Ohio State","ohio-state",-0.9
"2108",1976,"1975-76","Ohio State","ohio-state",1.15
"2109",1975,"1974-75","Ohio State","ohio-state",5.76
"2110",1974,"1973-74","Ohio State","ohio-state",2.02
"2111",1973,"1972-73","Ohio State","ohio-state",10.49
"2112",1972,"1971-72","Ohio State","ohio-state",9.06
"2113",1971,"1970-71","Ohio State","ohio-state",10.2
"2114",1970,"1969-70","Ohio State","ohio-state",9.75
"2115",1969,"1968-69","Ohio State","ohio-state",12.19
"2116",1968,"1967-68","Ohio State","ohio-state",12.27
"2117",1967,"1966-67","Ohio State","ohio-state",2.4
"2118",1966,"1965-66","Ohio State","ohio-state",1.86
"2119",1965,"1964-65","Ohio State","ohio-state",3.43
"2120",1964,"1963-64","Ohio State","ohio-state",12.01
"2121",1963,"1962-63","Ohio State","ohio-state",13.15
"2122",1962,"1961-62","Ohio State","ohio-state",24.68
"2123",1961,"1960-61","Ohio State","ohio-state",24.51
"2124",1960,"1959-60","Ohio State","ohio-state",25.88
"2125",1959,"1958-59","Ohio State","ohio-state",8.14
"2126",1958,"1957-58","Ohio State","ohio-state",3.77
"2127",1957,"1956-57","Ohio State","ohio-state",10.3
"2128",1956,"1955-56","Ohio State","ohio-state",12.73
"2129",1955,"1954-55","Ohio State","ohio-state",4.25
"2130",1954,"1953-54","Ohio State","ohio-state",8.29
"2131",1953,"1952-53","Ohio State","ohio-state",6.56
"2132",1952,"1951-52","Ohio State","ohio-state",-0.07
"2133",1951,"1950-51","Ohio State","ohio-state",1.22
"2134",1950,"1949-50","Ohio State","ohio-state",14.67
"2135",2026,"2025-26","Oregon","oregon",8.73
"2136",2025,"2024-25","Oregon","oregon",18
"2137",2024,"2023-24","Oregon","oregon",12.22
"2138",2023,"2022-23","Oregon","oregon",13.83
"2139",2022,"2021-22","Oregon","oregon",10.05
"2140",2021,"2020-21","Oregon","oregon",16.15
"2141",2020,"2019-20","Oregon","oregon",18.22
"2142",2019,"2018-19","Oregon","oregon",13.95
"2143",2018,"2017-18","Oregon","oregon",10.7
"2144",2017,"2016-17","Oregon","oregon",20.8
"2145",2016,"2015-16","Oregon","oregon",18.05
"2146",2015,"2014-15","Oregon","oregon",11.43
"2147",2014,"2013-14","Oregon","oregon",15.75
"2148",2013,"2012-13","Oregon","oregon",13.78
"2149",2012,"2011-12","Oregon","oregon",10.19
"2150",2011,"2010-11","Oregon","oregon",6.92
"2151",2010,"2009-10","Oregon","oregon",4
"2152",2009,"2008-09","Oregon","oregon",1.51
"2153",2008,"2007-08","Oregon","oregon",11.68
"2154",2007,"2006-07","Oregon","oregon",15.95
"2155",2006,"2005-06","Oregon","oregon",10.41
"2156",2005,"2004-05","Oregon","oregon",6.45
"2157",2004,"2003-04","Oregon","oregon",8.64
"2158",2003,"2002-03","Oregon","oregon",14.05
"2159",2002,"2001-02","Oregon","oregon",19.67
"2160",2001,"2000-01","Oregon","oregon",8.73
"2161",2000,"1999-00","Oregon","oregon",14.74
"2162",1999,"1998-99","Oregon","oregon",11.35
"2163",1998,"1997-98","Oregon","oregon",5.96
"2164",1997,"1996-97","Oregon","oregon",13.74
"2165",1996,"1995-96","Oregon","oregon",7.56
"2166",1995,"1994-95","Oregon","oregon",14.64
"2167",1994,"1993-94","Oregon","oregon",3.58
"2168",1993,"1992-93","Oregon","oregon",1.82
"2169",1992,"1991-92","Oregon","oregon",-5.41
"2170",1991,"1990-91","Oregon","oregon",8.28
"2171",1990,"1989-90","Oregon","oregon",6.22
"2172",1989,"1988-89","Oregon","oregon",1.08
"2173",1988,"1987-88","Oregon","oregon",5.03
"2174",1987,"1986-87","Oregon","oregon",4.59
"2175",1986,"1985-86","Oregon","oregon",6.31
"2176",1985,"1984-85","Oregon","oregon",4.09
"2177",1984,"1983-84","Oregon","oregon",6.22
"2178",1983,"1982-83","Oregon","oregon",0.54
"2179",1982,"1981-82","Oregon","oregon",-1.52
"2180",1981,"1980-81","Oregon","oregon",2.23
"2181",1980,"1979-80","Oregon","oregon",-0.39
"2182",1979,"1978-79","Oregon","oregon",3.78
"2183",1978,"1977-78","Oregon","oregon",3.71
"2184",1977,"1976-77","Oregon","oregon",8.36
"2185",1976,"1975-76","Oregon","oregon",11.2
"2186",1975,"1974-75","Oregon","oregon",13.12
"2187",1974,"1973-74","Oregon","oregon",7.8
"2188",1973,"1972-73","Oregon","oregon",6.89
"2189",1972,"1971-72","Oregon","oregon",-0.8
"2190",1971,"1970-71","Oregon","oregon",8.99
"2191",1970,"1969-70","Oregon","oregon",8.19
"2192",1969,"1968-69","Oregon","oregon",1.35
"2193",1968,"1967-68","Oregon","oregon",-1.58
"2194",1967,"1966-67","Oregon","oregon",-1.73
"2195",1966,"1965-66","Oregon","oregon",0.06
"2196",1965,"1964-65","Oregon","oregon",-0.03
"2197",1964,"1963-64","Oregon","oregon",2.61
"2198",1963,"1962-63","Oregon","oregon",-0.33
"2199",1962,"1961-62","Oregon","oregon",-3.95
"2200",1961,"1960-61","Oregon","oregon",3.13
"2201",1960,"1959-60","Oregon","oregon",5.31
"2202",1959,"1958-59","Oregon","oregon",-1.24
"2203",1958,"1957-58","Oregon","oregon",2.04
"2204",1957,"1956-57","Oregon","oregon",-6.27
"2205",1956,"1955-56","Oregon","oregon",-1.88
"2206",1955,"1954-55","Oregon","oregon",1.02
"2207",1954,"1953-54","Oregon","oregon",1.77
"2208",1953,"1952-53","Oregon","oregon",3.33
"2209",1952,"1951-52","Oregon","oregon",4.75
"2210",1951,"1950-51","Oregon","oregon",5.69
"2211",1950,"1949-50","Oregon","oregon",-5.53
"2212",2026,"2025-26","Penn State","penn-state",3.82
"2213",2025,"2024-25","Penn State","penn-state",13.57
"2214",2024,"2023-24","Penn State","penn-state",9.22
"2215",2023,"2022-23","Penn State","penn-state",13.04
"2216",2022,"2021-22","Penn State","penn-state",8.72
"2217",2021,"2020-21","Penn State","penn-state",13.53
"2218",2020,"2019-20","Penn State","penn-state",16.12
"2219",2019,"2018-19","Penn State","penn-state",12.55
"2220",2018,"2017-18","Penn State","penn-state",15.85
"2221",2017,"2016-17","Penn State","penn-state",7.9
"2222",2016,"2015-16","Penn State","penn-state",3.17
"2223",2015,"2014-15","Penn State","penn-state",7.77
"2224",2014,"2013-14","Penn State","penn-state",7.68
"2225",2013,"2012-13","Penn State","penn-state",2.86
"2226",2012,"2011-12","Penn State","penn-state",3.72
"2227",2011,"2010-11","Penn State","penn-state",11.98
"2228",2010,"2009-10","Penn State","penn-state",6.58
"2229",2009,"2008-09","Penn State","penn-state",9.49
"2230",2008,"2007-08","Penn State","penn-state",4.57
"2231",2007,"2006-07","Penn State","penn-state",3.25
"2232",2006,"2005-06","Penn State","penn-state",4.42
"2233",2005,"2004-05","Penn State","penn-state",-1.85
"2234",2004,"2003-04","Penn State","penn-state",-2.97
"2235",2003,"2002-03","Penn State","penn-state",-2.08
"2236",2002,"2001-02","Penn State","penn-state",-1.88
"2237",2001,"2000-01","Penn State","penn-state",12.43
"2238",2000,"1999-00","Penn State","penn-state",10.08
"2239",1999,"1998-99","Penn State","penn-state",11.15
"2240",1998,"1997-98","Penn State","penn-state",10.48
"2241",1997,"1996-97","Penn State","penn-state",3.75
"2242",1996,"1995-96","Penn State","penn-state",17.08
"2243",1995,"1994-95","Penn State","penn-state",11.85
"2244",1994,"1993-94","Penn State","penn-state",7.77
"2245",1993,"1992-93","Penn State","penn-state",0.9
"2246",1992,"1991-92","Penn State","penn-state",6.63
"2247",1991,"1990-91","Penn State","penn-state",8.93
"2248",1990,"1989-90","Penn State","penn-state",5.94
"2249",1989,"1988-89","Penn State","penn-state",4.59
"2250",1988,"1987-88","Penn State","penn-state",0.73
"2251",1987,"1986-87","Penn State","penn-state",3.03
"2252",1986,"1985-86","Penn State","penn-state",-6.17
"2253",1985,"1984-85","Penn State","penn-state",-7.51
"2254",1984,"1983-84","Penn State","penn-state",-7.56
"2255",1983,"1982-83","Penn State","penn-state",2.04
"2256",1982,"1981-82","Penn State","penn-state",0.39
"2257",1981,"1980-81","Penn State","penn-state",1.51
"2258",1980,"1979-80","Penn State","penn-state",1.92
"2259",1979,"1978-79","Penn State","penn-state",-2.68
"2260",1978,"1977-78","Penn State","penn-state",-5.9
"2261",1977,"1976-77","Penn State","penn-state",-3.7
"2262",1976,"1975-76","Penn State","penn-state",-2.81
"2263",1975,"1974-75","Penn State","penn-state",-3.12
"2264",1974,"1973-74","Penn State","penn-state",1.38
"2265",1973,"1972-73","Penn State","penn-state",0.31
"2266",1972,"1971-72","Penn State","penn-state",4.7
"2267",1971,"1970-71","Penn State","penn-state",-0.14
"2268",1970,"1969-70","Penn State","penn-state",-7.74
"2269",1969,"1968-69","Penn State","penn-state",-3.56
"2270",1968,"1967-68","Penn State","penn-state",-7.57
"2271",1967,"1966-67","Penn State","penn-state",-3.35
"2272",1966,"1965-66","Penn State","penn-state",1.96
"2273",1965,"1964-65","Penn State","penn-state",6.15
"2274",1964,"1963-64","Penn State","penn-state",4.08
"2275",1963,"1962-63","Penn State","penn-state",-2.07
"2276",1962,"1961-62","Penn State","penn-state",-4.91
"2277",1961,"1960-61","Penn State","penn-state",-3.28
"2278",1960,"1959-60","Penn State","penn-state",-3.86
"2279",1959,"1958-59","Penn State","penn-state",0.09
"2280",1958,"1957-58","Penn State","penn-state",-6.09
"2281",1957,"1956-57","Penn State","penn-state",-1.84
"2282",1956,"1955-56","Penn State","penn-state",-10.34
"2283",1955,"1954-55","Penn State","penn-state",4.72
"2284",1954,"1953-54","Penn State","penn-state",5.48
"2285",1953,"1952-53","Penn State","penn-state",0.51
"2286",1952,"1951-52","Penn State","penn-state",6.89
"2287",1951,"1950-51","Penn State","penn-state",2.46
"2288",1950,"1949-50","Penn State","penn-state",-0.57
"2289",2026,"2025-26","Purdue","purdue",25.61
"2290",2025,"2024-25","Purdue","purdue",20.8
"2291",2024,"2023-24","Purdue","purdue",24.93
"2292",2023,"2022-23","Purdue","purdue",18.23
"2293",2022,"2021-22","Purdue","purdue",19.15
"2294",2021,"2020-21","Purdue","purdue",15.55
"2295",2020,"2019-20","Purdue","purdue",16.3
"2296",2019,"2018-19","Purdue","purdue",21.4
"2297",2018,"2017-18","Purdue","purdue",23.41
"2298",2017,"2016-17","Purdue","purdue",20.13
"2299",2016,"2015-16","Purdue","purdue",20.17
"2300",2015,"2014-15","Purdue","purdue",12.93
"2301",2014,"2013-14","Purdue","purdue",8.21
"2302",2013,"2012-13","Purdue","purdue",9.04
"2303",2012,"2011-12","Purdue","purdue",13.88
"2304",2011,"2010-11","Purdue","purdue",19.36
"2305",2010,"2009-10","Purdue","purdue",17.52
"2306",2009,"2008-09","Purdue","purdue",16.44
"2307",2008,"2007-08","Purdue","purdue",13.1
"2308",2007,"2006-07","Purdue","purdue",14.65
"2309",2006,"2005-06","Purdue","purdue",0.4
"2310",2005,"2004-05","Purdue","purdue",5.93
"2311",2004,"2003-04","Purdue","purdue",9.74
"2312",2003,"2002-03","Purdue","purdue",15.95
"2313",2002,"2001-02","Purdue","purdue",8.26
"2314",2001,"2000-01","Purdue","purdue",14.71
"2315",2000,"1999-00","Purdue","purdue",16.87
"2316",1999,"1998-99","Purdue","purdue",13.23
"2317",1998,"1997-98","Purdue","purdue",20.67
"2318",1997,"1996-97","Purdue","purdue",12.24
"2319",1996,"1995-96","Purdue","purdue",17.25
"2320",1995,"1994-95","Purdue","purdue",13.39
"2321",1994,"1993-94","Purdue","purdue",21.38
"2322",1993,"1992-93","Purdue","purdue",12.95
"2323",1992,"1991-92","Purdue","purdue",12.14
"2324",1991,"1990-91","Purdue","purdue",11.87
"2325",1990,"1989-90","Purdue","purdue",17.69
"2326",1989,"1988-89","Purdue","purdue",16.24
"2327",1988,"1987-88","Purdue","purdue",21.83
"2328",1987,"1986-87","Purdue","purdue",18.14
"2329",1986,"1985-86","Purdue","purdue",15.77
"2330",1985,"1984-85","Purdue","purdue",13.62
"2331",1984,"1983-84","Purdue","purdue",12.27
"2332",1983,"1982-83","Purdue","purdue",10.42
"2333",1982,"1981-82","Purdue","purdue",9.38
"2334",1981,"1980-81","Purdue","purdue",10.5
"2335",1980,"1979-80","Purdue","purdue",17.53
"2336",1979,"1978-79","Purdue","purdue",15.56
"2337",1978,"1977-78","Purdue","purdue",10.26
"2338",1977,"1976-77","Purdue","purdue",13.78
"2339",1976,"1975-76","Purdue","purdue",13.42
"2340",1975,"1974-75","Purdue","purdue",11.73
"2341",1974,"1973-74","Purdue","purdue",13.24
"2342",1973,"1972-73","Purdue","purdue",8.43
"2343",1972,"1971-72","Purdue","purdue",6.98
"2344",1971,"1970-71","Purdue","purdue",10.57
"2345",1970,"1969-70","Purdue","purdue",14.05
"2346",1969,"1968-69","Purdue","purdue",21.59
"2347",1968,"1967-68","Purdue","purdue",7.9
"2348",1967,"1966-67","Purdue","purdue",4.3
"2349",1966,"1965-66","Purdue","purdue",-0.77
"2350",1965,"1964-65","Purdue","purdue",2.79
"2351",1964,"1963-64","Purdue","purdue",6.74
"2352",1963,"1962-63","Purdue","purdue",1
"2353",1962,"1961-62","Purdue","purdue",11.07
"2354",1961,"1960-61","Purdue","purdue",7.49
"2355",1960,"1959-60","Purdue","purdue",5.1
"2356",1959,"1958-59","Purdue","purdue",11.57
"2357",1958,"1957-58","Purdue","purdue",8.25
"2358",1957,"1956-57","Purdue","purdue",8.49
"2359",1956,"1955-56","Purdue","purdue",8.21
"2360",1955,"1954-55","Purdue","purdue",9.61
"2361",1954,"1953-54","Purdue","purdue",3.23
"2362",1953,"1952-53","Purdue","purdue",0.39
"2363",1952,"1951-52","Purdue","purdue",1.31
"2364",1951,"1950-51","Purdue","purdue",2.21
"2365",1950,"1949-50","Purdue","purdue",5.22
"2366",2026,"2025-26","Rutgers","rutgers",4.75
"2367",2025,"2024-25","Rutgers","rutgers",10.41
"2368",2024,"2023-24","Rutgers","rutgers",7.41
"2369",2023,"2022-23","Rutgers","rutgers",14.58
"2370",2022,"2021-22","Rutgers","rutgers",8.78
"2371",2021,"2020-21","Rutgers","rutgers",14.14
"2372",2020,"2019-20","Rutgers","rutgers",15.72
"2373",2019,"2018-19","Rutgers","rutgers",8.89
"2374",2018,"2017-18","Rutgers","rutgers",5.5
"2375",2017,"2016-17","Rutgers","rutgers",3.69
"2376",2016,"2015-16","Rutgers","rutgers",-7.06
"2377",2015,"2014-15","Rutgers","rutgers",0.23
"2378",2014,"2013-14","Rutgers","rutgers",-0.29
"2379",2013,"2012-13","Rutgers","rutgers",5.98
"2380",2012,"2011-12","Rutgers","rutgers",5.42
"2381",2011,"2010-11","Rutgers","rutgers",7.88
"2382",2010,"2009-10","Rutgers","rutgers",1.29
"2383",2009,"2008-09","Rutgers","rutgers",1.07
"2384",2008,"2007-08","Rutgers","rutgers",-1.57
"2385",2007,"2006-07","Rutgers","rutgers",-2.25
"2386",2006,"2005-06","Rutgers","rutgers",8
"2387",2005,"2004-05","Rutgers","rutgers",3.32
"2388",2004,"2003-04","Rutgers","rutgers",8.53
"2389",2003,"2002-03","Rutgers","rutgers",5.09
"2390",2002,"2001-02","Rutgers","rutgers",4.53
"2391",2001,"2000-01","Rutgers","rutgers",4.75
"2392",2000,"1999-00","Rutgers","rutgers",6.62
"2393",1999,"1998-99","Rutgers","rutgers",12.22
"2394",1998,"1997-98","Rutgers","rutgers",9.47
"2395",1997,"1996-97","Rutgers","rutgers",2.67
"2396",1996,"1995-96","Rutgers","rutgers",5.31
"2397",1995,"1994-95","Rutgers","rutgers",6.28
"2398",1994,"1993-94","Rutgers","rutgers",1
"2399",1993,"1992-93","Rutgers","rutgers",6.89
"2400",1992,"1991-92","Rutgers","rutgers",8
"2401",1991,"1990-91","Rutgers","rutgers",7.17
"2402",1990,"1989-90","Rutgers","rutgers",3.79
"2403",1989,"1988-89","Rutgers","rutgers",2.52
"2404",1988,"1987-88","Rutgers","rutgers",-9.69
"2405",1987,"1986-87","Rutgers","rutgers",-4.76
"2406",1986,"1985-86","Rutgers","rutgers",-9.13
"2407",1985,"1984-85","Rutgers","rutgers",0.99
"2408",1984,"1983-84","Rutgers","rutgers",-2.94
"2409",1983,"1982-83","Rutgers","rutgers",6.19
"2410",1982,"1981-82","Rutgers","rutgers",1.63
"2411",1981,"1980-81","Rutgers","rutgers",6.67
"2412",1980,"1979-80","Rutgers","rutgers",0.08
"2413",1979,"1978-79","Rutgers","rutgers",4.64
"2414",1978,"1977-78","Rutgers","rutgers",6.56
"2415",1977,"1976-77","Rutgers","rutgers",8.1
"2416",1976,"1975-76","Rutgers","rutgers",14.68
"2417",1975,"1974-75","Rutgers","rutgers",6.82
"2418",1974,"1973-74","Rutgers","rutgers",2.09
"2419",1973,"1972-73","Rutgers","rutgers",-1.52
"2420",1972,"1971-72","Rutgers","rutgers",0.84
"2421",1971,"1970-71","Rutgers","rutgers",5.4
"2422",1970,"1969-70","Rutgers","rutgers",-5.44
"2423",1969,"1968-69","Rutgers","rutgers",1.32
"2424",1968,"1967-68","Rutgers","rutgers",-5.89
"2425",1967,"1966-67","Rutgers","rutgers",3.59
"2426",1966,"1965-66","Rutgers","rutgers",-4.9
"2427",1965,"1964-65","Rutgers","rutgers",-8.93
"2428",1964,"1963-64","Rutgers","rutgers",-20.88
"2429",1963,"1962-63","Rutgers","rutgers",-18.35
"2430",1962,"1961-62","Rutgers","rutgers",-12.32
"2431",1961,"1960-61","Rutgers","rutgers",-11.22
"2432",1960,"1959-60","Rutgers","rutgers",-15.65
"2433",1959,"1958-59","Rutgers","rutgers",-12.88
"2434",1958,"1957-58","Rutgers","rutgers",-20.84
"2435",1957,"1956-57","Rutgers","rutgers",-18.71
"2436",1956,"1955-56","Rutgers","rutgers",-32.1
"2437",1955,"1954-55","Rutgers","rutgers",-22.2
"2438",1954,"1953-54","Rutgers","rutgers",-6.97
"2439",1953,"1952-53","Rutgers","rutgers",-10.24
"2440",1952,"1951-52","Rutgers","rutgers",-11.27
"2441",1951,"1950-51","Rutgers","rutgers",-14.16
"2442",1950,"1949-50","Rutgers","rutgers",-3.56
"2443",2026,"2025-26","Ucla","ucla",17.75
"2444",2025,"2024-25","Ucla","ucla",19.68
"2445",2024,"2023-24","Ucla","ucla",7.5
"2446",2023,"2022-23","Ucla","ucla",22.11
"2447",2022,"2021-22","Ucla","ucla",19.3
"2448",2021,"2020-21","Ucla","ucla",16.3
"2449",2020,"2019-20","Ucla","ucla",9.83
"2450",2019,"2018-19","Ucla","ucla",7.17
"2451",2018,"2017-18","Ucla","ucla",12.07
"2452",2017,"2016-17","Ucla","ucla",20.67
"2453",2016,"2015-16","Ucla","ucla",10.48
"2454",2015,"2014-15","Ucla","ucla",12.07
"2455",2014,"2013-14","Ucla","ucla",18.4
"2456",2013,"2012-13","Ucla","ucla",12.82
"2457",2012,"2011-12","Ucla","ucla",10.53
"2458",2011,"2010-11","Ucla","ucla",11.7
"2459",2010,"2009-10","Ucla","ucla",5.7
"2460",2009,"2008-09","Ucla","ucla",18.64
"2461",2008,"2007-08","Ucla","ucla",21.71
"2462",2007,"2006-07","Ucla","ucla",20.9
"2463",2006,"2005-06","Ucla","ucla",17.34
"2464",2005,"2004-05","Ucla","ucla",9.15
"2465",2004,"2003-04","Ucla","ucla",3.35
"2466",2003,"2002-03","Ucla","ucla",6.33
"2467",2002,"2001-02","Ucla","ucla",13.14
"2468",2001,"2000-01","Ucla","ucla",17.13
"2469",2000,"1999-00","Ucla","ucla",15.29
"2470",1999,"1998-99","Ucla","ucla",15.28
"2471",1998,"1997-98","Ucla","ucla",13.03
"2472",1997,"1996-97","Ucla","ucla",16.62
"2473",1996,"1995-96","Ucla","ucla",14.15
"2474",1995,"1994-95","Ucla","ucla",23.7
"2475",1994,"1993-94","Ucla","ucla",16.31
"2476",1993,"1992-93","Ucla","ucla",11.35
"2477",1992,"1991-92","Ucla","ucla",19.91
"2478",1991,"1990-91","Ucla","ucla",19.98
"2479",1990,"1989-90","Ucla","ucla",13.3
"2480",1989,"1988-89","Ucla","ucla",13.9
"2481",1988,"1987-88","Ucla","ucla",12.22
"2482",1987,"1986-87","Ucla","ucla",13.05
"2483",1986,"1985-86","Ucla","ucla",6.32
"2484",1985,"1984-85","Ucla","ucla",10.68
"2485",1984,"1983-84","Ucla","ucla",7.61
"2486",1983,"1982-83","Ucla","ucla",16.45
"2487",1982,"1981-82","Ucla","ucla",14.68
"2488",1981,"1980-81","Ucla","ucla",14.89
"2489",1980,"1979-80","Ucla","ucla",15.66
"2490",1979,"1978-79","Ucla","ucla",18.45
"2491",1978,"1977-78","Ucla","ucla",22.76
"2492",1977,"1976-77","Ucla","ucla",16.48
"2493",1976,"1975-76","Ucla","ucla",17.81
"2494",1975,"1974-75","Ucla","ucla",21.07
"2495",1974,"1973-74","Ucla","ucla",27.49
"2496",1973,"1972-73","Ucla","ucla",27.98
"2497",1972,"1971-72","Ucla","ucla",33.79
"2498",1971,"1970-71","Ucla","ucla",20.91
"2499",1970,"1969-70","Ucla","ucla",25.02
"2500",1969,"1968-69","Ucla","ucla",26.69
"2501",1968,"1967-68","Ucla","ucla",32.56
"2502",1967,"1966-67","Ucla","ucla",29.39
"2503",1966,"1965-66","Ucla","ucla",16.64
"2504",1965,"1964-65","Ucla","ucla",21.33
"2505",1964,"1963-64","Ucla","ucla",22.51
"2506",1963,"1962-63","Ucla","ucla",15.78
"2507",1962,"1961-62","Ucla","ucla",11.77
"2508",1961,"1960-61","Ucla","ucla",12.41
"2509",1960,"1959-60","Ucla","ucla",6.78
"2510",1959,"1958-59","Ucla","ucla",6.97
"2511",1958,"1957-58","Ucla","ucla",6.83
"2512",1957,"1956-57","Ucla","ucla",10.91
"2513",1956,"1955-56","Ucla","ucla",11.81
"2514",1955,"1954-55","Ucla","ucla",19.83
"2515",1954,"1953-54","Ucla","ucla",15.32
"2516",1953,"1952-53","Ucla","ucla",9.64
"2517",1952,"1951-52","Ucla","ucla",9.37
"2518",1951,"1950-51","Ucla","ucla",10.95
"2519",1950,"1949-50","Ucla","ucla",6.92
"2520",2026,"2025-26","Southern California","southern-california",10.43
"2521",2025,"2024-25","Southern California","southern-california",12.97
"2522",2024,"2023-24","Southern California","southern-california",9.36
"2523",2023,"2022-23","Southern California","southern-california",13.06
"2524",2022,"2021-22","Southern California","southern-california",12.5
"2525",2021,"2020-21","Southern California","southern-california",20.5
"2526",2020,"2019-20","Southern California","southern-california",11.51
"2527",2019,"2018-19","Southern California","southern-california",8.23
"2528",2018,"2017-18","Southern California","southern-california",12.81
"2529",2017,"2016-17","Southern California","southern-california",11.48
"2530",2016,"2015-16","Southern California","southern-california",13.52
"2531",2015,"2014-15","Southern California","southern-california",2.15
"2532",2014,"2013-14","Southern California","southern-california",2.6
"2533",2013,"2012-13","Southern California","southern-california",6.26
"2534",2012,"2011-12","Southern California","southern-california",-0.51
"2535",2011,"2010-11","Southern California","southern-california",11.52
"2536",2010,"2009-10","Southern California","southern-california",8.93
"2537",2009,"2008-09","Southern California","southern-california",14.09
"2538",2008,"2007-08","Southern California","southern-california",13.89
"2539",2007,"2006-07","Southern California","southern-california",13.78
"2540",2006,"2005-06","Southern California","southern-california",7.44
"2541",2005,"2004-05","Southern California","southern-california",4.49
"2542",2004,"2003-04","Southern California","southern-california",3.12
"2543",2003,"2002-03","Southern California","southern-california",7.25
"2544",2002,"2001-02","Southern California","southern-california",16.49
"2545",2001,"2000-01","Southern California","southern-california",16.54
"2546",2000,"1999-00","Southern California","southern-california",14.17
"2547",1999,"1998-99","Southern California","southern-california",11.28
"2548",1998,"1997-98","Southern California","southern-california",2.12
"2549",1997,"1996-97","Southern California","southern-california",14.51
"2550",1996,"1995-96","Southern California","southern-california",2.31
"2551",1995,"1994-95","Southern California","southern-california",3.99
"2552",1994,"1993-94","Southern California","southern-california",4.5
"2553",1993,"1992-93","Southern California","southern-california",8.5
"2554",1992,"1991-92","Southern California","southern-california",12.93
"2555",1991,"1990-91","Southern California","southern-california",13.17
"2556",1990,"1989-90","Southern California","southern-california",4.79
"2557",1989,"1988-89","Southern California","southern-california",5.2
"2558",1988,"1987-88","Southern California","southern-california",-4.28
"2559",1987,"1986-87","Southern California","southern-california",2.3
"2560",1986,"1985-86","Southern California","southern-california",2.6
"2561",1985,"1984-85","Southern California","southern-california",8.69
"2562",1984,"1983-84","Southern California","southern-california",0.16
"2563",1983,"1982-83","Southern California","southern-california",5.59
"2564",1982,"1981-82","Southern California","southern-california",10.19
"2565",1981,"1980-81","Southern California","southern-california",5.97
"2566",1980,"1979-80","Southern California","southern-california",3.24
"2567",1979,"1978-79","Southern California","southern-california",10.08
"2568",1978,"1977-78","Southern California","southern-california",4.87
"2569",1977,"1976-77","Southern California","southern-california",1.26
"2570",1976,"1975-76","Southern California","southern-california",4.77
"2571",1975,"1974-75","Southern California","southern-california",13.63
"2572",1974,"1973-74","Southern California","southern-california",12.66
"2573",1973,"1972-73","Southern California","southern-california",8.84
"2574",1972,"1971-72","Southern California","southern-california",10.26
"2575",1971,"1970-71","Southern California","southern-california",19.28
"2576",1970,"1969-70","Southern California","southern-california",12.55
"2577",1969,"1968-69","Southern California","southern-california",7.8
"2578",1968,"1967-68","Southern California","southern-california",11.38
"2579",1967,"1966-67","Southern California","southern-california",5.7
"2580",1966,"1965-66","Southern California","southern-california",5.43
"2581",1965,"1964-65","Southern California","southern-california",10.09
"2582",1964,"1963-64","Southern California","southern-california",4.42
"2583",1963,"1962-63","Southern California","southern-california",7.55
"2584",1962,"1961-62","Southern California","southern-california",11.9
"2585",1961,"1960-61","Southern California","southern-california",11.26
"2586",1960,"1959-60","Southern California","southern-california",11.53
"2587",1959,"1958-59","Southern California","southern-california",3.29
"2588",1958,"1957-58","Southern California","southern-california",2.21
"2589",1957,"1956-57","Southern California","southern-california",0.31
"2590",1956,"1955-56","Southern California","southern-california",6.14
"2591",1955,"1954-55","Southern California","southern-california",11.84
"2592",1954,"1953-54","Southern California","southern-california",7.55
"2593",1953,"1952-53","Southern California","southern-california",8.89
"2594",1952,"1951-52","Southern California","southern-california",3.35
"2595",1951,"1950-51","Southern California","southern-california",11.96
"2596",1950,"1949-50","Southern California","southern-california",3.21
"2597",2026,"2025-26","Washington","washington",13.99
"2598",2025,"2024-25","Washington","washington",6.26
"2599",2024,"2023-24","Washington","washington",11.85
"2600",2023,"2022-23","Washington","washington",6.78
"2601",2022,"2021-22","Washington","washington",5.03
"2602",2021,"2020-21","Washington","washington",1.88
"2603",2020,"2019-20","Washington","washington",12.41
"2604",2019,"2018-19","Washington","washington",12.01
"2605",2018,"2017-18","Washington","washington",7.62
"2606",2017,"2016-17","Washington","washington",2.15
"2607",2016,"2015-16","Washington","washington",11.21
"2608",2015,"2014-15","Washington","washington",5.57
"2609",2014,"2013-14","Washington","washington",6.26
"2610",2013,"2012-13","Washington","washington",7.88
"2611",2012,"2011-12","Washington","washington",10.79
"2612",2011,"2010-11","Washington","washington",20.12
"2613",2010,"2009-10","Washington","washington",15.64
"2614",2009,"2008-09","Washington","washington",16.78
"2615",2008,"2007-08","Washington","washington",9.09
"2616",2007,"2006-07","Washington","washington",10.03
"2617",2006,"2005-06","Washington","washington",18.08
"2618",2005,"2004-05","Washington","washington",19.76
"2619",2004,"2003-04","Washington","washington",9.46
"2620",2003,"2002-03","Washington","washington",4.65
"2621",2002,"2001-02","Washington","washington",4.39
"2622",2001,"2000-01","Washington","washington",-0.06
"2623",2000,"1999-00","Washington","washington",2.46
"2624",1999,"1998-99","Washington","washington",11.64
"2625",1998,"1997-98","Washington","washington",10.28
"2626",1997,"1996-97","Washington","washington",10.83
"2627",1996,"1995-96","Washington","washington",7.81
"2628",1995,"1994-95","Washington","washington",6.45
"2629",1994,"1993-94","Washington","washington",0.62
"2630",1993,"1992-93","Washington","washington",4.94
"2631",1992,"1991-92","Washington","washington",2.38
"2632",1991,"1990-91","Washington","washington",6.95
"2633",1990,"1989-90","Washington","washington",4.86
"2634",1989,"1988-89","Washington","washington",2.59
"2635",1988,"1987-88","Washington","washington",1.59
"2636",1987,"1986-87","Washington","washington",8.13
"2637",1986,"1985-86","Washington","washington",8.48
"2638",1985,"1984-85","Washington","washington",11.98
"2639",1984,"1983-84","Washington","washington",9.28
"2640",1983,"1982-83","Washington","washington",2.29
"2641",1982,"1981-82","Washington","washington",7.42
"2642",1981,"1980-81","Washington","washington",3.06
"2643",1980,"1979-80","Washington","washington",7.14
"2644",1979,"1978-79","Washington","washington",4.98
"2645",1978,"1977-78","Washington","washington",5.17
"2646",1977,"1976-77","Washington","washington",6.28
"2647",1976,"1975-76","Washington","washington",16.59
"2648",1975,"1974-75","Washington","washington",12.38
"2649",1974,"1973-74","Washington","washington",6.58
"2650",1973,"1972-73","Washington","washington",7.08
"2651",1972,"1971-72","Washington","washington",13.11
"2652",1971,"1970-71","Washington","washington",4.16
"2653",1970,"1969-70","Washington","washington",9.85
"2654",1969,"1968-69","Washington","washington",2.34
"2655",1968,"1967-68","Washington","washington",4.56
"2656",1967,"1966-67","Washington","washington",1.4
"2657",1966,"1965-66","Washington","washington",-0.53
"2658",1965,"1964-65","Washington","washington",3.93
"2659",1964,"1963-64","Washington","washington",-0.58
"2660",1963,"1962-63","Washington","washington",3.66
"2661",1962,"1961-62","Washington","washington",9.51
"2662",1961,"1960-61","Washington","washington",5.63
"2663",1960,"1959-60","Washington","washington",7.08
"2664",1959,"1958-59","Washington","washington",9.85
"2665",1958,"1957-58","Washington","washington",0.55
"2666",1957,"1956-57","Washington","washington",5.83
"2667",1956,"1955-56","Washington","washington",5.79
"2668",1955,"1954-55","Washington","washington",4.53
"2669",1954,"1953-54","Washington","washington",-1.03
"2670",1953,"1952-53","Washington","washington",16.34
"2671",1952,"1951-52","Washington","washington",16.42
"2672",1951,"1950-51","Washington","washington",15.88
"2673",1950,"1949-50","Washington","washington",0.83
"2674",2026,"2025-26","Wisconsin","wisconsin",18.97
"2675",2025,"2024-25","Wisconsin","wisconsin",20.73
"2676",2024,"2023-24","Wisconsin","wisconsin",16.01
"2677",2023,"2022-23","Wisconsin","wisconsin",10.98
"2678",2022,"2021-22","Wisconsin","wisconsin",13.13
"2679",2021,"2020-21","Wisconsin","wisconsin",17.22
"2680",2020,"2019-20","Wisconsin","wisconsin",15.95
"2681",2019,"2018-19","Wisconsin","wisconsin",17.9
"2682",2018,"2017-18","Wisconsin","wisconsin",10.38
"2683",2017,"2016-17","Wisconsin","wisconsin",19.4
"2684",2016,"2015-16","Wisconsin","wisconsin",13.4
"2685",2015,"2014-15","Wisconsin","wisconsin",24.61
"2686",2014,"2013-14","Wisconsin","wisconsin",19.69
"2687",2013,"2012-13","Wisconsin","wisconsin",18.76
"2688",2012,"2011-12","Wisconsin","wisconsin",19.04
"2689",2011,"2010-11","Wisconsin","wisconsin",18.77
"2690",2010,"2009-10","Wisconsin","wisconsin",17.84
"2691",2009,"2008-09","Wisconsin","wisconsin",12.43
"2692",2008,"2007-08","Wisconsin","wisconsin",19.59
"2693",2007,"2006-07","Wisconsin","wisconsin",19.28
"2694",2006,"2005-06","Wisconsin","wisconsin",13.14
"2695",2005,"2004-05","Wisconsin","wisconsin",16.76
"2696",2004,"2003-04","Wisconsin","wisconsin",18.96
"2697",2003,"2002-03","Wisconsin","wisconsin",17.48
"2698",2002,"2001-02","Wisconsin","wisconsin",10.1
"2699",2001,"2000-01","Wisconsin","wisconsin",14.91
"2700",2000,"1999-00","Wisconsin","wisconsin",16.67
"2701",1999,"1998-99","Wisconsin","wisconsin",17.29
"2702",1998,"1997-98","Wisconsin","wisconsin",7.19
"2703",1997,"1996-97","Wisconsin","wisconsin",13.2
"2704",1996,"1995-96","Wisconsin","wisconsin",7.89
"2705",1995,"1994-95","Wisconsin","wisconsin",8.3
"2706",1994,"1993-94","Wisconsin","wisconsin",15.34
"2707",1993,"1992-93","Wisconsin","wisconsin",8.08
"2708",1992,"1991-92","Wisconsin","wisconsin",8.44
"2709",1991,"1990-91","Wisconsin","wisconsin",9.13
"2710",1990,"1989-90","Wisconsin","wisconsin",8.59
"2711",1989,"1988-89","Wisconsin","wisconsin",13.98
"2712",1988,"1987-88","Wisconsin","wisconsin",3.3
"2713",1987,"1986-87","Wisconsin","wisconsin",4.98
"2714",1986,"1985-86","Wisconsin","wisconsin",4.13
"2715",1985,"1984-85","Wisconsin","wisconsin",3.51
"2716",1984,"1983-84","Wisconsin","wisconsin",2.73
"2717",1983,"1982-83","Wisconsin","wisconsin",1.03
"2718",1982,"1981-82","Wisconsin","wisconsin",-5.03
"2719",1981,"1980-81","Wisconsin","wisconsin",5.07
"2720",1980,"1979-80","Wisconsin","wisconsin",11.93
"2721",1979,"1978-79","Wisconsin","wisconsin",5.45
"2722",1978,"1977-78","Wisconsin","wisconsin",1.98
"2723",1977,"1976-77","Wisconsin","wisconsin",2.17
"2724",1976,"1975-76","Wisconsin","wisconsin",-0.07
"2725",1975,"1974-75","Wisconsin","wisconsin",0.84
"2726",1974,"1973-74","Wisconsin","wisconsin",11.19
"2727",1973,"1972-73","Wisconsin","wisconsin",6.59
"2728",1972,"1971-72","Wisconsin","wisconsin",4.29
"2729",1971,"1970-71","Wisconsin","wisconsin",3.3
"2730",1970,"1969-70","Wisconsin","wisconsin",1.46
"2731",1969,"1968-69","Wisconsin","wisconsin",7.21
"2732",1968,"1967-68","Wisconsin","wisconsin",5.19
"2733",1967,"1966-67","Wisconsin","wisconsin",3.27
"2734",1966,"1965-66","Wisconsin","wisconsin",1.95
"2735",1965,"1964-65","Wisconsin","wisconsin",3.4
"2736",1964,"1963-64","Wisconsin","wisconsin",-0.46
"2737",1963,"1962-63","Wisconsin","wisconsin",9.41
"2738",1962,"1961-62","Wisconsin","wisconsin",7.4
"2739",1961,"1960-61","Wisconsin","wisconsin",-0.35
"2740",1960,"1959-60","Wisconsin","wisconsin",-2.55
"2741",1959,"1958-59","Wisconsin","wisconsin",-8.03
"2742",1958,"1957-58","Wisconsin","wisconsin",-3.47
"2743",1957,"1956-57","Wisconsin","wisconsin",-2.1
"2744",1956,"1955-56","Wisconsin","wisconsin",4.06
"2745",1955,"1954-55","Wisconsin","wisconsin",5.5
"2746",1954,"1953-54","Wisconsin","wisconsin",12.31
"2747",1953,"1952-53","Wisconsin","wisconsin",11.98
"2748",1952,"1951-52","Wisconsin","wisconsin",2.61
"2749",1951,"1950-51","Wisconsin","wisconsin",3.94
"2750",1950,"1949-50","Wisconsin","wisconsin",10.73
"2751",2026,"2025-26","Arizona","arizona",29.62
"2752",2025,"2024-25","Arizona","arizona",22.94
"2753",2024,"2023-24","Arizona","arizona",24.54
"2754",2023,"2022-23","Arizona","arizona",19.08
"2755",2022,"2021-22","Arizona","arizona",22.75
"2756",2021,"2020-21","Arizona","arizona",15.02
"2757",2020,"2019-20","Arizona","arizona",19.49
"2758",2019,"2018-19","Arizona","arizona",8.32
"2759",2018,"2017-18","Arizona","arizona",15.67
"2760",2017,"2016-17","Arizona","arizona",18.25
"2761",2016,"2015-16","Arizona","arizona",18.79
"2762",2015,"2014-15","Arizona","arizona",24.33
"2763",2014,"2013-14","Arizona","arizona",23.36
"2764",2013,"2012-13","Arizona","arizona",17.31
"2765",2012,"2011-12","Arizona","arizona",10.91
"2766",2011,"2010-11","Arizona","arizona",16.54
"2767",2010,"2009-10","Arizona","arizona",7.97
"2768",2009,"2008-09","Arizona","arizona",11.88
"2769",2008,"2007-08","Arizona","arizona",14.55
"2770",2007,"2006-07","Arizona","arizona",16.24
"2771",2006,"2005-06","Arizona","arizona",15.12
"2772",2005,"2004-05","Arizona","arizona",18
"2773",2004,"2003-04","Arizona","arizona",15.29
"2774",2003,"2002-03","Arizona","arizona",23.42
"2775",2002,"2001-02","Arizona","arizona",16.91
"2776",2001,"2000-01","Arizona","arizona",26.85
"2777",2000,"1999-00","Arizona","arizona",18.96
"2778",1999,"1998-99","Arizona","arizona",15.31
"2779",1998,"1997-98","Arizona","arizona",24.56
"2780",1997,"1996-97","Arizona","arizona",21.66
"2781",1996,"1995-96","Arizona","arizona",18.14
"2782",1995,"1994-95","Arizona","arizona",19.09
"2783",1994,"1993-94","Arizona","arizona",23.76
"2784",1993,"1992-93","Arizona","arizona",20.5
"2785",1992,"1991-92","Arizona","arizona",24.16
"2786",1991,"1990-91","Arizona","arizona",24.26
"2787",1990,"1989-90","Arizona","arizona",21.03
"2788",1989,"1988-89","Arizona","arizona",27.92
"2789",1988,"1987-88","Arizona","arizona",28.95
"2790",1987,"1986-87","Arizona","arizona",13.49
"2791",1986,"1985-86","Arizona","arizona",9.76
"2792",1985,"1984-85","Arizona","arizona",11.05
"2793",1984,"1983-84","Arizona","arizona",3.55
"2794",1983,"1982-83","Arizona","arizona",-7.13
"2795",1982,"1981-82","Arizona","arizona",-1.42
"2796",1981,"1980-81","Arizona","arizona",4.93
"2797",1980,"1979-80","Arizona","arizona",1.69
"2798",1979,"1978-79","Arizona","arizona",2.8
"2799",1978,"1977-78","Arizona","arizona",8.79
"2800",1977,"1976-77","Arizona","arizona",12.56
"2801",1976,"1975-76","Arizona","arizona",10.67
"2802",1975,"1974-75","Arizona","arizona",10.49
"2803",1974,"1973-74","Arizona","arizona",9.81
"2804",1973,"1972-73","Arizona","arizona",3.38
"2805",1972,"1971-72","Arizona","arizona",-6.49
"2806",1971,"1970-71","Arizona","arizona",-1.21
"2807",1970,"1969-70","Arizona","arizona",1.02
"2808",1969,"1968-69","Arizona","arizona",7.63
"2809",1968,"1967-68","Arizona","arizona",2.69
"2810",1967,"1966-67","Arizona","arizona",-4.46
"2811",1966,"1965-66","Arizona","arizona",7.43
"2812",1965,"1964-65","Arizona","arizona",9.1
"2813",1964,"1963-64","Arizona","arizona",7.67
"2814",1963,"1962-63","Arizona","arizona",0.65
"2815",1962,"1961-62","Arizona","arizona",-4.97
"2816",1961,"1960-61","Arizona","arizona",-13.26
"2817",1960,"1959-60","Arizona","arizona",-13.47
"2818",1959,"1958-59","Arizona","arizona",-22.74
"2819",1958,"1957-58","Arizona","arizona",-12.67
"2820",1957,"1956-57","Arizona","arizona",-6.21
"2821",1956,"1955-56","Arizona","arizona",-14.55
"2822",1955,"1954-55","Arizona","arizona",-11.01
"2823",1954,"1953-54","Arizona","arizona",-9.6
"2824",1953,"1952-53","Arizona","arizona",-8.85
"2825",1952,"1951-52","Arizona","arizona",-9.95
"2826",1951,"1950-51","Arizona","arizona",4.93
"2827",2026,"2025-26","Arizona State","arizona-state",10.48
"2828",2025,"2024-25","Arizona State","arizona-state",10.62
"2829",2024,"2023-24","Arizona State","arizona-state",4.58
"2830",2023,"2022-23","Arizona State","arizona-state",11.29
"2831",2022,"2021-22","Arizona State","arizona-state",7.64
"2832",2021,"2020-21","Arizona State","arizona-state",7.48
"2833",2020,"2019-20","Arizona State","arizona-state",11.46
"2834",2019,"2018-19","Arizona State","arizona-state",10.28
"2835",2018,"2017-18","Arizona State","arizona-state",14.37
"2836",2017,"2016-17","Arizona State","arizona-state",4.02
"2837",2016,"2015-16","Arizona State","arizona-state",8.28
"2838",2015,"2014-15","Arizona State","arizona-state",9.52
"2839",2014,"2013-14","Arizona State","arizona-state",13.32
"2840",2013,"2012-13","Arizona State","arizona-state",8.82
"2841",2012,"2011-12","Arizona State","arizona-state",-1.01
"2842",2011,"2010-11","Arizona State","arizona-state",4.3
"2843",2010,"2009-10","Arizona State","arizona-state",13.8
"2844",2009,"2008-09","Arizona State","arizona-state",16.7
"2845",2008,"2007-08","Arizona State","arizona-state",10.31
"2846",2007,"2006-07","Arizona State","arizona-state",3.31
"2847",2006,"2005-06","Arizona State","arizona-state",4.36
"2848",2005,"2004-05","Arizona State","arizona-state",9.2
"2849",2004,"2003-04","Arizona State","arizona-state",2.82
"2850",2003,"2002-03","Arizona State","arizona-state",15.02
"2851",2002,"2001-02","Arizona State","arizona-state",9.79
"2852",2001,"2000-01","Arizona State","arizona-state",11.1
"2853",2000,"1999-00","Arizona State","arizona-state",12.11
"2854",1999,"1998-99","Arizona State","arizona-state",9.06
"2855",1998,"1997-98","Arizona State","arizona-state",7.92
"2856",1997,"1996-97","Arizona State","arizona-state",2.24
"2857",1996,"1995-96","Arizona State","arizona-state",1.55
"2858",1995,"1994-95","Arizona State","arizona-state",16.7
"2859",1994,"1993-94","Arizona State","arizona-state",9.61
"2860",1993,"1992-93","Arizona State","arizona-state",9.24
"2861",1992,"1991-92","Arizona State","arizona-state",6.95
"2862",1991,"1990-91","Arizona State","arizona-state",14.26
"2863",1990,"1989-90","Arizona State","arizona-state",5.04
"2864",1989,"1988-89","Arizona State","arizona-state",3.02
"2865",1988,"1987-88","Arizona State","arizona-state",3.8
"2866",1987,"1986-87","Arizona State","arizona-state",4.58
"2867",1986,"1985-86","Arizona State","arizona-state",1.67
"2868",1985,"1984-85","Arizona State","arizona-state",1.8
"2869",1984,"1983-84","Arizona State","arizona-state",2.61
"2870",1983,"1982-83","Arizona State","arizona-state",6.91
"2871",1982,"1981-82","Arizona State","arizona-state",6.35
"2872",1981,"1980-81","Arizona State","arizona-state",16.64
"2873",1980,"1979-80","Arizona State","arizona-state",12.47
"2874",1979,"1978-79","Arizona State","arizona-state",7.97
"2875",1978,"1977-78","Arizona State","arizona-state",5.56
"2876",1977,"1976-77","Arizona State","arizona-state",7.66
"2877",1976,"1975-76","Arizona State","arizona-state",5.42
"2878",1975,"1974-75","Arizona State","arizona-state",16.49
"2879",1974,"1973-74","Arizona State","arizona-state",10.58
"2880",1973,"1972-73","Arizona State","arizona-state",10.79
"2881",1972,"1971-72","Arizona State","arizona-state",9.25
"2882",1971,"1970-71","Arizona State","arizona-state",8.97
"2883",1970,"1969-70","Arizona State","arizona-state",-5.11
"2884",1969,"1968-69","Arizona State","arizona-state",1.73
"2885",1968,"1967-68","Arizona State","arizona-state",-2.88
"2886",1967,"1966-67","Arizona State","arizona-state",-10.64
"2887",1966,"1965-66","Arizona State","arizona-state",1.42
"2888",1965,"1964-65","Arizona State","arizona-state",3.37
"2889",1964,"1963-64","Arizona State","arizona-state",9.91
"2890",1963,"1962-63","Arizona State","arizona-state",12.4
"2891",1962,"1961-62","Arizona State","arizona-state",12.31
"2892",1961,"1960-61","Arizona State","arizona-state",5.12
"2893",1960,"1959-60","Arizona State","arizona-state",-2.56
"2894",1959,"1958-59","Arizona State","arizona-state",-3.27
"2895",1958,"1957-58","Arizona State","arizona-state",-6.38
"2896",1957,"1956-57","Arizona State","arizona-state",-11.08
"2897",1956,"1955-56","Arizona State","arizona-state",-13.23
"2898",1955,"1954-55","Arizona State","arizona-state",-8.5
"2899",1954,"1953-54","Arizona State","arizona-state",-19.06
"2900",1953,"1952-53","Arizona State","arizona-state",-8.93
"2901",1952,"1951-52","Arizona State","arizona-state",-11.48
"2902",1951,"1950-51","Arizona State","arizona-state",-13.54
"2903",2026,"2025-26","Baylor","baylor",15.06
"2904",2025,"2024-25","Baylor","baylor",18.77
"2905",2024,"2023-24","Baylor","baylor",19.5
"2906",2023,"2022-23","Baylor","baylor",17.3
"2907",2022,"2021-22","Baylor","baylor",21.73
"2908",2021,"2020-21","Baylor","baylor",24.83
"2909",2020,"2019-20","Baylor","baylor",20.13
"2910",2019,"2018-19","Baylor","baylor",13.38
"2911",2018,"2017-18","Baylor","baylor",14.6
"2912",2017,"2016-17","Baylor","baylor",19.75
"2913",2016,"2015-16","Baylor","baylor",16.13
"2914",2015,"2014-15","Baylor","baylor",17.85
"2915",2014,"2013-14","Baylor","baylor",15.8
"2916",2013,"2012-13","Baylor","baylor",15.07
"2917",2012,"2011-12","Baylor","baylor",16.54
"2918",2011,"2010-11","Baylor","baylor",10
"2919",2010,"2009-10","Baylor","baylor",17.97
"2920",2009,"2008-09","Baylor","baylor",12.54
"2921",2008,"2007-08","Baylor","baylor",11.46
"2922",2007,"2006-07","Baylor","baylor",5.42
"2923",2006,"2005-06","Baylor","baylor",2.3
"2924",2005,"2004-05","Baylor","baylor",-2.79
"2925",2004,"2003-04","Baylor","baylor",-2.73
"2926",2003,"2002-03","Baylor","baylor",6.05
"2927",2002,"2001-02","Baylor","baylor",6.23
"2928",2001,"2000-01","Baylor","baylor",7.39
"2929",2000,"1999-00","Baylor","baylor",2.2
"2930",1999,"1998-99","Baylor","baylor",-5.53
"2931",1998,"1997-98","Baylor","baylor",3.19
"2932",1997,"1996-97","Baylor","baylor",4.4
"2933",1996,"1995-96","Baylor","baylor",-2.7
"2934",1995,"1994-95","Baylor","baylor",-6.13
"2935",1994,"1993-94","Baylor","baylor",0.76
"2936",1993,"1992-93","Baylor","baylor",2.99
"2937",1992,"1991-92","Baylor","baylor",2.01
"2938",1991,"1990-91","Baylor","baylor",5.38
"2939",1990,"1989-90","Baylor","baylor",3.93
"2940",1989,"1988-89","Baylor","baylor",-9.42
"2941",1988,"1987-88","Baylor","baylor",6.27
"2942",1987,"1986-87","Baylor","baylor",4.92
"2943",1986,"1985-86","Baylor","baylor",-3.84
"2944",1985,"1984-85","Baylor","baylor",-0.8
"2945",1984,"1983-84","Baylor","baylor",-11.79
"2946",1983,"1982-83","Baylor","baylor",0.51
"2947",1982,"1981-82","Baylor","baylor",6.37
"2948",1981,"1980-81","Baylor","baylor",0.38
"2949",1980,"1979-80","Baylor","baylor",-2.85
"2950",1979,"1978-79","Baylor","baylor",5.07
"2951",1978,"1977-78","Baylor","baylor",4.65
"2952",1977,"1976-77","Baylor","baylor",-0.19
"2953",1976,"1975-76","Baylor","baylor",-3.23
"2954",1975,"1974-75","Baylor","baylor",-6.88
"2955",1974,"1973-74","Baylor","baylor",-6.37
"2956",1973,"1972-73","Baylor","baylor",-4.88
"2957",1972,"1971-72","Baylor","baylor",-4.57
"2958",1971,"1970-71","Baylor","baylor",0.35
"2959",1970,"1969-70","Baylor","baylor",2.52
"2960",1969,"1968-69","Baylor","baylor",-0.38
"2961",1968,"1967-68","Baylor","baylor",-2.28
"2962",1967,"1966-67","Baylor","baylor",-1.38
"2963",1966,"1965-66","Baylor","baylor",-8.74
"2964",1965,"1964-65","Baylor","baylor",-2.17
"2965",1964,"1963-64","Baylor","baylor",-12.47
"2966",1963,"1962-63","Baylor","baylor",-9.06
"2967",1962,"1961-62","Baylor","baylor",-9.02
"2968",1961,"1960-61","Baylor","baylor",-8.13
"2969",1960,"1959-60","Baylor","baylor",3.02
"2970",1959,"1958-59","Baylor","baylor",1.57
"2971",1958,"1957-58","Baylor","baylor",-7.92
"2972",1957,"1956-57","Baylor","baylor",-3.01
"2973",1956,"1955-56","Baylor","baylor",-3.23
"2974",1955,"1954-55","Baylor","baylor",-3.33
"2975",1954,"1953-54","Baylor","baylor",-1.33
"2976",1953,"1952-53","Baylor","baylor",-3.28
"2977",1952,"1951-52","Baylor","baylor",-6.87
"2978",1951,"1950-51","Baylor","baylor",-10.53
"2979",1950,"1949-50","Baylor","baylor",-4.94
"2980",2026,"2025-26","Brigham Young","brigham-young",20.41
"2981",2025,"2024-25","Brigham Young","brigham-young",19.07
"2982",2024,"2023-24","Brigham Young","brigham-young",19.33
"2983",2023,"2022-23","Brigham Young","brigham-young",9.43
"2984",2022,"2021-22","Brigham Young","brigham-young",10.05
"2985",2021,"2020-21","Brigham Young","brigham-young",15.19
"2986",2020,"2019-20","Brigham Young","brigham-young",16.93
"2987",2019,"2018-19","Brigham Young","brigham-young",6.15
"2988",2018,"2017-18","Brigham Young","brigham-young",8.05
"2989",2017,"2016-17","Brigham Young","brigham-young",8.22
"2990",2016,"2015-16","Brigham Young","brigham-young",12.36
"2991",2015,"2014-15","Brigham Young","brigham-young",13.53
"2992",2014,"2013-14","Brigham Young","brigham-young",11.63
"2993",2013,"2012-13","Brigham Young","brigham-young",10.63
"2994",2012,"2011-12","Brigham Young","brigham-young",11.25
"2995",2011,"2010-11","Brigham Young","brigham-young",18.65
"2996",2010,"2009-10","Brigham Young","brigham-young",18.82
"2997",2009,"2008-09","Brigham Young","brigham-young",15.12
"2998",2008,"2007-08","Brigham Young","brigham-young",11.82
"2999",2007,"2006-07","Brigham Young","brigham-young",11.38
"3000",2006,"2005-06","Brigham Young","brigham-young",7.19
"3001",2005,"2004-05","Brigham Young","brigham-young",1.01
"3002",2004,"2003-04","Brigham Young","brigham-young",12.7
"3003",2003,"2002-03","Brigham Young","brigham-young",13.64
"3004",2002,"2001-02","Brigham Young","brigham-young",9.35
"3005",2001,"2000-01","Brigham Young","brigham-young",10.95
"3006",2000,"1999-00","Brigham Young","brigham-young",9.54
"3007",1999,"1998-99","Brigham Young","brigham-young",2.5
"3008",1998,"1997-98","Brigham Young","brigham-young",-0.11
"3009",1997,"1996-97","Brigham Young","brigham-young",-13.29
"3010",1996,"1995-96","Brigham Young","brigham-young",7.89
"3011",1995,"1994-95","Brigham Young","brigham-young",11.52
"3012",1994,"1993-94","Brigham Young","brigham-young",7.59
"3013",1993,"1992-93","Brigham Young","brigham-young",12.5
"3014",1992,"1991-92","Brigham Young","brigham-young",14.58
"3015",1991,"1990-91","Brigham Young","brigham-young",8.84
"3016",1990,"1989-90","Brigham Young","brigham-young",9.39
"3017",1989,"1988-89","Brigham Young","brigham-young",5.58
"3018",1988,"1987-88","Brigham Young","brigham-young",13.39
"3019",1987,"1986-87","Brigham Young","brigham-young",9.67
"3020",1986,"1985-86","Brigham Young","brigham-young",4.55
"3021",1985,"1984-85","Brigham Young","brigham-young",1.7
"3022",1984,"1983-84","Brigham Young","brigham-young",8.8
"3023",1983,"1982-83","Brigham Young","brigham-young",6.78
"3024",1982,"1981-82","Brigham Young","brigham-young",9.18
"3025",1981,"1980-81","Brigham Young","brigham-young",13.8
"3026",1980,"1979-80","Brigham Young","brigham-young",12.06
"3027",1979,"1978-79","Brigham Young","brigham-young",12.31
"3028",1978,"1977-78","Brigham Young","brigham-young",3.61
"3029",1977,"1976-77","Brigham Young","brigham-young",3.35
"3030",1976,"1975-76","Brigham Young","brigham-young",3
"3031",1975,"1974-75","Brigham Young","brigham-young",1.55
"3032",1974,"1973-74","Brigham Young","brigham-young",-0.71
"3033",1973,"1972-73","Brigham Young","brigham-young",8.86
"3034",1972,"1971-72","Brigham Young","brigham-young",11.27
"3035",1971,"1970-71","Brigham Young","brigham-young",10.29
"3036",1970,"1969-70","Brigham Young","brigham-young",-0.51
"3037",1969,"1968-69","Brigham Young","brigham-young",4.93
"3038",1968,"1967-68","Brigham Young","brigham-young",8.04
"3039",1967,"1966-67","Brigham Young","brigham-young",7.49
"3040",1966,"1965-66","Brigham Young","brigham-young",16.89
"3041",1965,"1964-65","Brigham Young","brigham-young",15.76
"3042",1964,"1963-64","Brigham Young","brigham-young",5.31
"3043",1963,"1962-63","Brigham Young","brigham-young",2.07
"3044",1962,"1961-62","Brigham Young","brigham-young",-4.41
"3045",1961,"1960-61","Brigham Young","brigham-young",3.3
"3046",1960,"1959-60","Brigham Young","brigham-young",-5.73
"3047",1959,"1958-59","Brigham Young","brigham-young",3.08
"3048",1958,"1957-58","Brigham Young","brigham-young",-2.23
"3049",1957,"1956-57","Brigham Young","brigham-young",2.99
"3050",1956,"1955-56","Brigham Young","brigham-young",11.67
"3051",1955,"1954-55","Brigham Young","brigham-young",0.56
"3052",1954,"1953-54","Brigham Young","brigham-young",2.68
"3053",1953,"1952-53","Brigham Young","brigham-young",9.24
"3054",1952,"1951-52","Brigham Young","brigham-young",4.29
"3055",1951,"1950-51","Brigham Young","brigham-young",14.55
"3056",1950,"1949-50","Brigham Young","brigham-young",7.94
"3057",2026,"2025-26","Colorado","colorado",10.54
"3058",2025,"2024-25","Colorado","colorado",9.62
"3059",2024,"2023-24","Colorado","colorado",15.95
"3060",2023,"2022-23","Colorado","colorado",11.17
"3061",2022,"2021-22","Colorado","colorado",9.82
"3062",2021,"2020-21","Colorado","colorado",18.88
"3063",2020,"2019-20","Colorado","colorado",14.91
"3064",2019,"2018-19","Colorado","colorado",9.68
"3065",2018,"2017-18","Colorado","colorado",6.06
"3066",2017,"2016-17","Colorado","colorado",9.12
"3067",2016,"2015-16","Colorado","colorado",12.04
"3068",2015,"2014-15","Colorado","colorado",7.01
"3069",2014,"2013-14","Colorado","colorado",10.8
"3070",2013,"2012-13","Colorado","colorado",11.91
"3071",2012,"2011-12","Colorado","colorado",7.91
"3072",2011,"2010-11","Colorado","colorado",11.45
"3073",2010,"2009-10","Colorado","colorado",7.01
"3074",2009,"2008-09","Colorado","colorado",-0.06
"3075",2008,"2007-08","Colorado","colorado",4.05
"3076",2007,"2006-07","Colorado","colorado",-4.14
"3077",2006,"2005-06","Colorado","colorado",11.17
"3078",2005,"2004-05","Colorado","colorado",4.91
"3079",2004,"2003-04","Colorado","colorado",9.68
"3080",2003,"2002-03","Colorado","colorado",12.83
"3081",2002,"2001-02","Colorado","colorado",6.17
"3082",2001,"2000-01","Colorado","colorado",11.11
"3083",2000,"1999-00","Colorado","colorado",8.58
"3084",1999,"1998-99","Colorado","colorado",7.25
"3085",1998,"1997-98","Colorado","colorado",2.15
"3086",1997,"1996-97","Colorado","colorado",9.69
"3087",1996,"1995-96","Colorado","colorado",1.3
"3088",1995,"1994-95","Colorado","colorado",8.4
"3089",1994,"1993-94","Colorado","colorado",0.06
"3090",1993,"1992-93","Colorado","colorado",6.48
"3091",1992,"1991-92","Colorado","colorado",8.69
"3092",1991,"1990-91","Colorado","colorado",12.88
"3093",1990,"1989-90","Colorado","colorado",6.15
"3094",1989,"1988-89","Colorado","colorado",2.96
"3095",1988,"1987-88","Colorado","colorado",-0.63
"3096",1987,"1986-87","Colorado","colorado",1.35
"3097",1986,"1985-86","Colorado","colorado",-0.12
"3098",1985,"1984-85","Colorado","colorado",-1.69
"3099",1984,"1983-84","Colorado","colorado",5.34
"3100",1983,"1982-83","Colorado","colorado",1.56
"3101",1982,"1981-82","Colorado","colorado",3.51
"3102",1981,"1980-81","Colorado","colorado",7.84
"3103",1980,"1979-80","Colorado","colorado",0.07
"3104",1979,"1978-79","Colorado","colorado",0.88
"3105",1978,"1977-78","Colorado","colorado",-1.14
"3106",1977,"1976-77","Colorado","colorado",1.89
"3107",1976,"1975-76","Colorado","colorado",-4.28
"3108",1975,"1974-75","Colorado","colorado",-7.59
"3109",1974,"1973-74","Colorado","colorado",2.38
"3110",1973,"1972-73","Colorado","colorado",1.08
"3111",1972,"1971-72","Colorado","colorado",-3.68
"3112",1971,"1970-71","Colorado","colorado",3.61
"3113",1970,"1969-70","Colorado","colorado",8.53
"3114",1969,"1968-69","Colorado","colorado",7.82
"3115",1968,"1967-68","Colorado","colorado",-0.34
"3116",1967,"1966-67","Colorado","colorado",6.4
"3117",1966,"1965-66","Colorado","colorado",1.25
"3118",1965,"1964-65","Colorado","colorado",5.19
"3119",1964,"1963-64","Colorado","colorado",8.76
"3120",1963,"1962-63","Colorado","colorado",13.84
"3121",1962,"1961-62","Colorado","colorado",7.51
"3122",1961,"1960-61","Colorado","colorado",3.38
"3123",1960,"1959-60","Colorado","colorado",6.49
"3124",1959,"1958-59","Colorado","colorado",7.34
"3125",1958,"1957-58","Colorado","colorado",-1.03
"3126",1957,"1956-57","Colorado","colorado",6.57
"3127",1956,"1955-56","Colorado","colorado",5.98
"3128",1955,"1954-55","Colorado","colorado",13.02
"3129",1954,"1953-54","Colorado","colorado",4.71
"3130",1953,"1952-53","Colorado","colorado",3.45
"3131",1952,"1951-52","Colorado","colorado",-2.54
"3132",1951,"1950-51","Colorado","colorado",0.85
"3133",1950,"1949-50","Colorado","colorado",6.27
"3134",2026,"2025-26","Houston","houston",26.57
"3135",2025,"2024-25","Houston","houston",28.45
"3136",2024,"2023-24","Houston","houston",25.69
"3137",2023,"2022-23","Houston","houston",22.2
"3138",2022,"2021-22","Houston","houston",22.55
"3139",2021,"2020-21","Houston","houston",21.66
"3140",2020,"2019-20","Houston","houston",16.46
"3141",2019,"2018-19","Houston","houston",18.91
"3142",2018,"2017-18","Houston","houston",15.99
"3143",2017,"2016-17","Houston","houston",12.2
"3144",2016,"2015-16","Houston","houston",10.3
"3145",2015,"2014-15","Houston","houston",-2.06
"3146",2014,"2013-14","Houston","houston",2.68
"3147",2013,"2012-13","Houston","houston",-0.3
"3148",2012,"2011-12","Houston","houston",0.04
"3149",2011,"2010-11","Houston","houston",-2.71
"3150",2010,"2009-10","Houston","houston",6.74
"3151",2009,"2008-09","Houston","houston",8.26
"3152",2008,"2007-08","Houston","houston",8.4
"3153",2007,"2006-07","Houston","houston",5.75
"3154",2006,"2005-06","Houston","houston",7.33
"3155",2005,"2004-05","Houston","houston",4.63
"3156",2004,"2003-04","Houston","houston",-1.86
"3157",2003,"2002-03","Houston","houston",-3.03
"3158",2002,"2001-02","Houston","houston",4.43
"3159",2001,"2000-01","Houston","houston",-1.33
"3160",2000,"1999-00","Houston","houston",1.94
"3161",1999,"1998-99","Houston","houston",-2.39
"3162",1998,"1997-98","Houston","houston",-7.26
"3163",1997,"1996-97","Houston","houston",0.37
"3164",1996,"1995-96","Houston","houston",3.57
"3165",1995,"1994-95","Houston","houston",-5.85
"3166",1994,"1993-94","Houston","houston",-4.18
"3167",1993,"1992-93","Houston","houston",9.8
"3168",1992,"1991-92","Houston","houston",12.14
"3169",1991,"1990-91","Houston","houston",11.38
"3170",1990,"1989-90","Houston","houston",10.89
"3171",1989,"1988-89","Houston","houston",4.02
"3172",1988,"1987-88","Houston","houston",4.77
"3173",1987,"1986-87","Houston","houston",11.82
"3174",1986,"1985-86","Houston","houston",4.09
"3175",1985,"1984-85","Houston","houston",5.24
"3176",1984,"1983-84","Houston","houston",14.37
"3177",1983,"1982-83","Houston","houston",22.45
"3178",1982,"1981-82","Houston","houston",12.94
"3179",1981,"1980-81","Houston","houston",9.6
"3180",1980,"1979-80","Houston","houston",2.11
"3181",1979,"1978-79","Houston","houston",2.09
"3182",1978,"1977-78","Houston","houston",15.25
"3183",1977,"1976-77","Houston","houston",11.82
"3184",1976,"1975-76","Houston","houston",-0.57
"3185",1975,"1974-75","Houston","houston",6.91
"3186",1974,"1973-74","Houston","houston",7.13
"3187",1973,"1972-73","Houston","houston",12.34
"3188",1972,"1971-72","Houston","houston",11.62
"3189",1971,"1970-71","Houston","houston",11.02
"3190",1970,"1969-70","Houston","houston",9.6
"3191",1969,"1968-69","Houston","houston",5.61
"3192",1968,"1967-68","Houston","houston",24.04
"3193",1967,"1966-67","Houston","houston",12
"3194",1966,"1965-66","Houston","houston",10.71
"3195",1965,"1964-65","Houston","houston",1.83
"3196",1964,"1963-64","Houston","houston",1.25
"3197",1963,"1962-63","Houston","houston",3.43
"3198",1962,"1961-62","Houston","houston",8.67
"3199",1961,"1960-61","Houston","houston",9.88
"3200",1960,"1959-60","Houston","houston",5.66
"3201",1959,"1958-59","Houston","houston",5.63
"3202",1958,"1957-58","Houston","houston",-4.91
"3203",1957,"1956-57","Houston","houston",-3.01
"3204",1956,"1955-56","Houston","houston",11.27
"3205",1955,"1954-55","Houston","houston",4.52
"3206",1954,"1953-54","Houston","houston",-1.02
"3207",1953,"1952-53","Houston","houston",-5.52
"3208",1952,"1951-52","Houston","houston",-3.76
"3209",1951,"1950-51","Houston","houston",-6.06
"3210",2026,"2025-26","Iowa State","iowa-state",27.21
"3211",2025,"2024-25","Iowa State","iowa-state",22.33
"3212",2024,"2023-24","Iowa State","iowa-state",22.3
"3213",2023,"2022-23","Iowa State","iowa-state",15.36
"3214",2022,"2021-22","Iowa State","iowa-state",12.38
"3215",2021,"2020-21","Iowa State","iowa-state",-0.72
"3216",2020,"2019-20","Iowa State","iowa-state",9.1
"3217",2019,"2018-19","Iowa State","iowa-state",18.07
"3218",2018,"2017-18","Iowa State","iowa-state",6.88
"3219",2017,"2016-17","Iowa State","iowa-state",20.51
"3220",2016,"2015-16","Iowa State","iowa-state",16.93
"3221",2015,"2014-15","Iowa State","iowa-state",17.94
"3222",2014,"2013-14","Iowa State","iowa-state",18.52
"3223",2013,"2012-13","Iowa State","iowa-state",14.5
"3224",2012,"2011-12","Iowa State","iowa-state",13.32
"3225",2011,"2010-11","Iowa State","iowa-state",8.86
"3226",2010,"2009-10","Iowa State","iowa-state",9.6
"3227",2009,"2008-09","Iowa State","iowa-state",3.48
"3228",2008,"2007-08","Iowa State","iowa-state",3.97
"3229",2007,"2006-07","Iowa State","iowa-state",1.85
"3230",2006,"2005-06","Iowa State","iowa-state",9.44
"3231",2005,"2004-05","Iowa State","iowa-state",11.37
"3232",2004,"2003-04","Iowa State","iowa-state",9.22
"3233",2003,"2002-03","Iowa State","iowa-state",9.82
"3234",2002,"2001-02","Iowa State","iowa-state",4.02
"3235",2001,"2000-01","Iowa State","iowa-state",15.9
"3236",2000,"1999-00","Iowa State","iowa-state",19.09
"3237",1999,"1998-99","Iowa State","iowa-state",5.46
"3238",1998,"1997-98","Iowa State","iowa-state",0.76
"3239",1997,"1996-97","Iowa State","iowa-state",13.43
"3240",1996,"1995-96","Iowa State","iowa-state",10.9
"3241",1995,"1994-95","Iowa State","iowa-state",16.57
"3242",1994,"1993-94","Iowa State","iowa-state",13.99
"3243",1993,"1992-93","Iowa State","iowa-state",18.65
"3244",1992,"1991-92","Iowa State","iowa-state",13.67
"3245",1991,"1990-91","Iowa State","iowa-state",7.64
"3246",1990,"1989-90","Iowa State","iowa-state",6.16
"3247",1989,"1988-89","Iowa State","iowa-state",10.03
"3248",1988,"1987-88","Iowa State","iowa-state",12.68
"3249",1987,"1986-87","Iowa State","iowa-state",6.59
"3250",1986,"1985-86","Iowa State","iowa-state",14.46
"3251",1985,"1984-85","Iowa State","iowa-state",8.87
"3252",1984,"1983-84","Iowa State","iowa-state",5.32
"3253",1983,"1982-83","Iowa State","iowa-state",1.75
"3254",1982,"1981-82","Iowa State","iowa-state",0.52
"3255",1981,"1980-81","Iowa State","iowa-state",-0.12
"3256",1980,"1979-80","Iowa State","iowa-state",-1.24
"3257",1979,"1978-79","Iowa State","iowa-state",0.21
"3258",1978,"1977-78","Iowa State","iowa-state",3.48
"3259",1977,"1976-77","Iowa State","iowa-state",-1.09
"3260",1976,"1975-76","Iowa State","iowa-state",-8.25
"3261",1975,"1974-75","Iowa State","iowa-state",1.12
"3262",1974,"1973-74","Iowa State","iowa-state",5.84
"3263",1973,"1972-73","Iowa State","iowa-state",5.23
"3264",1972,"1971-72","Iowa State","iowa-state",1.57
"3265",1971,"1970-71","Iowa State","iowa-state",-4.65
"3266",1970,"1969-70","Iowa State","iowa-state",0.72
"3267",1969,"1968-69","Iowa State","iowa-state",0.87
"3268",1968,"1967-68","Iowa State","iowa-state",0.1
"3269",1967,"1966-67","Iowa State","iowa-state",3.74
"3270",1966,"1965-66","Iowa State","iowa-state",3.16
"3271",1965,"1964-65","Iowa State","iowa-state",0.46
"3272",1964,"1963-64","Iowa State","iowa-state",-0.07
"3273",1963,"1962-63","Iowa State","iowa-state",4.91
"3274",1962,"1961-62","Iowa State","iowa-state",5.71
"3275",1961,"1960-61","Iowa State","iowa-state",5.67
"3276",1960,"1959-60","Iowa State","iowa-state",7.1
"3277",1959,"1958-59","Iowa State","iowa-state",-0.19
"3278",1958,"1957-58","Iowa State","iowa-state",10.39
"3279",1957,"1956-57","Iowa State","iowa-state",13.15
"3280",1956,"1955-56","Iowa State","iowa-state",11.46
"3281",1955,"1954-55","Iowa State","iowa-state",5.01
"3282",1954,"1953-54","Iowa State","iowa-state",-3.58
"3283",1953,"1952-53","Iowa State","iowa-state",7.16
"3284",1952,"1951-52","Iowa State","iowa-state",-1.29
"3285",1951,"1950-51","Iowa State","iowa-state",1.15
"3286",1950,"1949-50","Iowa State","iowa-state",-3.63
"3287",2026,"2025-26","Kansas","kansas",20.49
"3288",2025,"2024-25","Kansas","kansas",20.09
"3289",2024,"2023-24","Kansas","kansas",16.35
"3290",2023,"2022-23","Kansas","kansas",19.2
"3291",2022,"2021-22","Kansas","kansas",22.28
"3292",2021,"2020-21","Kansas","kansas",15.29
"3293",2020,"2019-20","Kansas","kansas",24.96
"3294",2019,"2018-19","Kansas","kansas",18.35
"3295",2018,"2017-18","Kansas","kansas",21.39
"3296",2017,"2016-17","Kansas","kansas",23.53
"3297",2016,"2015-16","Kansas","kansas",23.87
"3298",2015,"2014-15","Kansas","kansas",18.47
"3299",2014,"2013-14","Kansas","kansas",20.25
"3300",2013,"2012-13","Kansas","kansas",20.79
"3301",2012,"2011-12","Kansas","kansas",21.72
"3302",2011,"2010-11","Kansas","kansas",24.1
"3303",2010,"2009-10","Kansas","kansas",24.68
"3304",2009,"2008-09","Kansas","kansas",18.02
"3305",2008,"2007-08","Kansas","kansas",26.9
"3306",2007,"2006-07","Kansas","kansas",22.62
"3307",2006,"2005-06","Kansas","kansas",20.02
"3308",2005,"2004-05","Kansas","kansas",20.68
"3309",2004,"2003-04","Kansas","kansas",17.1
"3310",2003,"2002-03","Kansas","kansas",25
"3311",2002,"2001-02","Kansas","kansas",24.38
"3312",2001,"2000-01","Kansas","kansas",20.23
"3313",2000,"1999-00","Kansas","kansas",17.94
"3314",1999,"1998-99","Kansas","kansas",16.3
"3315",1998,"1997-98","Kansas","kansas",22.83
"3316",1997,"1996-97","Kansas","kansas",26.6
"3317",1996,"1995-96","Kansas","kansas",21.39
"3318",1995,"1994-95","Kansas","kansas",22.15
"3319",1994,"1993-94","Kansas","kansas",20.7
"3320",1993,"1992-93","Kansas","kansas",22.3
"3321",1992,"1991-92","Kansas","kansas",25.25
"3322",1991,"1990-91","Kansas","kansas",24.78
"3323",1990,"1989-90","Kansas","kansas",25.46
"3324",1989,"1988-89","Kansas","kansas",15.95
"3325",1988,"1987-88","Kansas","kansas",15.71
"3326",1987,"1986-87","Kansas","kansas",13.33
"3327",1986,"1985-86","Kansas","kansas",23.18
"3328",1985,"1984-85","Kansas","kansas",11.83
"3329",1984,"1983-84","Kansas","kansas",9.76
"3330",1983,"1982-83","Kansas","kansas",5.53
"3331",1982,"1981-82","Kansas","kansas",8.01
"3332",1981,"1980-81","Kansas","kansas",14.88
"3333",1980,"1979-80","Kansas","kansas",4.71
"3334",1979,"1978-79","Kansas","kansas",6.05
"3335",1978,"1977-78","Kansas","kansas",18.02
"3336",1977,"1976-77","Kansas","kansas",8.28
"3337",1976,"1975-76","Kansas","kansas",2.46
"3338",1975,"1974-75","Kansas","kansas",9.25
"3339",1974,"1973-74","Kansas","kansas",13.11
"3340",1973,"1972-73","Kansas","kansas",0.72
"3341",1972,"1971-72","Kansas","kansas",3.88
"3342",1971,"1970-71","Kansas","kansas",16.09
"3343",1970,"1969-70","Kansas","kansas",10.08
"3344",1969,"1968-69","Kansas","kansas",11.27
"3345",1968,"1967-68","Kansas","kansas",10.66
"3346",1967,"1966-67","Kansas","kansas",14.02
"3347",1966,"1965-66","Kansas","kansas",16.78
"3348",1965,"1964-65","Kansas","kansas",10.24
"3349",1964,"1963-64","Kansas","kansas",6.89
"3350",1963,"1962-63","Kansas","kansas",6.14
"3351",1962,"1961-62","Kansas","kansas",1.89
"3352",1961,"1960-61","Kansas","kansas",14.3
"3353",1960,"1959-60","Kansas","kansas",10.87
"3354",1959,"1958-59","Kansas","kansas",5.64
"3355",1958,"1957-58","Kansas","kansas",17.58
"3356",1957,"1956-57","Kansas","kansas",20.94
"3357",1956,"1955-56","Kansas","kansas",8.09
"3358",1955,"1954-55","Kansas","kansas",4.21
"3359",1954,"1953-54","Kansas","kansas",11.15
"3360",1953,"1952-53","Kansas","kansas",16.26
"3361",1952,"1951-52","Kansas","kansas",15.83
"3362",1951,"1950-51","Kansas","kansas",10.52
"3363",1950,"1949-50","Kansas","kansas",11.76
"3364",2026,"2025-26","Kansas State","kansas-state",8.27
"3365",2025,"2024-25","Kansas State","kansas-state",10.89
"3366",2024,"2023-24","Kansas State","kansas-state",11.06
"3367",2023,"2022-23","Kansas State","kansas-state",15.79
"3368",2022,"2021-22","Kansas State","kansas-state",10.61
"3369",2021,"2020-21","Kansas State","kansas-state",0.76
"3370",2020,"2019-20","Kansas State","kansas-state",8.7
"3371",2019,"2018-19","Kansas State","kansas-state",15.39
"3372",2018,"2017-18","Kansas State","kansas-state",12.85
"3373",2017,"2016-17","Kansas State","kansas-state",14.8
"3374",2016,"2015-16","Kansas State","kansas-state",12.31
"3375",2015,"2014-15","Kansas State","kansas-state",8.48
"3376",2014,"2013-14","Kansas State","kansas-state",12.14
"3377",2013,"2012-13","Kansas State","kansas-state",13.54
"3378",2012,"2011-12","Kansas State","kansas-state",14.47
"3379",2011,"2010-11","Kansas State","kansas-state",14.59
"3380",2010,"2009-10","Kansas State","kansas-state",19.88
"3381",2009,"2008-09","Kansas State","kansas-state",12.18
"3382",2008,"2007-08","Kansas State","kansas-state",15.79
"3383",2007,"2006-07","Kansas State","kansas-state",10.35
"3384",2006,"2005-06","Kansas State","kansas-state",8.96
"3385",2005,"2004-05","Kansas State","kansas-state",9.98
"3386",2004,"2003-04","Kansas State","kansas-state",8.7
"3387",2003,"2002-03","Kansas State","kansas-state",10.14
"3388",2002,"2001-02","Kansas State","kansas-state",3.81
"3389",2001,"2000-01","Kansas State","kansas-state",3.96
"3390",2000,"1999-00","Kansas State","kansas-state",1
"3391",1999,"1998-99","Kansas State","kansas-state",10.31
"3392",1998,"1997-98","Kansas State","kansas-state",9.39
"3393",1997,"1996-97","Kansas State","kansas-state",1.75
"3394",1996,"1995-96","Kansas State","kansas-state",7.75
"3395",1995,"1994-95","Kansas State","kansas-state",4.13
"3396",1994,"1993-94","Kansas State","kansas-state",8.57
"3397",1993,"1992-93","Kansas State","kansas-state",9.85
"3398",1992,"1991-92","Kansas State","kansas-state",7.61
"3399",1991,"1990-91","Kansas State","kansas-state",12.29
"3400",1990,"1989-90","Kansas State","kansas-state",12.56
"3401",1989,"1988-89","Kansas State","kansas-state",13.63
"3402",1988,"1987-88","Kansas State","kansas-state",15.79
"3403",1987,"1986-87","Kansas State","kansas-state",10.59
"3404",1986,"1985-86","Kansas State","kansas-state",10.62
"3405",1985,"1984-85","Kansas State","kansas-state",4.33
"3406",1984,"1983-84","Kansas State","kansas-state",5.41
"3407",1983,"1982-83","Kansas State","kansas-state",2.78
"3408",1982,"1981-82","Kansas State","kansas-state",13.66
"3409",1981,"1980-81","Kansas State","kansas-state",13.37
"3410",1980,"1979-80","Kansas State","kansas-state",8.54
"3411",1979,"1978-79","Kansas State","kansas-state",4.31
"3412",1978,"1977-78","Kansas State","kansas-state",9.86
"3413",1977,"1976-77","Kansas State","kansas-state",12.65
"3414",1976,"1975-76","Kansas State","kansas-state",8.03
"3415",1975,"1974-75","Kansas State","kansas-state",6.38
"3416",1974,"1973-74","Kansas State","kansas-state",10.85
"3417",1973,"1972-73","Kansas State","kansas-state",10.19
"3418",1972,"1971-72","Kansas State","kansas-state",11.3
"3419",1971,"1970-71","Kansas State","kansas-state",0.3
"3420",1970,"1969-70","Kansas State","kansas-state",7.04
"3421",1969,"1968-69","Kansas State","kansas-state",6.61
"3422",1968,"1967-68","Kansas State","kansas-state",4.46
"3423",1967,"1966-67","Kansas State","kansas-state",7.9
"3424",1966,"1965-66","Kansas State","kansas-state",8.02
"3425",1965,"1964-65","Kansas State","kansas-state",6.71
"3426",1964,"1963-64","Kansas State","kansas-state",12.82
"3427",1963,"1962-63","Kansas State","kansas-state",11.55
"3428",1962,"1961-62","Kansas State","kansas-state",14.53
"3429",1961,"1960-61","Kansas State","kansas-state",14.55
"3430",1960,"1959-60","Kansas State","kansas-state",9.14
"3431",1959,"1958-59","Kansas State","kansas-state",17.01
"3432",1958,"1957-58","Kansas State","kansas-state",14.63
"3433",1957,"1956-57","Kansas State","kansas-state",16.26
"3434",1956,"1955-56","Kansas State","kansas-state",12.07
"3435",1955,"1954-55","Kansas State","kansas-state",6.61
"3436",1954,"1953-54","Kansas State","kansas-state",5.44
"3437",1953,"1952-53","Kansas State","kansas-state",16.72
"3438",1952,"1951-52","Kansas State","kansas-state",15.68
"3439",1951,"1950-51","Kansas State","kansas-state",22.24
"3440",1950,"1949-50","Kansas State","kansas-state",16.53
"3441",2026,"2025-26","Oklahoma State","oklahoma-state",10.75
"3442",2025,"2024-25","Oklahoma State","oklahoma-state",6.89
"3443",2024,"2023-24","Oklahoma State","oklahoma-state",6.25
"3444",2023,"2022-23","Oklahoma State","oklahoma-state",12.62
"3445",2022,"2021-22","Oklahoma State","oklahoma-state",13.28
"3446",2021,"2020-21","Oklahoma State","oklahoma-state",13.65
"3447",2020,"2019-20","Oklahoma State","oklahoma-state",12.01
"3448",2019,"2018-19","Oklahoma State","oklahoma-state",8.09
"3449",2018,"2017-18","Oklahoma State","oklahoma-state",12.45
"3450",2017,"2016-17","Oklahoma State","oklahoma-state",19.19
"3451",2016,"2015-16","Oklahoma State","oklahoma-state",8.18
"3452",2015,"2014-15","Oklahoma State","oklahoma-state",12.95
"3453",2014,"2013-14","Oklahoma State","oklahoma-state",19.02
"3454",2013,"2012-13","Oklahoma State","oklahoma-state",15.57
"3455",2012,"2011-12","Oklahoma State","oklahoma-state",7.02
"3456",2011,"2010-11","Oklahoma State","oklahoma-state",8.53
"3457",2010,"2009-10","Oklahoma State","oklahoma-state",12.34
"3458",2009,"2008-09","Oklahoma State","oklahoma-state",13.78
"3459",2008,"2007-08","Oklahoma State","oklahoma-state",9.39
"3460",2007,"2006-07","Oklahoma State","oklahoma-state",9.63
"3461",2006,"2005-06","Oklahoma State","oklahoma-state",11.25
"3462",2005,"2004-05","Oklahoma State","oklahoma-state",21.39
"3463",2004,"2003-04","Oklahoma State","oklahoma-state",20.85
"3464",2003,"2002-03","Oklahoma State","oklahoma-state",14.62
"3465",2002,"2001-02","Oklahoma State","oklahoma-state",14.4
"3466",2001,"2000-01","Oklahoma State","oklahoma-state",10.83
"3467",2000,"1999-00","Oklahoma State","oklahoma-state",20.01
"3468",1999,"1998-99","Oklahoma State","oklahoma-state",12.61
"3469",1998,"1997-98","Oklahoma State","oklahoma-state",14.3
"3470",1997,"1996-97","Oklahoma State","oklahoma-state",6.96
"3471",1996,"1995-96","Oklahoma State","oklahoma-state",12.08
"3472",1995,"1994-95","Oklahoma State","oklahoma-state",21.72
"3473",1994,"1993-94","Oklahoma State","oklahoma-state",17.65
"3474",1993,"1992-93","Oklahoma State","oklahoma-state",14.62
"3475",1992,"1991-92","Oklahoma State","oklahoma-state",21.53
"3476",1991,"1990-91","Oklahoma State","oklahoma-state",21.17
"3477",1990,"1989-90","Oklahoma State","oklahoma-state",11.11
"3478",1989,"1988-89","Oklahoma State","oklahoma-state",12.68
"3479",1988,"1987-88","Oklahoma State","oklahoma-state",6.61
"3480",1987,"1986-87","Oklahoma State","oklahoma-state",0.52
"3481",1986,"1985-86","Oklahoma State","oklahoma-state",7.68
"3482",1985,"1984-85","Oklahoma State","oklahoma-state",3.92
"3483",1984,"1983-84","Oklahoma State","oklahoma-state",1.25
"3484",1983,"1982-83","Oklahoma State","oklahoma-state",11.1
"3485",1982,"1981-82","Oklahoma State","oklahoma-state",7.69
"3486",1981,"1980-81","Oklahoma State","oklahoma-state",5.32
"3487",1980,"1979-80","Oklahoma State","oklahoma-state",-0.35
"3488",1979,"1978-79","Oklahoma State","oklahoma-state",1.86
"3489",1978,"1977-78","Oklahoma State","oklahoma-state",0.81
"3490",1977,"1976-77","Oklahoma State","oklahoma-state",1.48
"3491",1976,"1975-76","Oklahoma State","oklahoma-state",1.88
"3492",1975,"1974-75","Oklahoma State","oklahoma-state",0.58
"3493",1974,"1973-74","Oklahoma State","oklahoma-state",0.65
"3494",1973,"1972-73","Oklahoma State","oklahoma-state",-5.26
"3495",1972,"1971-72","Oklahoma State","oklahoma-state",-4.5
"3496",1971,"1970-71","Oklahoma State","oklahoma-state",-3.77
"3497",1970,"1969-70","Oklahoma State","oklahoma-state",1.82
"3498",1969,"1968-69","Oklahoma State","oklahoma-state",1.29
"3499",1968,"1967-68","Oklahoma State","oklahoma-state",1.8
"3500",1967,"1966-67","Oklahoma State","oklahoma-state",-4.73
"3501",1966,"1965-66","Oklahoma State","oklahoma-state",-4.65
"3502",1965,"1964-65","Oklahoma State","oklahoma-state",11.35
"3503",1964,"1963-64","Oklahoma State","oklahoma-state",10.36
"3504",1963,"1962-63","Oklahoma State","oklahoma-state",7.11
"3505",1962,"1961-62","Oklahoma State","oklahoma-state",5.81
"3506",1961,"1960-61","Oklahoma State","oklahoma-state",6.55
"3507",1960,"1959-60","Oklahoma State","oklahoma-state",3.96
"3508",1959,"1958-59","Oklahoma State","oklahoma-state",3.95
"3509",1958,"1957-58","Oklahoma State","oklahoma-state",11.3
"3510",1957,"1956-57","Oklahoma State","oklahoma-state",7.24
"3511",1956,"1955-56","Oklahoma State","oklahoma-state",11.83
"3512",1955,"1954-55","Oklahoma State","oklahoma-state",5
"3513",1954,"1953-54","Oklahoma State","oklahoma-state",14.57
"3514",1953,"1952-53","Oklahoma State","oklahoma-state",10.45
"3515",1952,"1951-52","Oklahoma State","oklahoma-state",9.72
"3516",1951,"1950-51","Oklahoma State","oklahoma-state",11.28
"3517",1950,"1949-50","Oklahoma State","oklahoma-state",7.2
"3518",2026,"2025-26","Texas Christian","texas-christian",15.3
"3519",2025,"2024-25","Texas Christian","texas-christian",10.49
"3520",2024,"2023-24","Texas Christian","texas-christian",14.62
"3521",2023,"2022-23","Texas Christian","texas-christian",15.61
"3522",2022,"2021-22","Texas Christian","texas-christian",13.72
"3523",2021,"2020-21","Texas Christian","texas-christian",2.61
"3524",2020,"2019-20","Texas Christian","texas-christian",9.86
"3525",2019,"2018-19","Texas Christian","texas-christian",13.81
"3526",2018,"2017-18","Texas Christian","texas-christian",16.38
"3527",2017,"2016-17","Texas Christian","texas-christian",15.64
"3528",2016,"2015-16","Texas Christian","texas-christian",4.07
"3529",2015,"2014-15","Texas Christian","texas-christian",11.1
"3530",2014,"2013-14","Texas Christian","texas-christian",-1.33
"3531",2013,"2012-13","Texas Christian","texas-christian",-4.28
"3532",2012,"2011-12","Texas Christian","texas-christian",1.72
"3533",2011,"2010-11","Texas Christian","texas-christian",0.96
"3534",2010,"2009-10","Texas Christian","texas-christian",-0.25
"3535",2009,"2008-09","Texas Christian","texas-christian",2.23
"3536",2008,"2007-08","Texas Christian","texas-christian",-0.92
"3537",2007,"2006-07","Texas Christian","texas-christian",-1.59
"3538",2006,"2005-06","Texas Christian","texas-christian",-4.11
"3539",2005,"2004-05","Texas Christian","texas-christian",5.39
"3540",2004,"2003-04","Texas Christian","texas-christian",1.39
"3541",2003,"2002-03","Texas Christian","texas-christian",0.44
"3542",2002,"2001-02","Texas Christian","texas-christian",4.42
"3543",2001,"2000-01","Texas Christian","texas-christian",11.84
"3544",2000,"1999-00","Texas Christian","texas-christian",5.91
"3545",1999,"1998-99","Texas Christian","texas-christian",10
"3546",1998,"1997-98","Texas Christian","texas-christian",22.29
"3547",1997,"1996-97","Texas Christian","texas-christian",10.36
"3548",1996,"1995-96","Texas Christian","texas-christian",0.1
"3549",1995,"1994-95","Texas Christian","texas-christian",0.81
"3550",1994,"1993-94","Texas Christian","texas-christian",-5.95
"3551",1993,"1992-93","Texas Christian","texas-christian",-9.18
"3552",1992,"1991-92","Texas Christian","texas-christian",9.16
"3553",1991,"1990-91","Texas Christian","texas-christian",4.08
"3554",1990,"1989-90","Texas Christian","texas-christian",6.19
"3555",1989,"1988-89","Texas Christian","texas-christian",0.03
"3556",1988,"1987-88","Texas Christian","texas-christian",-5.84
"3557",1987,"1986-87","Texas Christian","texas-christian",12.83
"3558",1986,"1985-86","Texas Christian","texas-christian",10.63
"3559",1985,"1984-85","Texas Christian","texas-christian",4.72
"3560",1984,"1983-84","Texas Christian","texas-christian",-1.92
"3561",1983,"1982-83","Texas Christian","texas-christian",6.92
"3562",1982,"1981-82","Texas Christian","texas-christian",6.28
"3563",1981,"1980-81","Texas Christian","texas-christian",0.16
"3564",1980,"1979-80","Texas Christian","texas-christian",-8.48
"3565",1979,"1978-79","Texas Christian","texas-christian",-13.86
"3566",1978,"1977-78","Texas Christian","texas-christian",-14.96
"3567",1977,"1976-77","Texas Christian","texas-christian",-15.36
"3568",1976,"1975-76","Texas Christian","texas-christian",-6.99
"3569",1975,"1974-75","Texas Christian","texas-christian",-6.48
"3570",1974,"1973-74","Texas Christian","texas-christian",-15.02
"3571",1973,"1972-73","Texas Christian","texas-christian",-14.26
"3572",1972,"1971-72","Texas Christian","texas-christian",-1.47
"3573",1971,"1970-71","Texas Christian","texas-christian",0.46
"3574",1970,"1969-70","Texas Christian","texas-christian",-0.72
"3575",1969,"1968-69","Texas Christian","texas-christian",-3.58
"3576",1968,"1967-68","Texas Christian","texas-christian",-1.01
"3577",1967,"1966-67","Texas Christian","texas-christian",-2.52
"3578",1966,"1965-66","Texas Christian","texas-christian",-5.72
"3579",1965,"1964-65","Texas Christian","texas-christian",-8.62
"3580",1964,"1963-64","Texas Christian","texas-christian",-13.25
"3581",1963,"1962-63","Texas Christian","texas-christian",-9.45
"3582",1962,"1961-62","Texas Christian","texas-christian",-3.87
"3583",1961,"1960-61","Texas Christian","texas-christian",-11.65
"3584",1960,"1959-60","Texas Christian","texas-christian",-4.71
"3585",1959,"1958-59","Texas Christian","texas-christian",7.24
"3586",1958,"1957-58","Texas Christian","texas-christian",5.85
"3587",1957,"1956-57","Texas Christian","texas-christian",1.78
"3588",1956,"1955-56","Texas Christian","texas-christian",-11.04
"3589",1955,"1954-55","Texas Christian","texas-christian",-3.8
"3590",1954,"1953-54","Texas Christian","texas-christian",-1.3
"3591",1953,"1952-53","Texas Christian","texas-christian",1.27
"3592",1952,"1951-52","Texas Christian","texas-christian",7.33
"3593",1951,"1950-51","Texas Christian","texas-christian",1.35
"3594",1950,"1949-50","Texas Christian","texas-christian",-6.15
"3595",2026,"2025-26","Texas Tech","texas-tech",21.16
"3596",2025,"2024-25","Texas Tech","texas-tech",23.05
"3597",2024,"2023-24","Texas Tech","texas-tech",14.96
"3598",2023,"2022-23","Texas Tech","texas-tech",12.58
"3599",2022,"2021-22","Texas Tech","texas-tech",20.08
"3600",2021,"2020-21","Texas Tech","texas-tech",16.59
"3601",2020,"2019-20","Texas Tech","texas-tech",16.83
"3602",2019,"2018-19","Texas Tech","texas-tech",22.79
"3603",2018,"2017-18","Texas Tech","texas-tech",19.38
"3604",2017,"2016-17","Texas Tech","texas-tech",14.11
"3605",2016,"2015-16","Texas Tech","texas-tech",12.41
"3606",2015,"2014-15","Texas Tech","texas-tech",3.77
"3607",2014,"2013-14","Texas Tech","texas-tech",8.61
"3608",2013,"2012-13","Texas Tech","texas-tech",-3.1
"3609",2012,"2011-12","Texas Tech","texas-tech",-2.61
"3610",2011,"2010-11","Texas Tech","texas-tech",4.02
"3611",2010,"2009-10","Texas Tech","texas-tech",7.97
"3612",2009,"2008-09","Texas Tech","texas-tech",5.04
"3613",2008,"2007-08","Texas Tech","texas-tech",7.35
"3614",2007,"2006-07","Texas Tech","texas-tech",9.71
"3615",2006,"2005-06","Texas Tech","texas-tech",6.31
"3616",2005,"2004-05","Texas Tech","texas-tech",16.23
"3617",2004,"2003-04","Texas Tech","texas-tech",14.71
"3618",2003,"2002-03","Texas Tech","texas-tech",14.81
"3619",2002,"2001-02","Texas Tech","texas-tech",14.72
"3620",2001,"2000-01","Texas Tech","texas-tech",0.12
"3621",2000,"1999-00","Texas Tech","texas-tech",3.32
"3622",1999,"1998-99","Texas Tech","texas-tech",-0.24
"3623",1998,"1997-98","Texas Tech","texas-tech",4.07
"3624",1997,"1996-97","Texas Tech","texas-tech",12.51
"3625",1996,"1995-96","Texas Tech","texas-tech",14.86
"3626",1995,"1994-95","Texas Tech","texas-tech",11.87
"3627",1994,"1993-94","Texas Tech","texas-tech",3.96
"3628",1993,"1992-93","Texas Tech","texas-tech",2.91
"3629",1992,"1991-92","Texas Tech","texas-tech",4.16
"3630",1991,"1990-91","Texas Tech","texas-tech",-0.06
"3631",1990,"1989-90","Texas Tech","texas-tech",-4.51
"3632",1989,"1988-89","Texas Tech","texas-tech",4.68
"3633",1988,"1987-88","Texas Tech","texas-tech",-2.1
"3634",1987,"1986-87","Texas Tech","texas-tech",6.26
"3635",1986,"1985-86","Texas Tech","texas-tech",3.92
"3636",1985,"1984-85","Texas Tech","texas-tech",10.07
"3637",1984,"1983-84","Texas Tech","texas-tech",5.56
"3638",1983,"1982-83","Texas Tech","texas-tech",-2.19
"3639",1982,"1981-82","Texas Tech","texas-tech",9.36
"3640",1981,"1980-81","Texas Tech","texas-tech",4.17
"3641",1980,"1979-80","Texas Tech","texas-tech",2.84
"3642",1979,"1978-79","Texas Tech","texas-tech",6.63
"3643",1978,"1977-78","Texas Tech","texas-tech",6
"3644",1977,"1976-77","Texas Tech","texas-tech",2.74
"3645",1976,"1975-76","Texas Tech","texas-tech",7.54
"3646",1975,"1974-75","Texas Tech","texas-tech",4.76
"3647",1974,"1973-74","Texas Tech","texas-tech",2.29
"3648",1973,"1972-73","Texas Tech","texas-tech",1.14
"3649",1972,"1971-72","Texas Tech","texas-tech",-4.26
"3650",1971,"1970-71","Texas Tech","texas-tech",2.52
"3651",1970,"1969-70","Texas Tech","texas-tech",2.25
"3652",1969,"1968-69","Texas Tech","texas-tech",-6.04
"3653",1968,"1967-68","Texas Tech","texas-tech",-8.5
"3654",1967,"1966-67","Texas Tech","texas-tech",-5.13
"3655",1966,"1965-66","Texas Tech","texas-tech",2.44
"3656",1965,"1964-65","Texas Tech","texas-tech",6.33
"3657",1964,"1963-64","Texas Tech","texas-tech",4.78
"3658",1963,"1962-63","Texas Tech","texas-tech",-7.23
"3659",1962,"1961-62","Texas Tech","texas-tech",6.89
"3660",1961,"1960-61","Texas Tech","texas-tech",2.48
"3661",1960,"1959-60","Texas Tech","texas-tech",-3.28
"3662",1959,"1958-59","Texas Tech","texas-tech",3.41
"3663",1958,"1957-58","Texas Tech","texas-tech",2.8
"3664",1957,"1956-57","Texas Tech","texas-tech",-1.69
"3665",1956,"1955-56","Texas Tech","texas-tech",0.89
"3666",1955,"1954-55","Texas Tech","texas-tech",3.75
"3667",1954,"1953-54","Texas Tech","texas-tech",1.67
"3668",1953,"1952-53","Texas Tech","texas-tech",-8.92
"3669",1952,"1951-52","Texas Tech","texas-tech",-4.82
"3670",1951,"1950-51","Texas Tech","texas-tech",-5.22
"3671",2026,"2025-26","Central Florida","central-florida",12.99
"3672",2025,"2024-25","Central Florida","central-florida",10.59
"3673",2024,"2023-24","Central Florida","central-florida",11.92
"3674",2023,"2022-23","Central Florida","central-florida",11.09
"3675",2022,"2021-22","Central Florida","central-florida",6.23
"3676",2021,"2020-21","Central Florida","central-florida",5.94
"3677",2020,"2019-20","Central Florida","central-florida",5.13
"3678",2019,"2018-19","Central Florida","central-florida",13.37
"3679",2018,"2017-18","Central Florida","central-florida",4.76
"3680",2017,"2016-17","Central Florida","central-florida",9.58
"3681",2016,"2015-16","Central Florida","central-florida",0.18
"3682",2015,"2014-15","Central Florida","central-florida",-5.73
"3683",2014,"2013-14","Central Florida","central-florida",2.35
"3684",2013,"2012-13","Central Florida","central-florida",3.46
"3685",2012,"2011-12","Central Florida","central-florida",4.33
"3686",2011,"2010-11","Central Florida","central-florida",6.25
"3687",2010,"2009-10","Central Florida","central-florida",-0.03
"3688",2009,"2008-09","Central Florida","central-florida",1.73
"3689",2008,"2007-08","Central Florida","central-florida",5.61
"3690",2007,"2006-07","Central Florida","central-florida",4.74
"3691",2006,"2005-06","Central Florida","central-florida",-2.25
"3692",2005,"2004-05","Central Florida","central-florida",-4.91
"3693",2004,"2003-04","Central Florida","central-florida",1.86
"3694",2003,"2002-03","Central Florida","central-florida",0.07
"3695",2002,"2001-02","Central Florida","central-florida",-1.2
"3696",2001,"2000-01","Central Florida","central-florida",-9.46
"3697",2000,"1999-00","Central Florida","central-florida",-6.47
"3698",1999,"1998-99","Central Florida","central-florida",-2.12
"3699",1998,"1997-98","Central Florida","central-florida",-5.09
"3700",1997,"1996-97","Central Florida","central-florida",-18.28
"3701",1996,"1995-96","Central Florida","central-florida",-10
"3702",1995,"1994-95","Central Florida","central-florida",-9.52
"3703",1994,"1993-94","Central Florida","central-florida",-6.17
"3704",1993,"1992-93","Central Florida","central-florida",-13.49
"3705",1992,"1991-92","Central Florida","central-florida",-7.94
"3706",1991,"1990-91","Central Florida","central-florida",-7.02
"3707",1990,"1989-90","Central Florida","central-florida",-20.92
"3708",1989,"1988-89","Central Florida","central-florida",-18.89
"3709",1988,"1987-88","Central Florida","central-florida",-18.08
"3710",1987,"1986-87","Central Florida","central-florida",-12.14
"3711",1986,"1985-86","Central Florida","central-florida",-15.05
"3712",1985,"1984-85","Central Florida","central-florida",-13.09
"3713",2026,"2025-26","Utah","utah",5.88
"3714",2025,"2024-25","Utah","utah",11.44
"3715",2024,"2023-24","Utah","utah",15
"3716",2023,"2022-23","Utah","utah",11.34
"3717",2022,"2021-22","Utah","utah",5.45
"3718",2021,"2020-21","Utah","utah",11.86
"3719",2020,"2019-20","Utah","utah",8.47
"3720",2019,"2018-19","Utah","utah",6.13
"3721",2018,"2017-18","Utah","utah",11.39
"3722",2017,"2016-17","Utah","utah",12.45
"3723",2016,"2015-16","Utah","utah",15.5
"3724",2015,"2014-15","Utah","utah",20.98
"3725",2014,"2013-14","Utah","utah",12.66
"3726",2013,"2012-13","Utah","utah",4.7
"3727",2012,"2011-12","Utah","utah",-9.31
"3728",2011,"2010-11","Utah","utah",2.46
"3729",2010,"2009-10","Utah","utah",4.29
"3730",2009,"2008-09","Utah","utah",12.59
"3731",2008,"2007-08","Utah","utah",7.35
"3732",2007,"2006-07","Utah","utah",2.06
"3733",2006,"2005-06","Utah","utah",3.28
"3734",2005,"2004-05","Utah","utah",14
"3735",2004,"2003-04","Utah","utah",11.37
"3736",2003,"2002-03","Utah","utah",11
"3737",2002,"2001-02","Utah","utah",10.69
"3738",2001,"2000-01","Utah","utah",10.3
"3739",2000,"1999-00","Utah","utah",12.23
"3740",1999,"1998-99","Utah","utah",17.83
"3741",1998,"1997-98","Utah","utah",17.08
"3742",1997,"1996-97","Utah","utah",17.58
"3743",1996,"1995-96","Utah","utah",18.52
"3744",1995,"1994-95","Utah","utah",16.29
"3745",1994,"1993-94","Utah","utah",3.55
"3746",1993,"1992-93","Utah","utah",13.34
"3747",1992,"1991-92","Utah","utah",7.82
"3748",1991,"1990-91","Utah","utah",11.76
"3749",1990,"1989-90","Utah","utah",5.67
"3750",1989,"1988-89","Utah","utah",5.07
"3751",1988,"1987-88","Utah","utah",9.26
"3752",1987,"1986-87","Utah","utah",6.57
"3753",1986,"1985-86","Utah","utah",4.61
"3754",1985,"1984-85","Utah","utah",0.48
"3755",1984,"1983-84","Utah","utah",1.95
"3756",1983,"1982-83","Utah","utah",4.23
"3757",1982,"1981-82","Utah","utah",-0.01
"3758",1981,"1980-81","Utah","utah",13.69
"3759",1980,"1979-80","Utah","utah",5.47
"3760",1979,"1978-79","Utah","utah",6.19
"3761",1978,"1977-78","Utah","utah",10
"3762",1977,"1976-77","Utah","utah",13.47
"3763",1976,"1975-76","Utah","utah",5.31
"3764",1975,"1974-75","Utah","utah",8.67
"3765",1974,"1973-74","Utah","utah",12.55
"3766",1973,"1972-73","Utah","utah",1.54
"3767",1972,"1971-72","Utah","utah",5.25
"3768",1971,"1970-71","Utah","utah",7.07
"3769",1970,"1969-70","Utah","utah",6.24
"3770",1969,"1968-69","Utah","utah",2.43
"3771",1968,"1967-68","Utah","utah",6.74
"3772",1967,"1966-67","Utah","utah",7
"3773",1966,"1965-66","Utah","utah",17.42
"3774",1965,"1964-65","Utah","utah",9.67
"3775",1964,"1963-64","Utah","utah",8.01
"3776",1963,"1962-63","Utah","utah",0.22
"3777",1962,"1961-62","Utah","utah",10.14
"3778",1961,"1960-61","Utah","utah",10.48
"3779",1960,"1959-60","Utah","utah",10.35
"3780",1959,"1958-59","Utah","utah",7.37
"3781",1958,"1957-58","Utah","utah",6.34
"3782",1957,"1956-57","Utah","utah",6.15
"3783",1956,"1955-56","Utah","utah",13.92
"3784",1955,"1954-55","Utah","utah",12.08
"3785",1954,"1953-54","Utah","utah",-1.42
"3786",1953,"1952-53","Utah","utah",-3.41
"3787",1952,"1951-52","Utah","utah",5.75
"3788",1951,"1950-51","Utah","utah",6.74
"3789",1950,"1949-50","Utah","utah",0.94
"3790",2026,"2025-26","West Virginia","west-virginia",12.45
"3791",2025,"2024-25","West Virginia","west-virginia",14.89
"3792",2024,"2023-24","West Virginia","west-virginia",3.73
"3793",2023,"2022-23","West Virginia","west-virginia",15.95
"3794",2022,"2021-22","West Virginia","west-virginia",10.23
"3795",2021,"2020-21","West Virginia","west-virginia",15.36
"3796",2020,"2019-20","West Virginia","west-virginia",18.51
"3797",2019,"2018-19","West Virginia","west-virginia",6.94
"3798",2018,"2017-18","West Virginia","west-virginia",19.89
"3799",2017,"2016-17","West Virginia","west-virginia",24.45
"3800",2016,"2015-16","West Virginia","west-virginia",21.61
"3801",2015,"2014-15","West Virginia","west-virginia",15.12
"3802",2014,"2013-14","West Virginia","west-virginia",11.78
"3803",2013,"2012-13","West Virginia","west-virginia",4.61
"3804",2012,"2011-12","West Virginia","west-virginia",12.13
"3805",2011,"2010-11","West Virginia","west-virginia",16.15
"3806",2010,"2009-10","West Virginia","west-virginia",19.16
"3807",2009,"2008-09","West Virginia","west-virginia",18.57
"3808",2008,"2007-08","West Virginia","west-virginia",17.97
"3809",2007,"2006-07","West Virginia","west-virginia",14.43
"3810",2006,"2005-06","West Virginia","west-virginia",14.51
"3811",2005,"2004-05","West Virginia","west-virginia",11.76
"3812",2004,"2003-04","West Virginia","west-virginia",6.08
"3813",2003,"2002-03","West Virginia","west-virginia",4.08
"3814",2002,"2001-02","West Virginia","west-virginia",-1.36
"3815",2001,"2000-01","West Virginia","west-virginia",3.46
"3816",2000,"1999-00","West Virginia","west-virginia",3.65
"3817",1999,"1998-99","West Virginia","west-virginia",2.98
"3818",1998,"1997-98","West Virginia","west-virginia",16.24
"3819",1997,"1996-97","West Virginia","west-virginia",14.45
"3820",1996,"1995-96","West Virginia","west-virginia",10.95
"3821",1995,"1994-95","West Virginia","west-virginia",4.58
"3822",1994,"1993-94","West Virginia","west-virginia",9.09
"3823",1993,"1992-93","West Virginia","west-virginia",11.81
"3824",1992,"1991-92","West Virginia","west-virginia",10
"3825",1991,"1990-91","West Virginia","west-virginia",10.57
"3826",1990,"1989-90","West Virginia","west-virginia",5.34
"3827",1989,"1988-89","West Virginia","west-virginia",11.05
"3828",1988,"1987-88","West Virginia","west-virginia",6.19
"3829",1987,"1986-87","West Virginia","west-virginia",10.18
"3830",1986,"1985-86","West Virginia","west-virginia",7.52
"3831",1985,"1984-85","West Virginia","west-virginia",4.9
"3832",1984,"1983-84","West Virginia","west-virginia",2.51
"3833",1983,"1982-83","West Virginia","west-virginia",9.4
"3834",1982,"1981-82","West Virginia","west-virginia",6.22
"3835",1981,"1980-81","West Virginia","west-virginia",6.05
"3836",1980,"1979-80","West Virginia","west-virginia",4.01
"3837",1979,"1978-79","West Virginia","west-virginia",-0.43
"3838",1978,"1977-78","West Virginia","west-virginia",-0.32
"3839",1977,"1976-77","West Virginia","west-virginia",7.97
"3840",1976,"1975-76","West Virginia","west-virginia",4.64
"3841",1975,"1974-75","West Virginia","west-virginia",1.46
"3842",1974,"1973-74","West Virginia","west-virginia",0.13
"3843",1973,"1972-73","West Virginia","west-virginia",-4.77
"3844",1972,"1971-72","West Virginia","west-virginia",2.37
"3845",1971,"1970-71","West Virginia","west-virginia",1.51
"3846",1970,"1969-70","West Virginia","west-virginia",-4.47
"3847",1969,"1968-69","West Virginia","west-virginia",-4.57
"3848",1968,"1967-68","West Virginia","west-virginia",0.91
"3849",1967,"1966-67","West Virginia","west-virginia",4.15
"3850",1966,"1965-66","West Virginia","west-virginia",2.24
"3851",1965,"1964-65","West Virginia","west-virginia",0.33
"3852",1964,"1963-64","West Virginia","west-virginia",3.5
"3853",1963,"1962-63","West Virginia","west-virginia",7.45
"3854",1962,"1961-62","West Virginia","west-virginia",9.39
"3855",1961,"1960-61","West Virginia","west-virginia",5.62
"3856",1960,"1959-60","West Virginia","west-virginia",13.13
"3857",1959,"1958-59","West Virginia","west-virginia",13.84
"3858",1958,"1957-58","West Virginia","west-virginia",13.98
"3859",1957,"1956-57","West Virginia","west-virginia",7.51
"3860",1956,"1955-56","West Virginia","west-virginia",-1.26
"3861",1955,"1954-55","West Virginia","west-virginia",-2.28
"3862",1954,"1953-54","West Virginia","west-virginia",-1.8
"3863",1953,"1952-53","West Virginia","west-virginia",2.44
"3864",1952,"1951-52","West Virginia","west-virginia",7.9
"3865",1951,"1950-51","West Virginia","west-virginia",-1.83
"3866",1950,"1949-50","West Virginia","west-virginia",-2.99
"3867",2026,"2025-26","Cincinnati","cincinnati",15.2
"3868",2025,"2024-25","Cincinnati","cincinnati",14.23
"3869",2024,"2023-24","Cincinnati","cincinnati",15.06
"3870",2023,"2022-23","Cincinnati","cincinnati",11.77
"3871",2022,"2021-22","Cincinnati","cincinnati",7.44
"3872",2021,"2020-21","Cincinnati","cincinnati",3.99
"3873",2020,"2019-20","Cincinnati","cincinnati",12.33
"3874",2019,"2018-19","Cincinnati","cincinnati",14.53
"3875",2018,"2017-18","Cincinnati","cincinnati",20.25
"3876",2017,"2016-17","Cincinnati","cincinnati",18.43
"3877",2016,"2015-16","Cincinnati","cincinnati",15.19
"3878",2015,"2014-15","Cincinnati","cincinnati",10.72
"3879",2014,"2013-14","Cincinnati","cincinnati",15.26
"3880",2013,"2012-13","Cincinnati","cincinnati",14.47
"3881",2012,"2011-12","Cincinnati","cincinnati",12.93
"3882",2011,"2010-11","Cincinnati","cincinnati",15.41
"3883",2010,"2009-10","Cincinnati","cincinnati",9.98
"3884",2009,"2008-09","Cincinnati","cincinnati",7.83
"3885",2008,"2007-08","Cincinnati","cincinnati",4.86
"3886",2007,"2006-07","Cincinnati","cincinnati",3.8
"3887",2006,"2005-06","Cincinnati","cincinnati",12.95
"3888",2005,"2004-05","Cincinnati","cincinnati",17.64
"3889",2004,"2003-04","Cincinnati","cincinnati",18.75
"3890",2003,"2002-03","Cincinnati","cincinnati",12.9
"3891",2002,"2001-02","Cincinnati","cincinnati",24.59
"3892",2001,"2000-01","Cincinnati","cincinnati",16.19
"3893",2000,"1999-00","Cincinnati","cincinnati",24.62
"3894",1999,"1998-99","Cincinnati","cincinnati",20.13
"3895",1998,"1997-98","Cincinnati","cincinnati",17.85
"3896",1997,"1996-97","Cincinnati","cincinnati",20.71
"3897",1996,"1995-96","Cincinnati","cincinnati",22.11
"3898",1995,"1994-95","Cincinnati","cincinnati",18.6
"3899",1994,"1993-94","Cincinnati","cincinnati",15.31
"3900",1993,"1992-93","Cincinnati","cincinnati",22.62
"3901",1992,"1991-92","Cincinnati","cincinnati",21.67
"3902",1991,"1990-91","Cincinnati","cincinnati",10.61
"3903",1990,"1989-90","Cincinnati","cincinnati",7.19
"3904",1989,"1988-89","Cincinnati","cincinnati",4.8
"3905",1988,"1987-88","Cincinnati","cincinnati",2.55
"3906",1987,"1986-87","Cincinnati","cincinnati",-1.13
"3907",1986,"1985-86","Cincinnati","cincinnati",5.07
"3908",1985,"1984-85","Cincinnati","cincinnati",4.2
"3909",1984,"1983-84","Cincinnati","cincinnati",-5.34
"3910",1983,"1982-83","Cincinnati","cincinnati",3.33
"3911",1982,"1981-82","Cincinnati","cincinnati",2.79
"3912",1981,"1980-81","Cincinnati","cincinnati",0.82
"3913",1980,"1979-80","Cincinnati","cincinnati",1.58
"3914",1979,"1978-79","Cincinnati","cincinnati",3.39
"3915",1978,"1977-78","Cincinnati","cincinnati",7.72
"3916",1977,"1976-77","Cincinnati","cincinnati",11.41
"3917",1976,"1975-76","Cincinnati","cincinnati",10.38
"3918",1975,"1974-75","Cincinnati","cincinnati",8.01
"3919",1974,"1973-74","Cincinnati","cincinnati",8.47
"3920",1973,"1972-73","Cincinnati","cincinnati",10.54
"3921",1972,"1971-72","Cincinnati","cincinnati",7.7
"3922",1971,"1970-71","Cincinnati","cincinnati",0.97
"3923",1970,"1969-70","Cincinnati","cincinnati",9.61
"3924",1969,"1968-69","Cincinnati","cincinnati",9.62
"3925",1968,"1967-68","Cincinnati","cincinnati",10.86
"3926",1967,"1966-67","Cincinnati","cincinnati",8.14
"3927",1966,"1965-66","Cincinnati","cincinnati",11.62
"3928",1965,"1964-65","Cincinnati","cincinnati",9.16
"3929",1964,"1963-64","Cincinnati","cincinnati",9.99
"3930",1963,"1962-63","Cincinnati","cincinnati",21.19
"3931",1962,"1961-62","Cincinnati","cincinnati",22.85
"3932",1961,"1960-61","Cincinnati","cincinnati",18.8
"3933",1960,"1959-60","Cincinnati","cincinnati",26.42
"3934",1959,"1958-59","Cincinnati","cincinnati",18.77
"3935",1958,"1957-58","Cincinnati","cincinnati",22.8
"3936",1957,"1956-57","Cincinnati","cincinnati",3.28
"3937",1956,"1955-56","Cincinnati","cincinnati",13.65
"3938",1955,"1954-55","Cincinnati","cincinnati",8.72
"3939",1954,"1953-54","Cincinnati","cincinnati",8.73
"3940",1953,"1952-53","Cincinnati","cincinnati",1.49
"3941",1952,"1951-52","Cincinnati","cincinnati",1.09
"3942",1951,"1950-51","Cincinnati","cincinnati",15.06
"3943",1950,"1949-50","Cincinnati","cincinnati",11
"3944",2026,"2025-26","Alabama","alabama",23.2
"3945",2025,"2024-25","Alabama","alabama",25.54
"3946",2024,"2023-24","Alabama","alabama",20.69
"3947",2023,"2022-23","Alabama","alabama",23.19
"3948",2022,"2021-22","Alabama","alabama",14.62
"3949",2021,"2020-21","Alabama","alabama",19.58
"3950",2020,"2019-20","Alabama","alabama",11.12
"3951",2019,"2018-19","Alabama","alabama",9.45
"3952",2018,"2017-18","Alabama","alabama",12.34
"3953",2017,"2016-17","Alabama","alabama",11.29
"3954",2016,"2015-16","Alabama","alabama",7.14
"3955",2015,"2014-15","Alabama","alabama",10.52
"3956",2014,"2013-14","Alabama","alabama",8.34
"3957",2013,"2012-13","Alabama","alabama",9.82
"3958",2012,"2011-12","Alabama","alabama",13.76
"3959",2011,"2010-11","Alabama","alabama",11.7
"3960",2010,"2009-10","Alabama","alabama",10.34
"3961",2009,"2008-09","Alabama","alabama",5.49
"3962",2008,"2007-08","Alabama","alabama",8.12
"3963",2007,"2006-07","Alabama","alabama",10.81
"3964",2006,"2005-06","Alabama","alabama",10.79
"3965",2005,"2004-05","Alabama","alabama",16.75
"3966",2004,"2003-04","Alabama","alabama",14.29
"3967",2003,"2002-03","Alabama","alabama",13.36
"3968",2002,"2001-02","Alabama","alabama",16.93
"3969",2001,"2000-01","Alabama","alabama",14.04
"3970",2000,"1999-00","Alabama","alabama",7.44
"3971",1999,"1998-99","Alabama","alabama",5.85
"3972",1998,"1997-98","Alabama","alabama",7.74
"3973",1997,"1996-97","Alabama","alabama",9.75
"3974",1996,"1995-96","Alabama","alabama",6.99
"3975",1995,"1994-95","Alabama","alabama",15.5
"3976",1994,"1993-94","Alabama","alabama",10.28
"3977",1993,"1992-93","Alabama","alabama",9.66
"3978",1992,"1991-92","Alabama","alabama",13.53
"3979",1991,"1990-91","Alabama","alabama",14.3
"3980",1990,"1989-90","Alabama","alabama",15.96
"3981",1989,"1988-89","Alabama","alabama",9.59
"3982",1988,"1987-88","Alabama","alabama",3.98
"3983",1987,"1986-87","Alabama","alabama",19.41
"3984",1986,"1985-86","Alabama","alabama",16.73
"3985",1985,"1984-85","Alabama","alabama",14.46
"3986",1984,"1983-84","Alabama","alabama",11.98
"3987",1983,"1982-83","Alabama","alabama",14.9
"3988",1982,"1981-82","Alabama","alabama",10.51
"3989",1981,"1980-81","Alabama","alabama",12.7
"3990",1980,"1979-80","Alabama","alabama",9.02
"3991",1979,"1978-79","Alabama","alabama",9.98
"3992",1978,"1977-78","Alabama","alabama",8.09
"3993",1977,"1976-77","Alabama","alabama",14.25
"3994",1976,"1975-76","Alabama","alabama",15.41
"3995",1975,"1974-75","Alabama","alabama",15.43
"3996",1974,"1973-74","Alabama","alabama",13.86
"3997",1973,"1972-73","Alabama","alabama",8.27
"3998",1972,"1971-72","Alabama","alabama",6.24
"3999",1971,"1970-71","Alabama","alabama",-4.11
"4000",1970,"1969-70","Alabama","alabama",-8.56
"4001",1969,"1968-69","Alabama","alabama",-6.38
"4002",1968,"1967-68","Alabama","alabama",1.86
"4003",1967,"1966-67","Alabama","alabama",-2.85
"4004",1966,"1965-66","Alabama","alabama",-2.1
"4005",1965,"1964-65","Alabama","alabama",0.78
"4006",1964,"1963-64","Alabama","alabama",-9.09
"4007",1963,"1962-63","Alabama","alabama",-2.77
"4008",1962,"1961-62","Alabama","alabama",-3.07
"4009",1961,"1960-61","Alabama","alabama",-6.26
"4010",1960,"1959-60","Alabama","alabama",-10.21
"4011",1959,"1958-59","Alabama","alabama",-2.42
"4012",1958,"1957-58","Alabama","alabama",3.57
"4013",1957,"1956-57","Alabama","alabama",-0.71
"4014",1956,"1955-56","Alabama","alabama",10.39
"4015",1955,"1954-55","Alabama","alabama",7.51
"4016",1954,"1953-54","Alabama","alabama",2.73
"4017",1953,"1952-53","Alabama","alabama",-5.24
"4018",1952,"1951-52","Alabama","alabama",0.08
"4019",1951,"1950-51","Alabama","alabama",-1.43
"4020",1950,"1949-50","Alabama","alabama",-2.44
"4021",2026,"2025-26","Arkansas","arkansas",21.93
"4022",2025,"2024-25","Arkansas","arkansas",17.09
"4023",2024,"2023-24","Arkansas","arkansas",6.12
"4024",2023,"2022-23","Arkansas","arkansas",15.99
"4025",2022,"2021-22","Arkansas","arkansas",16.27
"4026",2021,"2020-21","Arkansas","arkansas",17.8
"4027",2020,"2019-20","Arkansas","arkansas",13.46
"4028",2019,"2018-19","Arkansas","arkansas",11.75
"4029",2018,"2017-18","Arkansas","arkansas",14.76
"4030",2017,"2016-17","Arkansas","arkansas",14.04
"4031",2016,"2015-16","Arkansas","arkansas",10.23
"4032",2015,"2014-15","Arkansas","arkansas",14.07
"4033",2014,"2013-14","Arkansas","arkansas",14.34
"4034",2013,"2012-13","Arkansas","arkansas",9.83
"4035",2012,"2011-12","Arkansas","arkansas",5.76
"4036",2011,"2010-11","Arkansas","arkansas",6.28
"4037",2010,"2009-10","Arkansas","arkansas",5.87
"4038",2009,"2008-09","Arkansas","arkansas",3.79
"4039",2008,"2007-08","Arkansas","arkansas",12.48
"4040",2007,"2006-07","Arkansas","arkansas",13.77
"4041",2006,"2005-06","Arkansas","arkansas",15.01
"4042",2005,"2004-05","Arkansas","arkansas",12.34
"4043",2004,"2003-04","Arkansas","arkansas",6.53
"4044",2003,"2002-03","Arkansas","arkansas",4.67
"4045",2002,"2001-02","Arkansas","arkansas",12.27
"4046",2001,"2000-01","Arkansas","arkansas",17.25
"4047",2000,"1999-00","Arkansas","arkansas",12.37
"4048",1999,"1998-99","Arkansas","arkansas",12.97
"4049",1998,"1997-98","Arkansas","arkansas",16.17
"4050",1997,"1996-97","Arkansas","arkansas",14.74
"4051",1996,"1995-96","Arkansas","arkansas",11.66
"4052",1995,"1994-95","Arkansas","arkansas",16.91
"4053",1994,"1993-94","Arkansas","arkansas",23.97
"4054",1993,"1992-93","Arkansas","arkansas",17.72
"4055",1992,"1991-92","Arkansas","arkansas",19.2
"4056",1991,"1990-91","Arkansas","arkansas",27.28
"4057",1990,"1989-90","Arkansas","arkansas",19.87
"4058",1989,"1988-89","Arkansas","arkansas",17.26
"4059",1988,"1987-88","Arkansas","arkansas",11.18
"4060",1987,"1986-87","Arkansas","arkansas",9.53
"4061",1986,"1985-86","Arkansas","arkansas",1.99
"4062",1985,"1984-85","Arkansas","arkansas",9.79
"4063",1984,"1983-84","Arkansas","arkansas",10.18
"4064",1983,"1982-83","Arkansas","arkansas",13.25
"4065",1982,"1981-82","Arkansas","arkansas",14.79
"4066",1981,"1980-81","Arkansas","arkansas",12.05
"4067",1980,"1979-80","Arkansas","arkansas",7.89
"4068",1979,"1978-79","Arkansas","arkansas",13.63
"4069",1978,"1977-78","Arkansas","arkansas",15.97
"4070",1977,"1976-77","Arkansas","arkansas",11.91
"4071",1976,"1975-76","Arkansas","arkansas",9.27
"4072",1975,"1974-75","Arkansas","arkansas",2.38
"4073",1974,"1973-74","Arkansas","arkansas",-6.43
"4074",1973,"1972-73","Arkansas","arkansas",-1.57
"4075",1972,"1971-72","Arkansas","arkansas",-4.43
"4076",1971,"1970-71","Arkansas","arkansas",-8.26
"4077",1970,"1969-70","Arkansas","arkansas",-6.21
"4078",1969,"1968-69","Arkansas","arkansas",-4.85
"4079",1968,"1967-68","Arkansas","arkansas",-6.11
"4080",1967,"1966-67","Arkansas","arkansas",-9.14
"4081",1966,"1965-66","Arkansas","arkansas",0.66
"4082",1965,"1964-65","Arkansas","arkansas",-1.58
"4083",1964,"1963-64","Arkansas","arkansas",-2.8
"4084",1963,"1962-63","Arkansas","arkansas",2.31
"4085",1962,"1961-62","Arkansas","arkansas",3.3
"4086",1961,"1960-61","Arkansas","arkansas",2.87
"4087",1960,"1959-60","Arkansas","arkansas",2.34
"4088",1959,"1958-59","Arkansas","arkansas",-0.39
"4089",1958,"1957-58","Arkansas","arkansas",3.22
"4090",1957,"1956-57","Arkansas","arkansas",1.81
"4091",1956,"1955-56","Arkansas","arkansas",5.52
"4092",1955,"1954-55","Arkansas","arkansas",-3.08
"4093",1954,"1953-54","Arkansas","arkansas",5.07
"4094",1953,"1952-53","Arkansas","arkansas",-0.29
"4095",1952,"1951-52","Arkansas","arkansas",-4.13
"4096",1951,"1950-51","Arkansas","arkansas",-0.72
"4097",1950,"1949-50","Arkansas","arkansas",-3.26
"4098",2026,"2025-26","Auburn","auburn",16.37
"4099",2025,"2024-25","Auburn","auburn",28.68
"4100",2024,"2023-24","Auburn","auburn",22.46
"4101",2023,"2022-23","Auburn","auburn",14.35
"4102",2022,"2021-22","Auburn","auburn",19.2
"4103",2021,"2020-21","Auburn","auburn",10.02
"4104",2020,"2019-20","Auburn","auburn",15.04
"4105",2019,"2018-19","Auburn","auburn",20.84
"4106",2018,"2017-18","Auburn","auburn",15.97
"4107",2017,"2016-17","Auburn","auburn",8.17
"4108",2016,"2015-16","Auburn","auburn",0.15
"4109",2015,"2014-15","Auburn","auburn",3.27
"4110",2014,"2013-14","Auburn","auburn",5.11
"4111",2013,"2012-13","Auburn","auburn",0.23
"4112",2012,"2011-12","Auburn","auburn",2.52
"4113",2011,"2010-11","Auburn","auburn",-2.47
"4114",2010,"2009-10","Auburn","auburn",5.49
"4115",2009,"2008-09","Auburn","auburn",9.93
"4116",2008,"2007-08","Auburn","auburn",2.31
"4117",2007,"2006-07","Auburn","auburn",6.77
"4118",2006,"2005-06","Auburn","auburn",4.92
"4119",2005,"2004-05","Auburn","auburn",2.06
"4120",2004,"2003-04","Auburn","auburn",10.32
"4121",2003,"2002-03","Auburn","auburn",12.68
"4122",2002,"2001-02","Auburn","auburn",6.89
"4123",2001,"2000-01","Auburn","auburn",11.51
"4124",2000,"1999-00","Auburn","auburn",13.59
"4125",1999,"1998-99","Auburn","auburn",24.6
"4126",1998,"1997-98","Auburn","auburn",7.44
"4127",1997,"1996-97","Auburn","auburn",5.42
"4128",1996,"1995-96","Auburn","auburn",6.07
"4129",1995,"1994-95","Auburn","auburn",9.22
"4130",1994,"1993-94","Auburn","auburn",8.05
"4131",1993,"1992-93","Auburn","auburn",8.92
"4132",1992,"1991-92","Auburn","auburn",7.83
"4133",1991,"1990-91","Auburn","auburn",4.86
"4134",1990,"1989-90","Auburn","auburn",5.68
"4135",1989,"1988-89","Auburn","auburn",-0.3
"4136",1988,"1987-88","Auburn","auburn",14.07
"4137",1987,"1986-87","Auburn","auburn",13.88
"4138",1986,"1985-86","Auburn","auburn",14.88
"4139",1985,"1984-85","Auburn","auburn",11.17
"4140",1984,"1983-84","Auburn","auburn",12.87
"4141",1983,"1982-83","Auburn","auburn",10.54
"4142",1982,"1981-82","Auburn","auburn",4.97
"4143",1981,"1980-81","Auburn","auburn",4.57
"4144",1980,"1979-80","Auburn","auburn",3.37
"4145",1979,"1978-79","Auburn","auburn",5.72
"4146",1978,"1977-78","Auburn","auburn",5.64
"4147",1977,"1976-77","Auburn","auburn",10.64
"4148",1976,"1975-76","Auburn","auburn",9.94
"4149",1975,"1974-75","Auburn","auburn",8.45
"4150",1974,"1973-74","Auburn","auburn",-2.42
"4151",1973,"1972-73","Auburn","auburn",-6.56
"4152",1972,"1971-72","Auburn","auburn",-0.84
"4153",1971,"1970-71","Auburn","auburn",-0.34
"4154",1970,"1969-70","Auburn","auburn",3.98
"4155",1969,"1968-69","Auburn","auburn",7.03
"4156",1968,"1967-68","Auburn","auburn",4.09
"4157",1967,"1966-67","Auburn","auburn",5.76
"4158",1966,"1965-66","Auburn","auburn",3.44
"4159",1965,"1964-65","Auburn","auburn",7.49
"4160",1964,"1963-64","Auburn","auburn",-3.22
"4161",1963,"1962-63","Auburn","auburn",6.92
"4162",1962,"1961-62","Auburn","auburn",10.02
"4163",1961,"1960-61","Auburn","auburn",-0.54
"4164",1960,"1959-60","Auburn","auburn",2.02
"4165",1959,"1958-59","Auburn","auburn",14.16
"4166",1958,"1957-58","Auburn","auburn",3.56
"4167",1957,"1956-57","Auburn","auburn",7.68
"4168",1956,"1955-56","Auburn","auburn",-4.28
"4169",1955,"1954-55","Auburn","auburn",-3.79
"4170",1954,"1953-54","Auburn","auburn",-5.01
"4171",1953,"1952-53","Auburn","auburn",-5.02
"4172",1952,"1951-52","Auburn","auburn",-9.07
"4173",1951,"1950-51","Auburn","auburn",-9.54
"4174",1950,"1949-50","Auburn","auburn",-4.66
"4175",2026,"2025-26","Florida","florida",27.81
"4176",2025,"2024-25","Florida","florida",27.78
"4177",2024,"2023-24","Florida","florida",15.17
"4178",2023,"2022-23","Florida","florida",10.9
"4179",2022,"2021-22","Florida","florida",11.93
"4180",2021,"2020-21","Florida","florida",13.7
"4181",2020,"2019-20","Florida","florida",14.94
"4182",2019,"2018-19","Florida","florida",15.42
"4183",2018,"2017-18","Florida","florida",16.66
"4184",2017,"2016-17","Florida","florida",22.4
"4185",2016,"2015-16","Florida","florida",14.69
"4186",2015,"2014-15","Florida","florida",13.27
"4187",2014,"2013-14","Florida","florida",20.69
"4188",2013,"2012-13","Florida","florida",23.88
"4189",2012,"2011-12","Florida","florida",18.25
"4190",2011,"2010-11","Florida","florida",16.27
"4191",2010,"2009-10","Florida","florida",11.89
"4192",2009,"2008-09","Florida","florida",12.83
"4193",2008,"2007-08","Florida","florida",12.34
"4194",2007,"2006-07","Florida","florida",23.82
"4195",2006,"2005-06","Florida","florida",20.21
"4196",2005,"2004-05","Florida","florida",20.19
"4197",2004,"2003-04","Florida","florida",16.28
"4198",2003,"2002-03","Florida","florida",18.55
"4199",2002,"2001-02","Florida","florida",22.27
"4200",2001,"2000-01","Florida","florida",21.36
"4201",2000,"1999-00","Florida","florida",23.48
"4202",1999,"1998-99","Florida","florida",15.76
"4203",1998,"1997-98","Florida","florida",8.97
"4204",1997,"1996-97","Florida","florida",5.54
"4205",1996,"1995-96","Florida","florida",7.64
"4206",1995,"1994-95","Florida","florida",15.4
"4207",1994,"1993-94","Florida","florida",16.19
"4208",1993,"1992-93","Florida","florida",10.73
"4209",1992,"1991-92","Florida","florida",8.63
"4210",1991,"1990-91","Florida","florida",6.79
"4211",1990,"1989-90","Florida","florida",4.17
"4212",1989,"1988-89","Florida","florida",6.86
"4213",1988,"1987-88","Florida","florida",14.34
"4214",1987,"1986-87","Florida","florida",20.37
"4215",1986,"1985-86","Florida","florida",10.55
"4216",1985,"1984-85","Florida","florida",11.66
"4217",1984,"1983-84","Florida","florida",10.7
"4218",1983,"1982-83","Florida","florida",8.8
"4219",1982,"1981-82","Florida","florida",2.2
"4220",1981,"1980-81","Florida","florida",1.94
"4221",1980,"1979-80","Florida","florida",-4
"4222",1979,"1978-79","Florida","florida",3.08
"4223",1978,"1977-78","Florida","florida",5.36
"4224",1977,"1976-77","Florida","florida",11.79
"4225",1976,"1975-76","Florida","florida",5.23
"4226",1975,"1974-75","Florida","florida",5.3
"4227",1974,"1973-74","Florida","florida",2.18
"4228",1973,"1972-73","Florida","florida",-1.33
"4229",1972,"1971-72","Florida","florida",-0.68
"4230",1971,"1970-71","Florida","florida",1.02
"4231",1970,"1969-70","Florida","florida",-4.44
"4232",1969,"1968-69","Florida","florida",9.17
"4233",1968,"1967-68","Florida","florida",9.58
"4234",1967,"1966-67","Florida","florida",12.38
"4235",1966,"1965-66","Florida","florida",4.92
"4236",1965,"1964-65","Florida","florida",11.17
"4237",1964,"1963-64","Florida","florida",1.54
"4238",1963,"1962-63","Florida","florida",-1.47
"4239",1962,"1961-62","Florida","florida",0.82
"4240",1961,"1960-61","Florida","florida",-2.28
"4241",1960,"1959-60","Florida","florida",-9.53
"4242",1959,"1958-59","Florida","florida",-10.41
"4243",1958,"1957-58","Florida","florida",2.28
"4244",1957,"1956-57","Florida","florida",4.88
"4245",1956,"1955-56","Florida","florida",-6.71
"4246",1955,"1954-55","Florida","florida",-9.11
"4247",1954,"1953-54","Florida","florida",-14.44
"4248",1953,"1952-53","Florida","florida",-3.45
"4249",1952,"1951-52","Florida","florida",-5.86
"4250",1951,"1950-51","Florida","florida",-10.01
"4251",1950,"1949-50","Florida","florida",-11.56
"4252",2026,"2025-26","Georgia","georgia",18.54
"4253",2025,"2024-25","Georgia","georgia",16.36
"4254",2024,"2023-24","Georgia","georgia",8.63
"4255",2023,"2022-23","Georgia","georgia",1.8
"4256",2022,"2021-22","Georgia","georgia",-0.63
"4257",2021,"2020-21","Georgia","georgia",6.62
"4258",2020,"2019-20","Georgia","georgia",8.28
"4259",2019,"2018-19","Georgia","georgia",5.31
"4260",2018,"2017-18","Georgia","georgia",10.24
"4261",2017,"2016-17","Georgia","georgia",11.13
"4262",2016,"2015-16","Georgia","georgia",9.41
"4263",2015,"2014-15","Georgia","georgia",12.42
"4264",2014,"2013-14","Georgia","georgia",7.9
"4265",2013,"2012-13","Georgia","georgia",5.39
"4266",2012,"2011-12","Georgia","georgia",5.92
"4267",2011,"2010-11","Georgia","georgia",10.43
"4268",2010,"2009-10","Georgia","georgia",7.33
"4269",2009,"2008-09","Georgia","georgia",-1.81
"4270",2008,"2007-08","Georgia","georgia",7.24
"4271",2007,"2006-07","Georgia","georgia",13.47
"4272",2006,"2005-06","Georgia","georgia",5.05
"4273",2005,"2004-05","Georgia","georgia",-1.21
"4274",2004,"2003-04","Georgia","georgia",8.93
"4275",2003,"2002-03","Georgia","georgia",17.3
"4276",2002,"2001-02","Georgia","georgia",14.68
"4277",2001,"2000-01","Georgia","georgia",12.72
"4278",2000,"1999-00","Georgia","georgia",5.21
"4279",1999,"1998-99","Georgia","georgia",8.26
"4280",1998,"1997-98","Georgia","georgia",13.11
"4281",1997,"1996-97","Georgia","georgia",13.09
"4282",1996,"1995-96","Georgia","georgia",19.29
"4283",1995,"1994-95","Georgia","georgia",14.29
"4284",1994,"1993-94","Georgia","georgia",10.53
"4285",1993,"1992-93","Georgia","georgia",11.52
"4286",1992,"1991-92","Georgia","georgia",11.43
"4287",1991,"1990-91","Georgia","georgia",18.56
"4288",1990,"1989-90","Georgia","georgia",11.82
"4289",1989,"1988-89","Georgia","georgia",7.34
"4290",1988,"1987-88","Georgia","georgia",10.52
"4291",1987,"1986-87","Georgia","georgia",11.41
"4292",1986,"1985-86","Georgia","georgia",13.71
"4293",1985,"1984-85","Georgia","georgia",15.65
"4294",1984,"1983-84","Georgia","georgia",11.41
"4295",1983,"1982-83","Georgia","georgia",16.2
"4296",1982,"1981-82","Georgia","georgia",10.16
"4297",1981,"1980-81","Georgia","georgia",10.68
"4298",1980,"1979-80","Georgia","georgia",6.01
"4299",1979,"1978-79","Georgia","georgia",3.85
"4300",1978,"1977-78","Georgia","georgia",0.39
"4301",1977,"1976-77","Georgia","georgia",0.83
"4302",1976,"1975-76","Georgia","georgia",3.72
"4303",1975,"1974-75","Georgia","georgia",-0.84
"4304",1974,"1973-74","Georgia","georgia",-3.73
"4305",1973,"1972-73","Georgia","georgia",-1.36
"4306",1972,"1971-72","Georgia","georgia",1.53
"4307",1971,"1970-71","Georgia","georgia",-2.49
"4308",1970,"1969-70","Georgia","georgia",1.54
"4309",1969,"1968-69","Georgia","georgia",3.75
"4310",1968,"1967-68","Georgia","georgia",8.83
"4311",1967,"1966-67","Georgia","georgia",-5.19
"4312",1966,"1965-66","Georgia","georgia",-1.81
"4313",1965,"1964-65","Georgia","georgia",-2.52
"4314",1964,"1963-64","Georgia","georgia",-2.4
"4315",1963,"1962-63","Georgia","georgia",-7.34
"4316",1962,"1961-62","Georgia","georgia",-10.19
"4317",1961,"1960-61","Georgia","georgia",-7.88
"4318",1960,"1959-60","Georgia","georgia",-6.28
"4319",1959,"1958-59","Georgia","georgia",-5.6
"4320",1958,"1957-58","Georgia","georgia",-6.24
"4321",1957,"1956-57","Georgia","georgia",-7.51
"4322",1956,"1955-56","Georgia","georgia",-19.97
"4323",1955,"1954-55","Georgia","georgia",-11.98
"4324",1954,"1953-54","Georgia","georgia",-16.76
"4325",1953,"1952-53","Georgia","georgia",-11.48
"4326",1952,"1951-52","Georgia","georgia",-21.5
"4327",1951,"1950-51","Georgia","georgia",-7.44
"4328",1950,"1949-50","Georgia","georgia",-5.74
"4329",2026,"2025-26","Kentucky","kentucky",19.24
"4330",2025,"2024-25","Kentucky","kentucky",21.26
"4331",2024,"2023-24","Kentucky","kentucky",16.79
"4332",2023,"2022-23","Kentucky","kentucky",14.76
"4333",2022,"2021-22","Kentucky","kentucky",20.9
"4334",2021,"2020-21","Kentucky","kentucky",11.77
"4335",2020,"2019-20","Kentucky","kentucky",15.78
"4336",2019,"2018-19","Kentucky","kentucky",21.43
"4337",2018,"2017-18","Kentucky","kentucky",17.24
"4338",2017,"2016-17","Kentucky","kentucky",23.88
"4339",2016,"2015-16","Kentucky","kentucky",20.23
"4340",2015,"2014-15","Kentucky","kentucky",28.72
"4341",2014,"2013-14","Kentucky","kentucky",18.07
"4342",2013,"2012-13","Kentucky","kentucky",13.96
"4343",2012,"2011-12","Kentucky","kentucky",24.73
"4344",2011,"2010-11","Kentucky","kentucky",20.3
"4345",2010,"2009-10","Kentucky","kentucky",21.13
"4346",2009,"2008-09","Kentucky","kentucky",12.69
"4347",2008,"2007-08","Kentucky","kentucky",9.19
"4348",2007,"2006-07","Kentucky","kentucky",17.12
"4349",2006,"2005-06","Kentucky","kentucky",13.12
"4350",2005,"2004-05","Kentucky","kentucky",19.16
"4351",2004,"2003-04","Kentucky","kentucky",18.83
"4352",2003,"2002-03","Kentucky","kentucky",22.47
"4353",2002,"2001-02","Kentucky","kentucky",19.15
"4354",2001,"2000-01","Kentucky","kentucky",20.32
"4355",2000,"1999-00","Kentucky","kentucky",18.52
"4356",1999,"1998-99","Kentucky","kentucky",22.71
"4357",1998,"1997-98","Kentucky","kentucky",22.95
"4358",1997,"1996-97","Kentucky","kentucky",29.29
"4359",1996,"1995-96","Kentucky","kentucky",32.14
"4360",1995,"1994-95","Kentucky","kentucky",28.07
"4361",1994,"1993-94","Kentucky","kentucky",21.73
"4362",1993,"1992-93","Kentucky","kentucky",26.9
"4363",1992,"1991-92","Kentucky","kentucky",20.85
"4364",1991,"1990-91","Kentucky","kentucky",17.86
"4365",1990,"1989-90","Kentucky","kentucky",9.41
"4366",1989,"1988-89","Kentucky","kentucky",4.45
"4367",1988,"1987-88","Kentucky","kentucky",18.9
"4368",1987,"1986-87","Kentucky","kentucky",11.33
"4369",1986,"1985-86","Kentucky","kentucky",21.8
"4370",1985,"1984-85","Kentucky","kentucky",11.54
"4371",1984,"1983-84","Kentucky","kentucky",20.27
"4372",1983,"1982-83","Kentucky","kentucky",18.49
"4373",1982,"1981-82","Kentucky","kentucky",12.55
"4374",1981,"1980-81","Kentucky","kentucky",18.59
"4375",1980,"1979-80","Kentucky","kentucky",16.94
"4376",1979,"1978-79","Kentucky","kentucky",13.69
"4377",1978,"1977-78","Kentucky","kentucky",21.13
"4378",1977,"1976-77","Kentucky","kentucky",23.26
"4379",1976,"1975-76","Kentucky","kentucky",10.31
"4380",1975,"1974-75","Kentucky","kentucky",22.2
"4381",1974,"1973-74","Kentucky","kentucky",7.86
"4382",1973,"1972-73","Kentucky","kentucky",13.02
"4383",1972,"1971-72","Kentucky","kentucky",11.07
"4384",1971,"1970-71","Kentucky","kentucky",13.35
"4385",1970,"1969-70","Kentucky","kentucky",17.77
"4386",1969,"1968-69","Kentucky","kentucky",15.98
"4387",1968,"1967-68","Kentucky","kentucky",17.09
"4388",1967,"1966-67","Kentucky","kentucky",8.6
"4389",1966,"1965-66","Kentucky","kentucky",20.19
"4390",1965,"1964-65","Kentucky","kentucky",11.43
"4391",1964,"1963-64","Kentucky","kentucky",15.43
"4392",1963,"1962-63","Kentucky","kentucky",8.37
"4393",1962,"1961-62","Kentucky","kentucky",18.29
"4394",1961,"1960-61","Kentucky","kentucky",7.86
"4395",1960,"1959-60","Kentucky","kentucky",9.28
"4396",1959,"1958-59","Kentucky","kentucky",18.39
"4397",1958,"1957-58","Kentucky","kentucky",15.95
"4398",1957,"1956-57","Kentucky","kentucky",16.92
"4399",1956,"1955-56","Kentucky","kentucky",14.95
"4400",1955,"1954-55","Kentucky","kentucky",16.39
"4401",1954,"1953-54","Kentucky","kentucky",26.72
"4402",1952,"1951-52","Kentucky","kentucky",26.83
"4403",1951,"1950-51","Kentucky","kentucky",22.24
"4404",1950,"1949-50","Kentucky","kentucky",10.63
"4405",2026,"2025-26","Louisiana State","louisiana-state",12.37
"4406",2025,"2024-25","Louisiana State","louisiana-state",9.93
"4407",2024,"2023-24","Louisiana State","louisiana-state",8.14
"4408",2023,"2022-23","Louisiana State","louisiana-state",3.32
"4409",2022,"2021-22","Louisiana State","louisiana-state",17.45
"4410",2021,"2020-21","Louisiana State","louisiana-state",15.7
"4411",2020,"2019-20","Louisiana State","louisiana-state",14.43
"4412",2019,"2018-19","Louisiana State","louisiana-state",16.5
"4413",2018,"2017-18","Louisiana State","louisiana-state",10.93
"4414",2017,"2016-17","Louisiana State","louisiana-state",0.53
"4415",2016,"2015-16","Louisiana State","louisiana-state",8.79
"4416",2015,"2014-15","Louisiana State","louisiana-state",11.39
"4417",2014,"2013-14","Louisiana State","louisiana-state",10.05
"4418",2013,"2012-13","Louisiana State","louisiana-state",5.82
"4419",2012,"2011-12","Louisiana State","louisiana-state",6.66
"4420",2011,"2010-11","Louisiana State","louisiana-state",-2.09
"4421",2010,"2009-10","Louisiana State","louisiana-state",0.97
"4422",2009,"2008-09","Louisiana State","louisiana-state",11.87
"4423",2008,"2007-08","Louisiana State","louisiana-state",4.99
"4424",2007,"2006-07","Louisiana State","louisiana-state",12.75
"4425",2006,"2005-06","Louisiana State","louisiana-state",17.54
"4426",2005,"2004-05","Louisiana State","louisiana-state",11.6
"4427",2004,"2003-04","Louisiana State","louisiana-state",9.1
"4428",2003,"2002-03","Louisiana State","louisiana-state",16.08
"4429",2002,"2001-02","Louisiana State","louisiana-state",10.24
"4430",2001,"2000-01","Louisiana State","louisiana-state",10.76
"4431",2000,"1999-00","Louisiana State","louisiana-state",18.9
"4432",1999,"1998-99","Louisiana State","louisiana-state",2.71
"4433",1998,"1997-98","Louisiana State","louisiana-state",1.08
"4434",1997,"1996-97","Louisiana State","louisiana-state",3.91
"4435",1996,"1995-96","Louisiana State","louisiana-state",2.49
"4436",1995,"1994-95","Louisiana State","louisiana-state",6
"4437",1994,"1993-94","Louisiana State","louisiana-state",7.3
"4438",1993,"1992-93","Louisiana State","louisiana-state",10.24
"4439",1992,"1991-92","Louisiana State","louisiana-state",20.22
"4440",1991,"1990-91","Louisiana State","louisiana-state",17.85
"4441",1990,"1989-90","Louisiana State","louisiana-state",16.55
"4442",1989,"1988-89","Louisiana State","louisiana-state",8.14
"4443",1988,"1987-88","Louisiana State","louisiana-state",10.95
"4444",1987,"1986-87","Louisiana State","louisiana-state",11.89
"4445",1986,"1985-86","Louisiana State","louisiana-state",15.13
"4446",1985,"1984-85","Louisiana State","louisiana-state",12
"4447",1984,"1983-84","Louisiana State","louisiana-state",10.46
"4448",1983,"1982-83","Louisiana State","louisiana-state",13.1
"4449",1982,"1981-82","Louisiana State","louisiana-state",8.43
"4450",1981,"1980-81","Louisiana State","louisiana-state",18.04
"4451",1980,"1979-80","Louisiana State","louisiana-state",12.87
"4452",1979,"1978-79","Louisiana State","louisiana-state",13.29
"4453",1978,"1977-78","Louisiana State","louisiana-state",14.21
"4454",1977,"1976-77","Louisiana State","louisiana-state",6.53
"4455",1976,"1975-76","Louisiana State","louisiana-state",4.3
"4456",1975,"1974-75","Louisiana State","louisiana-state",0.68
"4457",1974,"1973-74","Louisiana State","louisiana-state",3.97
"4458",1973,"1972-73","Louisiana State","louisiana-state",1.99
"4459",1972,"1971-72","Louisiana State","louisiana-state",-3.9
"4460",1971,"1970-71","Louisiana State","louisiana-state",2.53
"4461",1970,"1969-70","Louisiana State","louisiana-state",5.59
"4462",1969,"1968-69","Louisiana State","louisiana-state",3.79
"4463",1968,"1967-68","Louisiana State","louisiana-state",4.8
"4464",1967,"1966-67","Louisiana State","louisiana-state",-9.99
"4465",1966,"1965-66","Louisiana State","louisiana-state",-8.89
"4466",1965,"1964-65","Louisiana State","louisiana-state",-7.11
"4467",1964,"1963-64","Louisiana State","louisiana-state",0.06
"4468",1963,"1962-63","Louisiana State","louisiana-state",-2.88
"4469",1962,"1961-62","Louisiana State","louisiana-state",3.57
"4470",1961,"1960-61","Louisiana State","louisiana-state",-2.3
"4471",1960,"1959-60","Louisiana State","louisiana-state",-13.32
"4472",1959,"1958-59","Louisiana State","louisiana-state",-4.67
"4473",1958,"1957-58","Louisiana State","louisiana-state",-11.66
"4474",1957,"1956-57","Louisiana State","louisiana-state",-9.02
"4475",1956,"1955-56","Louisiana State","louisiana-state",-12.59
"4476",1955,"1954-55","Louisiana State","louisiana-state",-11.58
"4477",1954,"1953-54","Louisiana State","louisiana-state",13.49
"4478",1953,"1952-53","Louisiana State","louisiana-state",7.4
"4479",1952,"1951-52","Louisiana State","louisiana-state",6.77
"4480",1951,"1950-51","Louisiana State","louisiana-state",-8.44
"4481",1950,"1949-50","Louisiana State","louisiana-state",-3.87
"4482",2026,"2025-26","Mississippi","mississippi",10.9
"4483",2025,"2024-25","Mississippi","mississippi",18.28
"4484",2024,"2023-24","Mississippi","mississippi",8.3
"4485",2023,"2022-23","Mississippi","mississippi",5.73
"4486",2022,"2021-22","Mississippi","mississippi",6.72
"4487",2021,"2020-21","Mississippi","mississippi",11.18
"4488",2020,"2019-20","Mississippi","mississippi",7.37
"4489",2019,"2018-19","Mississippi","mississippi",12.32
"4490",2018,"2017-18","Mississippi","mississippi",6.85
"4491",2017,"2016-17","Mississippi","mississippi",9.65
"4492",2016,"2015-16","Mississippi","mississippi",7.91
"4493",2015,"2014-15","Mississippi","mississippi",11.39
"4494",2014,"2013-14","Mississippi","mississippi",7.84
"4495",2013,"2012-13","Mississippi","mississippi",14.44
"4496",2012,"2011-12","Mississippi","mississippi",6.53
"4497",2011,"2010-11","Mississippi","mississippi",8.71
"4498",2010,"2009-10","Mississippi","mississippi",13.46
"4499",2009,"2008-09","Mississippi","mississippi",5.82
"4500",2008,"2007-08","Mississippi","mississippi",12.29
"4501",2007,"2006-07","Mississippi","mississippi",9.9
"4502",2006,"2005-06","Mississippi","mississippi",1.68
"4503",2005,"2004-05","Mississippi","mississippi",5.43
"4504",2004,"2003-04","Mississippi","mississippi",4.18
"4505",2003,"2002-03","Mississippi","mississippi",9.25
"4506",2002,"2001-02","Mississippi","mississippi",13.62
"4507",2001,"2000-01","Mississippi","mississippi",15.1
"4508",2000,"1999-00","Mississippi","mississippi",7.86
"4509",1999,"1998-99","Mississippi","mississippi",14.97
"4510",1998,"1997-98","Mississippi","mississippi",17.22
"4511",1997,"1996-97","Mississippi","mississippi",11.4
"4512",1996,"1995-96","Mississippi","mississippi",5.9
"4513",1995,"1994-95","Mississippi","mississippi",2.17
"4514",1994,"1993-94","Mississippi","mississippi",3.19
"4515",1993,"1992-93","Mississippi","mississippi",-2.08
"4516",1992,"1991-92","Mississippi","mississippi",3.61
"4517",1991,"1990-91","Mississippi","mississippi",1.35
"4518",1990,"1989-90","Mississippi","mississippi",5.52
"4519",1989,"1988-89","Mississippi","mississippi",4.41
"4520",1988,"1987-88","Mississippi","mississippi",4.96
"4521",1987,"1986-87","Mississippi","mississippi",9.33
"4522",1986,"1985-86","Mississippi","mississippi",5.21
"4523",1985,"1984-85","Mississippi","mississippi",0.04
"4524",1984,"1983-84","Mississippi","mississippi",-2.37
"4525",1983,"1982-83","Mississippi","mississippi",10.5
"4526",1982,"1981-82","Mississippi","mississippi",8.67
"4527",1981,"1980-81","Mississippi","mississippi",9.54
"4528",1980,"1979-80","Mississippi","mississippi",8.15
"4529",1979,"1978-79","Mississippi","mississippi",6.47
"4530",1978,"1977-78","Mississippi","mississippi",-0.16
"4531",1977,"1976-77","Mississippi","mississippi",2.28
"4532",1976,"1975-76","Mississippi","mississippi",-1.05
"4533",1975,"1974-75","Mississippi","mississippi",2.36
"4534",1974,"1973-74","Mississippi","mississippi",4.55
"4535",1973,"1972-73","Mississippi","mississippi",3.88
"4536",1972,"1971-72","Mississippi","mississippi",4.17
"4537",1971,"1970-71","Mississippi","mississippi",-3.82
"4538",1970,"1969-70","Mississippi","mississippi",-7.12
"4539",1969,"1968-69","Mississippi","mississippi",-2.79
"4540",1968,"1967-68","Mississippi","mississippi",-5.09
"4541",1967,"1966-67","Mississippi","mississippi",-2.08
"4542",1966,"1965-66","Mississippi","mississippi",-21.08
"4543",1965,"1964-65","Mississippi","mississippi",-19.68
"4544",1964,"1963-64","Mississippi","mississippi",-9.55
"4545",1963,"1962-63","Mississippi","mississippi",-8.22
"4546",1962,"1961-62","Mississippi","mississippi",-1.45
"4547",1961,"1960-61","Mississippi","mississippi",-8.8
"4548",1960,"1959-60","Mississippi","mississippi",-6.53
"4549",1959,"1958-59","Mississippi","mississippi",-7.19
"4550",1958,"1957-58","Mississippi","mississippi",-5.69
"4551",1957,"1956-57","Mississippi","mississippi",-4.84
"4552",1956,"1955-56","Mississippi","mississippi",-10.19
"4553",1955,"1954-55","Mississippi","mississippi",-6.01
"4554",1954,"1953-54","Mississippi","mississippi",-0.99
"4555",1953,"1952-53","Mississippi","mississippi",-7.05
"4556",1952,"1951-52","Mississippi","mississippi",1.36
"4557",1951,"1950-51","Mississippi","mississippi",-7.98
"4558",1950,"1949-50","Mississippi","mississippi",-11.74
"4559",2026,"2025-26","Mississippi State","mississippi-state",7.04
"4560",2025,"2024-25","Mississippi State","mississippi-state",17.14
"4561",2024,"2023-24","Mississippi State","mississippi-state",14.19
"4562",2023,"2022-23","Mississippi State","mississippi-state",11.43
"4563",2022,"2021-22","Mississippi State","mississippi-state",11.83
"4564",2021,"2020-21","Mississippi State","mississippi-state",9.24
"4565",2020,"2019-20","Mississippi State","mississippi-state",12.21
"4566",2019,"2018-19","Mississippi State","mississippi-state",15.96
"4567",2018,"2017-18","Mississippi State","mississippi-state",11.71
"4568",2017,"2016-17","Mississippi State","mississippi-state",7.12
"4569",2016,"2015-16","Mississippi State","mississippi-state",8.18
"4570",2015,"2014-15","Mississippi State","mississippi-state",2.53
"4571",2014,"2013-14","Mississippi State","mississippi-state",-0.86
"4572",2013,"2012-13","Mississippi State","mississippi-state",-4.52
"4573",2012,"2011-12","Mississippi State","mississippi-state",9.13
"4574",2011,"2010-11","Mississippi State","mississippi-state",3.38
"4575",2010,"2009-10","Mississippi State","mississippi-state",12.55
"4576",2009,"2008-09","Mississippi State","mississippi-state",9.1
"4577",2008,"2007-08","Mississippi State","mississippi-state",13.42
"4578",2007,"2006-07","Mississippi State","mississippi-state",15.31
"4579",2006,"2005-06","Mississippi State","mississippi-state",5.16
"4580",2005,"2004-05","Mississippi State","mississippi-state",12.55
"4581",2004,"2003-04","Mississippi State","mississippi-state",16.78
"4582",2003,"2002-03","Mississippi State","mississippi-state",17.65
"4583",2002,"2001-02","Mississippi State","mississippi-state",14.43
"4584",2001,"2000-01","Mississippi State","mississippi-state",13.05
"4585",2000,"1999-00","Mississippi State","mississippi-state",7.12
"4586",1999,"1998-99","Mississippi State","mississippi-state",8.76
"4587",1998,"1997-98","Mississippi State","mississippi-state",7.75
"4588",1997,"1996-97","Mississippi State","mississippi-state",1.98
"4589",1996,"1995-96","Mississippi State","mississippi-state",16.19
"4590",1995,"1994-95","Mississippi State","mississippi-state",17.28
"4591",1994,"1993-94","Mississippi State","mississippi-state",10.77
"4592",1993,"1992-93","Mississippi State","mississippi-state",1.31
"4593",1992,"1991-92","Mississippi State","mississippi-state",5.51
"4594",1991,"1990-91","Mississippi State","mississippi-state",12.87
"4595",1990,"1989-90","Mississippi State","mississippi-state",8.48
"4596",1989,"1988-89","Mississippi State","mississippi-state",3.33
"4597",1988,"1987-88","Mississippi State","mississippi-state",1.61
"4598",1987,"1986-87","Mississippi State","mississippi-state",-0.97
"4599",1986,"1985-86","Mississippi State","mississippi-state",4.73
"4600",1985,"1984-85","Mississippi State","mississippi-state",8.73
"4601",1984,"1983-84","Mississippi State","mississippi-state",4.45
"4602",1983,"1982-83","Mississippi State","mississippi-state",13.55
"4603",1982,"1981-82","Mississippi State","mississippi-state",-1.44
"4604",1981,"1980-81","Mississippi State","mississippi-state",3.77
"4605",1980,"1979-80","Mississippi State","mississippi-state",5.49
"4606",1979,"1978-79","Mississippi State","mississippi-state",12.37
"4607",1978,"1977-78","Mississippi State","mississippi-state",7.64
"4608",1977,"1976-77","Mississippi State","mississippi-state",9.97
"4609",1976,"1975-76","Mississippi State","mississippi-state",5.22
"4610",1975,"1974-75","Mississippi State","mississippi-state",-0.48
"4611",1974,"1973-74","Mississippi State","mississippi-state",4.66
"4612",1973,"1972-73","Mississippi State","mississippi-state",-1.08
"4613",1972,"1971-72","Mississippi State","mississippi-state",-2.51
"4614",1971,"1970-71","Mississippi State","mississippi-state",-1.49
"4615",1970,"1969-70","Mississippi State","mississippi-state",-8.35
"4616",1969,"1968-69","Mississippi State","mississippi-state",-7.06
"4617",1968,"1967-68","Mississippi State","mississippi-state",-0.89
"4618",1967,"1966-67","Mississippi State","mississippi-state",1.14
"4619",1966,"1965-66","Mississippi State","mississippi-state",-0.88
"4620",1965,"1964-65","Mississippi State","mississippi-state",-6.86
"4621",1964,"1963-64","Mississippi State","mississippi-state",-8.17
"4622",1963,"1962-63","Mississippi State","mississippi-state",5.29
"4623",1962,"1961-62","Mississippi State","mississippi-state",11.96
"4624",1961,"1960-61","Mississippi State","mississippi-state",2.34
"4625",1960,"1959-60","Mississippi State","mississippi-state",-5.65
"4626",1959,"1958-59","Mississippi State","mississippi-state",12.08
"4627",1958,"1957-58","Mississippi State","mississippi-state",6.05
"4628",1957,"1956-57","Mississippi State","mississippi-state",3.08
"4629",1956,"1955-56","Mississippi State","mississippi-state",-11.6
"4630",1955,"1954-55","Mississippi State","mississippi-state",-16.63
"4631",1954,"1953-54","Mississippi State","mississippi-state",-6.96
"4632",1953,"1952-53","Mississippi State","mississippi-state",-13.06
"4633",1952,"1951-52","Mississippi State","mississippi-state",-6.11
"4634",1951,"1950-51","Mississippi State","mississippi-state",-11.95
"4635",1950,"1949-50","Mississippi State","mississippi-state",-9.8
"4636",2026,"2025-26","Missouri","missouri",12.57
"4637",2025,"2024-25","Missouri","missouri",19.49
"4638",2024,"2023-24","Missouri","missouri",3.27
"4639",2023,"2022-23","Missouri","missouri",11.41
"4640",2022,"2021-22","Missouri","missouri",2.94
"4641",2021,"2020-21","Missouri","missouri",12.37
"4642",2020,"2019-20","Missouri","missouri",8.51
"4643",2019,"2018-19","Missouri","missouri",8.6
"4644",2018,"2017-18","Missouri","missouri",13.81
"4645",2017,"2016-17","Missouri","missouri",2.98
"4646",2016,"2015-16","Missouri","missouri",2.5
"4647",2015,"2014-15","Missouri","missouri",1.13
"4648",2014,"2013-14","Missouri","missouri",10.06
"4649",2013,"2012-13","Missouri","missouri",15.42
"4650",2012,"2011-12","Missouri","missouri",19.77
"4651",2011,"2010-11","Missouri","missouri",14.77
"4652",2010,"2009-10","Missouri","missouri",17.39
"4653",2009,"2008-09","Missouri","missouri",19.56
"4654",2008,"2007-08","Missouri","missouri",11.75
"4655",2007,"2006-07","Missouri","missouri",10.77
"4656",2006,"2005-06","Missouri","missouri",1.99
"4657",2005,"2004-05","Missouri","missouri",7.3
"4658",2004,"2003-04","Missouri","missouri",10.67
"4659",2003,"2002-03","Missouri","missouri",14.88
"4660",2002,"2001-02","Missouri","missouri",14.22
"4661",2001,"2000-01","Missouri","missouri",10.76
"4662",2000,"1999-00","Missouri","missouri",12.55
"4663",1999,"1998-99","Missouri","missouri",12.5
"4664",1998,"1997-98","Missouri","missouri",6.81
"4665",1997,"1996-97","Missouri","missouri",8.95
"4666",1996,"1995-96","Missouri","missouri",7.17
"4667",1995,"1994-95","Missouri","missouri",11.94
"4668",1994,"1993-94","Missouri","missouri",15.68
"4669",1993,"1992-93","Missouri","missouri",13.38
"4670",1992,"1991-92","Missouri","missouri",18
"4671",1991,"1990-91","Missouri","missouri",16.35
"4672",1990,"1989-90","Missouri","missouri",15.85
"4673",1989,"1988-89","Missouri","missouri",20.8
"4674",1988,"1987-88","Missouri","missouri",17.8
"4675",1987,"1986-87","Missouri","missouri",11.31
"4676",1986,"1985-86","Missouri","missouri",12.58
"4677",1985,"1984-85","Missouri","missouri",6.4
"4678",1984,"1983-84","Missouri","missouri",8.02
"4679",1983,"1982-83","Missouri","missouri",15.39
"4680",1982,"1981-82","Missouri","missouri",18.07
"4681",1981,"1980-81","Missouri","missouri",10.94
"4682",1980,"1979-80","Missouri","missouri",12.81
"4683",1979,"1978-79","Missouri","missouri",2.61
"4684",1978,"1977-78","Missouri","missouri",3.51
"4685",1977,"1976-77","Missouri","missouri",11.07
"4686",1976,"1975-76","Missouri","missouri",12.35
"4687",1975,"1974-75","Missouri","missouri",4.65
"4688",1974,"1973-74","Missouri","missouri",3.06
"4689",1973,"1972-73","Missouri","missouri",7.48
"4690",1972,"1971-72","Missouri","missouri",9.76
"4691",1971,"1970-71","Missouri","missouri",2.72
"4692",1970,"1969-70","Missouri","missouri",5.1
"4693",1969,"1968-69","Missouri","missouri",4.74
"4694",1968,"1967-68","Missouri","missouri",1.19
"4695",1967,"1966-67","Missouri","missouri",-7.33
"4696",1966,"1965-66","Missouri","missouri",-10.38
"4697",1965,"1964-65","Missouri","missouri",3.68
"4698",1964,"1963-64","Missouri","missouri",2.44
"4699",1963,"1962-63","Missouri","missouri",0.61
"4700",1962,"1961-62","Missouri","missouri",3.69
"4701",1961,"1960-61","Missouri","missouri",2.1
"4702",1960,"1959-60","Missouri","missouri",3.18
"4703",1959,"1958-59","Missouri","missouri",-1.63
"4704",1958,"1957-58","Missouri","missouri",1.95
"4705",1957,"1956-57","Missouri","missouri",8.11
"4706",1956,"1955-56","Missouri","missouri",11.88
"4707",1955,"1954-55","Missouri","missouri",12.16
"4708",1954,"1953-54","Missouri","missouri",7.2
"4709",1953,"1952-53","Missouri","missouri",5.67
"4710",1952,"1951-52","Missouri","missouri",4.2
"4711",1951,"1950-51","Missouri","missouri",8.18
"4712",1950,"1949-50","Missouri","missouri",7.64
"4713",2026,"2025-26","Oklahoma","oklahoma",14.7
"4714",2025,"2024-25","Oklahoma","oklahoma",14.86
"4715",2024,"2023-24","Oklahoma","oklahoma",14.66
"4716",2023,"2022-23","Oklahoma","oklahoma",11.38
"4717",2022,"2021-22","Oklahoma","oklahoma",14.12
"4718",2021,"2020-21","Oklahoma","oklahoma",13.52
"4719",2020,"2019-20","Oklahoma","oklahoma",13.48
"4720",2019,"2018-19","Oklahoma","oklahoma",15.3
"4721",2018,"2017-18","Oklahoma","oklahoma",13.81
"4722",2017,"2016-17","Oklahoma","oklahoma",11.42
"4723",2016,"2015-16","Oklahoma","oklahoma",19.76
"4724",2015,"2014-15","Oklahoma","oklahoma",18.65
"4725",2014,"2013-14","Oklahoma","oklahoma",14.91
"4726",2013,"2012-13","Oklahoma","oklahoma",11.4
"4727",2012,"2011-12","Oklahoma","oklahoma",7.28
"4728",2011,"2010-11","Oklahoma","oklahoma",3.71
"4729",2010,"2009-10","Oklahoma","oklahoma",6.24
"4730",2009,"2008-09","Oklahoma","oklahoma",18.07
"4731",2008,"2007-08","Oklahoma","oklahoma",11.97
"4732",2007,"2006-07","Oklahoma","oklahoma",13.02
"4733",2006,"2005-06","Oklahoma","oklahoma",11.89
"4734",2005,"2004-05","Oklahoma","oklahoma",19.96
"4735",2004,"2003-04","Oklahoma","oklahoma",10.53
"4736",2003,"2002-03","Oklahoma","oklahoma",18.86
"4737",2002,"2001-02","Oklahoma","oklahoma",21.02
"4738",2001,"2000-01","Oklahoma","oklahoma",15.56
"4739",2000,"1999-00","Oklahoma","oklahoma",19.25
"4740",1999,"1998-99","Oklahoma","oklahoma",13.28
"4741",1998,"1997-98","Oklahoma","oklahoma",9.41
"4742",1997,"1996-97","Oklahoma","oklahoma",13.97
"4743",1996,"1995-96","Oklahoma","oklahoma",12.79
"4744",1995,"1994-95","Oklahoma","oklahoma",15.22
"4745",1994,"1993-94","Oklahoma","oklahoma",9.62
"4746",1993,"1992-93","Oklahoma","oklahoma",17.87
"4747",1992,"1991-92","Oklahoma","oklahoma",19.02
"4748",1991,"1990-91","Oklahoma","oklahoma",17.21
"4749",1990,"1989-90","Oklahoma","oklahoma",26.2
"4750",1989,"1988-89","Oklahoma","oklahoma",23.95
"4751",1988,"1987-88","Oklahoma","oklahoma",29.48
"4752",1987,"1986-87","Oklahoma","oklahoma",16.8
"4753",1986,"1985-86","Oklahoma","oklahoma",17.9
"4754",1985,"1984-85","Oklahoma","oklahoma",18.12
"4755",1984,"1983-84","Oklahoma","oklahoma",17.82
"4756",1983,"1982-83","Oklahoma","oklahoma",14.58
"4757",1982,"1981-82","Oklahoma","oklahoma",7.36
"4758",1981,"1980-81","Oklahoma","oklahoma",-1.84
"4759",1980,"1979-80","Oklahoma","oklahoma",5.07
"4760",1979,"1978-79","Oklahoma","oklahoma",8.26
"4761",1978,"1977-78","Oklahoma","oklahoma",7.18
"4762",1977,"1976-77","Oklahoma","oklahoma",6.81
"4763",1976,"1975-76","Oklahoma","oklahoma",-0.23
"4764",1975,"1974-75","Oklahoma","oklahoma",3.87
"4765",1974,"1973-74","Oklahoma","oklahoma",11.12
"4766",1973,"1972-73","Oklahoma","oklahoma",3.33
"4767",1972,"1971-72","Oklahoma","oklahoma",2.24
"4768",1971,"1970-71","Oklahoma","oklahoma",7.32
"4769",1970,"1969-70","Oklahoma","oklahoma",2.04
"4770",1969,"1968-69","Oklahoma","oklahoma",-6.41
"4771",1968,"1967-68","Oklahoma","oklahoma",0.32
"4772",1967,"1966-67","Oklahoma","oklahoma",-2.84
"4773",1966,"1965-66","Oklahoma","oklahoma",2.4
"4774",1965,"1964-65","Oklahoma","oklahoma",1.94
"4775",1964,"1963-64","Oklahoma","oklahoma",-4.6
"4776",1963,"1962-63","Oklahoma","oklahoma",0.29
"4777",1962,"1961-62","Oklahoma","oklahoma",-0.04
"4778",1961,"1960-61","Oklahoma","oklahoma",2.73
"4779",1960,"1959-60","Oklahoma","oklahoma",7.59
"4780",1959,"1958-59","Oklahoma","oklahoma",2.03
"4781",1958,"1957-58","Oklahoma","oklahoma",6.49
"4782",1957,"1956-57","Oklahoma","oklahoma",3.19
"4783",1956,"1955-56","Oklahoma","oklahoma",-1.06
"4784",1955,"1954-55","Oklahoma","oklahoma",-3.56
"4785",1954,"1953-54","Oklahoma","oklahoma",1.2
"4786",1953,"1952-53","Oklahoma","oklahoma",3.44
"4787",1952,"1951-52","Oklahoma","oklahoma",-1.49
"4788",1951,"1950-51","Oklahoma","oklahoma",9.95
"4789",1950,"1949-50","Oklahoma","oklahoma",8.87
"4790",2026,"2025-26","South Carolina","south-carolina",7.37
"4791",2025,"2024-25","South Carolina","south-carolina",9.89
"4792",2024,"2023-24","South Carolina","south-carolina",10.98
"4793",2023,"2022-23","South Carolina","south-carolina",-2.28
"4794",2022,"2021-22","South Carolina","south-carolina",7.14
"4795",2021,"2020-21","South Carolina","south-carolina",3.39
"4796",2020,"2019-20","South Carolina","south-carolina",10.27
"4797",2019,"2018-19","South Carolina","south-carolina",8.34
"4798",2018,"2017-18","South Carolina","south-carolina",9.45
"4799",2017,"2016-17","South Carolina","south-carolina",17.52
"4800",2016,"2015-16","South Carolina","south-carolina",12.01
"4801",2015,"2014-15","South Carolina","south-carolina",10.55
"4802",2014,"2013-14","South Carolina","south-carolina",5.41
"4803",2013,"2012-13","South Carolina","south-carolina",-0.68
"4804",2012,"2011-12","South Carolina","south-carolina",2.65
"4805",2011,"2010-11","South Carolina","south-carolina",4.17
"4806",2010,"2009-10","South Carolina","south-carolina",8.26
"4807",2009,"2008-09","South Carolina","south-carolina",8.78
"4808",2008,"2007-08","South Carolina","south-carolina",7.3
"4809",2007,"2006-07","South Carolina","south-carolina",3.79
"4810",2006,"2005-06","South Carolina","south-carolina",13.3
"4811",2005,"2004-05","South Carolina","south-carolina",11.82
"4812",2004,"2003-04","South Carolina","south-carolina",12.77
"4813",2003,"2002-03","South Carolina","south-carolina",7.39
"4814",2002,"2001-02","South Carolina","south-carolina",16.32
"4815",2001,"2000-01","South Carolina","south-carolina",10.06
"4816",2000,"1999-00","South Carolina","south-carolina",9.97
"4817",1999,"1998-99","South Carolina","south-carolina",0.66
"4818",1998,"1997-98","South Carolina","south-carolina",12.51
"4819",1997,"1996-97","South Carolina","south-carolina",15.09
"4820",1996,"1995-96","South Carolina","south-carolina",11
"4821",1995,"1994-95","South Carolina","south-carolina",3.03
"4822",1994,"1993-94","South Carolina","south-carolina",4.18
"4823",1993,"1992-93","South Carolina","south-carolina",3.43
"4824",1992,"1991-92","South Carolina","south-carolina",5.22
"4825",1991,"1990-91","South Carolina","south-carolina",8.02
"4826",1990,"1989-90","South Carolina","south-carolina",2.2
"4827",1989,"1988-89","South Carolina","south-carolina",7.77
"4828",1988,"1987-88","South Carolina","south-carolina",8.36
"4829",1987,"1986-87","South Carolina","south-carolina",4.78
"4830",1986,"1985-86","South Carolina","south-carolina",4.76
"4831",1985,"1984-85","South Carolina","south-carolina",2.17
"4832",1984,"1983-84","South Carolina","south-carolina",3.74
"4833",1983,"1982-83","South Carolina","south-carolina",4.8
"4834",1982,"1981-82","South Carolina","south-carolina",2.11
"4835",1981,"1980-81","South Carolina","south-carolina",1.62
"4836",1980,"1979-80","South Carolina","south-carolina",0.67
"4837",1979,"1978-79","South Carolina","south-carolina",1.7
"4838",1978,"1977-78","South Carolina","south-carolina",4.29
"4839",1977,"1976-77","South Carolina","south-carolina",4.18
"4840",1976,"1975-76","South Carolina","south-carolina",7.09
"4841",1975,"1974-75","South Carolina","south-carolina",9.52
"4842",1974,"1973-74","South Carolina","south-carolina",13.42
"4843",1973,"1972-73","South Carolina","south-carolina",11.1
"4844",1972,"1971-72","South Carolina","south-carolina",14.32
"4845",1971,"1970-71","South Carolina","south-carolina",15.05
"4846",1970,"1969-70","South Carolina","south-carolina",19.11
"4847",1969,"1968-69","South Carolina","south-carolina",8.43
"4848",1968,"1967-68","South Carolina","south-carolina",8.96
"4849",1967,"1966-67","South Carolina","south-carolina",6.87
"4850",1966,"1965-66","South Carolina","south-carolina",0.97
"4851",1965,"1964-65","South Carolina","south-carolina",-7.99
"4852",1964,"1963-64","South Carolina","south-carolina",-1.27
"4853",1963,"1962-63","South Carolina","south-carolina",-4.71
"4854",1962,"1961-62","South Carolina","south-carolina",2.94
"4855",1961,"1960-61","South Carolina","south-carolina",-10.59
"4856",1960,"1959-60","South Carolina","south-carolina",-6.7
"4857",1959,"1958-59","South Carolina","south-carolina",-8.05
"4858",1958,"1957-58","South Carolina","south-carolina",-11.43
"4859",1957,"1956-57","South Carolina","south-carolina",1.41
"4860",1956,"1955-56","South Carolina","south-carolina",-3.85
"4861",1955,"1954-55","South Carolina","south-carolina",-9.52
"4862",1954,"1953-54","South Carolina","south-carolina",-16.39
"4863",1953,"1952-53","South Carolina","south-carolina",-13.35
"4864",1952,"1951-52","South Carolina","south-carolina",-11.24
"4865",1951,"1950-51","South Carolina","south-carolina",-7.25
"4866",1950,"1949-50","South Carolina","south-carolina",-12.53
"4867",2026,"2025-26","Tennessee","tennessee",22.16
"4868",2025,"2024-25","Tennessee","tennessee",24.2
"4869",2024,"2023-24","Tennessee","tennessee",21.81
"4870",2023,"2022-23","Tennessee","tennessee",20.84
"4871",2022,"2021-22","Tennessee","tennessee",20.46
"4872",2021,"2020-21","Tennessee","tennessee",16.87
"4873",2020,"2019-20","Tennessee","tennessee",11.18
"4874",2019,"2018-19","Tennessee","tennessee",21.55
"4875",2018,"2017-18","Tennessee","tennessee",18.2
"4876",2017,"2016-17","Tennessee","tennessee",11.28
"4877",2016,"2015-16","Tennessee","tennessee",7.8
"4878",2015,"2014-15","Tennessee","tennessee",7.23
"4879",2014,"2013-14","Tennessee","tennessee",17.34
"4880",2013,"2012-13","Tennessee","tennessee",9.04
"4881",2012,"2011-12","Tennessee","tennessee",9.49
"4882",2011,"2010-11","Tennessee","tennessee",11.08
"4883",2010,"2009-10","Tennessee","tennessee",16.05
"4884",2009,"2008-09","Tennessee","tennessee",13.6
"4885",2008,"2007-08","Tennessee","tennessee",18.41
"4886",2007,"2006-07","Tennessee","tennessee",14.97
"4887",2006,"2005-06","Tennessee","tennessee",14.73
"4888",2005,"2004-05","Tennessee","tennessee",8.47
"4889",2004,"2003-04","Tennessee","tennessee",7.38
"4890",2003,"2002-03","Tennessee","tennessee",9.88
"4891",2002,"2001-02","Tennessee","tennessee",11.2
"4892",2001,"2000-01","Tennessee","tennessee",15.54
"4893",2000,"1999-00","Tennessee","tennessee",18.93
"4894",1999,"1998-99","Tennessee","tennessee",14.18
"4895",1998,"1997-98","Tennessee","tennessee",11.15
"4896",1997,"1996-97","Tennessee","tennessee",1.98
"4897",1996,"1995-96","Tennessee","tennessee",8.7
"4898",1995,"1994-95","Tennessee","tennessee",5.49
"4899",1994,"1993-94","Tennessee","tennessee",1.25
"4900",1993,"1992-93","Tennessee","tennessee",7.81
"4901",1992,"1991-92","Tennessee","tennessee",8.72
"4902",1991,"1990-91","Tennessee","tennessee",5.59
"4903",1990,"1989-90","Tennessee","tennessee",6.28
"4904",1989,"1988-89","Tennessee","tennessee",9.21
"4905",1988,"1987-88","Tennessee","tennessee",8.11
"4906",1987,"1986-87","Tennessee","tennessee",13.58
"4907",1986,"1985-86","Tennessee","tennessee",9.07
"4908",1985,"1984-85","Tennessee","tennessee",9.65
"4909",1984,"1983-84","Tennessee","tennessee",9.17
"4910",1983,"1982-83","Tennessee","tennessee",12.29
"4911",1982,"1981-82","Tennessee","tennessee",9.75
"4912",1981,"1980-81","Tennessee","tennessee",15.27
"4913",1980,"1979-80","Tennessee","tennessee",10.77
"4914",1979,"1978-79","Tennessee","tennessee",11.5
"4915",1978,"1977-78","Tennessee","tennessee",3.45
"4916",1977,"1976-77","Tennessee","tennessee",15
"4917",1976,"1975-76","Tennessee","tennessee",12.91
"4918",1975,"1974-75","Tennessee","tennessee",14.77
"4919",1974,"1973-74","Tennessee","tennessee",10.28
"4920",1973,"1972-73","Tennessee","tennessee",6.16
"4921",1972,"1971-72","Tennessee","tennessee",7.8
"4922",1971,"1970-71","Tennessee","tennessee",10.53
"4923",1970,"1969-70","Tennessee","tennessee",3.27
"4924",1969,"1968-69","Tennessee","tennessee",10.97
"4925",1968,"1967-68","Tennessee","tennessee",14.78
"4926",1967,"1966-67","Tennessee","tennessee",13.69
"4927",1966,"1965-66","Tennessee","tennessee",13.54
"4928",1965,"1964-65","Tennessee","tennessee",15.69
"4929",1964,"1963-64","Tennessee","tennessee",7.14
"4930",1963,"1962-63","Tennessee","tennessee",1.82
"4931",1962,"1961-62","Tennessee","tennessee",-6.49
"4932",1961,"1960-61","Tennessee","tennessee",-3.29
"4933",1960,"1959-60","Tennessee","tennessee",-0.45
"4934",1959,"1958-59","Tennessee","tennessee",5.59
"4935",1958,"1957-58","Tennessee","tennessee",5.75
"4936",1957,"1956-57","Tennessee","tennessee",3.45
"4937",1956,"1955-56","Tennessee","tennessee",-10.27
"4938",1955,"1954-55","Tennessee","tennessee",3.21
"4939",1954,"1953-54","Tennessee","tennessee",-4.82
"4940",1953,"1952-53","Tennessee","tennessee",-4.71
"4941",1952,"1951-52","Tennessee","tennessee",-1.64
"4942",1951,"1950-51","Tennessee","tennessee",-8.38
"4943",1950,"1949-50","Tennessee","tennessee",-3.71
"4944",2026,"2025-26","Texas","texas",16.71
"4945",2025,"2024-25","Texas","texas",15.65
"4946",2024,"2023-24","Texas","texas",15.91
"4947",2023,"2022-23","Texas","texas",20.56
"4948",2022,"2021-22","Texas","texas",17.01
"4949",2021,"2020-21","Texas","texas",15.51
"4950",2020,"2019-20","Texas","texas",10.47
"4951",2019,"2018-19","Texas","texas",16.06
"4952",2018,"2017-18","Texas","texas",13.96
"4953",2017,"2016-17","Texas","texas",10.99
"4954",2016,"2015-16","Texas","texas",14.8
"4955",2015,"2014-15","Texas","texas",16.16
"4956",2014,"2013-14","Texas","texas",12.67
"4957",2013,"2012-13","Texas","texas",6.84
"4958",2012,"2011-12","Texas","texas",14
"4959",2011,"2010-11","Texas","texas",20.82
"4960",2010,"2009-10","Texas","texas",18.56
"4961",2009,"2008-09","Texas","texas",14.83
"4962",2008,"2007-08","Texas","texas",18.13
"4963",2007,"2006-07","Texas","texas",15.6
"4964",2006,"2005-06","Texas","texas",21.89
"4965",2005,"2004-05","Texas","texas",15.49
"4966",2004,"2003-04","Texas","texas",18.52
"4967",2003,"2002-03","Texas","texas",18.91
"4968",2002,"2001-02","Texas","texas",14.32
"4969",2001,"2000-01","Texas","texas",14.25
"4970",2000,"1999-00","Texas","texas",20.43
"4971",1999,"1998-99","Texas","texas",10.89
"4972",1998,"1997-98","Texas","texas",4.53
"4973",1997,"1996-97","Texas","texas",12.34
"4974",1996,"1995-96","Texas","texas",12.44
"4975",1995,"1994-95","Texas","texas",15.72
"4976",1994,"1993-94","Texas","texas",15.11
"4977",1993,"1992-93","Texas","texas",2.93
"4978",1992,"1991-92","Texas","texas",11.34
"4979",1991,"1990-91","Texas","texas",14.82
"4980",1990,"1989-90","Texas","texas",13.91
"4981",1989,"1988-89","Texas","texas",9.69
"4982",1988,"1987-88","Texas","texas",-0.75
"4983",1987,"1986-87","Texas","texas",2.1
"4984",1986,"1985-86","Texas","texas",7.43
"4985",1985,"1984-85","Texas","texas",3.91
"4986",1984,"1983-84","Texas","texas",-8.73
"4987",1983,"1982-83","Texas","texas",-12.03
"4988",1982,"1981-82","Texas","texas",8.91
"4989",1981,"1980-81","Texas","texas",3.3
"4990",1980,"1979-80","Texas","texas",7.79
"4991",1979,"1978-79","Texas","texas",12.03
"4992",1978,"1977-78","Texas","texas",16.05
"4993",1977,"1976-77","Texas","texas",0.71
"4994",1976,"1975-76","Texas","texas",-2.19
"4995",1975,"1974-75","Texas","texas",-5.58
"4996",1974,"1973-74","Texas","texas",0.89
"4997",1973,"1972-73","Texas","texas",0.11
"4998",1972,"1971-72","Texas","texas",0.97
"4999",1971,"1970-71","Texas","texas",-3.59
"5000",1970,"1969-70","Texas","texas",-4.05
"5001",1969,"1968-69","Texas","texas",-5.29
"5002",1968,"1967-68","Texas","texas",-3.91
"5003",1967,"1966-67","Texas","texas",-4.81
"5004",1966,"1965-66","Texas","texas",-5.86
"5005",1965,"1964-65","Texas","texas",0.93
"5006",1964,"1963-64","Texas","texas",2.56
"5007",1963,"1962-63","Texas","texas",8.32
"5008",1962,"1961-62","Texas","texas",3.77
"5009",1961,"1960-61","Texas","texas",-2.61
"5010",1960,"1959-60","Texas","texas",5.66
"5011",1959,"1958-59","Texas","texas",-8.94
"5012",1958,"1957-58","Texas","texas",-7
"5013",1957,"1956-57","Texas","texas",-0.32
"5014",1956,"1955-56","Texas","texas",1.32
"5015",1955,"1954-55","Texas","texas",-15.37
"5016",1954,"1953-54","Texas","texas",5.76
"5017",1953,"1952-53","Texas","texas",-1.1
"5018",1952,"1951-52","Texas","texas",1.72
"5019",1951,"1950-51","Texas","texas",-1.29
"5020",1950,"1949-50","Texas","texas",-5.7
"5021",2026,"2025-26","Texas Am","texas-am",16.25
"5022",2025,"2024-25","Texas Am","texas-am",19.3
"5023",2024,"2023-24","Texas Am","texas-am",13.35
"5024",2023,"2022-23","Texas Am","texas-am",13.76
"5025",2022,"2021-22","Texas Am","texas-am",12.93
"5026",2021,"2020-21","Texas Am","texas-am",2.2
"5027",2020,"2019-20","Texas Am","texas-am",4.93
"5028",2019,"2018-19","Texas Am","texas-am",7.21
"5029",2018,"2017-18","Texas Am","texas-am",15.3
"5030",2017,"2016-17","Texas Am","texas-am",10.36
"5031",2016,"2015-16","Texas Am","texas-am",18.45
"5032",2015,"2014-15","Texas Am","texas-am",10.73
"5033",2014,"2013-14","Texas Am","texas-am",5.5
"5034",2013,"2012-13","Texas Am","texas-am",6.51
"5035",2012,"2011-12","Texas Am","texas-am",5.57
"5036",2011,"2010-11","Texas Am","texas-am",12.62
"5037",2010,"2009-10","Texas Am","texas-am",15.24
"5038",2009,"2008-09","Texas Am","texas-am",10.52
"5039",2008,"2007-08","Texas Am","texas-am",16.2
"5040",2007,"2006-07","Texas Am","texas-am",21.27
"5041",2006,"2005-06","Texas Am","texas-am",13.19
"5042",2005,"2004-05","Texas Am","texas-am",13.15
"5043",2004,"2003-04","Texas Am","texas-am",-1.51
"5044",2003,"2002-03","Texas Am","texas-am",5.98
"5045",2002,"2001-02","Texas Am","texas-am",-3.02
"5046",2001,"2000-01","Texas Am","texas-am",-2.18
"5047",2000,"1999-00","Texas Am","texas-am",-3.85
"5048",1999,"1998-99","Texas Am","texas-am",-0.73
"5049",1998,"1997-98","Texas Am","texas-am",0.04
"5050",1997,"1996-97","Texas Am","texas-am",2.43
"5051",1996,"1995-96","Texas Am","texas-am",-0.69
"5052",1995,"1994-95","Texas Am","texas-am",-1.81
"5053",1994,"1993-94","Texas Am","texas-am",3.15
"5054",1993,"1992-93","Texas Am","texas-am",0.92
"5055",1992,"1991-92","Texas Am","texas-am",-6.39
"5056",1991,"1990-91","Texas Am","texas-am",-4.31
"5057",1990,"1989-90","Texas Am","texas-am",0.78
"5058",1989,"1988-89","Texas Am","texas-am",2.62
"5059",1988,"1987-88","Texas Am","texas-am",-1.31
"5060",1987,"1986-87","Texas Am","texas-am",5.35
"5061",1986,"1985-86","Texas Am","texas-am",6.33
"5062",1985,"1984-85","Texas Am","texas-am",7.19
"5063",1984,"1983-84","Texas Am","texas-am",-0.11
"5064",1983,"1982-83","Texas Am","texas-am",3.15
"5065",1982,"1981-82","Texas Am","texas-am",9.73
"5066",1981,"1980-81","Texas Am","texas-am",6.19
"5067",1980,"1979-80","Texas Am","texas-am",9.28
"5068",1979,"1978-79","Texas Am","texas-am",10.06
"5069",1978,"1977-78","Texas Am","texas-am",0.43
"5070",1977,"1976-77","Texas Am","texas-am",-1.88
"5071",1976,"1975-76","Texas Am","texas-am",7.48
"5072",1975,"1974-75","Texas Am","texas-am",5.01
"5073",1974,"1973-74","Texas Am","texas-am",-4.06
"5074",1973,"1972-73","Texas Am","texas-am",1.38
"5075",1972,"1971-72","Texas Am","texas-am",-3.97
"5076",1971,"1970-71","Texas Am","texas-am",-10.33
"5077",1970,"1969-70","Texas Am","texas-am",-1.16
"5078",1969,"1968-69","Texas Am","texas-am",-1.6
"5079",1968,"1967-68","Texas Am","texas-am",-2.93
"5080",1967,"1966-67","Texas Am","texas-am",-13.43
"5081",1966,"1965-66","Texas Am","texas-am",-2.9
"5082",1965,"1964-65","Texas Am","texas-am",-1.88
"5083",1964,"1963-64","Texas Am","texas-am",3.57
"5084",1963,"1962-63","Texas Am","texas-am",4.47
"5085",1962,"1961-62","Texas Am","texas-am",7.66
"5086",1961,"1960-61","Texas Am","texas-am",7.32
"5087",1960,"1959-60","Texas Am","texas-am",10.75
"5088",1959,"1958-59","Texas Am","texas-am",4.03
"5089",1958,"1957-58","Texas Am","texas-am",-1.13
"5090",1957,"1956-57","Texas Am","texas-am",-5.39
"5091",1956,"1955-56","Texas Am","texas-am",-10.62
"5092",1955,"1954-55","Texas Am","texas-am",-19.04
"5093",1954,"1953-54","Texas Am","texas-am",-10.76
"5094",1953,"1952-53","Texas Am","texas-am",-11.34
"5095",1952,"1951-52","Texas Am","texas-am",-3.47
"5096",1951,"1950-51","Texas Am","texas-am",-2.66
"5097",1950,"1949-50","Texas Am","texas-am",-4.5
"5098",2026,"2025-26","Vanderbilt","vanderbilt",22.34
"5099",2025,"2024-25","Vanderbilt","vanderbilt",14.66
"5100",2024,"2023-24","Vanderbilt","vanderbilt",0.19
"5101",2023,"2022-23","Vanderbilt","vanderbilt",8.98
"5102",2022,"2021-22","Vanderbilt","vanderbilt",11
"5103",2021,"2020-21","Vanderbilt","vanderbilt",6.14
"5104",2020,"2019-20","Vanderbilt","vanderbilt",3.16
"5105",2019,"2018-19","Vanderbilt","vanderbilt",3.57
"5106",2018,"2017-18","Vanderbilt","vanderbilt",8.52
"5107",2017,"2016-17","Vanderbilt","vanderbilt",13.69
"5108",2016,"2015-16","Vanderbilt","vanderbilt",17.2
"5109",2015,"2014-15","Vanderbilt","vanderbilt",11.89
"5110",2014,"2013-14","Vanderbilt","vanderbilt",5.52
"5111",2013,"2012-13","Vanderbilt","vanderbilt",6.26
"5112",2012,"2011-12","Vanderbilt","vanderbilt",15.71
"5113",2011,"2010-11","Vanderbilt","vanderbilt",15.1
"5114",2010,"2009-10","Vanderbilt","vanderbilt",15.24
"5115",2009,"2008-09","Vanderbilt","vanderbilt",8.18
"5116",2008,"2007-08","Vanderbilt","vanderbilt",10.96
"5117",2007,"2006-07","Vanderbilt","vanderbilt",12.76
"5118",2006,"2005-06","Vanderbilt","vanderbilt",10.63
"5119",2005,"2004-05","Vanderbilt","vanderbilt",13.57
"5120",2004,"2003-04","Vanderbilt","vanderbilt",15.69
"5121",2003,"2002-03","Vanderbilt","vanderbilt",6.15
"5122",2002,"2001-02","Vanderbilt","vanderbilt",6.66
"5123",2001,"2000-01","Vanderbilt","vanderbilt",8.66
"5124",2000,"1999-00","Vanderbilt","vanderbilt",12.64
"5125",1999,"1998-99","Vanderbilt","vanderbilt",5.89
"5126",1998,"1997-98","Vanderbilt","vanderbilt",11.68
"5127",1997,"1996-97","Vanderbilt","vanderbilt",11.55
"5128",1996,"1995-96","Vanderbilt","vanderbilt",7.94
"5129",1995,"1994-95","Vanderbilt","vanderbilt",10.98
"5130",1994,"1993-94","Vanderbilt","vanderbilt",13.5
"5131",1993,"1992-93","Vanderbilt","vanderbilt",19.81
"5132",1992,"1991-92","Vanderbilt","vanderbilt",7.03
"5133",1991,"1990-91","Vanderbilt","vanderbilt",12.56
"5134",1990,"1989-90","Vanderbilt","vanderbilt",7.9
"5135",1989,"1988-89","Vanderbilt","vanderbilt",11.82
"5136",1988,"1987-88","Vanderbilt","vanderbilt",13.88
"5137",1987,"1986-87","Vanderbilt","vanderbilt",10.19
"5138",1986,"1985-86","Vanderbilt","vanderbilt",5.68
"5139",1985,"1984-85","Vanderbilt","vanderbilt",3.76
"5140",1984,"1983-84","Vanderbilt","vanderbilt",8.91
"5141",1983,"1982-83","Vanderbilt","vanderbilt",7.75
"5142",1982,"1981-82","Vanderbilt","vanderbilt",6.6
"5143",1981,"1980-81","Vanderbilt","vanderbilt",8.71
"5144",1980,"1979-80","Vanderbilt","vanderbilt",5.1
"5145",1979,"1978-79","Vanderbilt","vanderbilt",8.22
"5146",1978,"1977-78","Vanderbilt","vanderbilt",1.83
"5147",1977,"1976-77","Vanderbilt","vanderbilt",3.28
"5148",1976,"1975-76","Vanderbilt","vanderbilt",5.97
"5149",1975,"1974-75","Vanderbilt","vanderbilt",8.28
"5150",1974,"1973-74","Vanderbilt","vanderbilt",11.16
"5151",1973,"1972-73","Vanderbilt","vanderbilt",8.3
"5152",1972,"1971-72","Vanderbilt","vanderbilt",3.84
"5153",1971,"1970-71","Vanderbilt","vanderbilt",3.94
"5154",1970,"1969-70","Vanderbilt","vanderbilt",3.12
"5155",1969,"1968-69","Vanderbilt","vanderbilt",5.38
"5156",1968,"1967-68","Vanderbilt","vanderbilt",13.29
"5157",1967,"1966-67","Vanderbilt","vanderbilt",9.79
"5158",1966,"1965-66","Vanderbilt","vanderbilt",13.6
"5159",1965,"1964-65","Vanderbilt","vanderbilt",15.29
"5160",1964,"1963-64","Vanderbilt","vanderbilt",11.62
"5161",1963,"1962-63","Vanderbilt","vanderbilt",2.78
"5162",1962,"1961-62","Vanderbilt","vanderbilt",3.53
"5163",1961,"1960-61","Vanderbilt","vanderbilt",5.16
"5164",1960,"1959-60","Vanderbilt","vanderbilt",-0.98
"5165",1959,"1958-59","Vanderbilt","vanderbilt",6.16
"5166",1958,"1957-58","Vanderbilt","vanderbilt",3.54
"5167",1957,"1956-57","Vanderbilt","vanderbilt",13.17
"5168",1956,"1955-56","Vanderbilt","vanderbilt",5.7
"5169",1955,"1954-55","Vanderbilt","vanderbilt",6.92
"5170",1954,"1953-54","Vanderbilt","vanderbilt",0.58
"5171",1953,"1952-53","Vanderbilt","vanderbilt",-1.97
"5172",1952,"1951-52","Vanderbilt","vanderbilt",1.06
"5173",1951,"1950-51","Vanderbilt","vanderbilt",-0.87
"5174",1950,"1949-50","Vanderbilt","vanderbilt",3.76
"5175",2026,"2025-26","Butler","butler",10.26
"5176",2025,"2024-25","Butler","butler",10.03
"5177",2024,"2023-24","Butler","butler",12.18
"5178",2023,"2022-23","Butler","butler",5.85
"5179",2022,"2021-22","Butler","butler",4.45
"5180",2021,"2020-21","Butler","butler",4.76
"5181",2020,"2019-20","Butler","butler",15.56
"5182",2019,"2018-19","Butler","butler",9.22
"5183",2018,"2017-18","Butler","butler",16.92
"5184",2017,"2016-17","Butler","butler",17.7
"5185",2016,"2015-16","Butler","butler",16.46
"5186",2015,"2014-15","Butler","butler",16.64
"5187",2014,"2013-14","Butler","butler",7.04
"5188",2013,"2012-13","Butler","butler",11.01
"5189",2012,"2011-12","Butler","butler",2.86
"5190",2011,"2010-11","Butler","butler",11.53
"5191",2010,"2009-10","Butler","butler",14.37
"5192",2009,"2008-09","Butler","butler",10.07
"5193",2008,"2007-08","Butler","butler",13
"5194",2007,"2006-07","Butler","butler",14.34
"5195",2006,"2005-06","Butler","butler",6.22
"5196",2005,"2004-05","Butler","butler",0.63
"5197",2004,"2003-04","Butler","butler",1.8
"5198",2003,"2002-03","Butler","butler",9.11
"5199",2002,"2001-02","Butler","butler",11.15
"5200",2001,"2000-01","Butler","butler",12.55
"5201",2000,"1999-00","Butler","butler",12.23
"5202",1999,"1998-99","Butler","butler",5.02
"5203",1998,"1997-98","Butler","butler",4.87
"5204",1997,"1996-97","Butler","butler",7.61
"5205",1996,"1995-96","Butler","butler",1.56
"5206",1995,"1994-95","Butler","butler",-0.94
"5207",1994,"1993-94","Butler","butler",1.53
"5208",1993,"1992-93","Butler","butler",-1.51
"5209",1992,"1991-92","Butler","butler",7.41
"5210",1991,"1990-91","Butler","butler",1.08
"5211",1990,"1989-90","Butler","butler",-3.46
"5212",1989,"1988-89","Butler","butler",-1.42
"5213",1988,"1987-88","Butler","butler",-1.57
"5214",1987,"1986-87","Butler","butler",-3.19
"5215",1986,"1985-86","Butler","butler",-6.75
"5216",1985,"1984-85","Butler","butler",0.76
"5217",1984,"1983-84","Butler","butler",-1.02
"5218",1983,"1982-83","Butler","butler",-4.14
"5219",1982,"1981-82","Butler","butler",-9.35
"5220",1981,"1980-81","Butler","butler",-9.66
"5221",1980,"1979-80","Butler","butler",-4.65
"5222",1979,"1978-79","Butler","butler",-5.79
"5223",1978,"1977-78","Butler","butler",-7.7
"5224",1977,"1976-77","Butler","butler",-7.28
"5225",1976,"1975-76","Butler","butler",-2.43
"5226",1975,"1974-75","Butler","butler",-6.99
"5227",1974,"1973-74","Butler","butler",-3.89
"5228",1973,"1972-73","Butler","butler",-3.1
"5229",1972,"1971-72","Butler","butler",-8.24
"5230",1971,"1970-71","Butler","butler",-8.43
"5231",1970,"1969-70","Butler","butler",-5.34
"5232",1969,"1968-69","Butler","butler",-4.29
"5233",1968,"1967-68","Butler","butler",-1.33
"5234",1967,"1966-67","Butler","butler",-4.76
"5235",1966,"1965-66","Butler","butler",0.86
"5236",1965,"1964-65","Butler","butler",-6.9
"5237",1964,"1963-64","Butler","butler",1.92
"5238",1963,"1962-63","Butler","butler",0.85
"5239",1962,"1961-62","Butler","butler",7.54
"5240",1961,"1960-61","Butler","butler",-0.81
"5241",1960,"1959-60","Butler","butler",1.7
"5242",1959,"1958-59","Butler","butler",4.4
"5243",1958,"1957-58","Butler","butler",2.13
"5244",1957,"1956-57","Butler","butler",1.42
"5245",1956,"1955-56","Butler","butler",-0.24
"5246",1955,"1954-55","Butler","butler",-7.98
"5247",1954,"1953-54","Butler","butler",-2.91
"5248",1953,"1952-53","Butler","butler",-1.03
"5249",1952,"1951-52","Butler","butler",-3.11
"5250",1951,"1950-51","Butler","butler",-9.08
"5251",1950,"1949-50","Butler","butler",1.46
"5252",2026,"2025-26","Connecticut","connecticut",22.65
"5253",2025,"2024-25","Connecticut","connecticut",17.87
"5254",2024,"2023-24","Connecticut","connecticut",26.7
"5255",2023,"2022-23","Connecticut","connecticut",22.95
"5256",2022,"2021-22","Connecticut","connecticut",16.4
"5257",2021,"2020-21","Connecticut","connecticut",15.77
"5258",2020,"2019-20","Connecticut","connecticut",11.15
"5259",2019,"2018-19","Connecticut","connecticut",6.81
"5260",2018,"2017-18","Connecticut","connecticut",1.08
"5261",2017,"2016-17","Connecticut","connecticut",7.23
"5262",2016,"2015-16","Connecticut","connecticut",15.89
"5263",2015,"2014-15","Connecticut","connecticut",8.28
"5264",2014,"2013-14","Connecticut","connecticut",17.23
"5265",2013,"2012-13","Connecticut","connecticut",11.89
"5266",2012,"2011-12","Connecticut","connecticut",12.27
"5267",2011,"2010-11","Connecticut","connecticut",17.95
"5268",2010,"2009-10","Connecticut","connecticut",12.5
"5269",2009,"2008-09","Connecticut","connecticut",22.17
"5270",2008,"2007-08","Connecticut","connecticut",15.54
"5271",2007,"2006-07","Connecticut","connecticut",13.22
"5272",2006,"2005-06","Connecticut","connecticut",21.22
"5273",2005,"2004-05","Connecticut","connecticut",18.81
"5274",2004,"2003-04","Connecticut","connecticut",22.64
"5275",2003,"2002-03","Connecticut","connecticut",15.84
"5276",2002,"2001-02","Connecticut","connecticut",15.38
"5277",2001,"2000-01","Connecticut","connecticut",10.17
"5278",2000,"1999-00","Connecticut","connecticut",16.93
"5279",1999,"1998-99","Connecticut","connecticut",24.73
"5280",1998,"1997-98","Connecticut","connecticut",20.67
"5281",1997,"1996-97","Connecticut","connecticut",12.99
"5282",1996,"1995-96","Connecticut","connecticut",26.05
"5283",1995,"1994-95","Connecticut","connecticut",19.23
"5284",1994,"1993-94","Connecticut","connecticut",22.58
"5285",1993,"1992-93","Connecticut","connecticut",11.69
"5286",1992,"1991-92","Connecticut","connecticut",15.03
"5287",1991,"1990-91","Connecticut","connecticut",16.57
"5288",1990,"1989-90","Connecticut","connecticut",18.3
"5289",1989,"1988-89","Connecticut","connecticut",13.61
"5290",1988,"1987-88","Connecticut","connecticut",8.92
"5291",1987,"1986-87","Connecticut","connecticut",-0.62
"5292",1986,"1985-86","Connecticut","connecticut",3.19
"5293",1985,"1984-85","Connecticut","connecticut",3.6
"5294",1984,"1983-84","Connecticut","connecticut",2.03
"5295",1983,"1982-83","Connecticut","connecticut",2.81
"5296",1982,"1981-82","Connecticut","connecticut",7.04
"5297",1981,"1980-81","Connecticut","connecticut",5.9
"5298",1980,"1979-80","Connecticut","connecticut",3.37
"5299",1979,"1978-79","Connecticut","connecticut",3.19
"5300",1978,"1977-78","Connecticut","connecticut",-8.45
"5301",1977,"1976-77","Connecticut","connecticut",-0.07
"5302",1976,"1975-76","Connecticut","connecticut",0.98
"5303",1975,"1974-75","Connecticut","connecticut",-2.13
"5304",1974,"1973-74","Connecticut","connecticut",-0.61
"5305",1973,"1972-73","Connecticut","connecticut",-5.52
"5306",1972,"1971-72","Connecticut","connecticut",-11.18
"5307",1971,"1970-71","Connecticut","connecticut",-12.81
"5308",1970,"1969-70","Connecticut","connecticut",-8.08
"5309",1969,"1968-69","Connecticut","connecticut",-17.98
"5310",1968,"1967-68","Connecticut","connecticut",-9.68
"5311",1967,"1966-67","Connecticut","connecticut",5.36
"5312",1966,"1965-66","Connecticut","connecticut",4.93
"5313",1965,"1964-65","Connecticut","connecticut",5.68
"5314",1964,"1963-64","Connecticut","connecticut",-3.8
"5315",1963,"1962-63","Connecticut","connecticut",0.6
"5316",1962,"1961-62","Connecticut","connecticut",-10.26
"5317",1961,"1960-61","Connecticut","connecticut",-10.26
"5318",1960,"1959-60","Connecticut","connecticut",-2.38
"5319",1959,"1958-59","Connecticut","connecticut",-0.79
"5320",1958,"1957-58","Connecticut","connecticut",-2.37
"5321",1957,"1956-57","Connecticut","connecticut",-2.2
"5322",1956,"1955-56","Connecticut","connecticut",-6.7
"5323",1955,"1954-55","Connecticut","connecticut",6.25
"5324",1954,"1953-54","Connecticut","connecticut",3.75
"5325",1953,"1952-53","Connecticut","connecticut",0.6
"5326",1952,"1951-52","Connecticut","connecticut",-5.81
"5327",2026,"2025-26","Creighton","creighton",10.36
"5328",2025,"2024-25","Creighton","creighton",16.49
"5329",2024,"2023-24","Creighton","creighton",20.07
"5330",2023,"2022-23","Creighton","creighton",17.83
"5331",2022,"2021-22","Creighton","creighton",11.34
"5332",2021,"2020-21","Creighton","creighton",16.28
"5333",2020,"2019-20","Creighton","creighton",17.24
"5334",2019,"2018-19","Creighton","creighton",12
"5335",2018,"2017-18","Creighton","creighton",16.35
"5336",2017,"2016-17","Creighton","creighton",17.27
"5337",2016,"2015-16","Creighton","creighton",13.69
"5338",2015,"2014-15","Creighton","creighton",7.48
"5339",2014,"2013-14","Creighton","creighton",18.03
"5340",2013,"2012-13","Creighton","creighton",16.43
"5341",2012,"2011-12","Creighton","creighton",12.92
"5342",2011,"2010-11","Creighton","creighton",4.87
"5343",2010,"2009-10","Creighton","creighton",3.59
"5344",2009,"2008-09","Creighton","creighton",8.69
"5345",2008,"2007-08","Creighton","creighton",8.06
"5346",2007,"2006-07","Creighton","creighton",12.57
"5347",2006,"2005-06","Creighton","creighton",10.11
"5348",2005,"2004-05","Creighton","creighton",10.14
"5349",2004,"2003-04","Creighton","creighton",8.52
"5350",2003,"2002-03","Creighton","creighton",15.32
"5351",2002,"2001-02","Creighton","creighton",8.39
"5352",2001,"2000-01","Creighton","creighton",12.41
"5353",2000,"1999-00","Creighton","creighton",8.28
"5354",1999,"1998-99","Creighton","creighton",12.26
"5355",1998,"1997-98","Creighton","creighton",6.28
"5356",1997,"1996-97","Creighton","creighton",3.92
"5357",1996,"1995-96","Creighton","creighton",0.95
"5358",1995,"1994-95","Creighton","creighton",-6.82
"5359",1994,"1993-94","Creighton","creighton",-9.79
"5360",1993,"1992-93","Creighton","creighton",-3.03
"5361",1992,"1991-92","Creighton","creighton",-5.25
"5362",1991,"1990-91","Creighton","creighton",10.76
"5363",1990,"1989-90","Creighton","creighton",4.99
"5364",1989,"1988-89","Creighton","creighton",3.45
"5365",1988,"1987-88","Creighton","creighton",-3.37
"5366",1987,"1986-87","Creighton","creighton",-1.14
"5367",1986,"1985-86","Creighton","creighton",-0.66
"5368",1985,"1984-85","Creighton","creighton",3.29
"5369",1984,"1983-84","Creighton","creighton",4.88
"5370",1983,"1982-83","Creighton","creighton",-1.66
"5371",1982,"1981-82","Creighton","creighton",-2.24
"5372",1981,"1980-81","Creighton","creighton",6.09
"5373",1980,"1979-80","Creighton","creighton",4.05
"5374",1979,"1978-79","Creighton","creighton",1.89
"5375",1978,"1977-78","Creighton","creighton",7.02
"5376",1977,"1976-77","Creighton","creighton",6
"5377",1976,"1975-76","Creighton","creighton",7.19
"5378",1975,"1974-75","Creighton","creighton",8.53
"5379",1974,"1973-74","Creighton","creighton",10.04
"5380",1973,"1972-73","Creighton","creighton",3.9
"5381",1972,"1971-72","Creighton","creighton",-0.28
"5382",1971,"1970-71","Creighton","creighton",5.73
"5383",1970,"1969-70","Creighton","creighton",4.67
"5384",1969,"1968-69","Creighton","creighton",5.86
"5385",1968,"1967-68","Creighton","creighton",-5.72
"5386",1967,"1966-67","Creighton","creighton",-3.79
"5387",1966,"1965-66","Creighton","creighton",2.75
"5388",1965,"1964-65","Creighton","creighton",3.59
"5389",1964,"1963-64","Creighton","creighton",8.87
"5390",1963,"1962-63","Creighton","creighton",3.73
"5391",1962,"1961-62","Creighton","creighton",3.97
"5392",1961,"1960-61","Creighton","creighton",-12.28
"5393",1960,"1959-60","Creighton","creighton",-5.73
"5394",1956,"1955-56","Creighton","creighton",-12.89
"5395",1955,"1954-55","Creighton","creighton",-11.87
"5396",1954,"1953-54","Creighton","creighton",-7.48
"5397",1953,"1952-53","Creighton","creighton",-8.55
"5398",1952,"1951-52","Creighton","creighton",-7.7
"5399",1951,"1950-51","Creighton","creighton",-14.62
"5400",1950,"1949-50","Creighton","creighton",-7.18
"5401",2026,"2025-26","Depaul","depaul",7.3
"5402",2025,"2024-25","Depaul","depaul",5.3
"5403",2024,"2023-24","Depaul","depaul",-6.23
"5404",2023,"2022-23","Depaul","depaul",2.9
"5405",2022,"2021-22","Depaul","depaul",7.83
"5406",2021,"2020-21","Depaul","depaul",2.67
"5407",2020,"2019-20","Depaul","depaul",7.63
"5408",2019,"2018-19","Depaul","depaul",6
"5409",2018,"2017-18","Depaul","depaul",6.55
"5410",2017,"2016-17","Depaul","depaul",2.09
"5411",2016,"2015-16","Depaul","depaul",0.83
"5412",2015,"2014-15","Depaul","depaul",3.3
"5413",2014,"2013-14","Depaul","depaul",1.5
"5414",2013,"2012-13","Depaul","depaul",1.71
"5415",2012,"2011-12","Depaul","depaul",1.99
"5416",2011,"2010-11","Depaul","depaul",-1.31
"5417",2010,"2009-10","Depaul","depaul",1.61
"5418",2009,"2008-09","Depaul","depaul",-1.21
"5419",2008,"2007-08","Depaul","depaul",4.31
"5420",2007,"2006-07","Depaul","depaul",12.44
"5421",2006,"2005-06","Depaul","depaul",6.52
"5422",2005,"2004-05","Depaul","depaul",8.94
"5423",2004,"2003-04","Depaul","depaul",9.06
"5424",2003,"2002-03","Depaul","depaul",8.83
"5425",2002,"2001-02","Depaul","depaul",0.36
"5426",2001,"2000-01","Depaul","depaul",5.34
"5427",2000,"1999-00","Depaul","depaul",14.67
"5428",1999,"1998-99","Depaul","depaul",9.21
"5429",1998,"1997-98","Depaul","depaul",-2.43
"5430",1997,"1996-97","Depaul","depaul",-5.84
"5431",1996,"1995-96","Depaul","depaul",6.2
"5432",1995,"1994-95","Depaul","depaul",13.82
"5433",1994,"1993-94","Depaul","depaul",11.11
"5434",1993,"1992-93","Depaul","depaul",5.55
"5435",1992,"1991-92","Depaul","depaul",11.7
"5436",1991,"1990-91","Depaul","depaul",12.9
"5437",1990,"1989-90","Depaul","depaul",7.77
"5438",1989,"1988-89","Depaul","depaul",9.41
"5439",1988,"1987-88","Depaul","depaul",12.03
"5440",1987,"1986-87","Depaul","depaul",16.31
"5441",1986,"1985-86","Depaul","depaul",10.78
"5442",1985,"1984-85","Depaul","depaul",12.04
"5443",1984,"1983-84","Depaul","depaul",16.68
"5444",1983,"1982-83","Depaul","depaul",9.41
"5445",1982,"1981-82","Depaul","depaul",14.73
"5446",1981,"1980-81","Depaul","depaul",15.47
"5447",1980,"1979-80","Depaul","depaul",14.1
"5448",1979,"1978-79","Depaul","depaul",10.1
"5449",1978,"1977-78","Depaul","depaul",14.27
"5450",1977,"1976-77","Depaul","depaul",5.13
"5451",1976,"1975-76","Depaul","depaul",10.52
"5452",1975,"1974-75","Depaul","depaul",4.17
"5453",1974,"1973-74","Depaul","depaul",0.12
"5454",1973,"1972-73","Depaul","depaul",1.38
"5455",1972,"1971-72","Depaul","depaul",-3.5
"5456",1971,"1970-71","Depaul","depaul",-10.42
"5457",1970,"1969-70","Depaul","depaul",-2.18
"5458",1969,"1968-69","Depaul","depaul",-0.8
"5459",1968,"1967-68","Depaul","depaul",-1.01
"5460",1967,"1966-67","Depaul","depaul",6.36
"5461",1966,"1965-66","Depaul","depaul",10.09
"5462",1965,"1964-65","Depaul","depaul",11.44
"5463",1964,"1963-64","Depaul","depaul",8.85
"5464",1963,"1962-63","Depaul","depaul",2.93
"5465",1962,"1961-62","Depaul","depaul",2.61
"5466",1961,"1960-61","Depaul","depaul",6.44
"5467",1960,"1959-60","Depaul","depaul",7.43
"5468",1959,"1958-59","Depaul","depaul",0.6
"5469",1958,"1957-58","Depaul","depaul",0.82
"5470",1957,"1956-57","Depaul","depaul",0.75
"5471",1956,"1955-56","Depaul","depaul",7.69
"5472",1955,"1954-55","Depaul","depaul",6.11
"5473",1954,"1953-54","Depaul","depaul",4.39
"5474",1953,"1952-53","Depaul","depaul",7.32
"5475",1952,"1951-52","Depaul","depaul",8.38
"5476",1951,"1950-51","Depaul","depaul",8.88
"5477",1950,"1949-50","Depaul","depaul",6.88
"5478",2026,"2025-26","Georgetown","georgetown",9.03
"5479",2025,"2024-25","Georgetown","georgetown",8.18
"5480",2024,"2023-24","Georgetown","georgetown",0.68
"5481",2023,"2022-23","Georgetown","georgetown",-1.07
"5482",2022,"2021-22","Georgetown","georgetown",1.71
"5483",2021,"2020-21","Georgetown","georgetown",10.13
"5484",2020,"2019-20","Georgetown","georgetown",10.38
"5485",2019,"2018-19","Georgetown","georgetown",6.8
"5486",2018,"2017-18","Georgetown","georgetown",7.16
"5487",2017,"2016-17","Georgetown","georgetown",11.18
"5488",2016,"2015-16","Georgetown","georgetown",10.31
"5489",2015,"2014-15","Georgetown","georgetown",15.48
"5490",2014,"2013-14","Georgetown","georgetown",10.96
"5491",2013,"2012-13","Georgetown","georgetown",15.86
"5492",2012,"2011-12","Georgetown","georgetown",16.81
"5493",2011,"2010-11","Georgetown","georgetown",14.61
"5494",2010,"2009-10","Georgetown","georgetown",17.03
"5495",2009,"2008-09","Georgetown","georgetown",14.39
"5496",2008,"2007-08","Georgetown","georgetown",18.73
"5497",2007,"2006-07","Georgetown","georgetown",19.62
"5498",2006,"2005-06","Georgetown","georgetown",13.98
"5499",2005,"2004-05","Georgetown","georgetown",9.86
"5500",2004,"2003-04","Georgetown","georgetown",4.55
"5501",2003,"2002-03","Georgetown","georgetown",12.86
"5502",2002,"2001-02","Georgetown","georgetown",13.16
"5503",2001,"2000-01","Georgetown","georgetown",12.06
"5504",2000,"1999-00","Georgetown","georgetown",6.63
"5505",1999,"1998-99","Georgetown","georgetown",8.15
"5506",1998,"1997-98","Georgetown","georgetown",8.75
"5507",1997,"1996-97","Georgetown","georgetown",10.87
"5508",1996,"1995-96","Georgetown","georgetown",22.63
"5509",1995,"1994-95","Georgetown","georgetown",12.76
"5510",1994,"1993-94","Georgetown","georgetown",17.39
"5511",1993,"1992-93","Georgetown","georgetown",13.03
"5512",1992,"1991-92","Georgetown","georgetown",11.9
"5513",1991,"1990-91","Georgetown","georgetown",16.07
"5514",1990,"1989-90","Georgetown","georgetown",21.39
"5515",1989,"1988-89","Georgetown","georgetown",20.76
"5516",1988,"1987-88","Georgetown","georgetown",14.17
"5517",1987,"1986-87","Georgetown","georgetown",17.19
"5518",1986,"1985-86","Georgetown","georgetown",17.49
"5519",1985,"1984-85","Georgetown","georgetown",20.89
"5520",1984,"1983-84","Georgetown","georgetown",18.75
"5521",1983,"1982-83","Georgetown","georgetown",12.3
"5522",1982,"1981-82","Georgetown","georgetown",19.29
"5523",1981,"1980-81","Georgetown","georgetown",5.79
"5524",1980,"1979-80","Georgetown","georgetown",13.07
"5525",1979,"1978-79","Georgetown","georgetown",7.26
"5526",1978,"1977-78","Georgetown","georgetown",5.34
"5527",1977,"1976-77","Georgetown","georgetown",3.61
"5528",1976,"1975-76","Georgetown","georgetown",4.42
"5529",1975,"1974-75","Georgetown","georgetown",1.99
"5530",1974,"1973-74","Georgetown","georgetown",-3.01
"5531",1973,"1972-73","Georgetown","georgetown",-9.96
"5532",1972,"1971-72","Georgetown","georgetown",-14.88
"5533",1971,"1970-71","Georgetown","georgetown",-2.49
"5534",1970,"1969-70","Georgetown","georgetown",0.64
"5535",1969,"1968-69","Georgetown","georgetown",-8.1
"5536",1968,"1967-68","Georgetown","georgetown",-1.66
"5537",1967,"1966-67","Georgetown","georgetown",2.04
"5538",1966,"1965-66","Georgetown","georgetown",3.51
"5539",1965,"1964-65","Georgetown","georgetown",-4.95
"5540",1964,"1963-64","Georgetown","georgetown",-5.59
"5541",1963,"1962-63","Georgetown","georgetown",-5.12
"5542",1962,"1961-62","Georgetown","georgetown",-4.73
"5543",1961,"1960-61","Georgetown","georgetown",-3.39
"5544",1960,"1959-60","Georgetown","georgetown",-4.39
"5545",1959,"1958-59","Georgetown","georgetown",-5.35
"5546",1958,"1957-58","Georgetown","georgetown",-8.16
"5547",1957,"1956-57","Georgetown","georgetown",-4.61
"5548",1956,"1955-56","Georgetown","georgetown",-4.71
"5549",1955,"1954-55","Georgetown","georgetown",-4.2
"5550",1954,"1953-54","Georgetown","georgetown",-7.34
"5551",1953,"1952-53","Georgetown","georgetown",4.71
"5552",1952,"1951-52","Georgetown","georgetown",-1.56
"5553",1951,"1950-51","Georgetown","georgetown",-7.39
"5554",1950,"1949-50","Georgetown","georgetown",-4.6
"5555",2026,"2025-26","Marquette","marquette",9.04
"5556",2025,"2024-25","Marquette","marquette",18.19
"5557",2024,"2023-24","Marquette","marquette",19.27
"5558",2023,"2022-23","Marquette","marquette",17.07
"5559",2022,"2021-22","Marquette","marquette",11.36
"5560",2021,"2020-21","Marquette","marquette",8.51
"5561",2020,"2019-20","Marquette","marquette",15.44
"5562",2019,"2018-19","Marquette","marquette",14.78
"5563",2018,"2017-18","Marquette","marquette",12.5
"5564",2017,"2016-17","Marquette","marquette",15.26
"5565",2016,"2015-16","Marquette","marquette",7.66
"5566",2015,"2014-15","Marquette","marquette",7.08
"5567",2014,"2013-14","Marquette","marquette",10.08
"5568",2013,"2012-13","Marquette","marquette",14.05
"5569",2012,"2011-12","Marquette","marquette",16.92
"5570",2011,"2010-11","Marquette","marquette",14.89
"5571",2010,"2009-10","Marquette","marquette",15.17
"5572",2009,"2008-09","Marquette","marquette",15.06
"5573",2008,"2007-08","Marquette","marquette",18.62
"5574",2007,"2006-07","Marquette","marquette",14.14
"5575",2006,"2005-06","Marquette","marquette",11.33
"5576",2005,"2004-05","Marquette","marquette",6.57
"5577",2004,"2003-04","Marquette","marquette",6.48
"5578",2003,"2002-03","Marquette","marquette",16.28
"5579",2002,"2001-02","Marquette","marquette",17.17
"5580",2001,"2000-01","Marquette","marquette",6.79
"5581",2000,"1999-00","Marquette","marquette",7.21
"5582",1999,"1998-99","Marquette","marquette",5.19
"5583",1998,"1997-98","Marquette","marquette",10.55
"5584",1997,"1996-97","Marquette","marquette",13.45
"5585",1996,"1995-96","Marquette","marquette",14.45
"5586",1995,"1994-95","Marquette","marquette",11.98
"5587",1994,"1993-94","Marquette","marquette",15.63
"5588",1993,"1992-93","Marquette","marquette",15.68
"5589",1992,"1991-92","Marquette","marquette",9.63
"5590",1991,"1990-91","Marquette","marquette",2.09
"5591",1990,"1989-90","Marquette","marquette",8.62
"5592",1989,"1988-89","Marquette","marquette",1.33
"5593",1988,"1987-88","Marquette","marquette",-1.01
"5594",1987,"1986-87","Marquette","marquette",6.09
"5595",1986,"1985-86","Marquette","marquette",8.96
"5596",1985,"1984-85","Marquette","marquette",7.59
"5597",1984,"1983-84","Marquette","marquette",9.28
"5598",1983,"1982-83","Marquette","marquette",8.52
"5599",1982,"1981-82","Marquette","marquette",10.42
"5600",1981,"1980-81","Marquette","marquette",7.98
"5601",1980,"1979-80","Marquette","marquette",9.56
"5602",1979,"1978-79","Marquette","marquette",11.89
"5603",1978,"1977-78","Marquette","marquette",14.3
"5604",1977,"1976-77","Marquette","marquette",16.67
"5605",1976,"1975-76","Marquette","marquette",18.9
"5606",1975,"1974-75","Marquette","marquette",13
"5607",1974,"1973-74","Marquette","marquette",14.93
"5608",1973,"1972-73","Marquette","marquette",13.46
"5609",1972,"1971-72","Marquette","marquette",11.01
"5610",1971,"1970-71","Marquette","marquette",16.44
"5611",1970,"1969-70","Marquette","marquette",13.15
"5612",1969,"1968-69","Marquette","marquette",7.82
"5613",1968,"1967-68","Marquette","marquette",11.51
"5614",1967,"1966-67","Marquette","marquette",6.45
"5615",1966,"1965-66","Marquette","marquette",4.74
"5616",1965,"1964-65","Marquette","marquette",-2.34
"5617",1964,"1963-64","Marquette","marquette",-6.82
"5618",1963,"1962-63","Marquette","marquette",9.02
"5619",1962,"1961-62","Marquette","marquette",6.24
"5620",1961,"1960-61","Marquette","marquette",7.01
"5621",1960,"1959-60","Marquette","marquette",4.22
"5622",1959,"1958-59","Marquette","marquette",9.81
"5623",1958,"1957-58","Marquette","marquette",0.14
"5624",1957,"1956-57","Marquette","marquette",-2.14
"5625",1956,"1955-56","Marquette","marquette",4.47
"5626",1955,"1954-55","Marquette","marquette",10.33
"5627",1954,"1953-54","Marquette","marquette",-0.8
"5628",1953,"1952-53","Marquette","marquette",4.46
"5629",1952,"1951-52","Marquette","marquette",-0.99
"5630",1951,"1950-51","Marquette","marquette",-6.54
"5631",1950,"1949-50","Marquette","marquette",-9.4
"5632",2026,"2025-26","Providence","providence",10.64
"5633",2025,"2024-25","Providence","providence",7.17
"5634",2024,"2023-24","Providence","providence",12.56
"5635",2023,"2022-23","Providence","providence",12.89
"5636",2022,"2021-22","Providence","providence",13.08
"5637",2021,"2020-21","Providence","providence",8.94
"5638",2020,"2019-20","Providence","providence",13.45
"5639",2019,"2018-19","Providence","providence",8.29
"5640",2018,"2017-18","Providence","providence",11.12
"5641",2017,"2016-17","Providence","providence",11.24
"5642",2016,"2015-16","Providence","providence",11.94
"5643",2015,"2014-15","Providence","providence",13.71
"5644",2014,"2013-14","Providence","providence",11.37
"5645",2013,"2012-13","Providence","providence",9.3
"5646",2012,"2011-12","Providence","providence",4.16
"5647",2011,"2010-11","Providence","providence",6.91
"5648",2010,"2009-10","Providence","providence",7.04
"5649",2009,"2008-09","Providence","providence",7.82
"5650",2008,"2007-08","Providence","providence",8.38
"5651",2007,"2006-07","Providence","providence",9.85
"5652",2006,"2005-06","Providence","providence",7.83
"5653",2005,"2004-05","Providence","providence",10.04
"5654",2004,"2003-04","Providence","providence",14.87
"5655",2003,"2002-03","Providence","providence",11.64
"5656",2002,"2001-02","Providence","providence",6.19
"5657",2001,"2000-01","Providence","providence",13.74
"5658",2000,"1999-00","Providence","providence",1.04
"5659",1999,"1998-99","Providence","providence",8.28
"5660",1998,"1997-98","Providence","providence",7.08
"5661",1997,"1996-97","Providence","providence",14.17
"5662",1996,"1995-96","Providence","providence",12.84
"5663",1995,"1994-95","Providence","providence",8.94
"5664",1994,"1993-94","Providence","providence",19.24
"5665",1993,"1992-93","Providence","providence",14.24
"5666",1992,"1991-92","Providence","providence",7.1
"5667",1991,"1990-91","Providence","providence",12.33
"5668",1990,"1989-90","Providence","providence",13.6
"5669",1989,"1988-89","Providence","providence",16.27
"5670",1988,"1987-88","Providence","providence",3.12
"5671",1987,"1986-87","Providence","providence",15.11
"5672",1986,"1985-86","Providence","providence",8.33
"5673",1985,"1984-85","Providence","providence",-0.28
"5674",1984,"1983-84","Providence","providence",3.61
"5675",1983,"1982-83","Providence","providence",1.15
"5676",1982,"1981-82","Providence","providence",0.65
"5677",1981,"1980-81","Providence","providence",-2.1
"5678",1980,"1979-80","Providence","providence",-0.03
"5679",1979,"1978-79","Providence","providence",-9.24
"5680",1978,"1977-78","Providence","providence",4.92
"5681",1977,"1976-77","Providence","providence",8.76
"5682",1976,"1975-76","Providence","providence",6.06
"5683",1975,"1974-75","Providence","providence",5.1
"5684",1974,"1973-74","Providence","providence",12.62
"5685",1973,"1972-73","Providence","providence",15.72
"5686",1972,"1971-72","Providence","providence",7.15
"5687",1971,"1970-71","Providence","providence",7.54
"5688",1970,"1969-70","Providence","providence",0.64
"5689",1969,"1968-69","Providence","providence",2.38
"5690",1968,"1967-68","Providence","providence",-2
"5691",1967,"1966-67","Providence","providence",6.93
"5692",1966,"1965-66","Providence","providence",4.41
"5693",1965,"1964-65","Providence","providence",8.35
"5694",1964,"1963-64","Providence","providence",2.8
"5695",1963,"1962-63","Providence","providence",11.28
"5696",1962,"1961-62","Providence","providence",2.15
"5697",1961,"1960-61","Providence","providence",4.21
"5698",1960,"1959-60","Providence","providence",9.97
"5699",1959,"1958-59","Providence","providence",1.16
"5700",1958,"1957-58","Providence","providence",0.29
"5701",2026,"2025-26","St Johns Ny","st-johns-ny",22.55
"5702",2025,"2024-25","St Johns Ny","st-johns-ny",21.25
"5703",2024,"2023-24","St Johns Ny","st-johns-ny",16.49
"5704",2023,"2022-23","St Johns Ny","st-johns-ny",8.64
"5705",2022,"2021-22","St Johns Ny","st-johns-ny",11.95
"5706",2021,"2020-21","St Johns Ny","st-johns-ny",9.41
"5707",2020,"2019-20","St Johns Ny","st-johns-ny",10.71
"5708",2019,"2018-19","St Johns Ny","st-johns-ny",7.88
"5709",2018,"2017-18","St Johns Ny","st-johns-ny",10.29
"5710",2017,"2016-17","St Johns Ny","st-johns-ny",6.45
"5711",2016,"2015-16","St Johns Ny","st-johns-ny",-1.9
"5712",2015,"2014-15","St Johns Ny","st-johns-ny",11.85
"5713",2014,"2013-14","St Johns Ny","st-johns-ny",11.68
"5714",2013,"2012-13","St Johns Ny","st-johns-ny",5.82
"5715",2012,"2011-12","St Johns Ny","st-johns-ny",2.63
"5716",2011,"2010-11","St Johns Ny","st-johns-ny",13.1
"5717",2010,"2009-10","St Johns Ny","st-johns-ny",9.23
"5718",2009,"2008-09","St Johns Ny","st-johns-ny",4.28
"5719",2008,"2007-08","St Johns Ny","st-johns-ny",2.94
"5720",2007,"2006-07","St Johns Ny","st-johns-ny",4.51
"5721",2006,"2005-06","St Johns Ny","st-johns-ny",5.24
"5722",2005,"2004-05","St Johns Ny","st-johns-ny",4.98
"5723",2004,"2003-04","St Johns Ny","st-johns-ny",-1.07
"5724",2003,"2002-03","St Johns Ny","st-johns-ny",9.71
"5725",2002,"2001-02","St Johns Ny","st-johns-ny",7.81
"5726",2001,"2000-01","St Johns Ny","st-johns-ny",9.03
"5727",2000,"1999-00","St Johns Ny","st-johns-ny",14.26
"5728",1999,"1998-99","St Johns Ny","st-johns-ny",22.69
"5729",1998,"1997-98","St Johns Ny","st-johns-ny",11.28
"5730",1997,"1996-97","St Johns Ny","st-johns-ny",8.36
"5731",1996,"1995-96","St Johns Ny","st-johns-ny",7.51
"5732",1995,"1994-95","St Johns Ny","st-johns-ny",8.29
"5733",1994,"1993-94","St Johns Ny","st-johns-ny",9.42
"5734",1993,"1992-93","St Johns Ny","st-johns-ny",13.14
"5735",1992,"1991-92","St Johns Ny","st-johns-ny",15.62
"5736",1991,"1990-91","St Johns Ny","st-johns-ny",14.21
"5737",1990,"1989-90","St Johns Ny","st-johns-ny",12.9
"5738",1989,"1988-89","St Johns Ny","st-johns-ny",9.84
"5739",1988,"1987-88","St Johns Ny","st-johns-ny",11.93
"5740",1987,"1986-87","St Johns Ny","st-johns-ny",12.46
"5741",1986,"1985-86","St Johns Ny","st-johns-ny",17.21
"5742",1985,"1984-85","St Johns Ny","st-johns-ny",18.09
"5743",1984,"1983-84","St Johns Ny","st-johns-ny",9.25
"5744",1983,"1982-83","St Johns Ny","st-johns-ny",16.18
"5745",1982,"1981-82","St Johns Ny","st-johns-ny",8.91
"5746",1981,"1980-81","St Johns Ny","st-johns-ny",6.98
"5747",1980,"1979-80","St Johns Ny","st-johns-ny",10.43
"5748",1979,"1978-79","St Johns Ny","st-johns-ny",7.93
"5749",1978,"1977-78","St Johns Ny","st-johns-ny",6.9
"5750",1977,"1976-77","St Johns Ny","st-johns-ny",9.09
"5751",1976,"1975-76","St Johns Ny","st-johns-ny",7.9
"5752",1975,"1974-75","St Johns Ny","st-johns-ny",7.94
"5753",1974,"1973-74","St Johns Ny","st-johns-ny",7.17
"5754",1973,"1972-73","St Johns Ny","st-johns-ny",9.75
"5755",1972,"1971-72","St Johns Ny","st-johns-ny",8.68
"5756",1971,"1970-71","St Johns Ny","st-johns-ny",6.65
"5757",1970,"1969-70","St Johns Ny","st-johns-ny",5.36
"5758",1969,"1968-69","St Johns Ny","st-johns-ny",12.68
"5759",1968,"1967-68","St Johns Ny","st-johns-ny",6.25
"5760",1967,"1966-67","St Johns Ny","st-johns-ny",11.87
"5761",1966,"1965-66","St Johns Ny","st-johns-ny",5.93
"5762",1965,"1964-65","St Johns Ny","st-johns-ny",4.65
"5763",1964,"1963-64","St Johns Ny","st-johns-ny",2.9
"5764",1963,"1962-63","St Johns Ny","st-johns-ny",-4.11
"5765",1962,"1961-62","St Johns Ny","st-johns-ny",12.42
"5766",1961,"1960-61","St Johns Ny","st-johns-ny",14.66
"5767",1960,"1959-60","St Johns Ny","st-johns-ny",3.96
"5768",1959,"1958-59","St Johns Ny","st-johns-ny",12.41
"5769",1958,"1957-58","St Johns Ny","st-johns-ny",2.46
"5770",1957,"1956-57","St Johns Ny","st-johns-ny",-2.5
"5771",1956,"1955-56","St Johns Ny","st-johns-ny",-0.57
"5772",1955,"1954-55","St Johns Ny","st-johns-ny",1.54
"5773",1954,"1953-54","St Johns Ny","st-johns-ny",-1.18
"5774",1953,"1952-53","St Johns Ny","st-johns-ny",7.33
"5775",1952,"1951-52","St Johns Ny","st-johns-ny",11.37
"5776",1951,"1950-51","St Johns Ny","st-johns-ny",11.18
"5777",1950,"1949-50","St Johns Ny","st-johns-ny",14.48
"5778",2026,"2025-26","Seton Hall","seton-hall",13.27
"5779",2025,"2024-25","Seton Hall","seton-hall",-0.26
"5780",2024,"2023-24","Seton Hall","seton-hall",12.67
"5781",2023,"2022-23","Seton Hall","seton-hall",11
"5782",2022,"2021-22","Seton Hall","seton-hall",12.75
"5783",2021,"2020-21","Seton Hall","seton-hall",11.12
"5784",2020,"2019-20","Seton Hall","seton-hall",16.75
"5785",2019,"2018-19","Seton Hall","seton-hall",10.25
"5786",2018,"2017-18","Seton Hall","seton-hall",15.67
"5787",2017,"2016-17","Seton Hall","seton-hall",12.1
"5788",2016,"2015-16","Seton Hall","seton-hall",14.66
"5789",2015,"2014-15","Seton Hall","seton-hall",7.95
"5790",2014,"2013-14","Seton Hall","seton-hall",7.53
"5791",2013,"2012-13","Seton Hall","seton-hall",5.55
"5792",2012,"2011-12","Seton Hall","seton-hall",10.23
"5793",2011,"2010-11","Seton Hall","seton-hall",11.03
"5794",2010,"2009-10","Seton Hall","seton-hall",10.43
"5795",2009,"2008-09","Seton Hall","seton-hall",7.53
"5796",2008,"2007-08","Seton Hall","seton-hall",4.84
"5797",2007,"2006-07","Seton Hall","seton-hall",5.94
"5798",2006,"2005-06","Seton Hall","seton-hall",6.78
"5799",2005,"2004-05","Seton Hall","seton-hall",5.01
"5800",2004,"2003-04","Seton Hall","seton-hall",14.28
"5801",2003,"2002-03","Seton Hall","seton-hall",9.66
"5802",2002,"2001-02","Seton Hall","seton-hall",5.93
"5803",2001,"2000-01","Seton Hall","seton-hall",6.48
"5804",2000,"1999-00","Seton Hall","seton-hall",10.64
"5805",1999,"1998-99","Seton Hall","seton-hall",9.41
"5806",1998,"1997-98","Seton Hall","seton-hall",6.24
"5807",1997,"1996-97","Seton Hall","seton-hall",3.85
"5808",1996,"1995-96","Seton Hall","seton-hall",7.06
"5809",1995,"1994-95","Seton Hall","seton-hall",8.44
"5810",1994,"1993-94","Seton Hall","seton-hall",13.59
"5811",1993,"1992-93","Seton Hall","seton-hall",19.48
"5812",1992,"1991-92","Seton Hall","seton-hall",14.2
"5813",1991,"1990-91","Seton Hall","seton-hall",18.56
"5814",1990,"1989-90","Seton Hall","seton-hall",8.41
"5815",1989,"1988-89","Seton Hall","seton-hall",20.91
"5816",1988,"1987-88","Seton Hall","seton-hall",14.59
"5817",1987,"1986-87","Seton Hall","seton-hall",6.21
"5818",1986,"1985-86","Seton Hall","seton-hall",2.66
"5819",1985,"1984-85","Seton Hall","seton-hall",-0.15
"5820",1984,"1983-84","Seton Hall","seton-hall",-2.24
"5821",1983,"1982-83","Seton Hall","seton-hall",-6.94
"5822",1982,"1981-82","Seton Hall","seton-hall",0.66
"5823",1981,"1980-81","Seton Hall","seton-hall",0.85
"5824",1980,"1979-80","Seton Hall","seton-hall",-2.87
"5825",1979,"1978-79","Seton Hall","seton-hall",0.21
"5826",1978,"1977-78","Seton Hall","seton-hall",-1.38
"5827",1977,"1976-77","Seton Hall","seton-hall",5.09
"5828",1976,"1975-76","Seton Hall","seton-hall",-1.38
"5829",1975,"1974-75","Seton Hall","seton-hall",-1.62
"5830",1974,"1973-74","Seton Hall","seton-hall",-1.21
"5831",1973,"1972-73","Seton Hall","seton-hall",-11.71
"5832",1972,"1971-72","Seton Hall","seton-hall",-8.12
"5833",1971,"1970-71","Seton Hall","seton-hall",-2.96
"5834",1970,"1969-70","Seton Hall","seton-hall",-10.8
"5835",1969,"1968-69","Seton Hall","seton-hall",-7.78
"5836",1968,"1967-68","Seton Hall","seton-hall",-5.52
"5837",1967,"1966-67","Seton Hall","seton-hall",-9.93
"5838",1966,"1965-66","Seton Hall","seton-hall",-14.14
"5839",1965,"1964-65","Seton Hall","seton-hall",-9.17
"5840",1964,"1963-64","Seton Hall","seton-hall",-10.95
"5841",1963,"1962-63","Seton Hall","seton-hall",-3.76
"5842",1962,"1961-62","Seton Hall","seton-hall",-5.95
"5843",1961,"1960-61","Seton Hall","seton-hall",-0.03
"5844",1960,"1959-60","Seton Hall","seton-hall",-2.59
"5845",1959,"1958-59","Seton Hall","seton-hall",-7.54
"5846",1958,"1957-58","Seton Hall","seton-hall",-13.79
"5847",1957,"1956-57","Seton Hall","seton-hall",1.33
"5848",1956,"1955-56","Seton Hall","seton-hall",4.11
"5849",1955,"1954-55","Seton Hall","seton-hall",4.03
"5850",1954,"1953-54","Seton Hall","seton-hall",4.4
"5851",1953,"1952-53","Seton Hall","seton-hall",11.15
"5852",1952,"1951-52","Seton Hall","seton-hall",14.81
"5853",1951,"1950-51","Seton Hall","seton-hall",5.87
"5854",1950,"1949-50","Seton Hall","seton-hall",-3.66
"5855",2026,"2025-26","Villanova","villanova",15.85
"5856",2025,"2024-25","Villanova","villanova",13.28
"5857",2024,"2023-24","Villanova","villanova",14.44
"5858",2023,"2022-23","Villanova","villanova",10.61
"5859",2022,"2021-22","Villanova","villanova",19.31
"5860",2021,"2020-21","Villanova","villanova",17.47
"5861",2020,"2019-20","Villanova","villanova",16.84
"5862",2019,"2018-19","Villanova","villanova",14.33
"5863",2018,"2017-18","Villanova","villanova",26.64
"5864",2017,"2016-17","Villanova","villanova",23.8
"5865",2016,"2015-16","Villanova","villanova",24.08
"5866",2015,"2014-15","Villanova","villanova",23.13
"5867",2014,"2013-14","Villanova","villanova",18.97
"5868",2013,"2012-13","Villanova","villanova",10.75
"5869",2012,"2011-12","Villanova","villanova",7.89
"5870",2011,"2010-11","Villanova","villanova",15.05
"5871",2010,"2009-10","Villanova","villanova",16.72
"5872",2009,"2008-09","Villanova","villanova",17.45
"5873",2008,"2007-08","Villanova","villanova",11
"5874",2007,"2006-07","Villanova","villanova",16.13
"5875",2006,"2005-06","Villanova","villanova",19.51
"5876",2005,"2004-05","Villanova","villanova",19.06
"5877",2004,"2003-04","Villanova","villanova",10.04
"5878",2003,"2002-03","Villanova","villanova",9.11
"5879",2002,"2001-02","Villanova","villanova",10.7
"5880",2001,"2000-01","Villanova","villanova",8.17
"5881",2000,"1999-00","Villanova","villanova",7.62
"5882",1999,"1998-99","Villanova","villanova",12.01
"5883",1998,"1997-98","Villanova","villanova",6.75
"5884",1997,"1996-97","Villanova","villanova",16.62
"5885",1996,"1995-96","Villanova","villanova",20.34
"5886",1995,"1994-95","Villanova","villanova",16.39
"5887",1994,"1993-94","Villanova","villanova",12.8
"5888",1993,"1992-93","Villanova","villanova",8.46
"5889",1992,"1991-92","Villanova","villanova",9.52
"5890",1991,"1990-91","Villanova","villanova",12.44
"5891",1990,"1989-90","Villanova","villanova",10.5
"5892",1989,"1988-89","Villanova","villanova",7.84
"5893",1988,"1987-88","Villanova","villanova",13.92
"5894",1987,"1986-87","Villanova","villanova",7.36
"5895",1986,"1985-86","Villanova","villanova",9.34
"5896",1985,"1984-85","Villanova","villanova",12.03
"5897",1984,"1983-84","Villanova","villanova",9.07
"5898",1983,"1982-83","Villanova","villanova",10.52
"5899",1982,"1981-82","Villanova","villanova",10.55
"5900",1981,"1980-81","Villanova","villanova",6.92
"5901",1980,"1979-80","Villanova","villanova",10.81
"5902",1979,"1978-79","Villanova","villanova",2.32
"5903",1978,"1977-78","Villanova","villanova",6.23
"5904",1977,"1976-77","Villanova","villanova",8.43
"5905",1976,"1975-76","Villanova","villanova",2.33
"5906",1975,"1974-75","Villanova","villanova",-6.1
"5907",1974,"1973-74","Villanova","villanova",-6.08
"5908",1973,"1972-73","Villanova","villanova",-1.59
"5909",1972,"1971-72","Villanova","villanova",10.08
"5910",1971,"1970-71","Villanova","villanova",16.62
"5911",1970,"1969-70","Villanova","villanova",12.81
"5912",1969,"1968-69","Villanova","villanova",11.76
"5913",1968,"1967-68","Villanova","villanova",6.02
"5914",1967,"1966-67","Villanova","villanova",8.16
"5915",1966,"1965-66","Villanova","villanova",4.18
"5916",1965,"1964-65","Villanova","villanova",12.41
"5917",1964,"1963-64","Villanova","villanova",11.59
"5918",1963,"1962-63","Villanova","villanova",3.76
"5919",1962,"1961-62","Villanova","villanova",13.74
"5920",1961,"1960-61","Villanova","villanova",5.54
"5921",1960,"1959-60","Villanova","villanova",9.86
"5922",1959,"1958-59","Villanova","villanova",5.52
"5923",1958,"1957-58","Villanova","villanova",0.74
"5924",1957,"1956-57","Villanova","villanova",-5.16
"5925",1956,"1955-56","Villanova","villanova",0.32
"5926",1955,"1954-55","Villanova","villanova",5.68
"5927",1954,"1953-54","Villanova","villanova",2.18
"5928",1953,"1952-53","Villanova","villanova",5.94
"5929",1952,"1951-52","Villanova","villanova",7.96
"5930",1951,"1950-51","Villanova","villanova",9.52
"5931",1950,"1949-50","Villanova","villanova",12.44
"5932",2026,"2025-26","Xavier","xavier",7.67
"5933",2025,"2024-25","Xavier","xavier",15.25
"5934",2024,"2023-24","Xavier","xavier",12.23
"5935",2023,"2022-23","Xavier","xavier",16.03
"5936",2022,"2021-22","Xavier","xavier",13.23
"5937",2021,"2020-21","Xavier","xavier",11.09
"5938",2020,"2019-20","Xavier","xavier",12.57
"5939",2019,"2018-19","Xavier","xavier",9.61
"5940",2018,"2017-18","Xavier","xavier",19.06
"5941",2017,"2016-17","Xavier","xavier",14.8
"5942",2016,"2015-16","Xavier","xavier",18.58
"5943",2015,"2014-15","Xavier","xavier",15.42
"5944",2014,"2013-14","Xavier","xavier",11.84
"5945",2013,"2012-13","Xavier","xavier",7.71
"5946",2012,"2011-12","Xavier","xavier",9.59
"5947",2011,"2010-11","Xavier","xavier",11.88
"5948",2010,"2009-10","Xavier","xavier",16.23
"5949",2009,"2008-09","Xavier","xavier",14.45
"5950",2008,"2007-08","Xavier","xavier",17.17
"5951",2007,"2006-07","Xavier","xavier",14.18
"5952",2006,"2005-06","Xavier","xavier",10.11
"5953",2005,"2004-05","Xavier","xavier",6.97
"5954",2004,"2003-04","Xavier","xavier",13.84
"5955",2003,"2002-03","Xavier","xavier",16.08
"5956",2002,"2001-02","Xavier","xavier",13.91
"5957",2001,"2000-01","Xavier","xavier",12.15
"5958",2000,"1999-00","Xavier","xavier",9.36
"5959",1999,"1998-99","Xavier","xavier",12.94
"5960",1998,"1997-98","Xavier","xavier",19.46
"5961",1997,"1996-97","Xavier","xavier",16.14
"5962",1996,"1995-96","Xavier","xavier",3.24
"5963",1995,"1994-95","Xavier","xavier",10.17
"5964",1994,"1993-94","Xavier","xavier",9.34
"5965",1993,"1992-93","Xavier","xavier",10.89
"5966",1992,"1991-92","Xavier","xavier",5.86
"5967",1991,"1990-91","Xavier","xavier",4.51
"5968",1990,"1989-90","Xavier","xavier",13.5
"5969",1989,"1988-89","Xavier","xavier",5.77
"5970",1988,"1987-88","Xavier","xavier",9.84
"5971",1987,"1986-87","Xavier","xavier",1.75
"5972",1986,"1985-86","Xavier","xavier",8.45
"5973",1985,"1984-85","Xavier","xavier",4.19
"5974",1984,"1983-84","Xavier","xavier",4.53
"5975",1983,"1982-83","Xavier","xavier",-0.46
"5976",1982,"1981-82","Xavier","xavier",-7.13
"5977",1981,"1980-81","Xavier","xavier",-4.07
"5978",1980,"1979-80","Xavier","xavier",-6.97
"5979",1979,"1978-79","Xavier","xavier",-0.71
"5980",1978,"1977-78","Xavier","xavier",-2.83
"5981",1977,"1976-77","Xavier","xavier",-9.18
"5982",1976,"1975-76","Xavier","xavier",-2.67
"5983",1975,"1974-75","Xavier","xavier",-7.28
"5984",1974,"1973-74","Xavier","xavier",-7.44
"5985",1973,"1972-73","Xavier","xavier",-7.75
"5986",1972,"1971-72","Xavier","xavier",-0.99
"5987",1971,"1970-71","Xavier","xavier",-5.31
"5988",1970,"1969-70","Xavier","xavier",-3.75
"5989",1969,"1968-69","Xavier","xavier",-1.08
"5990",1968,"1967-68","Xavier","xavier",1.64
"5991",1967,"1966-67","Xavier","xavier",-0.89
"5992",1966,"1965-66","Xavier","xavier",-1.03
"5993",1965,"1964-65","Xavier","xavier",-3.76
"5994",1964,"1963-64","Xavier","xavier",6.24
"5995",1963,"1962-63","Xavier","xavier",-2.55
"5996",1962,"1961-62","Xavier","xavier",4.67
"5997",1961,"1960-61","Xavier","xavier",4.44
"5998",1960,"1959-60","Xavier","xavier",2.84
"5999",1959,"1958-59","Xavier","xavier",0.64
"6000",1958,"1957-58","Xavier","xavier",7.83
"6001",1957,"1956-57","Xavier","xavier",7.11
"6002",1956,"1955-56","Xavier","xavier",11.41
"6003",1955,"1954-55","Xavier","xavier",2.66
"6004",1954,"1953-54","Xavier","xavier",5.96
"6005",1953,"1952-53","Xavier","xavier",0.92
"6006",1952,"1951-52","Xavier","xavier",-2.63
"6007",1951,"1950-51","Xavier","xavier",6.35
"6008",1950,"1949-50","Xavier","xavier",2.45
