#,Name,Team,Age,IP,K/9,BB/9,K/BB,HR/9,K%,BB%,K-BB%,AVG,WHIP,BABIP,LOB%,ERA,FIP,E-F
1,Connor Johnston,URI,22,43.2,8.24,3.3,2.5,1.03,18.20%,7.30%,10.90%,0.32,1.79,0.383,46.90%,9.89,5.71,4.19
2,Kurt Thomas,SPU,23,61.1,5.58,7.19,0.78,0.73,11.00%,14.20%,-3.20%,0.369,2.49,0.414,48.40%,11.01,7.15,3.85
3,Jordan Giacomini,NEV,,39.1,8.92,6.18,1.44,0.69,18.50%,12.80%,5.70%,0.322,2.08,0.403,49.60%,10.75,7.05,3.7
4,Hayden Tarsia,BING,21,42,8.14,4.07,2,2.14,18.40%,9.20%,9.20%,0.306,1.79,0.341,40.00%,10.5,7.02,3.48
5,Deaton Oak,BELL,23,55.2,4.04,2.75,1.47,0.97,9.20%,6.30%,2.90%,0.353,1.89,0.376,48.70%,9.38,6.01,3.36
6,Lucas Valencia,MVSU,,39.2,7.94,6.58,1.21,0.91,16.40%,13.60%,2.80%,0.364,2.42,0.434,53.60%,10.44,7.12,3.32
7,Reagan Rivera,IU,23,43.1,10.8,5.19,2.08,1.66,23.70%,11.40%,12.30%,0.29,1.82,0.365,46.20%,9.35,6.09,3.26
8,Adan Perez,PAC,24,42,7.07,4.07,1.74,0,16.80%,9.60%,7.10%,0.297,1.67,0.367,52.60%,7.71,4.6,3.12
9,Alec Johnson,LMU,,52.2,8.89,3.08,2.89,0.68,19.90%,6.90%,13.00%,0.321,1.78,0.398,47.70%,7.86,4.76,3.1
10,JP Podgorski,VILL,,44.1,5.28,3.25,1.63,0.41,12.70%,7.80%,4.90%,0.283,1.51,0.322,45.70%,8.53,5.44,3.08
11,Eddie Del Valle,DSU,,42,11.57,8.14,1.42,1.5,20.90%,14.70%,6.20%,0.311,2.48,0.391,44.00%,11.36,8.32,3.04
12,William Tarpley,AAMU,23,44.1,7.71,5.68,1.36,1.02,15.00%,11.10%,4.00%,0.385,2.53,0.451,52.70%,10.35,7.42,2.93
13,Luke Corcoran,COPP,,45.1,3.18,4.96,0.64,0.79,6.40%,10.00%,-3.60%,0.397,2.47,0.417,44.10%,10.92,8,2.92
14,Isaiah Shayter,PSU,20,44.2,7.25,5.84,1.24,1.41,14.40%,11.60%,2.80%,0.321,2.19,0.36,58.40%,9.47,6.58,2.89
15,Jordan Bright,NCAT,19,42.2,8.86,6.33,1.4,1.27,18.90%,13.50%,5.40%,0.339,2.18,0.413,53.00%,9.49,6.76,2.73
16,Riley Peterson,MILW,21,56.2,10.16,3.34,3.05,0.32,24.20%,8.00%,16.30%,0.284,1.52,0.387,49.40%,7.78,5.07,2.71
17,Brayden Ryan,MD,,47.2,7.93,2.83,2.8,1.7,17.90%,6.40%,11.50%,0.325,1.76,0.373,51.00%,8.5,5.88,2.62
18,Brian Foley,UML,22,42.1,12.54,7.02,1.79,0.21,26.50%,14.80%,11.70%,0.306,2.08,0.45,65.20%,7.23,4.66,2.57
19,Kamden Hawks,MORE,,43.2,7.42,7.42,1,2.27,16.10%,16.10%,0.00%,0.271,1.92,0.285,43.30%,11.54,8.99,2.55
20,Quincy Thornton,SOU,23,42.2,9.7,8.65,1.12,0.84,18.50%,16.50%,2.00%,0.33,2.39,0.422,51.90%,11.39,8.86,2.53
21,Hudson Pergamit,MAN,,41.1,7.62,4.57,1.67,0.44,17.20%,10.30%,6.90%,0.278,1.65,0.341,53.00%,8.27,5.77,2.5
22,Caleb Anderson,LBSU,,53,10.7,3.23,3.32,0.34,25.90%,7.80%,18.10%,0.257,1.4,0.356,55.40%,6.28,3.82,2.47
23,Mason Gass,OHIO,,68.2,4.19,2.36,1.78,1.05,10.00%,5.60%,4.40%,0.339,1.72,0.361,49.70%,8.78,6.34,2.45
24,Trent Hillen,NWST,,59,9.15,2.44,3.75,0.46,23.30%,6.20%,17.10%,0.277,1.37,0.36,53.70%,6.41,3.96,2.44
25,Darin Kuskie,ODU,,58.1,9.57,3.39,2.82,1.08,22.50%,8.00%,14.50%,0.308,1.7,0.387,56.40%,7.25,4.83,2.42
26,Brady Kehlenbrink,MIZ,,70,11.83,2.7,4.38,1.54,30.20%,6.90%,23.30%,0.264,1.36,0.352,53.50%,6.69,4.27,2.41
27,Carter DeGondea,GASO,22,58,8.84,4.66,1.9,1.55,19.70%,10.40%,9.30%,0.329,1.95,0.395,57.50%,8.69,6.3,2.39
28,Kayden Sutton,ALCN,,55.1,5.04,7.32,0.69,0.65,9.90%,14.30%,-4.50%,0.327,2.3,0.361,40.20%,10.9,8.54,2.36
29,Tyler Hartley,MRST,21,56,5.95,4.82,1.23,0.16,13.30%,10.80%,2.50%,0.307,1.84,0.36,55.60%,7.71,5.35,2.36
30,Benjamin Hudson,PSU,20,64.1,6.85,3.08,2.23,1.12,16.30%,7.30%,9.00%,0.287,1.52,0.327,52.10%,7.83,5.53,2.31
31,Chase Snavely,DSU,,41.2,6.48,7.99,0.81,0.65,12.10%,14.90%,-2.80%,0.318,2.38,0.364,54.20%,11.02,8.75,2.27
32,Casan Evans,LSU,20,56,13.02,4.82,2.7,0.96,31.90%,11.80%,20.10%,0.229,1.43,0.336,58.00%,6.27,4.03,2.24
33,Tyler Sausville,SIE,,52,7.96,5.37,1.48,0.87,17.20%,11.60%,5.60%,0.309,1.98,0.368,49.50%,7.96,5.74,2.22
34,Cole Hansen,ELON,23,46,7.83,3.13,2.5,1.17,19.00%,7.60%,11.40%,0.289,1.54,0.34,51.10%,7.83,5.63,2.2
35,Brandt Corley,ULM,,58.2,9.36,4.76,1.97,0.92,20.80%,10.60%,10.20%,0.319,1.87,0.403,58.80%,7.82,5.67,2.16
36,Sam Kretsch,SMC,,49.2,11.05,3.81,2.9,0.91,26.50%,9.10%,17.40%,0.272,1.53,0.368,57.90%,7.07,4.93,2.14
37,Davis Kahn,HARV,,40.2,5.09,2.88,1.77,0.44,11.70%,6.60%,5.10%,0.324,1.75,0.364,56.80%,6.86,4.77,2.09
38,Jonah Johnson,LMU,,66,7.09,4.36,1.63,1.5,16.10%,9.90%,6.20%,0.35,1.97,0.401,54.10%,9,6.93,2.07
39,Hayden Capers,UIW,,38.2,5.12,6.05,0.85,1.86,11.40%,13.50%,-2.10%,0.329,2.07,0.343,55.70%,10.01,7.97,2.04
40,Wilson Perkins,DAV,,67.1,6.55,2.94,2.23,0.94,15.20%,6.80%,8.40%,0.348,1.86,0.4,59.60%,7.35,5.32,2.03
41,Lucas Alaniz,CSUN,,44,8.18,3.07,2.67,0.82,19.30%,7.20%,12.10%,0.291,1.55,0.355,53.90%,7.16,5.13,2.03
42,Nick Dugan,STAN,22,50,7.56,4.14,1.83,1.08,16.30%,8.90%,7.40%,0.291,1.8,0.335,56.60%,7.38,5.35,2.03
43,Colton Kennedy,UVU,,56,9.8,5.95,1.65,1.29,21.70%,13.20%,8.50%,0.283,1.86,0.351,45.10%,8.2,6.24,1.95
44,Trey Cehajic,TULN,,55.2,7.92,5.01,1.58,1.29,17.40%,11.00%,6.40%,0.314,1.9,0.368,61.80%,8.25,6.32,1.93
45,Joseph Taylor,CLT,21,53,9.51,5.26,1.81,0.34,22.60%,12.50%,10.10%,0.262,1.64,0.346,60.80%,6.11,4.19,1.92
46,Garrison Sumner,BYU,22,64.1,11.33,3.92,2.89,1.26,27.60%,9.50%,18.00%,0.281,1.57,0.376,61.40%,6.85,4.94,1.91
47,Ryan Weaver,NU,23,70.2,6.88,3.31,2.08,1.15,16.50%,7.90%,8.50%,0.299,1.6,0.342,56.60%,7.39,5.5,1.89
48,Brady Hamilton,WICH,20,68,8.47,3.57,2.37,0.4,19.70%,8.30%,11.40%,0.316,1.75,0.397,59.90%,5.96,4.08,1.87
49,David Thomas,SJSU,23,73.2,7.21,2.57,2.81,1.1,17.40%,6.20%,11.20%,0.323,1.67,0.375,51.10%,7.82,5.96,1.86
50,Sean Hamilton,HOF,22,41,6.8,5.49,1.24,0.44,14.70%,11.80%,2.80%,0.341,2.02,0.409,60.30%,8.34,6.49,1.85
51,Nate Isler,DART,21,65,11.08,3.46,3.2,0.14,27.50%,8.60%,18.90%,0.261,1.43,0.372,61.10%,4.98,3.14,1.85
52,Mason Glickman,UNH,,47.2,7.36,4.72,1.56,0.76,15.50%,9.90%,5.60%,0.363,2.14,0.432,51.20%,9.25,7.41,1.84
53,Gaines Estridge,AFA,21,61,5.9,2.36,2.5,1.18,13.90%,5.60%,8.40%,0.321,1.69,0.354,42.50%,7.97,6.17,1.79
54,Jayden Barroqueiro,HALL,22,46.2,7.33,3.28,2.24,0.77,17.40%,7.80%,9.60%,0.288,1.59,0.34,40.60%,6.94,5.18,1.76
55,Andrew Steinhaus,RAD,21,43.1,7.06,5.61,1.26,0.62,16.30%,13.00%,3.40%,0.285,1.8,0.338,52.80%,7.48,5.71,1.76
56,Regan Hall,ILL,21,73.1,8.47,2.09,4.06,0.74,20.70%,5.10%,15.60%,0.298,1.49,0.368,58.00%,5.77,4.01,1.76
57,Jake Moss,PENN,21,47.1,8.75,4.75,1.84,0.38,19.70%,10.70%,9.00%,0.286,1.77,0.361,54.10%,6.08,4.33,1.76
58,Gavin Sentell,NCAT,23,50.1,6.26,3.93,1.59,1.97,13.30%,8.30%,4.90%,0.332,1.97,0.355,43.80%,9.48,7.73,1.75
59,Ross Felder,MOST,,51.2,8.71,1.39,6.25,0.52,21.60%,3.50%,18.20%,0.314,1.49,0.395,60.70%,5.4,3.65,1.75
60,Reese Lueck,UNLV,21,46.2,7.91,4.63,1.71,0.96,17.30%,10.10%,7.20%,0.333,2.01,0.396,54.40%,8.1,6.36,1.74
61,Ruger Riojas,TEX,22,64.2,13.92,1.95,7.14,0.7,37.30%,5.20%,32.10%,0.231,1.11,0.363,67.60%,4.04,2.3,1.73
62,Folger Boaz,UNC,22,46.1,8.35,3.69,2.26,0.78,17.60%,7.80%,9.80%,0.273,1.71,0.324,64.20%,6.41,4.68,1.73
63,Simon Yochum,DAV,,46,10.17,2.35,4.33,0.59,23.60%,5.50%,18.20%,0.3,1.57,0.393,55.40%,5.87,4.16,1.71
64,Vincent Spizzoucco,PITT,23,46,7.04,3.72,1.89,1.57,16.70%,8.80%,7.90%,0.259,1.5,0.282,46.10%,7.63,5.93,1.71
65,David Leslie,PITT,23,55.2,9.7,4.04,2.4,1.46,22.50%,9.40%,13.10%,0.309,1.76,0.383,59.10%,7.11,5.41,1.7
66,Jack Pye,W&M,,43,7.12,6.49,1.1,1.67,15.20%,13.90%,1.30%,0.321,2.09,0.359,49.50%,9.63,7.93,1.7
67,Nick Balcom,QUIN,22,43.1,9.14,3.74,2.44,1.04,19.40%,7.90%,11.50%,0.284,1.73,0.342,60.50%,7.27,5.57,1.7
68,Aidan Weaver,DUKE,22,59.2,11.77,4.83,2.44,1.21,28.10%,11.50%,16.50%,0.263,1.59,0.357,63.50%,6.49,4.83,1.65
69,Tate Jones,NJIT,20,50.2,5.86,1.95,3,0.18,13.90%,4.60%,9.30%,0.309,1.54,0.361,52.60%,5.86,4.23,1.63
70,Max Stammel,UVA,20,51,9.88,4.24,2.33,1.24,22.90%,9.80%,13.10%,0.278,1.65,0.346,53.00%,6.71,5.09,1.62
71,Jack Turner,NMSU,22,58.1,9.41,5.09,1.85,0.46,21.70%,11.70%,10.00%,0.292,1.77,0.381,58.10%,6.48,4.88,1.6
72,Jace Terry,LAS,,50.1,6.26,5.72,1.09,1.07,14.30%,13.10%,1.20%,0.303,1.85,0.344,55.40%,8.58,6.99,1.6
73,Shane McAlinden,CSUB,,56.1,5.27,5.91,0.89,0.48,11.60%,13.00%,-1.40%,0.321,2.02,0.363,54.80%,7.51,5.93,1.58
74,Parker Dillhoff,UNLV,22,68.1,12.38,5.4,2.29,0.92,28.70%,12.50%,16.20%,0.276,1.73,0.393,53.80%,7.24,5.68,1.56
75,Bryson Goff,UNO,,53,8.15,4.92,1.66,1.53,18.60%,11.20%,7.40%,0.32,1.91,0.375,57.40%,7.98,6.43,1.55
76,Nate Bennett,NIA,,43.1,11.01,3.74,2.94,0.62,26.80%,9.10%,17.70%,0.284,1.57,0.392,60.50%,5.82,4.28,1.54
77,Brayden Marks,NDSU,22,40.2,3.98,4.2,0.95,0.44,8.90%,9.40%,-0.50%,0.343,1.97,0.373,56.50%,7.75,6.21,1.53
78,Dominic Voegele,KU,,78.1,11.49,3.79,3.03,1.38,28.30%,9.30%,19.00%,0.263,1.48,0.348,61.00%,6.43,4.91,1.52
79,Sergio Lopez,RGV,,60.2,10.53,2.82,3.74,1.04,25.90%,6.90%,19.00%,0.294,1.53,0.385,59.20%,5.93,4.41,1.52
80,Owen Kramkowski,ARIZ,20,72,9.38,1.88,5,1.25,22.30%,4.50%,17.80%,0.309,1.57,0.379,56.70%,6.13,4.61,1.51
81,Devin Kriley,ALCN,,47.1,9.51,8.56,1.11,0.57,18.70%,16.90%,1.90%,0.329,2.41,0.42,50.10%,9.13,7.62,1.5
82,Jason Buhl,WIU,23,63.1,6.39,3.27,1.96,1.28,15.10%,7.70%,7.40%,0.316,1.72,0.353,56.80%,7.39,5.91,1.48
83,Shane Sdao,TA&M,22,66,10.23,2.45,4.17,1.91,24.40%,5.90%,18.60%,0.301,1.56,0.368,65.30%,6.68,5.22,1.46
84,Abdriel Figueroa,USI,,46.1,6.41,5.44,1.18,0.39,13.90%,11.80%,2.10%,0.281,1.77,0.331,55.60%,7.77,6.32,1.45
85,Tristan Helmick,LAF,21,62.1,8.95,2.74,3.26,0.29,21.60%,6.60%,15.00%,0.289,1.48,0.376,59.50%,5.78,4.35,1.42
86,Trevor Hansen,UCI,21,78.1,11.03,3.22,3.43,0.34,27.50%,8.00%,19.50%,0.244,1.33,0.343,55.10%,4.94,3.53,1.42
87,Jordan Dahlof,OAK,,42.2,4.64,6.96,0.67,1.48,9.70%,14.60%,-4.90%,0.339,2.23,0.357,51.50%,10.55,9.14,1.41
88,Colter McAnelly,UTAH,,67.1,9.36,4.14,2.26,1.34,22.70%,10.10%,12.70%,0.259,1.51,0.314,54.90%,6.82,5.42,1.39
89,Hayden Lewis,WASH,22,62.2,7.61,3.45,2.21,0.86,18.70%,8.50%,10.20%,0.281,1.52,0.335,58.30%,6.18,4.79,1.39
90,Finbar OBrien,GONZ,21,47,10.34,6.13,1.69,0.96,24.10%,14.30%,9.80%,0.28,1.79,0.37,55.40%,7.28,5.89,1.38
91,Marcus Monroe,SPU,,49.1,4.74,7.84,0.6,1.09,10.30%,17.10%,-6.70%,0.338,2.27,0.366,58.00%,9.12,7.74,1.38
92,Connor Throneberry,MAN,23,42,7.71,6.86,1.13,1.07,17.60%,15.60%,2.00%,0.28,1.88,0.331,55.80%,8.14,6.78,1.37
93,Max Treonze,LEH,,39.1,7.55,4.12,1.83,0,18.10%,9.90%,8.20%,0.283,1.6,0.357,57.40%,5.72,4.37,1.35
94,Garrett Crum,UNCA,,47,6.51,6.13,1.06,1.15,13.20%,12.40%,0.80%,0.279,1.98,0.307,54.60%,8.43,7.08,1.35
95,Anthony Solis,EIU,,58.1,6.94,4.01,1.73,2.47,15.70%,9.10%,6.60%,0.327,1.89,0.347,56.80%,9.1,7.77,1.33
96,Cam Appenzeller,TENN,19,48.1,10.06,2.23,4.5,0.93,28.00%,6.20%,21.80%,0.233,1.12,0.306,60.40%,4.84,3.52,1.32
97,Jack Ohman,YALE,20,60,12,3.9,3.08,0.75,30.00%,9.70%,20.20%,0.239,1.37,0.342,63.40%,5.4,4.08,1.32
98,Zack Konstantinovsky,RUTG,21,65.1,10.61,2.76,3.85,1.24,26.90%,7.00%,19.90%,0.294,1.48,0.386,64.50%,5.65,4.34,1.31
99,Chase Carver,BELL,21,50,4.86,3.42,1.42,1.08,11.00%,7.70%,3.30%,0.326,1.84,0.351,48.50%,7.38,6.07,1.31
100,Cooper Smith,UNCA,,68.1,6.06,2.11,2.88,0.53,14.60%,5.10%,9.50%,0.256,1.33,0.292,48.10%,6.06,4.75,1.3
101,Nic Gregson,UCSD,,65,7.75,1.94,4,1.38,18.20%,4.60%,13.70%,0.333,1.68,0.388,59.20%,6.65,5.35,1.29
102,Lakin Polk,SELA,,46,5.48,3.13,1.75,0.59,13.30%,7.60%,5.70%,0.286,1.54,0.323,55.20%,6.26,4.97,1.29
103,Tyler Guerin,IOWA,20,49,7.35,6.24,1.18,0.37,16.40%,13.90%,2.50%,0.286,1.82,0.353,65.30%,7.16,5.88,1.28
104,Diego Alvarez,UNM,,48.1,5.21,2.79,1.87,1.49,11.80%,6.30%,5.50%,0.37,1.97,0.4,59.00%,8.57,7.29,1.28
105,Logan Pikur,MSU,21,48.1,6.52,2.61,2.5,0.93,15.40%,6.10%,9.20%,0.311,1.61,0.355,62.00%,6.33,5.06,1.27
106,Sam Novotny,SDST,22,59.2,6.94,3.77,1.84,1.21,16.40%,8.90%,7.50%,0.286,1.63,0.323,50.10%,7.54,6.28,1.27
107,Aden Knowles,TOW,20,61,7.97,4.28,1.86,1.62,18.80%,10.10%,8.70%,0.303,1.72,0.349,56.90%,7.97,6.71,1.25
108,James Pazdera,QUIN,22,41.2,11.02,5.83,1.89,0.65,22.80%,12.10%,10.70%,0.25,1.75,0.331,57.50%,6.91,5.67,1.24
109,Logan Wilson,NKU,,44,6.55,5.93,1.1,1.64,13.60%,12.30%,1.30%,0.35,2.25,0.388,58.00%,9.61,8.38,1.23
110,Beau Beaty,PV,22,72,4.38,3.63,1.21,0.63,10.30%,8.50%,1.80%,0.302,1.64,0.329,51.60%,8.38,7.15,1.23
111,Ethan Nardacci,ALB,,47.1,7.61,4.75,1.6,1.14,17.50%,10.90%,6.60%,0.294,1.77,0.342,50.90%,7.04,5.82,1.21
112,Russell Sandefer,FLA,21,46,9.78,3.13,3.13,0.39,22.90%,7.30%,15.60%,0.209,1.26,0.268,60.50%,4.3,3.1,1.2
113,Christian Charalambous,PRES,21,64,7.03,3.38,2.08,1.13,16.80%,8.10%,8.80%,0.303,1.63,0.35,58.00%,7.17,5.98,1.19
114,Diego Gutierrez,USD,,66.2,11.34,4.32,2.63,1.35,28.10%,10.70%,17.40%,0.27,1.55,0.361,61.30%,6.62,5.43,1.18
115,Joey Cirelli,BRAD,,49,5.51,4.78,1.15,2.57,11.60%,10.00%,1.50%,0.375,2.24,0.389,53.30%,10.29,9.11,1.18
116,Elliot Eaton,PRIN,21,48,6.94,4.31,1.61,0.94,15.90%,9.90%,6.00%,0.271,1.56,0.313,57.60%,7.5,6.32,1.18
117,Carter Fink,NIA,,54.2,7.24,3.95,1.83,1.32,16.10%,8.80%,7.30%,0.342,1.94,0.394,58.80%,7.57,6.4,1.17
118,Walker Fuller,NORF,22,51,5.65,4.76,1.19,1.24,12.40%,10.40%,1.90%,0.33,2,0.362,42.20%,9,7.85,1.15
119,Eric Rawlings,WIU,21,52.1,9.29,4.99,1.86,0.86,21.20%,11.40%,9.80%,0.3,1.8,0.38,64.60%,6.71,5.56,1.15
120,Brian Crooms,GAST,24,50.2,4.8,4.97,0.96,0.71,10.80%,11.20%,-0.40%,0.294,1.74,0.324,60.20%,7.99,6.86,1.14
121,Jake Rifenburg,NU,19,51.1,6.84,3.51,1.95,0.88,15.80%,8.10%,7.70%,0.306,1.68,0.355,63.30%,6.49,5.36,1.13
122,Justus Agosto,UNA,23,49.2,8.52,4.71,1.81,0.54,21.10%,11.70%,9.40%,0.254,1.49,0.324,60.40%,6.34,5.22,1.13
123,Colin Fitzgerald,PSU,23,56.2,10.64,4.92,2.16,1.43,23.50%,10.90%,12.60%,0.317,1.94,0.405,59.60%,6.51,5.41,1.11
124,Will Turner,UTM,,45.2,7.49,3.35,2.24,1.58,18.30%,8.20%,10.10%,0.293,1.55,0.333,56.90%,7.49,6.39,1.1
125,Caden Crowell,ND,20,49.2,9.97,4.17,2.39,1.63,22.40%,9.30%,13.00%,0.302,1.77,0.371,69.50%,6.89,5.81,1.08
126,Luke Howe,LBSU,,85.2,7.04,2.21,3.19,0.32,17.60%,5.50%,12.10%,0.281,1.4,0.34,62.20%,5.04,3.97,1.07
127,Jeremy Vest,DSU,,54.2,6.09,6.09,1,0.49,11.60%,11.60%,0.00%,0.28,2.07,0.316,48.00%,8.56,7.49,1.07
128,Adam Behrens,LMU,,68,5.96,1.99,3,1.72,14.20%,4.70%,9.40%,0.313,1.57,0.335,55.20%,7.68,6.6,1.07
129,Tyson Potts,CMU,22,54,6.83,4,1.71,0.17,14.50%,8.50%,6.00%,0.283,1.74,0.337,59.80%,6.33,5.28,1.05
130,Carter Casabella,TNTC,,68,6.09,3.04,2,0.66,14.50%,7.30%,7.30%,0.297,1.59,0.34,49.50%,6.22,5.17,1.05
131,Mark Rogers,CAN,,39.1,7.32,4.35,1.68,1.6,16.60%,9.80%,6.70%,0.329,1.91,0.374,60.70%,7.78,6.74,1.04
132,Andy Leon,DUKE,,49.2,7.61,4.17,1.83,1.09,18.80%,10.30%,8.50%,0.236,1.37,0.273,57.50%,6.7,5.67,1.04
133,Ross Norman,CCU,21,70.2,7.26,1.91,3.8,1.02,18.10%,4.80%,13.30%,0.291,1.42,0.339,62.00%,5.99,4.95,1.04
134,Tyler Murphy,FAU,22,49.1,7.3,6.02,1.21,0.36,16.30%,13.50%,2.90%,0.254,1.68,0.31,55.70%,6.75,5.71,1.04
135,Trajan Lee,GTWN,,53.1,8.94,5.06,1.77,0.84,20.50%,11.60%,8.90%,0.257,1.58,0.322,52.10%,7.43,6.39,1.03
136,Brady Pendley,GASO,22,61.2,9.05,3.5,2.58,0.73,21.20%,8.20%,13.00%,0.303,1.67,0.381,64.10%,5.69,4.67,1.03
137,Ben Smith,HCU,22,61.1,7.92,3.38,2.35,1.32,19.40%,8.20%,11.10%,0.296,1.6,0.347,57.70%,6.6,5.58,1.02
138,Zach Kilby,FAU,22,47.2,9.25,1.13,8.17,0.57,24.30%,3.00%,21.30%,0.272,1.22,0.353,61.20%,4.34,3.35,1
139,Jake Geis,LMU,23,46.2,8.49,3.86,2.2,1.54,18.30%,8.30%,10.00%,0.287,1.71,0.331,51.40%,7.71,6.72,0.99
140,Drew Munn,CLT,22,44.2,6.04,4.23,1.43,1.41,14.90%,10.40%,4.50%,0.29,1.61,0.317,55.90%,7.25,6.26,0.99
141,Logan Hastings,MD,,56,9.48,4.5,2.11,0.48,21.10%,10.00%,11.10%,0.204,1.38,0.258,56.10%,5.46,4.48,0.98
142,Carson Johnson,SDSU,21,43.1,9.55,3.32,2.88,0.21,22.20%,7.70%,14.50%,0.247,1.43,0.324,54.90%,5.61,4.62,0.98
143,JT Raab,GTWN,22,45.2,13.01,2.76,4.71,2.36,31.40%,6.70%,24.80%,0.308,1.62,0.41,61.90%,6.9,5.92,0.98
144,Davis Webb,BRAD,21,52.2,11.45,7.52,1.52,0.51,25.70%,16.90%,8.80%,0.245,1.8,0.348,55.10%,6.66,5.69,0.98
145,Noah Chapman,UNCG,,76,9.36,3.91,2.39,1.18,22.40%,9.40%,13.10%,0.279,1.55,0.347,64.40%,6.28,5.33,0.95
146,Paul Schmitz,HOU,22,61.1,8.07,4.4,1.83,1.03,19.70%,10.80%,9.00%,0.276,1.58,0.331,60.10%,6.46,5.51,0.95
147,Carson Lane,UNLV,21,59.2,9.8,5.43,1.81,1.06,22.20%,12.30%,9.90%,0.315,1.93,0.402,60.30%,7.39,6.45,0.94
148,Jose Cherena,ALCN,,50.2,5.51,8.35,0.66,1.24,10.80%,16.40%,-5.60%,0.348,2.49,0.381,49.90%,10.3,9.37,0.94
149,Gavin Moczydlowsky,CMU,21,44.2,7.66,5.04,1.52,1.61,15.10%,10.00%,5.20%,0.278,1.95,0.305,50.80%,8.06,7.13,0.93
150,Mason Brassfield,TCU,20,45.1,12.31,4.76,2.58,1.19,27.00%,10.40%,16.50%,0.275,1.74,0.371,65.30%,5.96,5.03,0.93
151,Andrew Townson,FRES,23,57,7.42,4.74,1.57,2.37,15.70%,10.00%,5.70%,0.336,2.07,0.365,51.90%,9.63,8.71,0.92
152,Jeb Johnson,MER,,46.2,7.52,3.86,1.95,0.58,17.50%,9.00%,8.50%,0.28,1.63,0.335,58.80%,5.4,4.48,0.92
153,Grayson Bradberry,BUT,,57.2,9.05,4.37,2.07,0.62,21.20%,10.20%,10.90%,0.259,1.53,0.329,58.10%,6.4,5.48,0.92
154,Joseph Duffield,MAN,21,49.2,5.07,5.44,0.93,0.18,11.40%,12.20%,-0.80%,0.274,1.71,0.314,56.80%,7.07,6.15,0.92
155,Joseph LoPinto,CAN,21,68.2,6.95,4.46,1.56,0.79,16.10%,10.30%,5.80%,0.286,1.69,0.333,60.00%,6.68,5.77,0.91
156,Alex Miller,MORE,22,44,8.39,6.34,1.32,2.05,19.10%,14.40%,4.70%,0.339,2.09,0.395,63.40%,8.59,7.68,0.91
157,Jayden Harper,CSUF,22,43.2,9.89,4.53,2.18,1.03,23.60%,10.80%,12.80%,0.292,1.69,0.376,68.60%,5.98,5.07,0.91
158,Drew Turner,UNCA,,79,9.46,4.33,2.18,0.8,22.90%,10.50%,12.40%,0.271,1.56,0.348,56.00%,6.15,5.25,0.9
159,Alex Hwang,YALE,20,37.2,7.88,5.73,1.38,0.24,18.60%,13.60%,5.10%,0.245,1.57,0.312,60.70%,6.21,5.31,0.9
160,Brady Bickett,CHSO,,42,6.21,5.79,1.07,0.43,14.40%,13.40%,1.00%,0.273,1.71,0.321,53.70%,7.07,6.18,0.89
161,Lucas Davenport,BAY,22,61,10.03,2.07,4.86,1.33,25.60%,5.30%,20.30%,0.28,1.36,0.355,65.40%,5.61,4.73,0.88
162,Tommy Egan,TROY,23,71.1,10.85,2.9,3.74,0.63,27.00%,7.20%,19.70%,0.262,1.36,0.361,62.50%,5.05,4.17,0.88
163,Adam Christopher,CSUN,24,42.1,7.02,2.13,3.3,0.85,14.30%,4.30%,10.00%,0.237,1.42,0.264,59.90%,5.95,5.08,0.88
164,Gunnar Brown,UTSA,23,51.2,6.97,4.01,1.74,0.87,15.80%,9.10%,6.70%,0.302,1.76,0.35,58.40%,6.1,5.23,0.87
165,Jake Francis,VILL,,53.2,5.7,2.18,2.62,1.17,13.10%,5.00%,8.10%,0.326,1.66,0.359,59.00%,7.21,6.34,0.87
166,Nate Harris,UK,,42.1,8.29,4.68,1.77,0.64,20.70%,11.70%,9.00%,0.231,1.39,0.288,62.50%,5.53,4.66,0.86
167,Aidan Knaak,CLEM,21,57.1,13.81,3.61,3.83,1.73,31.90%,8.30%,23.60%,0.292,1.64,0.417,65.50%,5.81,4.95,0.86
168,James Guyette,KSU,21,73.2,12.1,4.15,2.91,0.86,28.00%,9.60%,18.40%,0.263,1.53,0.371,61.40%,5.62,4.76,0.86
169,Sam Hliboki,NU,24,47.2,6.99,2.64,2.64,2.64,15.20%,5.70%,9.40%,0.284,1.62,0.287,58.10%,8.31,7.45,0.86
170,Jackson Garland,LONG,,50.2,9.59,4.44,2.16,0.36,24.20%,11.20%,13.00%,0.232,1.38,0.312,57.60%,5.33,4.47,0.86
171,Ethan Lund,OKST,20,71,15.08,5.7,2.64,1.27,37.90%,14.30%,23.60%,0.216,1.45,0.345,67.80%,5.32,4.48,0.84
172,Michael Lane,DSU,,67.1,10.69,4.01,2.67,0.94,22.90%,8.60%,14.30%,0.268,1.69,0.339,50.40%,6.82,5.97,0.84
173,Griffin Stieg,VT,22,59.1,6.98,3.94,1.77,1.37,15.80%,8.90%,6.80%,0.292,1.72,0.327,66.00%,6.67,5.83,0.84
174,Max Tripure,WIU,,75,7.2,3.84,1.88,0.72,17.70%,9.40%,8.30%,0.272,1.52,0.323,60.00%,6,5.16,0.84
175,John Paone,UVA,,53,10.36,3.57,2.9,1.02,25.20%,8.70%,16.50%,0.248,1.38,0.322,58.20%,5.6,4.78,0.83
176,Fawster Voytko,UIW,,39.1,6.64,3.89,1.71,0.69,16.40%,9.60%,6.80%,0.265,1.47,0.309,57.80%,6.18,5.36,0.82
177,Patrick Bauer,JMU,23,54,7.5,4,1.88,0.67,18.30%,9.80%,8.50%,0.286,1.59,0.345,64.40%,5.83,5.02,0.81
178,Jake Villar,UCSD,,40.2,7.75,3.1,2.5,1.55,18.50%,7.40%,11.10%,0.326,1.72,0.377,64.90%,6.64,5.83,0.81
179,Duke Stone,MSST,20,64.2,12.25,3.48,3.52,1.53,29.60%,8.40%,21.20%,0.28,1.53,0.382,71.00%,5.43,4.62,0.81
180,Trey Newmann,PORT,20,67.1,9.89,2.41,4.11,0.8,24.00%,5.80%,18.20%,0.282,1.46,0.363,60.70%,5.21,4.41,0.8
181,Alex Sotiropoulos,COLU,20,54.2,7.24,6.26,1.16,0.82,15.30%,13.20%,2.10%,0.219,1.66,0.249,56.50%,6.91,6.12,0.8
182,Colin Fisher,ARK,21,53,9.17,2.72,3.38,1.19,23.60%,7.00%,16.60%,0.249,1.26,0.306,58.30%,5.43,4.64,0.79
183,Jake Cumming,COPP,,46,8.61,13.11,0.66,0.59,16.20%,24.70%,-8.50%,0.294,2.7,0.367,47.80%,10.17,9.39,0.78
184,JR Tollett,UL,,49.2,7.61,2.9,2.63,2.72,17.90%,6.80%,11.10%,0.298,1.55,0.311,53.60%,8.88,8.1,0.78
185,Preston Crowl,VT,21,41.1,8.93,4.79,1.86,1.52,21.40%,11.50%,9.90%,0.238,1.5,0.275,62.70%,6.53,5.75,0.78
186,Cade Montgomery,MICH,23,45.2,7.69,3.15,2.44,0.79,19.70%,8.10%,11.60%,0.253,1.34,0.304,62.30%,5.32,4.55,0.78
187,Gabe LeBlanc,SFA,,51,5.29,1.41,3.75,1.06,13.10%,3.50%,9.60%,0.3,1.43,0.326,58.30%,6,5.22,0.78
188,Ethan Smith,LIN,22,46,7.24,3.33,2.18,0.78,18.20%,8.40%,9.90%,0.268,1.41,0.319,57.20%,6.07,5.29,0.77
189,Luc Fladda,ARIZ,23,75,7.56,0.96,7.88,1.2,19.90%,2.50%,17.40%,0.278,1.24,0.322,61.70%,5.28,4.51,0.77
190,Aiden Poe,AFA,19,40.1,6.25,4.02,1.56,0.89,14.70%,9.50%,5.30%,0.287,1.64,0.326,52.00%,7.36,6.6,0.76
191,Trey Sejnoha,DART,22,37.1,11.33,5.06,2.24,0,27.80%,12.40%,15.40%,0.21,1.37,0.313,62.50%,4.34,3.58,0.76
192,Will Holder,GASO,19,55.2,6.31,3.4,1.86,1.29,15.20%,8.20%,7.00%,0.277,1.49,0.305,59.70%,7.11,6.36,0.75
193,Jackson Burns,TTU,20,52,9.17,4.15,2.21,1.56,22.20%,10.00%,12.10%,0.287,1.62,0.347,63.30%,6.75,6,0.75
194,Brady Hoover,LONG,,56,6.11,2.09,2.92,0.32,15.00%,5.10%,9.80%,0.281,1.39,0.33,55.20%,5.46,4.71,0.75
195,Calen Scheider,BRAD,,54,4.67,6.17,0.76,0.33,10.60%,14.00%,-3.40%,0.301,1.89,0.339,57.20%,7.33,6.59,0.75
196,Jared Schaeffer,DBU,,48.1,7.08,2.98,2.38,1.49,15.70%,6.60%,9.10%,0.29,1.63,0.322,61.20%,7.08,6.33,0.75
197,Logan Darnell,MVSU,,55,4.75,2.45,1.93,1.31,10.40%,5.40%,5.00%,0.36,1.96,0.385,57.40%,8.02,7.28,0.74
198,Wyatt Danilowicz,LOU,22,65.2,10.55,4.11,2.57,0.96,26.10%,10.20%,15.90%,0.258,1.46,0.343,65.10%,5.35,4.62,0.73
199,Payton Riske,UTAH,,60,6.3,2.85,2.21,1.05,15.30%,6.90%,8.40%,0.288,1.52,0.323,63.10%,6.15,5.42,0.73
200,Jake Mulvehill,LEH,,45.1,9.13,2.38,3.83,0.6,23.40%,6.10%,17.30%,0.305,1.46,0.398,67.30%,5.16,4.44,0.72
201,Brady Miller,BC,21,50,9.36,3.6,2.6,0.9,23.00%,8.80%,14.20%,0.239,1.36,0.299,62.10%,5.22,4.51,0.71
202,Jaxson Pease,TNTC,22,72.1,6.1,2.12,2.88,0.87,14.90%,5.20%,9.80%,0.327,1.63,0.372,64.40%,5.6,4.89,0.7
203,Ryder Jeske,TOW,22,45,9.6,4.8,2,0.6,22.60%,11.30%,11.30%,0.275,1.64,0.359,66.00%,5.8,5.1,0.7
204,Cole Van Assen,PUR,21,73,7.4,1.85,4,1.36,17.90%,4.50%,13.40%,0.302,1.49,0.346,62.40%,5.79,5.1,0.69
205,Justin Ritz,COPP,22,49.1,7.3,3.1,2.35,0.55,16.30%,6.90%,9.40%,0.283,1.56,0.337,52.90%,7.3,6.61,0.68
206,Reagan James,UAPB,,49,6.98,4.59,1.52,0.92,15.10%,10.00%,5.20%,0.31,1.88,0.358,50.50%,7.9,7.22,0.68
207,Will Howell,MEM,,63.1,6.82,4.97,1.37,1.14,16.10%,11.70%,4.40%,0.273,1.64,0.31,63.20%,6.82,6.15,0.67
208,Jaron Bleeker,IOWA,20,59.1,7.74,2.58,3,0.76,18.90%,6.30%,12.60%,0.295,1.5,0.356,64.80%,5.16,4.49,0.67
209,Ryan Borberg,DBU,22,51.2,6.97,3.83,1.82,1.57,16.10%,8.80%,7.20%,0.292,1.65,0.323,57.60%,7.49,6.83,0.66
210,Michael Gibson,CIT,,44.1,12.38,4.26,2.9,0.81,29.80%,10.20%,19.50%,0.244,1.44,0.351,70.80%,4.87,4.22,0.65
211,Troy Benko,M-OH,22,43.2,5.77,2.06,2.8,1.24,12.40%,4.40%,8.00%,0.281,1.58,0.301,57.90%,6.8,6.15,0.65
212,Seth Garner,MEM,,51.1,6.84,3.16,2.17,1.75,15.10%,7.00%,8.10%,0.28,1.64,0.299,56.80%,6.84,6.19,0.65
213,Noah Rooney,ND,23,43,7.53,2.72,2.77,0.84,18.70%,6.70%,11.90%,0.281,1.47,0.333,62.30%,5.02,4.38,0.65
214,Alex Valentin,SC,20,52,10.21,3.98,2.57,1.04,24.40%,9.50%,14.90%,0.25,1.46,0.32,63.00%,5.19,4.56,0.63
215,Trever Baumler,TCU,20,43.1,6.65,3.53,1.88,1.04,15.90%,8.50%,7.50%,0.295,1.59,0.338,64.30%,6.44,5.81,0.63
216,Robert Sanford,BRAD,,50,8.1,5.94,1.36,1.08,18.00%,13.20%,4.80%,0.288,1.86,0.344,59.80%,7.38,6.75,0.63
217,Ryan Weller,USI,,64,6.75,5.34,1.26,0,15.60%,12.30%,3.20%,0.263,1.66,0.322,58.10%,5.63,5,0.62
218,Carson Byers,M-OH,22,59.1,8.34,2.73,3.06,1.37,19.00%,6.20%,12.80%,0.28,1.53,0.325,57.00%,6.83,6.2,0.62
219,Carson Cormier,ILST,,63,10.29,1.43,7.2,0.43,27.10%,3.80%,23.30%,0.295,1.33,0.403,68.40%,4.14,3.52,0.62
220,Ty Uber,ND,23,52.1,8.25,3.96,2.09,1.03,20.30%,9.70%,10.60%,0.255,1.45,0.305,57.90%,5.68,5.06,0.62
221,Vincent Fusco,UNH,,39.1,8.47,7.55,1.12,0.92,17.70%,15.80%,1.90%,0.299,2.11,0.365,55.60%,8.69,8.08,0.61
222,Steele Murdock,UCSD,21,66,12.68,5.73,2.21,0.95,28.70%,13.00%,15.70%,0.249,1.65,0.355,62.40%,5.73,5.12,0.61
223,Jacob Dudan,NCSU,21,50,11.16,2.16,5.17,0.54,30.40%,5.90%,24.50%,0.228,1.1,0.323,70.60%,3.6,2.99,0.61
224,JC Dermody,ULM,22,58.1,7.87,4.17,1.89,1.08,17.80%,9.40%,8.40%,0.297,1.73,0.351,65.60%,6.48,5.88,0.6
225,Andrew Jones,VMI,21,45.1,8.34,5.36,1.56,2.38,19.30%,12.40%,6.90%,0.28,1.74,0.303,59.50%,8.14,7.54,0.6
226,Benjamin Stubbs,TROY,22,74,8.15,3.89,2.09,0.61,20.20%,9.60%,10.50%,0.257,1.46,0.317,62.90%,5.23,4.64,0.59
227,Cade Williams,UMES,,50,5.4,6.66,0.81,1.44,11.50%,14.20%,-2.70%,0.332,2.18,0.358,52.50%,9.54,8.96,0.58
228,Gabriel Barrett,SF,23,70.1,8.32,2.05,4.06,0.38,20.40%,5.00%,15.40%,0.306,1.51,0.385,65.00%,4.73,4.16,0.58
229,LJ Mercurius,OU,21,57.2,12.02,2.97,4.05,1.87,29.80%,7.40%,22.50%,0.247,1.32,0.317,65.50%,5.62,5.04,0.58
230,Brock Buckley,BUT,,79.2,8.47,2.37,3.57,0.23,21.10%,5.90%,15.20%,0.285,1.42,0.366,62.70%,4.63,4.06,0.58
231,Alec Couture,MONM,23,71,7.23,2.66,2.71,0.38,17.70%,6.50%,11.20%,0.296,1.54,0.359,55.10%,4.94,4.37,0.58
232,Liam Diehl,TOW,,55.1,10.08,4.88,2.07,1.14,22.50%,10.90%,11.60%,0.29,1.72,0.374,57.80%,7.16,6.59,0.57
233,Zane Adams,ALA,22,76.1,10.02,2.83,3.54,0.94,25.80%,7.30%,18.50%,0.258,1.34,0.335,69.30%,4.36,3.8,0.56
234,Randy Guzman,WIN,,47.1,7.61,5.51,1.38,1.14,17.30%,12.60%,4.80%,0.274,1.75,0.318,57.80%,7.04,6.49,0.55
235,Camden Wimbish,CAM,21,49.2,10.15,2.72,3.73,1.09,25.20%,6.80%,18.50%,0.241,1.27,0.307,55.90%,5.62,5.07,0.54
236,Trevor Landen,UNCO,21,52,6.23,6.06,1.03,1.38,14.10%,13.70%,0.40%,0.294,1.88,0.324,59.30%,8.13,7.6,0.54
237,Andrew Fierro,MRST,20,44.2,9.67,3.63,2.67,1.21,21.90%,8.20%,13.70%,0.333,1.86,0.418,67.00%,6.04,5.51,0.54
238,Alex Mason,GASO,21,51.2,6.45,4.53,1.42,1.92,14.60%,10.20%,4.30%,0.261,1.63,0.27,52.30%,7.84,7.31,0.53
239,Heath Andrews,NCSU,22,56,8.2,4.98,1.65,1.61,19.20%,11.70%,7.50%,0.275,1.68,0.315,62.40%,6.75,6.22,0.53
240,Jerrod Jenkins,DBU,22,43.2,7.63,6.39,1.19,1.24,17.10%,14.30%,2.80%,0.285,1.88,0.331,60.80%,7.42,6.9,0.52
241,Chase Carson,CLT,23,58.2,7.52,3.37,2.23,0.77,17.20%,7.70%,9.50%,0.267,1.55,0.314,61.80%,5.22,4.71,0.51
242,Tristan McGregor,PRES,21,49,6.98,2.94,2.38,1.47,15.70%,6.60%,9.10%,0.322,1.73,0.363,59.40%,7.16,6.66,0.5
243,Lex Kenny,WES,,77.1,6.87,2.79,2.46,0.47,17.20%,7.00%,10.20%,0.272,1.41,0.325,60.70%,5.12,4.62,0.5
244,Gunnar Nichols,WASH,,46.1,9.52,4.27,2.23,0.78,24.50%,11.00%,13.50%,0.212,1.25,0.274,64.60%,5.24,4.75,0.49
245,Drew Lafferty,PITT,22,61.1,6.02,3.23,1.86,0.73,14.30%,7.70%,6.60%,0.303,1.6,0.346,64.40%,5.72,5.23,0.49
246,Michael Fliss,TOL,20,51.2,11.67,5.23,2.23,0.35,24.60%,11.00%,13.60%,0.238,1.65,0.327,64.40%,5.4,4.91,0.49
247,Riane Ritter,KU,20,54.1,10.27,3.15,3.26,0.99,25.90%,7.90%,18.00%,0.248,1.31,0.324,64.70%,5.3,4.81,0.49
248,Matthew Kahn,VILL,,39.2,8.85,4.76,1.86,0.91,21.10%,11.40%,9.70%,0.281,1.66,0.35,65.20%,6.13,5.64,0.48
249,Wyatt Nadeau,VAN,19,51.2,10.45,6.27,1.67,0.87,26.20%,15.70%,10.50%,0.211,1.45,0.283,65.80%,5.57,5.09,0.48
250,Doug Marose,DEL,,46.2,5.4,3.66,1.47,1.16,12.80%,8.70%,4.10%,0.327,1.78,0.358,59.30%,6.56,6.08,0.47
251,Mario Pesca,OKST,22,61.2,10.22,3.94,2.59,1.17,24.50%,9.40%,15.00%,0.271,1.52,0.349,68.60%,5.84,5.37,0.47
252,Jace Stancil,COFC,,46.1,8.35,3.11,2.69,0.58,20.30%,7.50%,12.70%,0.289,1.53,0.361,63.20%,5.24,4.78,0.47
253,Chase Hanawalt,FOR,19,80.1,9.07,2.58,3.52,1.12,23.80%,6.70%,17.00%,0.24,1.22,0.293,59.60%,5.38,4.91,0.47
254,Yates Bland,UNLV,22,48,8.06,3,2.69,0.19,19.00%,7.10%,11.90%,0.307,1.63,0.386,66.20%,5.44,4.97,0.47
255,Andrew Allen,ARST,,45,10.2,3.6,2.83,1.4,26.20%,9.20%,16.90%,0.272,1.44,0.348,67.60%,5.8,5.34,0.46
256,Jacob Gutierrez,CSUB,,60,8.25,2.85,2.89,0.6,20.40%,7.00%,13.30%,0.273,1.42,0.339,63.30%,4.95,4.49,0.46
257,Ben Blair,LIB,,81.1,11.29,1.33,8.5,0.66,30.50%,3.60%,26.90%,0.22,1,0.307,63.70%,3.87,3.42,0.45
258,Kike Cienfuegos,RGV,,48.1,9.5,2.05,4.64,0.93,23.50%,5.10%,18.40%,0.279,1.39,0.352,66.20%,4.84,4.39,0.45
259,Mitch Dye,ILL,22,50.2,8.17,4.44,1.84,1.6,19.60%,10.60%,8.90%,0.255,1.52,0.289,58.20%,6.57,6.13,0.44
260,Preston Prince,FIU,22,47,10.34,8.04,1.29,0.77,23.70%,18.40%,5.30%,0.247,1.87,0.328,64.30%,6.13,5.69,0.44
261,Ryan McLaughlin,DEL,,54.2,6.75,3.29,2.05,0.49,14.70%,7.20%,7.50%,0.267,1.57,0.31,58.60%,5.6,5.17,0.43
262,Jacob Pannell,CARK,,52.1,6.88,4.82,1.43,1.89,15.60%,10.90%,4.70%,0.294,1.76,0.317,61.20%,8.08,7.65,0.43
263,Trace Hartman,STET,21,52.1,7.39,3.61,2.05,0.34,18.30%,8.90%,9.40%,0.263,1.47,0.321,61.20%,4.82,4.39,0.43
264,Cooper Consiglio,NCSU,20,59.2,10.71,4.22,2.54,1.51,26.60%,10.50%,16.10%,0.249,1.44,0.316,56.40%,5.73,5.3,0.43
265,Nicholas Robb,GCU,21,47.2,7.74,3.21,2.41,0.76,19.20%,8.00%,11.30%,0.275,1.47,0.331,60.80%,6.04,5.62,0.42
266,Garrett Holpuch,TNTC,,45,7.2,4.8,1.5,1.6,15.50%,10.30%,5.20%,0.314,1.98,0.35,63.50%,7,6.58,0.42
267,Evan Whiteaker,ACU,22,48,7.88,4.31,1.83,1.13,17.60%,9.60%,7.90%,0.264,1.65,0.305,56.30%,6.19,5.77,0.42
268,Zac Colletti,UIW,23,48,6.56,4.31,1.52,0.56,16.00%,10.50%,5.50%,0.281,1.6,0.331,65.10%,5.63,5.21,0.42
269,Alessandro Castro,NEV,22,47.1,6.65,4.18,1.59,1.71,15.60%,9.80%,5.80%,0.31,1.77,0.34,53.80%,7.99,7.57,0.42
270,Luke Harrison,TEX,23,70,10.03,3.73,2.69,0.9,25.20%,9.40%,15.80%,0.236,1.33,0.306,63.30%,4.76,4.34,0.41
271,Reid Bertram,GWEB,23,61.2,5.84,2.92,2,1.46,14.10%,7.10%,7.10%,0.311,1.59,0.338,60.40%,7.15,6.74,0.41
272,Landon Waugh,MORE,,55.1,7.64,4.23,1.81,1.63,17.90%,9.90%,8.00%,0.276,1.59,0.31,51.20%,7.32,6.91,0.41
273,Keevyn Goss,GRAM,21,44,7.36,9,0.82,1.43,14.80%,18.10%,-3.30%,0.311,2.3,0.357,57.80%,10.23,9.82,0.4
274,Gavin Perry,WKU,23,77.2,8.92,2.09,4.28,0.46,23.80%,5.60%,18.30%,0.261,1.25,0.338,66.40%,4.06,3.66,0.4
275,Joshua Caravalho,HCU,,57.2,8.12,4.37,1.86,1.87,19.20%,10.30%,8.90%,0.273,1.61,0.305,56.70%,7.18,6.78,0.39
276,Dawson Montesa,WVU,20,61.2,11.24,4.96,2.26,1.31,27.90%,12.30%,15.60%,0.238,1.46,0.315,65.20%,5.84,5.45,0.39
277,Jackson Lee,LIP,,49,8.45,5.88,1.44,0.92,18.70%,13.00%,5.70%,0.288,1.88,0.35,67.00%,6.43,6.05,0.38
278,Liam Peterson,FLA,21,74.1,11.99,4.24,2.83,0.85,31.00%,11.00%,20.10%,0.237,1.37,0.339,70.80%,4,3.61,0.38
279,Evan Kleinhans,COLU,22,46,7.63,2.35,3.25,0.39,18.80%,5.80%,13.00%,0.29,1.43,0.359,68.30%,4.7,4.32,0.38
280,Adrian Valdez,SF,,51.2,5.23,2.79,1.88,0.52,12.10%,6.50%,5.70%,0.283,1.53,0.316,56.80%,5.75,5.37,0.38
281,Owen Phypers,NAVY,,54,8.67,3,2.89,1.33,21.80%,7.50%,14.20%,0.274,1.43,0.329,62.70%,6,5.62,0.38
282,Jace Trautner,LIP,,48,6.75,2.81,2.4,1.5,16.20%,6.80%,9.50%,0.317,1.65,0.354,60.40%,6.56,6.19,0.38
283,Corden Pettey,CP,,53.2,9.89,3.35,2.95,1.01,24.40%,8.30%,16.10%,0.275,1.49,0.353,66.10%,5.03,4.66,0.37
284,Connor Marshburn,UNCW,21,74.2,8.8,3.01,2.92,0.24,21.70%,7.40%,14.30%,0.253,1.34,0.329,60.30%,4.7,4.33,0.37
285,Jason Schaaf,MOST,22,60.2,8.6,2.52,3.41,1.48,20.20%,5.90%,14.30%,0.318,1.68,0.377,61.50%,5.79,5.42,0.37
286,Taylor Rabe,MISS,21,57.1,12.72,1.26,10.13,1.57,34.90%,3.40%,31.50%,0.233,1.03,0.32,76.00%,4.08,3.72,0.36
287,Adam Stanton,CLT,23,53.2,6.71,2.68,2.5,0.34,15.00%,6.00%,9.00%,0.247,1.42,0.289,66.10%,4.53,4.17,0.36
288,Jaxon Lucas,LIB,21,58,6.67,3.72,1.79,0.78,16.70%,9.30%,7.40%,0.273,1.5,0.317,63.90%,5.59,5.23,0.35
289,Julian Mlodzinski,FIU,22,58,5.12,4.19,1.22,0.93,11.70%,9.60%,2.10%,0.303,1.78,0.33,58.80%,6.36,6.01,0.35
290,Blake Smith,SEA,22,42,10.71,2.57,4.17,0,25.80%,6.20%,19.60%,0.254,1.33,0.358,64.60%,3.86,3.5,0.35
291,Cole Fehrman,JOES,22,68,11.91,3.71,3.21,0.53,29.40%,9.20%,20.30%,0.24,1.34,0.349,65.70%,4.63,4.28,0.35
292,Roberto Velasquez,VMI,23,43.2,7.63,4.74,1.61,2.27,17.30%,10.70%,6.50%,0.326,1.88,0.361,65.30%,8.04,7.69,0.35
293,Ethan Stade,BGSU,23,64,14.48,2.81,5.15,0.7,36.50%,7.10%,29.40%,0.214,1.14,0.343,60.00%,4.36,4.01,0.35
294,Christian Mello,ALB,,48.2,7.4,9.25,0.8,1.48,16.10%,20.10%,-4.00%,0.273,2.12,0.308,63.00%,8.32,7.97,0.35
295,Troy Dressler,WAKE,20,53.1,12.66,4.39,2.88,1.18,31.90%,11.10%,20.90%,0.245,1.44,0.349,71.80%,4.56,4.21,0.35
296,Eddie Copper,CLT,21,56,9.32,5.63,1.66,0.32,22.70%,13.70%,9.00%,0.237,1.52,0.318,68.00%,4.98,4.64,0.34
297,Hunter Colagrande,STBK,,58,9.62,3.26,2.95,2.02,22.30%,7.60%,14.70%,0.317,1.71,0.38,63.20%,7.14,6.8,0.34
298,Dutch DeProspero,TOW,22,59.1,7.28,3.64,2,1.82,15.90%,7.90%,7.90%,0.343,1.96,0.385,61.40%,7.43,7.1,0.33
299,Brandon Mikos,YSU,,55.1,6.02,4.23,1.42,1.95,13.40%,9.40%,4.00%,0.329,1.93,0.35,59.40%,8.46,8.12,0.33
300,Holden McKinney,JMU,,45.2,6.11,2.36,2.58,0.59,14.80%,5.70%,9.00%,0.275,1.4,0.316,53.80%,5.32,4.99,0.33
301,Andrew Abler,HARV,20,56.2,5.88,2.7,2.18,0.79,14.40%,6.60%,7.80%,0.278,1.45,0.313,60.50%,5.4,5.07,0.33
302,Ty Madison,SDST,,56.1,7.35,1.6,4.6,0.96,18.90%,4.10%,14.80%,0.283,1.33,0.331,63.70%,5.43,5.11,0.32
303,George Adams,FIU,20,45.2,8.87,4.53,1.96,1.38,20.90%,10.70%,10.20%,0.287,1.69,0.346,68.80%,6.31,5.99,0.31
304,Gus McKay,UIW,,49.1,5.66,3.47,1.63,1.09,13.50%,8.30%,5.20%,0.315,1.68,0.349,63.70%,6.39,6.07,0.31
305,Luke Alwood,SEA,22,43,10.05,3.98,2.53,1.05,24.40%,9.60%,14.70%,0.266,1.51,0.342,61.90%,5.65,5.34,0.31
306,Ethan Norby,ECU,21,75.2,12.85,2.85,4.5,1.07,30.80%,6.80%,23.90%,0.265,1.4,0.378,72.50%,4.52,4.21,0.31
307,Harrison Thayer,RGV,,61,6.93,3.69,1.88,0.59,17.80%,9.50%,8.30%,0.242,1.34,0.286,61.70%,5.16,4.85,0.31
308,Michael Caruso,GAST,22,65.2,8.5,3.29,2.58,0.69,21.90%,8.50%,13.40%,0.226,1.23,0.281,60.50%,4.93,4.63,0.3
309,Jesse Gutierrez,SJSU,,45.1,6.15,4.76,1.29,0.4,14.40%,11.10%,3.20%,0.297,1.74,0.349,61.30%,6.55,6.25,0.3
310,Brett Renfrow,VT,21,69.2,11.11,2.71,4.1,1.29,29.00%,7.10%,21.90%,0.248,1.26,0.328,71.30%,4.65,4.35,0.3
311,Mason Smith,CAM,,50,10.62,3.24,3.28,1.98,26.30%,8.00%,18.30%,0.251,1.36,0.302,58.70%,6.66,6.37,0.29
312,Ethan Calder,BAY,22,67.2,6.78,2,3.4,0.8,16.10%,4.70%,11.40%,0.275,1.43,0.315,61.10%,4.79,4.5,0.29
313,JD Rodriguez,TULN,,58,9,4.34,2.07,1.4,21.00%,10.10%,10.90%,0.3,1.72,0.364,67.10%,6.05,5.77,0.28
314,Kyle Froehlich,TXST,,56.2,9.85,0.95,10.33,1.11,25.20%,2.40%,22.80%,0.269,1.22,0.339,59.80%,4.45,4.17,0.28
315,Ethan Eberle,LOU,20,65.1,9.92,4.13,2.4,1.38,22.30%,9.30%,13.00%,0.31,1.79,0.387,70.40%,5.79,5.51,0.28
316,Kros Sivley,USM,22,49,8.82,1.84,4.8,0.73,24.00%,5.00%,19.00%,0.211,1,0.263,62.00%,4.41,4.13,0.27
317,Corey Costello,RAD,21,45.2,9.46,6.31,1.5,0.79,21.60%,14.40%,7.20%,0.257,1.71,0.331,61.20%,6.5,6.24,0.27
318,Kale Hammer,SEA,21,70,7.84,2.57,3.05,1.29,19.70%,6.50%,13.30%,0.274,1.4,0.318,59.10%,5.79,5.53,0.26
319,Derek Benzinger,HALL,23,41.2,6.7,6.91,0.97,0.65,15.00%,15.50%,-0.50%,0.292,1.97,0.343,58.70%,6.7,6.45,0.25
320,Trae Burton,JKST,19,41.2,8.64,8.86,0.98,1.08,18.80%,19.20%,-0.50%,0.255,1.99,0.308,53.00%,8.64,8.4,0.24
321,Josh Halcisak,MSM,21,41,9,5.49,1.64,0.88,20.40%,12.40%,8.00%,0.302,1.88,0.378,65.00%,5.93,5.69,0.24
322,Sam Heyman,BEL,23,45,7.6,3.8,2,0.4,18.00%,9.00%,9.00%,0.265,1.49,0.326,54.50%,5.6,5.36,0.24
323,Fernando Palencia,USD,,42.2,7.8,3.8,2.06,1.9,17.30%,8.40%,8.90%,0.323,1.83,0.364,61.00%,7.59,7.36,0.23
324,Liam Kinneen,PRIN,21,58.2,6.44,4.91,1.31,0.46,15.40%,11.80%,3.70%,0.251,1.5,0.298,59.50%,5.98,5.75,0.23
325,Steven Mazza,MRST,21,49.2,6.7,5.44,1.23,0.91,14.60%,11.90%,2.80%,0.327,2.03,0.377,60.00%,6.52,6.29,0.23
326,Marco Dumsky,DART,,40.1,8.48,5.13,1.65,0.89,19.10%,11.60%,7.50%,0.288,1.79,0.352,56.60%,5.8,5.57,0.23
327,Max Kaplan,UPST,20,69.1,8.18,2.47,3.32,1.04,20.90%,6.30%,14.60%,0.271,1.33,0.328,61.20%,5.71,5.49,0.23
328,Kenyon Collins,MRSH,20,66,9,3.95,2.28,0.68,19.80%,8.70%,11.10%,0.239,1.5,0.293,60.60%,5.18,4.96,0.22
329,Connor Fennell,VAN,21,80.2,10.82,2.12,5.11,1.67,28.80%,5.60%,23.10%,0.248,1.19,0.312,70.70%,4.8,4.58,0.22
330,Nick DiRito,APP,23,76,10.07,2.72,3.7,0.71,25.70%,6.90%,18.70%,0.254,1.3,0.337,70.30%,4.38,4.17,0.21
331,AJ Ciscar,MIA,,68.1,9.09,1.05,8.63,1.05,21.20%,2.50%,18.70%,0.244,1.21,0.291,64.00%,4.35,4.13,0.21
332,Jack Radel,ND,21,81.1,11.95,2.32,5.14,0.77,32.40%,6.30%,26.10%,0.206,1.05,0.292,68.70%,3.32,3.11,0.21
333,William Taylor,MRST,22,41.2,7.78,6.05,1.29,0.86,18.50%,14.40%,4.10%,0.248,1.63,0.298,62.90%,6.48,6.27,0.21
334,Jesus Tovar,TXST,,61.1,8.8,4.7,1.88,0.29,22.30%,11.90%,10.40%,0.235,1.37,0.314,63.80%,5.14,4.93,0.21
335,Keenan Anzai,UCD,,54.2,8.73,3.13,2.79,0.33,22.60%,8.10%,14.50%,0.265,1.37,0.346,63.50%,4.12,3.92,0.2
336,Tristan Ciampa,SBU,24,41,9,4.39,2.05,0.22,21.70%,10.60%,11.10%,0.287,1.63,0.377,68.00%,4.61,4.41,0.2
337,Nolan Feidt,SBU,,51.1,7.19,6.14,1.17,0.53,14.80%,12.60%,2.20%,0.294,2.01,0.348,42.80%,6.31,6.12,0.2
338,Chase Herrell,USC,,46.1,7.58,4.47,1.7,1.36,17.20%,10.10%,7.00%,0.255,1.6,0.286,64.50%,6.02,5.83,0.19
339,Travis Farrell,SEA,23,73,8.01,2.47,3.25,1.11,19.80%,6.10%,13.70%,0.307,1.55,0.367,65.50%,5.42,5.23,0.19
340,Loren Georger,SLU,,44,7.36,3.48,2.12,0.41,18.20%,8.60%,9.60%,0.261,1.43,0.319,64.40%,4.91,4.72,0.19
341,Haden Luke,NICH,,52.2,11.79,5.47,2.16,1.37,28.60%,13.30%,15.40%,0.26,1.61,0.354,68.50%,5.81,5.63,0.18
342,Cody Templeton,SFA,,74.1,8.72,3.63,2.4,0.48,21.50%,9.00%,12.50%,0.282,1.53,0.36,69.30%,4.6,4.42,0.18
343,Zach Erdman,PUR,22,66.1,7.73,2.04,3.8,1.22,18.80%,4.90%,13.80%,0.316,1.58,0.37,66.40%,4.88,4.71,0.18
344,Branton Little,WOF,22,52.1,9.46,1.72,5.5,0.86,23.30%,4.20%,19.10%,0.279,1.38,0.352,62.30%,3.96,3.78,0.17
345,Keyon Guillory,GRAM,22,64.1,7.55,6.16,1.23,0.28,17.30%,14.10%,3.20%,0.282,1.83,0.35,56.50%,6.58,6.4,0.17
346,Jon Whiteside,DAY,,45.1,7.15,4.17,1.71,1.19,16.60%,9.70%,6.90%,0.304,1.7,0.352,59.60%,6.75,6.58,0.17
347,Nolan Geisler,UML,,48,5.81,2.44,2.38,0.94,14.60%,6.10%,8.50%,0.299,1.48,0.335,65.20%,5.44,5.28,0.16
348,Josh Willitts,NJIT,,69,7.17,4.43,1.62,0.78,17.20%,10.60%,6.60%,0.288,1.65,0.341,63.40%,5.61,5.45,0.16
349,Alexander Llinas,LIP,22,67.1,8.02,4.01,2,1.07,19.70%,9.80%,9.80%,0.262,1.49,0.312,64.00%,5.88,5.73,0.16
350,Zachary Robinson,UMBC,,68.1,5.93,2.5,2.37,0.13,14.30%,6.00%,8.30%,0.3,1.54,0.353,63.90%,4.35,4.19,0.15
351,Angel Ortiz,NCAT,,44.2,6.85,3.83,1.79,0.81,15.10%,8.40%,6.70%,0.305,1.79,0.352,59.70%,5.84,5.69,0.15
352,Tripp Patterson,UNA,,76,5.33,2.84,1.88,1.42,13.00%,6.90%,6.10%,0.31,1.61,0.332,59.70%,6.51,6.36,0.15
353,Derek Arrocha,JKST,22,80,8.89,3.83,2.32,0.45,21.20%,9.10%,12.10%,0.288,1.61,0.368,59.70%,5.74,5.59,0.15
354,Luca Alagheband,HARV,20,45.2,8.47,3.74,2.26,0.79,20.40%,9.00%,11.40%,0.222,1.27,0.271,57.00%,5.72,5.57,0.15
355,Kyle Calzadiaz,SJSU,,45.1,11.12,7.15,1.56,0.4,26.20%,16.80%,9.30%,0.229,1.65,0.33,63.60%,6.15,6.01,0.15
356,Smith Bailey,ARIZ,20,61.2,9.49,3.36,2.83,0.88,24.00%,8.50%,15.50%,0.254,1.38,0.324,67.00%,4.67,4.53,0.14
357,Sawyer Pruitt,UL,,63.2,9.75,3.96,2.46,0.71,24.20%,9.80%,14.40%,0.258,1.46,0.337,69.20%,4.66,4.52,0.14
358,Ben Waterman,LAF,21,42.2,6.96,5.7,1.22,1.27,16.10%,13.20%,2.90%,0.228,1.52,0.25,53.30%,7.38,7.24,0.14
359,Logan Reddemann,UCLA,21,59.2,12.67,1.66,7.64,0.75,35.70%,4.70%,31.10%,0.212,0.97,0.316,77.40%,2.87,2.73,0.14
360,Hayden ODell,USA,,46.1,8.55,3.88,2.2,0.39,21.30%,9.70%,11.60%,0.262,1.47,0.336,70.80%,4.47,4.33,0.14
361,Tyler Lutz,JMU,,57.2,6.71,2.18,3.07,0.94,14.90%,4.90%,10.10%,0.25,1.4,0.279,63.60%,5.15,5.02,0.13
362,Michael Tight,COR,,29.2,6.67,4.25,1.57,0.61,15.70%,10.00%,5.70%,0.264,1.55,0.309,47.70%,5.46,5.33,0.13
363,Gregory Quintana,LAF,,44.1,7.71,3.45,2.24,1.22,18.50%,8.30%,10.20%,0.299,1.62,0.35,65.10%,5.89,5.76,0.13
364,Ka'imi Kahalekai,LBSU,,42,9.21,6.21,1.48,1.29,20.00%,13.50%,6.50%,0.269,1.81,0.325,67.40%,6.86,6.73,0.13
365,Garrett Lambert,MER,,65.1,11.02,3.72,2.96,0.83,27.80%,9.40%,18.40%,0.214,1.22,0.29,65.00%,4.55,4.42,0.13
366,Joey Volchko,UGA,21,70.1,11.13,4.86,2.29,0.77,28.00%,12.20%,15.80%,0.24,1.45,0.333,73.30%,4.22,4.11,0.11
367,Cole Selvig,MINN,21,67.1,7.75,3.07,2.52,1.2,19.90%,7.90%,12.00%,0.266,1.38,0.311,66.00%,5.21,5.11,0.11
368,Lucas Boesen,UNCA,,71,8.75,7.23,1.21,0.76,19.90%,16.50%,3.50%,0.27,1.87,0.338,63.80%,6.34,6.23,0.1
369,Trey Ludy,RAD,21,46,9.98,1.37,7.29,0.78,27.40%,3.80%,23.70%,0.236,1.07,0.309,63.10%,3.91,3.81,0.1
370,Harrison Wilson,WIN,22,45.2,7.49,1.58,4.75,0.79,19.30%,4.10%,15.20%,0.282,1.34,0.336,53.20%,4.53,4.44,0.09
371,Lazaro Collera,MIA,20,62.1,9.1,3.9,2.33,1.01,22.80%,9.80%,13.00%,0.238,1.35,0.294,64.90%,5.05,4.97,0.09
372,Nolan Kirsch,MERC,,48,6.94,6.75,1.03,0.75,16.10%,15.70%,0.40%,0.261,1.77,0.306,55.00%,7.69,7.6,0.08
373,Liam Smith,PAC,,43.1,8.72,6.65,1.31,1.66,18.80%,14.30%,4.50%,0.309,2.03,0.366,60.40%,7.89,7.82,0.07
374,Lance Williams,MD,,54,10.67,4.33,2.46,2,24.20%,9.80%,14.40%,0.252,1.54,0.3,65.20%,6.5,6.43,0.07
375,Luke Earnhardt,WIN,,66.2,10.67,5,2.14,0.41,26.40%,12.40%,14.00%,0.233,1.44,0.327,62.50%,4.73,4.66,0.07
376,Joseph Webb,ECU,22,56.2,11.59,3.81,3.04,0.48,30.00%,9.90%,20.20%,0.2,1.16,0.291,60.70%,3.81,3.75,0.06
377,Dylan Mulcahy,SFA,22,49.2,11.05,3.99,2.77,0.91,28.40%,10.20%,18.10%,0.241,1.37,0.328,66.70%,4.53,4.47,0.06
378,Ian Mowad,SJU,,44.1,6.5,4.06,1.6,0.81,14.60%,9.10%,5.50%,0.258,1.58,0.291,63.40%,5.89,5.83,0.06
379,Dylan Vigue,UGA,22,53,11.21,4.92,2.28,0.17,28.70%,12.60%,16.10%,0.198,1.26,0.296,73.70%,3.57,3.51,0.06
380,Max Winders,BUT,20,70.1,7.81,1.54,5.08,0.77,20.90%,4.10%,16.80%,0.256,1.18,0.31,60.60%,4.48,4.42,0.06
381,Dylan Banner,ALB,,77.2,6.95,2.2,3.16,0.23,16.30%,5.20%,11.20%,0.249,1.34,0.297,60.10%,3.94,3.88,0.06
382,Elijah Green,NKU,,55,8.02,5.07,1.58,0.82,18.90%,12.00%,6.90%,0.262,1.62,0.317,62.90%,6.55,6.49,0.06
383,Kide Adetuyi,FAU,20,68.2,10.75,4.06,2.65,0.92,28.20%,10.70%,17.50%,0.225,1.3,0.302,67.70%,4.33,4.27,0.06
384,Trey Beard,FSU,21,64,12.38,3.23,3.83,1.55,31.40%,8.20%,23.20%,0.241,1.3,0.327,66.10%,4.78,4.73,0.05
385,Nathan Aceves,UCSB,,57.2,9.83,3.9,2.52,0.47,25.00%,9.90%,15.10%,0.225,1.28,0.303,64.70%,4.37,4.32,0.05
386,Evan Dempsey,FGCU,20,82.2,12.63,2.61,4.83,0.44,33.70%,7.00%,26.70%,0.206,1.06,0.316,71.40%,3.38,3.33,0.05
387,Anderson Nance,NCSU,20,41.2,11.23,4.1,2.74,0.86,24.50%,9.00%,15.60%,0.236,1.54,0.304,76.20%,4.1,4.06,0.05
388,Cole Gibler,ARK,20,52.2,9.06,3.93,2.3,1.71,22.70%,9.90%,12.90%,0.248,1.41,0.287,67.20%,5.64,5.6,0.04
389,Sam Staerker,CAN,,39.2,11.34,4.54,2.5,0.68,29.40%,11.80%,17.60%,0.2,1.26,0.278,61.10%,4.31,4.27,0.04
390,Chase Richter,ARST,24,47,9.19,2.68,3.43,1.15,23.80%,6.90%,16.80%,0.251,1.28,0.31,65.40%,4.98,4.94,0.03
391,Ashton Johnson,BYU,,47,8.04,3.83,2.1,0.57,18.80%,8.90%,9.80%,0.235,1.45,0.283,67.40%,4.4,4.38,0.03
392,Mason Holloway,BING,,45.2,8.28,2.36,3.5,1.38,20.30%,5.80%,14.50%,0.277,1.42,0.324,67.60%,5.32,5.29,0.03
393,Zach Crotchfelt,TROY,22,44.2,11.69,3.43,3.41,1.21,28.90%,8.50%,20.40%,0.26,1.43,0.35,73.40%,4.63,4.61,0.03
394,Matt Stuart,GWEB,,60.2,4.45,3.71,1.2,0.89,10.60%,8.80%,1.80%,0.313,1.71,0.338,60.00%,6.23,6.2,0.03
395,Andrew Heffernan,BGSU,,60.1,6.27,1.79,3.5,1.19,15.40%,4.40%,11.00%,0.3,1.46,0.335,60.10%,5.97,5.94,0.02
396,Luis Becerra,CBU,,46.1,13.4,3.11,4.31,0.39,35.90%,8.30%,27.60%,0.207,1.1,0.337,72.50%,3.3,3.28,0.02
397,Noel Valdez,UCD,,70.2,7.64,3.18,2.4,0.76,18.90%,7.90%,11.00%,0.33,1.71,0.4,72.20%,4.58,4.57,0.01
398,Enger Paulino,SBU,,51.2,8.01,7.66,1.05,0.52,18.00%,17.20%,0.80%,0.265,1.9,0.329,62.90%,6.27,6.26,0.01
399,Henry Zatkowski,UVA,,74.1,10.65,2.78,3.83,0.97,27.80%,7.30%,20.60%,0.215,1.13,0.282,61.10%,4.12,4.12,0
400,Chase Ingram,UAB,22,63,5.71,2.14,2.67,2.14,13.60%,5.10%,8.50%,0.279,1.46,0.281,63.50%,6.57,6.57,0
401,John Delgado,DAY,,60.2,10.68,5.04,2.12,1.34,26.20%,12.40%,13.80%,0.238,1.48,0.305,62.40%,5.79,5.8,-0.01
402,Huxley Holcombe,COR,,50,8.1,4.68,1.73,0.72,19.70%,11.40%,8.30%,0.238,1.44,0.292,61.50%,5.4,5.41,-0.01
403,Deron Swanson,TOL,23,55,9.49,3.11,3.05,0.65,23.40%,7.70%,15.70%,0.268,1.44,0.346,61.20%,4.75,4.76,-0.02
404,Luke Ridley,WES,,58.1,8.33,6.94,1.2,1.08,18.40%,15.40%,3.10%,0.282,1.94,0.339,67.20%,6.63,6.65,-0.02
405,Daniel Lang,STO,,43,6.28,6.07,1.03,0.84,14.40%,13.90%,0.50%,0.257,1.74,0.29,46.90%,7.33,7.35,-0.02
406,Nathan Taylor,CIN,,81,12.33,2.44,5.05,1,32.20%,6.40%,25.80%,0.233,1.19,0.33,68.20%,3.78,3.8,-0.02
407,Griffin Naess,CP,,73,9.37,3.21,2.92,0.99,23.40%,8.00%,15.40%,0.256,1.38,0.321,69.90%,4.68,4.72,-0.03
408,William Andrade,UNO,,47,8.81,6.7,1.31,1.15,20.20%,15.40%,4.80%,0.267,1.77,0.328,61.60%,6.89,6.93,-0.04
409,Esteban Torres,UMES,,56.2,5.72,7.46,0.77,0.48,12.90%,16.80%,-3.90%,0.259,1.85,0.297,53.70%,7.78,7.82,-0.04
410,Wade Cooper,TXST,,53.1,9.96,3.04,3.28,1.01,24.80%,7.60%,17.20%,0.259,1.39,0.331,60.30%,4.56,4.6,-0.05
411,Brandon Bak,UIC,,77,7.71,2.69,2.87,1.17,19.40%,6.80%,12.60%,0.289,1.48,0.339,65.70%,5.38,5.42,-0.05
412,Kade Walker,JKST,23,46.2,9.84,4.82,2.04,0.77,23.10%,11.30%,11.80%,0.284,1.69,0.37,57.90%,6.17,6.22,-0.05
413,Jacob Heppner,UVU,,59.2,6.03,4.37,1.38,0.45,14.90%,10.80%,4.10%,0.282,1.61,0.328,61.40%,4.98,5.03,-0.05
414,Hunter Elliott,MISS,23,71,12.17,4.31,2.82,1.52,30.10%,10.70%,19.40%,0.247,1.42,0.337,73.30%,5.07,5.12,-0.05
415,Hunter Dietz,ARK,21,78.2,13.39,3.09,4.33,1.03,35.50%,8.20%,27.30%,0.219,1.17,0.327,73.80%,3.32,3.37,-0.05
416,Ridge Harvey,BEL,19,46.2,9.64,2.89,3.33,0.39,24.40%,7.30%,17.10%,0.251,1.31,0.336,61.30%,4.24,4.3,-0.06
417,Wade Walton,HPU,20,70,9,4.63,1.94,0.39,22.10%,11.40%,10.70%,0.254,1.51,0.33,60.90%,4.63,4.69,-0.06
418,Ryne Rodriguez,HOU,,55.1,9.27,3.09,3,0.65,23.80%,7.90%,15.80%,0.241,1.27,0.311,65.40%,4.39,4.45,-0.06
419,Kyle Winkler,UTA,22,44.2,4.03,2.01,2,1.01,10.20%,5.10%,5.10%,0.297,1.46,0.313,52.50%,5.44,5.51,-0.07
420,Chris Domke,OSU,22,64,7.45,2.81,2.65,1.97,16.70%,6.30%,10.40%,0.251,1.45,0.263,64.70%,6.19,6.25,-0.07
421,Mason Blasche,SAM,,67.1,7.49,2.54,2.95,1.87,18.40%,6.20%,12.10%,0.292,1.5,0.322,62.50%,5.88,5.95,-0.07
422,Jake Jones,CARK,,51,7.41,4.41,1.68,0.88,18.00%,10.70%,7.30%,0.266,1.53,0.316,62.50%,5.82,5.9,-0.07
423,Bryan Matuschat,SHU,20,80.1,4.59,2.24,2.05,1.79,10.80%,5.30%,5.60%,0.32,1.67,0.328,60.70%,6.61,6.69,-0.08
424,Austin Bowker,UCSD,,45,4.8,3.6,1.33,1.4,11.30%,8.50%,2.80%,0.287,1.53,0.299,58.50%,7.2,7.28,-0.08
425,Sam Schlecht,SDST,23,64.2,8.63,2.92,2.95,1.53,20.90%,7.10%,13.90%,0.287,1.52,0.338,60.30%,6.12,6.21,-0.09
426,Edwin Alicea,USF,21,72.1,7.47,3.48,2.14,0.87,18.20%,8.50%,9.70%,0.248,1.37,0.292,61.80%,5.23,5.31,-0.09
427,Rafael Capistran,GRAM,23,43,10.67,6.91,1.55,0.84,24.30%,15.70%,8.60%,0.244,1.74,0.325,49.70%,6.7,6.79,-0.09
428,Camden Clark,USM,20,46,14.28,1.37,10.43,0.59,40.30%,3.90%,36.50%,0.199,0.89,0.326,75.40%,2.35,2.44,-0.09
429,Jake Cullen,URI,20,50.1,9.66,6.79,1.42,1.07,22.00%,15.50%,6.50%,0.228,1.65,0.285,60.30%,6.44,6.53,-0.09
430,Noah Kenney,WASH,,77.2,9.85,3.82,2.58,0.93,25.00%,9.70%,15.30%,0.227,1.3,0.29,67.10%,4.4,4.5,-0.09
431,Garrett Grant,FAU,,52.2,7.86,3.42,2.3,1.54,18.30%,8.00%,10.40%,0.313,1.71,0.361,74.60%,5.81,5.9,-0.09
432,Brian Strange,ELON,23,75.1,8.84,3.7,2.39,1.08,21.80%,9.10%,12.60%,0.262,1.46,0.32,55.60%,5.38,5.47,-0.09
433,Reese Bassinger,WVU,23,43.2,10.31,2.68,3.85,0.41,25.90%,6.70%,19.20%,0.217,1.17,0.293,71.40%,3.5,3.6,-0.1
434,Evan Maloney,URI,,42,6.21,3.21,1.93,0.64,15.80%,8.20%,7.70%,0.233,1.26,0.267,61.30%,5.14,5.24,-0.1
435,Maverick Torres,WES,,58,7.29,4.34,1.68,2.17,16.80%,10.00%,6.80%,0.298,1.74,0.321,65.20%,7.45,7.55,-0.1
436,Owen Slater,MOST,,55.2,6.14,5.17,1.19,1.13,13.80%,11.60%,2.20%,0.308,1.83,0.346,65.60%,6.95,7.05,-0.1
437,Lincoln Sheffield,KSU,22,80.2,8.59,2.01,4.28,1.34,21.90%,5.10%,16.80%,0.278,1.35,0.332,64.50%,4.91,5.01,-0.1
438,Tazwell Butler,KSU,23,50.1,9.12,3.58,2.55,1.43,23.00%,9.00%,14.00%,0.231,1.31,0.271,60.60%,5.36,5.47,-0.1
439,Trey Power,ALST,20,52,6.23,4.67,1.33,0.52,14.90%,11.20%,3.70%,0.262,1.56,0.305,56.60%,6.58,6.69,-0.11
440,Cam Allen,WRST,,57.2,8.43,4.37,1.93,1.25,20.60%,10.70%,9.90%,0.261,1.51,0.311,60.90%,6.71,6.82,-0.11
441,Jake Story,UNCO,22,60,7.95,4.35,1.83,1.05,18.00%,9.80%,8.10%,0.258,1.6,0.3,59.70%,6,6.12,-0.12
442,Ethan Foley,CAL,23,54.2,7.08,2.8,2.53,1.32,17.10%,6.80%,10.40%,0.307,1.59,0.35,67.20%,5.27,5.39,-0.12
443,Marty Coyne,PENN,21,70.2,8.41,1.91,4.4,0.89,22.20%,5.10%,17.20%,0.243,1.13,0.299,66.90%,4.58,4.71,-0.12
444,Dillon Masters,OHIO,,53,4.42,4.75,0.93,0.51,10.10%,10.90%,-0.80%,0.259,1.64,0.281,56.60%,5.94,6.07,-0.13
445,Zach Boyd,W&M,,44.1,6.5,4.26,1.52,1.02,15.30%,10.00%,5.30%,0.291,1.67,0.331,64.40%,6.09,6.22,-0.13
446,Chase Deibler,DEL,,44,5.73,5.32,1.08,1.23,13.90%,12.90%,1.00%,0.267,1.64,0.29,63.10%,6.55,6.67,-0.13
447,Nate Gray,BYU,20,58.1,8.64,6.17,1.4,1.39,19.60%,14.00%,5.60%,0.274,1.8,0.326,68.70%,6.48,6.61,-0.13
448,Dylan Volantis,TEX,20,74.2,12.66,2.65,4.77,0.24,34.70%,7.30%,27.40%,0.188,0.99,0.294,79.80%,2.05,2.18,-0.13
449,Colton Hartman,LOU,21,45.2,11.04,6.5,1.7,1.58,24.50%,14.40%,10.00%,0.302,1.99,0.391,71.60%,5.91,6.05,-0.14
450,Luke Parise,JOES,20,64,8.02,2.81,2.85,0.84,19.30%,6.80%,12.50%,0.264,1.39,0.318,65.90%,5.2,5.34,-0.14
451,Shane Brinham,MICH,18,56,8.04,5.14,1.56,0.48,19.70%,12.60%,7.10%,0.252,1.55,0.315,70.30%,4.5,4.64,-0.14
452,Jaden Kinsler,JMU,22,44.1,8.32,3.45,2.41,1.62,21.50%,8.90%,12.60%,0.247,1.33,0.281,63.70%,5.89,6.03,-0.14
453,Bobby Spencer,SOU,25,72.1,9.46,4.23,2.24,0.87,22.80%,10.20%,12.60%,0.269,1.56,0.341,64.10%,5.97,6.12,-0.14
454,Marcus Kruzan,MINN,21,50.1,8.94,2.86,3.13,0.54,22.70%,7.30%,15.50%,0.179,1.03,0.223,63.00%,3.58,3.72,-0.15
455,Tanner Nolan,APP,,48.2,7.58,4.44,1.71,1.66,17.70%,10.30%,7.30%,0.273,1.58,0.306,63.80%,7.03,7.18,-0.15
456,Kenton Deverman,EVAN,21,44,9.41,1.64,5.75,2.05,22.40%,3.90%,18.50%,0.314,1.57,0.37,67.20%,5.93,6.09,-0.16
457,Andrew Rubayo,QUIN,,70,9.13,1.8,5.07,0.26,21.90%,4.30%,17.60%,0.237,1.23,0.303,67.30%,3.34,3.5,-0.16
458,Ethan Hamill,COR,22,48,6.75,4.69,1.44,1.31,16.70%,11.60%,5.10%,0.251,1.46,0.279,63.70%,6.56,6.72,-0.16
459,Sam Carlisle,WMU,22,55,10.47,5.24,2,0.49,25.10%,12.50%,12.50%,0.24,1.53,0.327,68.80%,4.91,5.07,-0.16
460,Trevor Moore,STAN,22,41.1,10.02,4.79,2.09,0.44,26.00%,12.40%,13.60%,0.227,1.38,0.311,74.30%,3.7,3.87,-0.17
461,Grayden Harris,USM,19,78.1,10.69,2.07,5.17,0.34,28.30%,5.50%,22.80%,0.252,1.2,0.354,71.90%,3.1,3.27,-0.17
462,Jackson Thomas,WASH,,52.2,7.18,2.73,2.63,1.2,17.50%,6.70%,10.80%,0.259,1.37,0.293,62.70%,5.13,5.3,-0.17
463,Nathan Mertens,SEMO,,59.1,8.04,0.46,17.67,1.21,21.90%,1.20%,20.70%,0.252,1.04,0.295,64.50%,4.4,4.57,-0.18
464,Ricky Ojeda,UCI,20,61,9,2.8,3.21,0.3,23.30%,7.30%,16.00%,0.216,1.13,0.286,65.20%,3.84,4.01,-0.18
465,Anthony Mateo,AAMU,22,77.1,5.47,3.03,1.81,0.81,13.00%,7.20%,5.80%,0.295,1.58,0.328,59.30%,6.52,6.7,-0.18
466,Jacob Jette,UML,22,50.2,5.51,4.97,1.11,1.95,12.90%,11.60%,1.20%,0.288,1.74,0.295,52.80%,7.46,7.64,-0.18
467,Dax Whitney,ORST,20,63,14.86,2.57,5.78,0.86,41.80%,7.20%,34.50%,0.183,0.95,0.303,85.80%,2,2.18,-0.18
468,Owen Byberg,EVAN,23,43.1,6.65,3.74,1.78,1.45,14.80%,8.30%,6.50%,0.293,1.68,0.322,53.30%,6.85,7.04,-0.18
469,John Carmichael,EMU,,72,8.13,2.38,3.42,1.13,19.90%,5.80%,14.10%,0.297,1.49,0.356,63.60%,5.5,5.69,-0.19
470,Liam Watt,DBU,22,77.1,6.63,1.75,3.8,0.7,17.80%,4.70%,13.10%,0.253,1.18,0.295,67.40%,4.31,4.51,-0.2
471,Bryce Blevins,MRSH,,102,7.59,1.59,4.78,1.15,19.70%,4.10%,15.60%,0.269,1.26,0.312,67.60%,4.59,4.79,-0.2
472,Declan Wywoda,GW,20,67,5.1,2.69,1.9,1.07,12.80%,6.80%,6.10%,0.285,1.45,0.308,62.10%,5.64,5.85,-0.2
473,Wes Mendes,FSU,21,84,11.68,2.46,4.74,0.43,31.80%,6.70%,25.10%,0.195,1,0.285,72.60%,2.68,2.89,-0.21
474,Carter Cox,NIU,,69,9.13,3.65,2.5,0.91,22.00%,8.80%,13.20%,0.267,1.48,0.335,63.70%,5.48,5.69,-0.21
475,Carter Monke,MSU,,68,6.22,1.99,3.13,1.19,15.50%,5.00%,10.60%,0.299,1.46,0.333,69.60%,4.9,5.11,-0.21
476,Adam Merritt,MASS,,52,8.31,4.67,1.78,0.35,19.00%,10.70%,8.30%,0.183,1.29,0.226,57.60%,5.02,5.23,-0.21
477,Carter Burnette,WCU,,75.1,8.24,3.11,2.65,2.15,21.00%,7.90%,13.10%,0.273,1.41,0.301,63.90%,6.33,6.55,-0.21
478,Evan Blanco,TENN,22,73,10.85,2.96,3.67,1.6,26.10%,7.10%,19.00%,0.199,1.16,0.234,69.10%,4.56,4.78,-0.22
479,Jonah Walker,NDSU,22,46.2,6.56,5.4,1.21,0.77,13.70%,11.30%,2.40%,0.242,1.71,0.271,61.70%,6.17,6.4,-0.22
480,Joel Core,STET,21,44.1,8.53,4.87,1.75,0.2,21.40%,12.20%,9.20%,0.237,1.44,0.31,68.60%,4.26,4.5,-0.23
481,Ryan Furey,UNF,,55,5.56,2.29,2.43,0.33,13.70%,5.60%,8.10%,0.304,1.53,0.351,66.90%,4.25,4.49,-0.23
482,Tanner Boccabello,BCU,23,61,7.38,3.1,2.38,0.59,17.60%,7.40%,10.20%,0.307,1.62,0.37,59.60%,5.75,5.99,-0.24
483,Boede Rahe,KU,,45.1,11.51,2.98,3.87,1.19,30.50%,7.90%,22.60%,0.229,1.21,0.306,73.00%,3.97,4.21,-0.24
484,Ryland Bozenhard,USA,,47,6.32,4.79,1.32,1.34,13.90%,10.50%,3.40%,0.328,1.96,0.366,71.00%,6.51,6.75,-0.24
485,Carson Jasa,NEB,21,75.1,12.07,5.38,2.24,0.36,30.40%,13.60%,16.90%,0.206,1.35,0.312,72.40%,3.58,3.83,-0.24
486,Miguel Hugas,MER,,69.1,5.84,2.47,2.37,1.17,14.60%,6.10%,8.40%,0.276,1.36,0.303,64.40%,5.58,5.83,-0.25
487,Chris Downs,CP,20,49.1,9.12,3.47,2.63,0.91,21.60%,8.20%,13.40%,0.278,1.54,0.347,63.60%,4.74,4.99,-0.25
488,Tegan Kuhns,TENN,21,77,11.69,1.75,6.67,1.29,30.90%,4.60%,26.20%,0.25,1.18,0.337,79.40%,3.39,3.64,-0.25
489,Jake Lenahan,HC,,53.1,10.13,3.04,3.33,0.68,25.90%,7.80%,18.10%,0.225,1.22,0.297,57.50%,4.05,4.31,-0.26
490,Max Haug,GW,22,73.2,7.94,4.4,1.81,1.1,18.50%,10.20%,8.20%,0.291,1.67,0.347,65.90%,5.99,6.25,-0.26
491,David Horn,MTSU,22,68.1,10.4,4.74,2.19,0.79,25.00%,11.40%,13.60%,0.269,1.6,0.36,65.70%,4.74,5,-0.26
492,Joseph Sabbath,URI,21,53,8.83,3.91,2.26,1.53,20.40%,9.00%,11.40%,0.26,1.51,0.304,59.70%,6.28,6.55,-0.26
493,Eric Nachtsheim,MCN,,79,13.56,2.39,5.67,1.25,35.80%,6.30%,29.50%,0.221,1.13,0.322,74.70%,3.65,3.91,-0.27
494,Dakoda West,UTU,22,74.2,8.2,3.01,2.72,0.84,20.00%,7.40%,12.60%,0.288,1.51,0.351,69.50%,4.7,4.97,-0.27
495,Aidan King,FLA,20,79.1,9.53,1.82,5.25,0.34,26.60%,5.10%,21.50%,0.197,0.93,0.264,65.50%,2.5,2.77,-0.27
496,Jess Ackerman,MER,,49.2,14.68,5.44,2.7,0.54,37.70%,14.00%,23.70%,0.19,1.29,0.326,77.50%,3.26,3.54,-0.28
497,Drew Harlow,MRSH,,80.1,8.07,3.7,2.18,1.12,19.40%,8.90%,10.50%,0.268,1.51,0.317,65.00%,5.27,5.55,-0.28
498,Will Holmes,CIT,,77.1,11.52,4.77,2.41,0.81,29.90%,12.40%,17.50%,0.201,1.25,0.283,68.20%,4.19,4.47,-0.28
499,Luke Hemric,NCSU,,43.1,8.93,5.19,1.72,1.25,21.80%,12.70%,9.10%,0.192,1.32,0.22,63.40%,5.4,5.69,-0.29
500,Tom Bourque,W&M,21,42.2,8.65,5.91,1.46,0.84,20.70%,14.10%,6.60%,0.198,1.41,0.239,57.70%,5.91,6.2,-0.29
501,Alec Belardes,SDSU,,59.1,8.65,4.85,1.78,0.91,19.50%,11.00%,8.60%,0.26,1.63,0.316,66.90%,6.22,6.51,-0.29
502,Jackson Sanders,AUB,20,58,12.41,3.1,4,0.62,33.20%,8.30%,24.90%,0.219,1.16,0.328,75.70%,2.79,3.08,-0.29
503,Alex Petrovic,AUB,22,71.1,8.96,2.02,4.44,0.63,22.80%,5.10%,17.70%,0.183,0.97,0.225,72.10%,3.15,3.45,-0.29
504,Max Schumacher,UTM,25,70.1,6.14,2.69,2.29,1.66,14.10%,6.20%,7.90%,0.326,1.73,0.353,58.00%,6.27,6.56,-0.29
505,Jackson Bauer,HOF,21,38.1,6.34,1.88,3.38,1.41,15.90%,4.70%,11.20%,0.285,1.38,0.312,63.80%,5.63,5.93,-0.3
506,Serigne Sarre,MSM,,70,11.57,4.24,2.73,0.64,28.30%,10.40%,17.90%,0.245,1.44,0.346,70.60%,4.11,4.41,-0.3
507,David Case,MEM,23,74.2,7.59,3.98,1.91,1.33,18.50%,9.70%,8.80%,0.257,1.49,0.291,58.20%,5.3,5.6,-0.3
508,Ryan Castillo,UNM,,75.2,9.4,3.21,2.93,0.12,25.20%,8.60%,16.60%,0.238,1.24,0.328,64.50%,4.04,4.35,-0.3
509,Zachary Wallace,BAY,20,59.2,6.03,2.11,2.86,1.36,15.30%,5.40%,10.00%,0.292,1.42,0.32,68.10%,5.28,5.58,-0.3
510,Mathis Nayral,KU,,57.1,9.1,3.45,2.64,1.41,20.70%,7.90%,12.90%,0.217,1.34,0.247,60.50%,5.18,5.49,-0.31
511,Landon Mack,TENN,20,61.2,11.24,3.65,3.08,1.61,28.00%,9.10%,18.90%,0.276,1.49,0.361,77.80%,4.67,4.98,-0.31
512,Kole Klecker,ASU,21,57,9.47,2.53,3.75,1.89,24.40%,6.50%,17.90%,0.264,1.33,0.31,67.50%,5.37,5.69,-0.32
513,Avery Laine,LMU,,61.1,4.11,4.26,0.97,2.05,9.50%,9.80%,-0.30%,0.324,1.84,0.323,57.20%,7.92,8.25,-0.32
514,Andreas Alvarez,AUB,20,68.2,12.19,3.15,3.88,1.18,32.10%,8.30%,23.80%,0.238,1.25,0.333,75.30%,3.54,3.86,-0.32
515,Duncan Marsten,WAKE,21,55.1,11.55,3.9,2.96,1.14,30.00%,10.10%,19.80%,0.202,1.17,0.272,72.10%,4.39,4.72,-0.33
516,Kurt Barr,MICH,22,73.2,11.61,5.01,2.32,1.1,29.30%,12.70%,16.70%,0.22,1.38,0.301,75.50%,4.4,4.72,-0.33
517,Brayton Thomas,IU,20,50.2,9.06,5.86,1.55,0.71,19.20%,12.50%,6.80%,0.206,1.52,0.252,71.60%,5.51,5.83,-0.33
518,Evan Chaffee,SJU,,71.1,8.58,3.28,2.62,0.5,21.50%,8.20%,13.20%,0.268,1.43,0.34,67.70%,4.29,4.62,-0.33
519,Jack Kelley,VILL,22,64,7.88,4.36,1.81,1.41,19.50%,10.80%,8.70%,0.239,1.42,0.27,58.50%,6.05,6.38,-0.33
520,Blake Lobell,SELA,,69.1,6.75,2.99,2.26,0.78,17.20%,7.60%,9.60%,0.262,1.37,0.304,64.40%,4.67,5,-0.33
521,Cade McGarrh,ACU,,49,8.45,5.14,1.64,1.84,19.00%,11.60%,7.40%,0.247,1.57,0.275,65.80%,7.35,7.68,-0.33
522,Amp Phillips,SC,21,67.2,9.44,4.79,1.97,1.06,23.80%,12.10%,11.70%,0.231,1.42,0.287,68.00%,4.39,4.72,-0.34
523,Eli Tyndall,VMI,,52,3.81,3.29,1.16,1.56,8.90%,7.70%,1.20%,0.313,1.67,0.317,62.80%,6.58,6.92,-0.34
524,Bryson Moore,FSU,21,55,9.33,3.93,2.38,0.82,21.40%,9.00%,12.40%,0.193,1.27,0.233,68.70%,4.09,4.43,-0.34
525,Darin Horn,CCU,23,59.2,12.22,3.32,3.68,0.45,31.40%,8.50%,22.90%,0.223,1.22,0.331,67.30%,3.17,3.51,-0.34
526,Caylon Dygert,UTA,21,77.2,6.49,3.36,1.93,0.12,16.20%,8.40%,7.80%,0.252,1.39,0.305,66.60%,3.82,4.17,-0.34
527,Trevor Esparza,GRAM,21,52.2,8.72,4.96,1.76,1.03,19.30%,11.00%,8.30%,0.305,1.86,0.373,59.80%,6.66,7.01,-0.35
528,Diego Barrett,NCAT,,46,7.24,4.7,1.54,1.17,17.80%,11.50%,6.30%,0.24,1.43,0.273,58.60%,6.26,6.61,-0.35
529,Ethan Kleinschmit,ORST,21,71.1,11.1,3.15,3.52,1.39,29.00%,8.30%,20.80%,0.227,1.21,0.294,75.40%,3.91,4.26,-0.35
530,James Fordham,WCU,,59.1,6.67,4.7,1.42,1.06,17.20%,12.10%,5.10%,0.267,1.52,0.306,66.50%,5.31,5.66,-0.35
531,Tade Riordan,NJIT,,40.2,7.75,3.98,1.94,1.11,18.30%,9.40%,8.90%,0.292,1.65,0.344,64.60%,5.31,5.66,-0.35
532,Weston Moss,TA&M,22,56,9.32,3.21,2.9,2.41,23.40%,8.10%,15.30%,0.268,1.43,0.298,71.40%,5.95,6.3,-0.35
533,Michael Harpster,ETSU,,72,9.75,4.5,2.17,0.5,24.80%,11.40%,13.30%,0.25,1.43,0.339,71.00%,4,4.35,-0.35
534,Garrett Ahern,GCU,21,46.1,9.13,3.88,2.35,0.39,21.20%,9.00%,12.20%,0.275,1.58,0.354,60.60%,5.05,5.4,-0.35
535,Brett Lanman,ACU,21,65.2,9.73,3.84,2.54,1.23,24.70%,9.70%,14.90%,0.23,1.32,0.284,66.30%,4.93,5.29,-0.35
536,Nolan Sliver,KENN,22,57.1,7.22,3.92,1.84,1.1,17.10%,9.30%,7.80%,0.312,1.73,0.364,72.80%,5.49,5.85,-0.36
537,Tate Hickman,SHSU,,46.2,6.17,4.82,1.28,0.96,14.50%,11.40%,3.20%,0.295,1.74,0.333,68.40%,5.79,6.15,-0.36
538,Mason Christopher,HALL,,45,7.8,3.6,2.17,2,17.30%,8.00%,9.30%,0.249,1.53,0.263,65.50%,6.6,6.96,-0.36
539,Joseph Lee,SAM,,65.2,8.91,3.56,2.5,1.37,22.80%,9.10%,13.70%,0.22,1.23,0.257,64.50%,5.07,5.44,-0.37
540,Nathan Ries,UCSD,,49,7.53,3.31,2.28,1.65,18.60%,8.20%,10.50%,0.291,1.55,0.329,69.30%,5.69,6.06,-0.37
541,Owen Winebarger,ELON,21,67,5.37,2.28,2.35,1.34,13.80%,5.90%,8.00%,0.283,1.39,0.301,59.80%,5.64,6.01,-0.37
542,Nick Hunkele,MRMK,21,59.1,8.65,3.34,2.59,0.61,21.80%,8.40%,13.40%,0.232,1.26,0.293,68.40%,4.55,4.92,-0.37
543,Kaden Myers,COFC,,45.1,5.36,3.38,1.59,0.99,12.90%,8.10%,4.80%,0.267,1.48,0.29,65.20%,5.76,6.13,-0.38
544,Mason Steele,UAB,21,70.1,7.81,3.2,2.44,1.28,20.70%,8.50%,12.20%,0.226,1.21,0.258,60.00%,4.86,5.24,-0.38
545,DJ Merriweather,APSU,21,58.1,10.18,5.86,1.74,1.08,24.60%,14.20%,10.40%,0.24,1.58,0.309,66.50%,5.4,5.78,-0.38
546,Brody Martin-Grudzielanek,HAW,19,47,8.81,3.26,2.71,0.57,22.40%,8.30%,14.10%,0.242,1.3,0.308,70.10%,4.02,4.4,-0.38
547,John Rizzo,STBK,22,42.2,8.02,4.01,2,1.05,20.20%,10.10%,10.10%,0.27,1.48,0.325,66.10%,5.48,5.87,-0.38
548,Michael Sharman,CLEM,24,73,8.51,1.36,6.27,0.74,23.20%,3.70%,19.50%,0.237,1.07,0.293,69.30%,3.21,3.59,-0.38
549,Parker Puetz,NDSU,,44,9.2,4.7,1.96,1.23,21.80%,11.20%,10.70%,0.266,1.59,0.325,62.10%,5.93,6.32,-0.39
550,Jase Phillips,SIUE,,55.1,7.16,5.37,1.33,1.95,16.90%,12.60%,4.20%,0.261,1.64,0.277,62.30%,7.16,7.55,-0.39
551,Carson Revay,PAC,22,42.1,11.69,2.98,3.93,0.21,30.10%,7.70%,22.40%,0.235,1.23,0.349,71.20%,3.19,3.58,-0.39
552,Cooper McMullen,KENN,21,57.1,4.87,4.71,1.03,0.94,11.60%,11.20%,0.40%,0.299,1.74,0.325,65.50%,5.81,6.2,-0.39
553,Oliver Ellison,GWEB,,79.2,7.12,3.05,2.33,1.13,17.00%,7.30%,9.70%,0.324,1.71,0.376,68.20%,5.31,5.71,-0.4
554,Gabriel Hernandez,CSUN,,73.2,5.62,1.83,3.07,1.34,14.20%,4.60%,9.60%,0.296,1.41,0.32,65.90%,5.25,5.65,-0.4
555,John Chambers,BALL,22,68,9,3.71,2.43,1.06,23.00%,9.50%,13.50%,0.249,1.37,0.308,60.80%,5.29,5.69,-0.4
556,Eli Nissen,CREI,,42.2,6.33,3.37,1.88,0.63,16.40%,8.70%,7.70%,0.238,1.29,0.275,63.20%,4.85,5.25,-0.4
557,Blake Gaskey,NIU,,60,6,2.4,2.5,0.6,15.30%,6.10%,9.20%,0.287,1.4,0.332,64.80%,4.95,5.35,-0.4
558,Jaxon Shineflew,USA,,50.2,10.84,2.31,4.69,1.07,29.90%,6.40%,23.50%,0.217,1.07,0.287,71.40%,3.73,4.13,-0.4
559,Eli Pillsbury,JVST,22,71.1,10.6,3.03,3.5,0.76,28.40%,8.10%,20.30%,0.226,1.18,0.307,67.40%,3.79,4.2,-0.41
560,Tomas Valincius,MSST,20,80,12.6,1.91,6.59,1.24,34.10%,5.20%,29.00%,0.22,1.05,0.308,75.10%,3.04,3.45,-0.41
561,Tony Neubeck,IU,23,70.2,9.55,3.44,2.78,0.89,24.50%,8.80%,15.70%,0.249,1.34,0.319,75.70%,3.95,4.37,-0.42
562,Conner Griffin,BING,21,52.1,9.97,6.36,1.57,0.86,24.50%,15.60%,8.90%,0.215,1.49,0.281,67.50%,5.33,5.75,-0.42
563,Genesis Prosper,SOU,22,41,8.34,7.68,1.09,1.1,18.60%,17.20%,1.50%,0.279,1.98,0.336,62.80%,7.46,7.89,-0.42
564,Daniel Cohen,YALE,22,56,4.82,2.89,1.67,0.96,12.10%,7.30%,4.80%,0.263,1.39,0.281,58.70%,4.98,5.41,-0.42
565,Ethan Sutton,USF,,48,10.5,4.31,2.43,1.13,27.20%,11.20%,16.00%,0.215,1.29,0.277,70.10%,4.31,4.74,-0.43
566,Robbie Stewart,FOR,,49.1,9.3,4.93,1.89,1.09,22.00%,11.60%,10.30%,0.236,1.46,0.291,64.40%,5.84,6.27,-0.43
567,Adam Brodnax,ULM,,63.2,8.48,2.69,3.16,1.27,20.30%,6.40%,13.90%,0.287,1.49,0.342,68.90%,5.09,5.53,-0.44
568,Brendon Miller,FAIR,,51.1,10.34,6.14,1.69,0.18,23.10%,13.70%,9.40%,0.25,1.69,0.345,66.60%,4.56,5,-0.44
569,Beau Elson,FOR,20,68.1,7.9,2.5,3.16,1.58,19.50%,6.20%,13.40%,0.283,1.45,0.322,63.10%,5.4,5.85,-0.45
570,Peter Dubie,BRWN,22,65.1,8.95,4.68,1.91,0.69,22.10%,11.60%,10.50%,0.235,1.42,0.298,67.40%,4.55,4.99,-0.45
571,Chris Diaz,FGCU,21,68,9.4,2.91,3.23,0.66,25.40%,7.90%,17.60%,0.216,1.12,0.282,64.50%,3.97,4.42,-0.45
572,Jase Evangelista,UNLV,21,44.2,12.49,3.22,3.88,1.61,31.30%,8.10%,23.20%,0.27,1.43,0.37,68.70%,5.44,5.89,-0.45
573,Ryan King,CSUB,,63.2,7.92,5.09,1.56,0.71,19.00%,12.20%,6.80%,0.272,1.63,0.333,66.70%,4.95,5.4,-0.45
574,Tyler Fay,ALA,22,85.1,10.44,2.11,4.95,1.69,28.10%,5.70%,22.40%,0.223,1.07,0.27,74.80%,4.43,4.88,-0.45
575,Connor Blue,CIN,,56,6.75,3.7,1.83,0.8,17.40%,9.50%,7.90%,0.258,1.39,0.301,63.60%,4.82,5.27,-0.45
576,Karsten Sweum,GONZ,,77.1,12.57,3.96,3.18,0.93,32.20%,10.10%,22.10%,0.214,1.25,0.309,70.00%,4.07,4.53,-0.45
577,Micah Hagler,SEA,21,62.1,5.05,3.61,1.4,1.16,11.30%,8.00%,3.20%,0.26,1.57,0.273,57.70%,5.92,6.37,-0.45
578,Jaxon Jelkin,UK,23,82.2,10.23,1.85,5.53,1.31,28.00%,5.10%,22.90%,0.22,1.04,0.275,67.80%,3.59,4.05,-0.46
579,Logan Knight,CIN,,65,8.31,2.22,3.75,1.66,21.30%,5.70%,15.60%,0.242,1.23,0.271,64.40%,4.98,5.44,-0.46
580,Tyler Bayer,KENN,20,47.2,6.23,4.15,1.5,2.08,14.40%,9.60%,4.80%,0.33,1.83,0.353,66.20%,7.36,7.83,-0.46
581,Jason Gerfers,LBSU,,72.1,8.59,5.1,1.68,0.87,19.20%,11.40%,7.80%,0.213,1.45,0.253,63.30%,5.35,5.82,-0.47
582,Cameron Johnson,OU,21,53.2,12.07,7.04,1.71,0.5,29.10%,17.00%,12.10%,0.199,1.51,0.298,69.90%,4.02,4.5,-0.47
583,Myles McDermott,UNH,,47.1,5.7,5.7,1,1.52,12.00%,12.00%,0.00%,0.308,1.99,0.329,51.70%,8.56,9.03,-0.47
584,David Lopez,HCU,,52,11.94,5.71,2.09,0.52,29.00%,13.90%,15.10%,0.215,1.46,0.313,71.60%,3.98,4.45,-0.47
585,Kyle Alivo,IOWA,20,46,11.74,4.5,2.61,0.59,29.10%,11.20%,18.00%,0.243,1.41,0.355,76.30%,3.72,4.19,-0.47
586,Maddox Meyer,OMA,20,64,7.45,1.13,6.63,1.27,18.70%,2.80%,15.90%,0.297,1.39,0.341,61.20%,4.78,5.26,-0.48
587,Joseph Ruller,QUC,,90.2,7.84,2.48,3.16,0.89,20.70%,6.50%,14.10%,0.256,1.26,0.308,66.10%,4.47,4.94,-0.48
588,Conor Hensley,CAM,23,48.1,11.54,3.91,2.95,0.93,28.30%,9.60%,18.70%,0.269,1.51,0.373,64.80%,4.28,4.76,-0.48
589,Josh McDevitt,MIZ,22,73.2,11.48,4.52,2.54,1.1,29.70%,11.70%,18.00%,0.196,1.22,0.262,68.30%,4.03,4.51,-0.48
590,Mitchell Heer,USA,,75.2,7.85,3.45,2.28,0.83,19.30%,8.50%,10.80%,0.267,1.44,0.322,68.60%,4.76,5.24,-0.48
591,Dylan Marionneaux,NWST,,84.2,8.61,1.91,4.5,0.64,23.30%,5.20%,18.20%,0.228,1.09,0.287,67.70%,3.51,3.99,-0.48
592,Maximus McCrary,MSM,22,52.2,9.23,3.25,2.84,1.03,24.40%,8.60%,15.80%,0.216,1.16,0.269,67.70%,4.78,5.27,-0.48
593,Drew Talavs,SDSU,,55,9,4.91,1.83,1.96,21.00%,11.50%,9.50%,0.276,1.67,0.316,59.60%,7.36,7.85,-0.48
594,Brayden Olson,STMN,22,70,8.49,4.89,1.74,1.03,19.40%,11.10%,8.20%,0.272,1.67,0.329,60.60%,5.91,6.4,-0.49
595,J.J. Gatti,ODU,22,57.2,8.58,4.37,1.96,0.47,21.40%,10.90%,10.50%,0.215,1.3,0.273,64.40%,4.37,4.86,-0.49
596,Ryan Parker,SHU,25,80.1,5.83,4.26,1.37,0.9,13.70%,10.00%,3.70%,0.284,1.64,0.317,61.20%,5.6,6.09,-0.49
597,Joshua Torres,UCR,21,62,5.08,4.94,1.03,0.73,11.60%,11.30%,0.30%,0.289,1.74,0.319,63.40%,5.66,6.16,-0.5
598,Brady Hoar,BUCK,,68.1,6.06,3.29,1.84,0.53,15.80%,8.60%,7.20%,0.224,1.21,0.258,59.20%,4.61,5.11,-0.5
599,Easten Smith,AMCC,,50,6.84,3.78,1.81,1.26,17.40%,9.60%,7.80%,0.232,1.32,0.255,64.20%,5.4,5.91,-0.51
600,Luke Richard,MVSU,,69.1,6.23,4.02,1.55,1.3,13.70%,8.80%,4.80%,0.347,2.02,0.387,56.80%,6.88,7.39,-0.51
601,Colin Linder,ASU,22,46.1,11.27,6.02,1.87,1.17,27.60%,14.80%,12.90%,0.218,1.49,0.291,70.10%,5.05,5.57,-0.52
602,Miles Gosztola,ORE,20,46,10.57,3.52,3,0.98,24.90%,8.30%,16.60%,0.197,1.22,0.246,76.40%,3.91,4.43,-0.52
603,Tanner Foerstch,OMA,20,59.1,7.58,3.49,2.17,1.06,18.50%,8.50%,10.00%,0.284,1.55,0.333,66.10%,5.31,5.83,-0.52
604,Jeremy Cheeseman,FDU,21,64.1,6.44,3.78,1.7,0.98,15.30%,9.00%,6.30%,0.317,1.73,0.363,62.60%,6.58,7.1,-0.53
605,Ryne Palmer,CBU,,50,10.26,4.5,2.28,0.9,25.90%,11.40%,14.50%,0.205,1.28,0.266,62.90%,4.5,5.03,-0.53
606,Collin Clarke,ORE,21,73.1,8.96,2.21,4.06,1.35,22.50%,5.50%,16.90%,0.235,1.19,0.278,68.90%,4.54,5.07,-0.53
607,Cristofer Cespedes,MD,20,51.2,12.19,4.18,2.92,1.22,29.90%,10.30%,19.70%,0.233,1.37,0.32,70.80%,4.18,4.71,-0.53
608,Will Sanford,ORE,20,68.1,12.64,4.74,2.67,1.05,31.80%,11.90%,19.90%,0.189,1.23,0.267,73.10%,4.08,4.62,-0.54
609,Tyler Ryden,SHSU,,51.2,6.79,5.05,1.34,1.05,15.70%,11.70%,4.00%,0.278,1.68,0.317,65.50%,5.92,6.46,-0.54
610,William Schmidt,LSU,20,64,11.95,4.36,2.74,1.41,30.10%,11.00%,19.10%,0.221,1.33,0.295,74.40%,4.22,4.76,-0.54
611,Jackson Miller,BGSU,19,44.2,9.67,4.63,2.09,1.41,23.80%,11.40%,12.40%,0.276,1.59,0.345,66.50%,5.84,6.39,-0.54
612,Luka Pintar,SJSU,,49.2,6.16,3.08,2,0.54,15.00%,7.50%,7.50%,0.26,1.41,0.299,64.10%,5.26,5.8,-0.54
613,Diego Cardenas,GMU,23,59.2,5.58,3.62,1.54,1.21,13.90%,9.00%,4.90%,0.254,1.41,0.272,58.40%,5.73,6.28,-0.54
614,Carlos Martinez,HOF,,64.2,11.41,3.48,3.28,0.56,30.90%,9.40%,21.50%,0.23,1.22,0.336,72.70%,3.48,4.03,-0.55
615,Cooper Corkrean,UNM,,52.2,9.23,3.76,2.45,1.03,23.00%,9.40%,13.60%,0.261,1.44,0.327,62.50%,5.47,6.02,-0.55
616,Mateo Gray,UCF,20,57.1,7.38,2.51,2.94,1.1,18.10%,6.20%,11.90%,0.283,1.43,0.33,69.70%,4.87,5.42,-0.55
617,Ryan Mealy,MONM,,71,7.1,2.66,2.67,1.52,17.30%,6.50%,10.80%,0.318,1.63,0.359,67.50%,5.45,6,-0.55
618,Zach Sohosky,M-OH,22,72.1,8.34,3.61,2.31,1,20.20%,8.70%,11.40%,0.273,1.53,0.329,57.40%,4.98,5.53,-0.55
619,Austin Beard,MONM,,42,6.21,4.71,1.32,0.64,15.30%,11.60%,3.70%,0.247,1.45,0.286,65.30%,5.57,6.13,-0.56
620,Jake Hilton,SMC,22,51,7.06,4.41,1.6,0.88,16.80%,10.50%,6.30%,0.245,1.49,0.282,68.90%,5.29,5.85,-0.56
621,Ty Brooks,INST,20,71.1,6.56,4.04,1.63,0.63,16.80%,10.40%,6.50%,0.239,1.36,0.279,63.20%,4.92,5.48,-0.56
622,Mick Uebelhor,WKU,21,44.1,11.98,2.03,5.9,0.41,34.50%,5.80%,28.70%,0.19,0.9,0.289,74.60%,2.44,3,-0.57
623,James Hays,STET,22,68.1,9.75,2.63,3.7,1.19,24.50%,6.60%,17.90%,0.263,1.35,0.33,69.80%,4.48,5.05,-0.57
624,Tyler Patrick,FRES,,57,4.58,2.53,1.81,2.05,10.20%,5.70%,4.60%,0.354,1.88,0.363,63.80%,7.74,8.31,-0.57
625,Mason Edwards,USC,,84.1,16.43,3.95,4.16,0.32,45.40%,10.90%,34.50%,0.144,0.95,0.284,84.00%,1.49,2.07,-0.58
626,Ryan Penney,PRIN,,34.2,7.01,3.12,2.25,1.04,17.10%,7.60%,9.50%,0.239,1.27,0.272,63.50%,5.45,6.03,-0.58
627,Brandon Kosel,UTU,21,51,7.94,4.06,1.96,1.24,19.70%,10.10%,9.60%,0.26,1.47,0.304,65.50%,5.29,5.87,-0.58
628,Cooper Golden,MCN,,68.1,7.64,3.82,2,1.19,18.80%,9.40%,9.40%,0.287,1.55,0.338,71.20%,5.4,5.98,-0.58
629,AJ Petraitis,LEM,22,77,6.19,4.56,1.36,1.64,14.50%,10.70%,3.80%,0.283,1.69,0.303,56.70%,7.6,8.18,-0.58
630,Noah Andrunas,SLU,,64,4.5,1.55,2.91,0.84,11.50%,4.00%,7.60%,0.267,1.27,0.286,59.30%,4.64,5.23,-0.59
631,Champ Davis,WOF,,45.1,7.74,4.17,1.86,0.6,18.20%,9.80%,8.40%,0.294,1.68,0.359,72.00%,4.17,4.77,-0.6
632,Austin McNabb,DAY,,48,9.56,4.13,2.32,1.31,22.40%,9.60%,12.70%,0.281,1.63,0.348,73.10%,5.25,5.85,-0.6
633,Aidan Donovan,MSU,20,79.2,6.33,2.26,2.8,0.79,16.50%,5.90%,10.60%,0.257,1.27,0.294,70.40%,3.84,4.44,-0.6
634,Cade Townsend,MISS,21,55.1,12.52,2.28,5.5,1.46,30.90%,5.60%,25.30%,0.181,1.01,0.226,75.40%,3.25,3.85,-0.6
635,Mikey Myro,BUCK,,39.1,7.09,7.55,0.94,1.6,15.20%,16.20%,-1.00%,0.294,2.06,0.328,59.30%,7.55,8.15,-0.6
636,Austin Klug,PUR,23,51.2,6.45,4.35,1.48,0.87,15.00%,10.20%,4.90%,0.24,1.49,0.269,66.20%,4.7,5.31,-0.61
637,Drew Deremer,MUR,21,52,5.54,3.98,1.39,1.21,12.50%,9.00%,3.50%,0.259,1.54,0.276,64.50%,6.4,7.01,-0.61
638,Spencer Seid,GTWN,23,79,9,3.19,2.82,0.57,23.70%,8.40%,15.30%,0.222,1.19,0.286,61.10%,3.99,4.6,-0.61
639,Luke Jones,CCU,20,74,7.18,3.41,2.11,0.73,18.10%,8.60%,9.50%,0.246,1.32,0.291,70.20%,4.62,5.24,-0.61
640,Cristian Mogen,UNM,,63.1,8.38,3.84,2.19,1.71,19.50%,8.90%,10.60%,0.305,1.72,0.354,63.10%,6.54,7.16,-0.62
641,Carter Harrington,COFC,,60.2,7.12,3.86,1.85,1.04,16.80%,9.10%,7.70%,0.294,1.63,0.342,63.90%,5.49,6.12,-0.63
642,Dylan Smith,CSUF,,72.1,5.1,1.49,3.42,1,12.90%,3.80%,9.10%,0.286,1.33,0.31,66.10%,4.73,5.36,-0.63
643,Cole Carlon,ASU,21,71.2,14.82,3.52,4.21,1.51,39.20%,9.30%,29.90%,0.216,1.2,0.331,82.00%,3.64,4.28,-0.64
644,Tate Marland,BEL,21,52.2,8.37,4.44,1.88,2.73,19.00%,10.10%,8.90%,0.308,1.78,0.333,67.80%,8.03,8.67,-0.64
645,A.J. Colarusso,BC,22,71,8.37,2.66,3.14,1.27,21.40%,6.80%,14.60%,0.254,1.31,0.298,63.90%,4.18,4.82,-0.64
646,Brandon Stone,SC,21,66,7.5,2.59,2.89,1.5,18.50%,6.40%,12.10%,0.283,1.45,0.32,75.30%,4.64,5.28,-0.65
647,Garrett Workman,FAMU,20,66,7.23,3.41,2.12,0.82,17.40%,8.20%,9.20%,0.283,1.53,0.333,54.10%,5.86,6.51,-0.65
648,Connor Ball,STET,23,47.2,6.61,2.08,3.18,1.13,16.10%,5.00%,11.00%,0.282,1.45,0.315,66.60%,4.53,5.19,-0.66
649,Gavin Oswald,UNA,,56,7.71,3.05,2.53,0.8,20.30%,8.00%,12.20%,0.254,1.3,0.306,71.80%,4.34,5,-0.66
650,Brigden Parker,LR,23,63.1,7.25,4.55,1.59,0.99,18.30%,11.50%,6.80%,0.257,1.48,0.301,68.40%,5.12,5.78,-0.67
651,Parker Hampton,NORF,,70,5.91,3.34,1.77,0.51,14.40%,8.20%,6.30%,0.299,1.61,0.344,62.20%,5.4,6.07,-0.67
652,Myles Dismute,SOU,21,64.1,8.67,4.06,2.14,0.84,20.30%,9.50%,10.80%,0.297,1.71,0.366,61.60%,5.46,6.12,-0.67
653,Cole Leaman,LEH,22,47,10.34,6.51,1.59,0.19,24.20%,15.20%,9.00%,0.225,1.6,0.315,60.80%,4.21,4.89,-0.67
654,Mark Scamardella,NJIT,,63,9.29,3.43,2.71,0.71,23.20%,8.60%,14.60%,0.248,1.35,0.318,70.50%,4,4.68,-0.68
655,Chris Levonas,WAKE,20,68.1,14.49,4.21,3.44,0.92,39.40%,11.50%,28.00%,0.174,1.08,0.282,79.80%,2.9,3.58,-0.68
656,Drew Nelson,BRWN,,63,5.43,3.57,1.52,0.57,13.60%,9.00%,4.70%,0.278,1.49,0.316,66.70%,4.43,5.11,-0.68
657,Vaun Larisa,ME,,61,5.31,3.84,1.38,0.74,13.20%,9.60%,3.70%,0.251,1.43,0.277,62.70%,4.72,5.4,-0.68
658,Ethan Wendel,TAR,21,63,5.57,3.71,1.5,1.29,13.40%,8.90%,4.50%,0.263,1.48,0.28,64.20%,5.86,6.54,-0.68
659,Eric Segura,ORST,21,66.1,9.77,3.53,2.77,0.14,26.00%,9.40%,16.60%,0.221,1.19,0.311,76.70%,2.31,2.99,-0.68
660,Daniel Quintana,RAD,23,49.1,7.11,3.65,1.95,0.73,17.90%,9.20%,8.70%,0.243,1.34,0.288,66.30%,4.93,5.61,-0.69
661,Devin Costa,MORE,20,46.1,5.05,0.78,6.5,1.17,12.80%,2.00%,10.80%,0.271,1.19,0.288,66.00%,5.05,5.74,-0.69
662,Jacob Hines,CCSU,19,52,6.4,6.75,0.95,0.69,13.90%,14.70%,-0.80%,0.265,1.85,0.305,56.60%,7.27,7.96,-0.69
663,Trey Williford,UNCW,,59.1,12.29,3.79,3.24,0.61,32.50%,10.00%,22.50%,0.215,1.21,0.321,71.40%,3.34,4.03,-0.69
664,Brannon Westmoreland,LR,,84.2,7.65,2.02,3.79,0.32,20.50%,5.40%,15.10%,0.242,1.17,0.301,73.10%,2.98,3.67,-0.7
665,Kevin Robinson,NWST,,57.2,7.49,0.47,16,1.09,18.50%,1.20%,17.30%,0.292,1.32,0.338,64.20%,3.9,4.6,-0.7
666,Nik Toups,SELA,,51.1,10.52,5.79,1.82,0.88,24.40%,13.40%,11.00%,0.233,1.58,0.305,59.30%,4.73,5.43,-0.7
667,Luke Lycette,UNO,,43.1,7.68,4.36,1.76,0.42,19.80%,11.20%,8.60%,0.23,1.34,0.287,68.10%,4.15,4.86,-0.7
668,Brendan Conner,UAB,20,54.1,5.63,4.64,1.21,0.5,13.80%,11.40%,2.40%,0.241,1.47,0.274,68.10%,4.31,5.01,-0.71
669,Carter Samuelson,UAB,19,55,5.89,5.73,1.03,1.31,13.00%,12.60%,0.40%,0.259,1.73,0.277,62.90%,6.22,6.93,-0.71
670,Caleb Granger,FAMU,23,84.1,8.32,2.45,3.39,0.64,21.00%,6.20%,14.80%,0.284,1.43,0.352,64.00%,4.59,5.3,-0.71
671,Alfred Mucciarone,UML,21,69.2,5.56,2.2,2.53,0.9,13.80%,5.50%,8.40%,0.29,1.44,0.322,65.20%,4.52,5.24,-0.72
672,Drake Frize,USD,24,52.2,7.18,3.76,1.91,1.37,17.90%,9.40%,8.50%,0.249,1.37,0.278,67.30%,5.98,6.7,-0.72
673,EJ Miramontes,NKU,,56.2,7.15,3.34,2.14,0.95,18.20%,8.50%,9.70%,0.239,1.31,0.275,53.20%,5.4,6.13,-0.73
674,Vincent Borghese,RUTG,,56.1,9.59,3.83,2.5,1.12,23.40%,9.40%,14.10%,0.253,1.46,0.315,75.80%,3.99,4.72,-0.73
675,Michael Senay,USF,,81,6.11,1.89,3.24,0.78,16.70%,5.20%,11.60%,0.229,1.07,0.258,64.90%,3.78,4.51,-0.73
676,Logan Runde,IOWA,23,44.2,8.46,3.43,2.47,2.01,18.30%,7.40%,10.90%,0.24,1.48,0.257,72.10%,5.84,6.58,-0.73
677,Ethan Lay,SAC,,80.2,9.48,1.45,6.54,1.12,25.20%,3.90%,21.40%,0.252,1.17,0.314,67.50%,3.57,4.31,-0.74
678,Caden Aoki,UGA,23,59,11.9,3.2,3.71,1.22,28.60%,7.70%,20.90%,0.209,1.24,0.27,81.80%,3.2,3.94,-0.74
679,Aidan Dowd,FOR,,63,4.71,3.57,1.32,1.29,11.20%,8.50%,2.70%,0.285,1.54,0.299,64.70%,6.29,7.03,-0.74
680,Jake Drumm,GMU,20,67,8.73,1.75,5,1.07,23.10%,4.60%,18.50%,0.265,1.24,0.325,72.60%,3.9,4.64,-0.74
681,Anthony Treto,TAR,20,43.2,11.34,3.09,3.67,0.82,29.90%,8.20%,21.70%,0.216,1.17,0.296,75.90%,3.3,4.05,-0.75
682,Gavin Theis,MILW,,61.2,7.3,4.23,1.72,0.73,17.10%,9.90%,7.20%,0.268,1.57,0.317,60.60%,5.55,6.3,-0.75
683,Josh Swink,LIB,21,47.1,9.51,3.8,2.5,0.57,23.80%,9.50%,14.30%,0.239,1.35,0.313,69.90%,3.8,4.56,-0.75
684,Ty Roman,UL,,67,9.27,3.9,2.38,1.21,21.20%,8.90%,12.30%,0.234,1.42,0.279,72.60%,4.97,5.73,-0.76
685,Brock Lucas,MOST,,61.1,7.78,4.99,1.56,0.88,19.30%,12.40%,6.90%,0.246,1.5,0.294,66.20%,4.84,5.6,-0.76
686,James Capellupo,SBU,,43.1,8.1,4.98,1.63,0.83,19.60%,12.10%,7.50%,0.237,1.48,0.286,63.70%,4.98,5.74,-0.76
687,Declan Cawley,FOR,,51.1,9.64,4.38,2.2,1.4,24.80%,11.30%,13.50%,0.245,1.42,0.301,71.70%,4.91,5.67,-0.76
688,Dillon Kirksey,COPP,,72.2,7.18,3.96,1.81,1.24,16.20%,8.90%,7.30%,0.299,1.73,0.341,43.50%,6.69,7.45,-0.76
689,Chris McCormack,EVAN,,42.1,9.14,2.98,3.07,0.21,22.30%,7.30%,15.00%,0.26,1.39,0.341,69.20%,3.4,4.17,-0.77
690,Ryan Lynch,UNC,21,73,8.38,3.21,2.62,0.99,20.60%,7.90%,12.70%,0.267,1.41,0.325,74.20%,4.32,5.08,-0.77
691,Gage Peterson,APP,21,78,11.65,4.15,2.81,0.46,30.40%,10.80%,19.60%,0.191,1.17,0.279,68.50%,3.12,3.88,-0.77
692,Sean Davis,IONA,23,49,6.61,3.12,2.12,0.18,16.70%,7.90%,8.80%,0.238,1.29,0.288,69.10%,3.67,4.44,-0.77
693,Gavin Eddy,CAL,21,84.2,9.99,2.23,4.48,0.74,26.90%,6.00%,20.90%,0.224,1.1,0.294,74.30%,2.87,3.64,-0.77
694,Mason Pennington,SEMO,,70.1,8.7,2.69,3.24,0.77,22.00%,6.80%,15.20%,0.245,1.27,0.305,68.80%,3.97,4.74,-0.78
695,Connor Lockwood,VAL,,93.1,5.69,0.87,6.56,0.67,14.50%,2.20%,12.30%,0.293,1.33,0.33,61.20%,3.86,4.63,-0.78
696,Tommy Brandenburg,WASH,23,45,7.8,3.8,2.05,1,21.30%,10.40%,10.90%,0.232,1.27,0.275,74.00%,4,4.78,-0.78
697,Andrew Cutler,GW,21,59.2,8.15,2.56,3.18,1.21,21.00%,6.60%,14.40%,0.25,1.26,0.294,69.60%,4.68,5.45,-0.78
698,Andrelys Payamps,IONA,24,54,11.5,4.5,2.56,0.83,28.20%,11.00%,17.10%,0.25,1.48,0.348,64.60%,4,4.78,-0.78
699,Stormy Rhodes,OKST,21,51.1,8.77,3.33,2.63,0.7,19.40%,7.40%,12.00%,0.237,1.44,0.287,69.00%,3.86,4.64,-0.78
700,Ty Horn,NEB,21,75,9,2.76,3.26,1.32,23.70%,7.30%,16.40%,0.236,1.21,0.282,74.80%,4.08,4.87,-0.79
701,Cord Rager,OU,19,47.1,11.6,3.42,3.39,2.47,28.40%,8.40%,20.00%,0.188,1.14,0.197,76.60%,5.32,6.12,-0.79
702,Owen MacDonnell,LAS,,64,8.86,5.34,1.66,0.84,21.00%,12.70%,8.30%,0.266,1.61,0.337,63.10%,5.34,6.14,-0.8
703,Chase Frey,GCU,21,67.2,9.18,2.26,4.06,0.93,23.40%,5.80%,17.60%,0.226,1.14,0.279,61.90%,4.79,5.58,-0.8
704,Jackson Klein,MAN,,46,6.26,3.33,1.88,0.98,14.40%,7.70%,6.80%,0.343,1.85,0.391,68.20%,5.09,5.89,-0.8
705,Landon Stump,UCLA,21,49,7.16,4.04,1.77,1.1,18.60%,10.50%,8.10%,0.239,1.35,0.273,64.90%,4.59,5.39,-0.8
706,Kevin Reed,EVAN,,57.1,6.12,4.55,1.34,1.41,14.50%,10.80%,3.70%,0.284,1.66,0.31,67.50%,6.28,7.09,-0.81
707,Charles West,CONN,20,80.2,11.83,3.57,3.31,1,29.50%,8.90%,20.60%,0.256,1.4,0.358,72.70%,4.02,4.83,-0.81
708,Justin Kim,PRIN,,60,8.25,3.9,2.12,1.2,20.10%,9.50%,10.60%,0.244,1.42,0.285,71.10%,4.65,5.46,-0.81
709,Peter Lemke,DUKE,21,52.1,8.08,5.33,1.52,1.2,19.30%,12.70%,6.60%,0.243,1.53,0.284,62.80%,5.33,6.15,-0.81
710,Finnegan Wall,UCI,23,58,7.29,2.95,2.47,0.78,18.40%,7.50%,11.00%,0.291,1.48,0.348,71.80%,4.03,4.85,-0.82
711,Nick Reese,HOF,,40.1,6.69,5.8,1.15,0.89,15.90%,13.80%,2.10%,0.256,1.64,0.295,56.40%,5.8,6.62,-0.82
712,Gavin Seebold,IU,24,44.1,11.37,5.28,2.15,1.42,27.90%,12.90%,14.90%,0.237,1.49,0.311,74.00%,4.67,5.49,-0.82
713,Landon Fontenot,LT,,48.2,8.69,4.81,1.81,0.92,22.00%,12.10%,9.80%,0.221,1.36,0.271,69.70%,4.81,5.64,-0.83
714,Jack Molini,LEM,,46,6.26,6.07,1.03,1.57,13.50%,13.10%,0.40%,0.323,2.09,0.354,59.00%,7.83,8.66,-0.83
715,Matt Cuccias,WICH,21,70,9.13,3.73,2.45,0.39,23.40%,9.60%,13.90%,0.19,1.14,0.247,62.30%,3.09,3.92,-0.83
716,Sawyer Jensen,DAY,,74.1,7.39,2.78,2.65,1.33,18.40%,6.90%,11.50%,0.258,1.32,0.292,65.30%,5.33,6.16,-0.83
717,Aaron Jungers,LIN,22,49,7.9,2.2,3.58,0.37,21.10%,5.90%,15.20%,0.234,1.14,0.294,66.40%,3.12,3.96,-0.84
718,Torin Kassebaum,LIU,,43.1,6.02,3.12,1.93,0.62,14.10%,7.30%,6.80%,0.257,1.41,0.293,61.00%,6.02,6.87,-0.85
719,Cal Scolari,ORE,22,44,13.5,4.5,3,1.02,35.90%,12.00%,23.90%,0.21,1.25,0.326,81.10%,3.27,4.12,-0.85
720,Alex Walsh,JAX,22,68.2,9.04,4.06,2.23,0.66,22.30%,10.00%,12.30%,0.244,1.41,0.31,73.50%,4.06,4.91,-0.85
721,Brendan Garza,BALL,20,79.2,7.79,3.39,2.3,1.02,19.10%,8.30%,10.80%,0.276,1.49,0.327,66.70%,4.97,5.82,-0.85
722,Danny Cihocki,NIU,,80,7.76,3.04,2.56,1.24,20.10%,7.90%,12.20%,0.255,1.33,0.296,69.40%,5.06,5.92,-0.86
723,Ian Korn,WVU,23,54.2,8.23,1.32,6.25,0.49,23.70%,3.80%,19.90%,0.229,0.99,0.291,77.20%,2.63,3.49,-0.86
724,Jacob Price,EKU,,79.2,7.12,2.49,2.86,1.47,18.20%,6.40%,11.80%,0.254,1.29,0.28,63.50%,4.97,5.83,-0.86
725,Chase Mayer,AMCC,,45.1,10.52,3.18,3.31,0.99,28.20%,8.50%,19.70%,0.206,1.13,0.268,71.70%,3.57,4.45,-0.88
726,Christian Aiello,RID,23,48,11.81,3.56,3.32,0.75,30.40%,9.20%,21.30%,0.208,1.19,0.293,76.20%,3.38,4.26,-0.88
727,Steven Svenson,HALL,,65,6.65,2.49,2.67,0.69,16.80%,6.30%,10.50%,0.259,1.29,0.302,57.30%,4.43,5.31,-0.88
728,Jack Pineau,CREI,21,74.2,9.76,2.65,3.68,0.84,24.80%,6.70%,18.00%,0.225,1.17,0.289,71.90%,4.1,4.98,-0.88
729,Tanner Wiggins,RICE,21,78.1,5.63,1.84,3.06,0.92,14.20%,4.60%,9.50%,0.29,1.39,0.322,75.80%,4.02,4.92,-0.9
730,Sam Stockman,STMN,21,52,5.88,5.19,1.13,0.69,13.80%,12.10%,1.60%,0.256,1.6,0.29,60.60%,5.71,6.62,-0.9
731,Gage Wheaton,NIA,,61,6.49,6.79,0.96,0.59,14.90%,15.60%,-0.70%,0.266,1.82,0.311,67.00%,5.31,6.22,-0.91
732,Tyler Ray,UTU,,66.1,7.6,3.66,2.07,1.76,19.20%,9.20%,9.90%,0.25,1.4,0.272,59.40%,5.43,6.33,-0.91
733,Zane Brown,BEL,21,56.1,6.23,2.56,2.44,1.44,16.20%,6.60%,9.50%,0.237,1.21,0.251,63.50%,5.43,6.34,-0.91
734,Andrew Koshy,MD,21,44.2,8.46,6.04,1.4,1.21,19.50%,14.00%,5.60%,0.243,1.59,0.289,67.40%,5.84,6.76,-0.91
735,Dawson Richard,NICH,,48,7.69,5.44,1.41,0.75,18.50%,13.10%,5.40%,0.242,1.54,0.291,62.30%,4.88,5.79,-0.92
736,Tommy Scavone,PEPP,,71,7.61,2.28,3.33,0.76,20.30%,6.10%,14.20%,0.238,1.14,0.286,70.10%,4.18,5.1,-0.92
737,Justin Byrd,UGA,22,47,11.49,1.72,6.67,2.3,30.00%,4.50%,25.50%,0.186,0.94,0.198,82.80%,4.21,5.13,-0.92
738,Brandon Peterson,NJIT,22,43.2,7.63,5.36,1.42,0.41,18.60%,13.10%,5.50%,0.256,1.6,0.316,70.40%,3.92,4.84,-0.93
739,Kaden Segel,PORT,23,64,6.47,1.69,3.83,0.84,16.70%,4.40%,12.40%,0.277,1.31,0.317,72.50%,3.94,4.87,-0.93
740,Cade Smith,TXST,,55.2,6.14,0.81,7.6,1.13,15.30%,2.00%,13.30%,0.306,1.38,0.342,70.90%,4.2,5.14,-0.93
741,Clayton Poliey,RID,22,55,5.56,4.25,1.31,1.47,14.00%,10.70%,3.30%,0.282,1.58,0.301,62.30%,5.73,6.66,-0.94
742,Cole Roberts,GAST,22,61.2,7.88,3.21,2.45,2.04,20.10%,8.20%,11.90%,0.251,1.33,0.269,66.80%,5.84,6.77,-0.94
743,Hekili Robello,HAW,,82.1,8.09,1.86,4.35,0.55,22.00%,5.00%,16.90%,0.238,1.11,0.297,71.00%,3.06,4,-0.94
744,Trey Ates,ARMY,,60.1,6.27,5.37,1.17,0.3,15.30%,13.10%,2.20%,0.19,1.29,0.226,61.20%,5.07,6.01,-0.94
745,Lucas Hartman,UVA,23,60,9.45,3.45,2.74,0.9,24.30%,8.90%,15.40%,0.234,1.28,0.296,69.30%,3.45,4.39,-0.94
746,Cal Rutherford,EMU,20,46.1,7.19,5.05,1.42,1.75,17.90%,12.60%,5.30%,0.237,1.45,0.252,60.90%,6.8,7.75,-0.95
747,Thomas Harper,ILST,22,57.1,8.01,3.77,2.13,1.26,19.20%,9.00%,10.20%,0.27,1.48,0.317,70.20%,5.65,6.6,-0.95
748,Declan Dahl,LT,,78.2,10.98,2.17,5.05,1.03,29.40%,5.80%,23.60%,0.228,1.12,0.305,74.60%,3.2,4.16,-0.96
749,Brendan Callanan,IONA,20,64.1,5.04,4.76,1.06,0.56,12.00%,11.30%,0.70%,0.28,1.66,0.312,66.10%,4.9,5.85,-0.96
750,Nick Finarelli,LIU,,77.1,10.36,3.96,2.62,0.7,26.00%,9.90%,16.10%,0.245,1.38,0.33,67.20%,4.89,5.85,-0.96
751,Erik Hoffberg,GONZ,21,43.1,8.93,4.57,1.95,1.45,21.50%,11.00%,10.50%,0.271,1.57,0.325,69.50%,5.61,6.58,-0.97
752,Cooper Katskee,NEB,22,59,9.46,3.51,2.7,2.14,24.40%,9.10%,15.40%,0.229,1.27,0.252,64.00%,5.19,6.16,-0.97
753,Luke Teschke,ILST,,58.2,7.52,5.98,1.26,0.61,18.80%,14.90%,3.80%,0.202,1.41,0.242,61.40%,4.91,5.89,-0.98
754,Jayden Lopez,JKST,22,78,9.92,5.65,1.76,1.38,24.10%,13.70%,10.40%,0.241,1.55,0.299,61.80%,6.35,7.33,-0.98
755,Everett Garber,BUCK,20,48.2,9.25,5.18,1.79,0.92,22.40%,12.60%,9.90%,0.257,1.56,0.326,67.50%,4.81,5.79,-0.98
756,Gianni Gambradella,ME,22,65.2,4.39,4.39,1,1.37,10.60%,10.60%,0.00%,0.26,1.55,0.264,62.90%,5.62,6.6,-0.98
757,Ryan Piech,XAV,20,68.2,11.67,3.67,3.18,0.79,30.80%,9.70%,21.10%,0.203,1.17,0.286,75.70%,3.41,4.39,-0.98
758,Ty Davis,BRY,,50,8.28,5.04,1.64,1.08,20.00%,12.20%,7.80%,0.232,1.44,0.275,71.40%,5.22,6.21,-0.99
759,Tate Evans,YALE,22,79.1,8.85,1.59,5.57,0.45,23.60%,4.20%,19.30%,0.217,1.01,0.279,75.50%,2.72,3.72,-1
760,Aidan Coleman,ACU,21,69,6.13,2.35,2.61,2.22,15.20%,5.80%,9.40%,0.285,1.43,0.291,60.80%,6.13,7.14,-1
761,Isaiah Magdaleno,HAW,21,89,11.33,3.03,3.73,0.3,31.50%,8.50%,23.10%,0.162,0.91,0.24,74.90%,2.33,3.33,-1.01
762,Tadan Bell,ETSU,,60,8.25,3.15,2.62,1.35,20.50%,7.80%,12.70%,0.28,1.48,0.33,77.10%,4.2,5.21,-1.01
763,Landon Hood,GONZ,,47.2,13.22,3.59,3.68,0.57,35.40%,9.60%,25.80%,0.168,1.01,0.26,76.30%,2.83,3.84,-1.01
764,James Borsari,MRMK,,48.1,4.66,1.49,3.13,1.49,11.20%,3.60%,7.60%,0.313,1.51,0.326,71.60%,5.4,6.41,-1.01
765,Nate Vargo,MERC,21,68.2,6.03,3.15,1.92,0.52,14.60%,7.60%,7.00%,0.269,1.47,0.309,61.80%,5.11,6.12,-1.01
766,Christian Keel,BRWN,22,38.2,8.38,5.82,1.44,0.23,20.70%,14.40%,6.30%,0.197,1.37,0.257,68.30%,3.96,4.97,-1.01
767,Ben Moulin,PENN,19,34.2,6.75,4.41,1.53,0.52,16.10%,10.60%,5.60%,0.252,1.5,0.297,72.00%,4.15,5.17,-1.01
768,Cayden Suchy,CONN,20,86.1,10.84,2.19,4.95,0.52,29.80%,6.00%,23.80%,0.219,1.07,0.307,74.20%,2.61,3.62,-1.01
769,Jackson Gowan,QUC,,66.1,5.43,4.34,1.25,1.49,13.20%,10.50%,2.60%,0.282,1.6,0.299,67.60%,6.11,7.12,-1.01
770,Sam Cozart,TEX,19,45.1,13.1,2.38,5.5,0.6,39.30%,7.10%,32.10%,0.112,0.64,0.169,83.30%,1.59,2.61,-1.02
771,Mason Cook,KU,,55.2,9.22,3.4,2.71,1.29,23.30%,8.60%,14.70%,0.238,1.29,0.289,72.00%,4.53,5.55,-1.02
772,Luke VanMarter,LEM,,54.1,7.12,7.79,0.91,1.82,15.20%,16.60%,-1.40%,0.293,2.12,0.32,56.90%,8.28,9.3,-1.02
773,Bromley Thornton,UNCW,21,58,9.62,4.5,2.14,0.78,23.50%,11.00%,12.50%,0.228,1.36,0.296,71.60%,4.66,5.68,-1.02
774,Russ Smith,DBU,,57.2,8.74,5.31,1.65,1.56,21.20%,12.90%,8.30%,0.245,1.53,0.286,70.20%,5.77,6.8,-1.02
775,Harry Cain,KENN,,52.1,9.46,2.24,4.23,1.72,25.20%,6.00%,19.30%,0.223,1.11,0.255,68.10%,4.47,5.5,-1.02
776,Casey Euper,PEPP,,69.2,8.27,3.1,2.67,0.26,20.90%,7.80%,13.10%,0.235,1.26,0.301,69.30%,3.36,4.38,-1.03
777,Thomas Santana,COLU,,59.2,7.69,4.37,1.76,1.21,18.10%,10.30%,7.80%,0.263,1.53,0.305,68.90%,5.28,6.31,-1.03
778,Luke Lang,IONA,,52.1,9.29,4.3,2.16,0.52,23.30%,10.80%,12.50%,0.251,1.45,0.329,76.50%,3.61,4.64,-1.03
779,Andrew Berg,ARMY,,82.2,6.31,3.05,2.07,0.65,15.90%,7.70%,8.20%,0.254,1.35,0.292,63.00%,4.03,5.06,-1.04
780,Nic Schutte,MUR,22,75.2,8.92,4.04,2.21,0.48,21.70%,9.80%,11.80%,0.247,1.4,0.319,70.60%,4.28,5.32,-1.04
781,Zachary Peters,VCU,23,44.1,15.83,4.47,3.55,0.2,42.60%,12.00%,30.60%,0.157,1.06,0.3,79.80%,1.62,2.66,-1.04
782,Luc Rising,NE,22,70.2,8.66,2.42,3.58,0.38,22.90%,6.40%,16.50%,0.213,1.08,0.274,67.20%,3.18,4.23,-1.04
783,Richard De Jesus,UMES,,71,5.7,4.56,1.25,0.76,13.00%,10.40%,2.60%,0.272,1.63,0.305,59.40%,6.46,7.51,-1.04
784,Clayton Freshcorn,TA&M,21,42.2,10.34,1.05,9.8,0.84,26.90%,2.70%,24.20%,0.225,1.03,0.292,87.30%,2.11,3.16,-1.05
785,Jesus Campa,FAMU,24,49.2,5.44,5.07,1.07,0.91,12.30%,11.50%,0.80%,0.264,1.67,0.289,56.00%,6.52,7.58,-1.05
786,Jaden Wywoda,HC,22,79.2,7.68,2.37,3.24,0.56,20.50%,6.30%,14.20%,0.207,1.04,0.251,68.60%,3.5,4.57,-1.06
787,Tim Teixeira,SIUE,,80.1,7.95,3.25,2.45,1.12,20.60%,8.40%,12.20%,0.228,1.23,0.265,66.70%,4.37,5.44,-1.07
788,Kendall Lyons,UIC,22,52.1,6.54,5.5,1.19,1.03,15.20%,12.80%,2.40%,0.298,1.8,0.341,66.90%,5.85,6.92,-1.07
789,Titus Von Kapff,CHSO,,77.1,6.05,4.07,1.49,1.4,14.70%,9.90%,4.80%,0.273,1.54,0.295,68.60%,5.7,6.79,-1.09
790,Oliver De La Torre,CAL,,81.1,7.97,2.55,3.13,1.22,21.20%,6.80%,14.40%,0.225,1.14,0.259,67.00%,3.76,4.85,-1.09
791,Chris Messina,FDU,,48.1,8.75,1.68,5.22,0.74,23.60%,4.50%,19.10%,0.246,1.12,0.311,61.40%,4.47,5.56,-1.09
792,Kendall Hoffman,HOU,,79,6.27,2.16,2.89,1.25,15.70%,5.40%,10.30%,0.266,1.32,0.291,63.60%,4.56,5.65,-1.09
793,Tyler Weimer,ARST,20,56.1,8.47,2.08,4.08,0.8,23.30%,5.70%,17.60%,0.216,1.05,0.265,73.60%,3.04,4.13,-1.1
794,Pierce Herrenbruck,OSU,21,73.1,6.75,2.45,2.75,0.98,16.60%,6.00%,10.50%,0.256,1.31,0.291,69.10%,4.05,5.15,-1.1
795,Jason Kreiger,ME,,82.1,5.25,3.5,1.5,0.66,13.20%,8.80%,4.40%,0.269,1.43,0.301,70.70%,4.37,5.47,-1.1
796,Ryan Marohn,NCSU,21,45.1,12.31,4.37,2.82,0.99,33.50%,11.90%,21.60%,0.203,1.19,0.297,75.00%,3.18,4.28,-1.1
797,Jack Messmore,YSU,22,72.1,5.72,3.73,1.53,1.24,14.00%,9.10%,4.90%,0.276,1.53,0.298,64.40%,5.85,6.95,-1.1
798,Micah Worley,STBK,22,69.1,12.07,4.02,3,0.65,31.20%,10.40%,20.80%,0.215,1.25,0.313,67.40%,3.12,4.22,-1.11
799,Walker McDuffie,UNC,20,54,11.67,5.33,2.19,0.17,29.00%,13.30%,15.80%,0.163,1.2,0.244,80.70%,2.5,3.61,-1.11
800,Bradley Zayac,LIB,,70.1,7.42,1.92,3.87,0.51,19.00%,4.90%,14.10%,0.222,1.11,0.266,72.70%,3.07,4.18,-1.11
801,Gavin Kuzniewski,OSU,20,75.1,7.53,4.3,1.75,1.31,18.60%,10.60%,8.00%,0.239,1.39,0.27,69.50%,4.9,6.02,-1.12
802,Cooper Carlgren,LAM,,46,9.78,4.5,2.17,0.98,24.30%,11.20%,13.10%,0.223,1.35,0.283,71.40%,4.3,5.43,-1.12
803,Jacob Hustedde,MUR,,57.2,7.8,3.75,2.08,1.4,19.50%,9.40%,10.20%,0.25,1.39,0.285,67.60%,5.31,6.43,-1.13
804,Harrison Dubois,WIU,24,55,7.53,3.27,2.3,1.15,18.60%,8.10%,10.50%,0.288,1.51,0.337,67.70%,4.58,5.71,-1.13
805,James Geshel,EIU,23,44,9.61,3.68,2.61,1.43,23.20%,8.90%,14.30%,0.247,1.41,0.298,74.30%,4.7,5.84,-1.14
806,Matt Gallant,CHSO,,54.2,6.09,2.14,2.85,1.81,15.10%,5.30%,9.80%,0.303,1.5,0.322,68.00%,5.43,6.57,-1.14
807,Gavin Lyons,TA&M,20,57.2,6.87,2.81,2.44,1.87,16.20%,6.60%,9.60%,0.269,1.46,0.286,75.80%,4.99,6.13,-1.14
808,Traig Oughton,CSUN,,50.2,6.93,3.55,1.95,1.95,16.00%,8.20%,7.80%,0.295,1.6,0.318,66.60%,6.39,7.54,-1.14
809,Matt Scott,UGA,22,44.1,12.18,4.87,2.5,1.62,30.80%,12.30%,18.50%,0.207,1.33,0.267,84.30%,3.86,5,-1.14
810,Mateo Wells,HPU,20,45,10.4,3.2,3.25,1.4,27.20%,8.40%,18.80%,0.233,1.24,0.292,71.10%,4.2,5.35,-1.15
811,Gabe Gaeckle,ARK,21,61.2,10.36,4.52,2.29,1.75,24.50%,10.70%,13.80%,0.282,1.67,0.349,78.70%,4.38,5.53,-1.15
812,Tyler Grenn,NAVY,22,58.1,7.25,2.47,2.94,0.15,18.70%,6.30%,12.30%,0.237,1.22,0.293,62.50%,2.78,3.93,-1.15
813,James Voorhies,CSUN,,42.2,9.7,2.95,3.29,0.84,27.20%,8.30%,18.90%,0.178,0.96,0.225,72.90%,3.16,4.32,-1.16
814,Zach Vriesenga,WMU,,65.1,8.27,5.92,1.4,1.52,18.70%,13.40%,5.30%,0.275,1.79,0.318,63.30%,6.2,7.36,-1.16
815,Luke Meyers,WSU,,67.1,6.82,2.67,2.55,1.2,16.90%,6.60%,10.30%,0.293,1.5,0.333,61.40%,5.21,6.37,-1.16
816,Hunter Sipe,VMI,,76,7.22,2.13,3.39,1.07,19.00%,5.60%,13.40%,0.232,1.14,0.264,62.20%,3.55,4.72,-1.17
817,Brendan Holland,JAX,23,70.1,9.85,3.2,3.08,1.02,26.00%,8.40%,17.60%,0.243,1.28,0.311,77.00%,3.58,4.75,-1.17
818,Evan Lichtenauer,OHIO,,56,2.41,1.93,1.25,0.8,5.60%,4.40%,1.10%,0.265,1.41,0.266,61.00%,4.98,6.15,-1.17
819,Michael Malki,CBU,20,69.1,13.63,4.15,3.28,0.78,35.10%,10.70%,24.40%,0.221,1.3,0.344,82.00%,2.73,3.9,-1.18
820,Colby Allen,USM,23,59.2,10.86,2.56,4.24,0.75,28.20%,6.70%,21.60%,0.233,1.21,0.314,79.10%,2.56,3.75,-1.18
821,Ty Brachbill,HPU,,88.1,8.05,2.24,3.59,0.82,21.50%,6.00%,15.50%,0.24,1.18,0.29,70.20%,3.46,4.65,-1.18
822,Bobby Mahoney,CSUF,,57,6.16,3.95,1.56,0.63,15.40%,9.90%,5.50%,0.231,1.3,0.266,66.40%,4.58,5.76,-1.18
823,Maxwell Hilsenroth,UNH,20,60,6.75,3.9,1.73,0.45,15.80%,9.20%,6.70%,0.287,1.62,0.342,61.70%,5.25,6.44,-1.19
824,Ryker Walton,APSU,23,43.2,8.04,4.74,1.7,1.44,18.50%,10.90%,7.60%,0.286,1.72,0.331,63.20%,5.36,6.56,-1.2
825,Gauge Lockhart,SF,24,60.2,6.82,4.9,1.39,0.59,17.50%,12.50%,4.90%,0.211,1.3,0.25,65.60%,4.75,5.95,-1.2
826,Nuno Parache,NICH,,51.2,8.01,3.14,2.56,1.39,18.60%,7.30%,11.30%,0.232,1.35,0.259,62.70%,4.53,5.73,-1.2
827,Sam Houchens,URI,,50.1,7.69,3.22,2.39,1.79,19.20%,8.00%,11.20%,0.225,1.25,0.238,58.20%,5.36,6.57,-1.2
828,Wylan Moss,UCLA,20,56.2,11.28,3.18,3.55,0.64,31.00%,8.70%,22.30%,0.187,1.02,0.266,80.50%,2.38,3.59,-1.21
829,Camren Piwnicki,BRWN,,36,5,3,1.67,0.5,12.60%,7.50%,5.00%,0.236,1.25,0.263,73.20%,4,5.21,-1.21
830,Kurt Marton,SAC,,49.1,10.03,3.47,2.89,1.82,24.20%,8.40%,15.90%,0.261,1.44,0.313,77.30%,5.11,6.32,-1.21
831,Myles Upchurch,ALA,,57.2,9.68,5.62,1.72,0.62,21.80%,12.60%,9.10%,0.17,1.34,0.211,78.10%,3.43,4.64,-1.21
832,Shea Wendt,CREI,21,45.2,9.46,7.49,1.26,0.2,21.50%,17.00%,4.50%,0.206,1.62,0.278,72.60%,4.53,5.74,-1.21
833,Trey Morris,ORST,19,46.2,10.03,2.31,4.33,0.77,25.70%,5.90%,19.80%,0.141,0.81,0.172,72.90%,2.12,3.34,-1.21
834,Grant Govel,USC,,84.2,9.04,1.17,7.73,1.17,26.10%,3.40%,22.70%,0.189,0.83,0.222,78.10%,2.76,3.98,-1.21
835,Max Vaisvila,NIU,22,75,8.76,2.16,4.06,0.6,23.60%,5.80%,17.80%,0.23,1.11,0.293,73.80%,3.36,4.58,-1.22
836,Raymond Ladd,RAD,21,58,8.53,2.95,2.89,0.78,21.20%,7.30%,13.90%,0.24,1.29,0.295,64.00%,3.72,4.94,-1.22
837,Lance Davis,TCU,21,80,5.74,1.91,3,0.79,15.50%,5.20%,10.30%,0.232,1.09,0.258,70.00%,3.71,4.93,-1.22
838,Kyle Batt,RID,19,63.2,3.96,4.24,0.93,0.57,9.40%,10.10%,-0.70%,0.297,1.66,0.321,66.40%,4.95,6.17,-1.22
839,Zach Worzel,CCSU,,40.1,5.36,3.35,1.6,1.56,11.30%,7.00%,4.20%,0.238,1.46,0.24,57.90%,7.36,8.59,-1.22
840,Kaden Hilburger,BRY,22,59.1,5.76,2.28,2.53,1.21,15.40%,6.10%,9.30%,0.236,1.16,0.251,67.40%,4.25,5.47,-1.22
841,Dylan Reid,BRWN,,51.2,7.32,4.53,1.62,0.52,16.90%,10.40%,6.40%,0.185,1.3,0.215,70.50%,3.48,4.71,-1.23
842,Joe Sperry,MINN,22,47,9.77,2.49,3.92,0.96,26.00%,6.60%,19.40%,0.229,1.15,0.293,82.40%,2.87,4.1,-1.23
843,Ryan Douglas,STO,,70.1,5.5,2.18,2.53,0.77,14.10%,5.60%,8.50%,0.292,1.44,0.326,58.80%,4.86,6.09,-1.23
844,Chandler Alderman,MTSU,21,60.1,6.12,3.13,1.95,2.09,14.70%,7.60%,7.20%,0.302,1.59,0.316,60.90%,6.12,7.35,-1.23
845,Josh Prieto,TXSO,22,44.1,6.9,4.26,1.62,1.02,17.70%,10.90%,6.80%,0.299,1.6,0.352,66.20%,5.68,6.92,-1.24
846,Brady Bendik,NAVY,,81.2,10.03,2.98,3.37,0.22,25.70%,7.60%,18.10%,0.232,1.24,0.319,73.40%,2.42,3.67,-1.24
847,Aidan Flinn,ILL,,54,8.5,1.83,4.64,0.5,23.30%,5.00%,18.30%,0.184,0.87,0.232,74.80%,2.67,3.91,-1.25
848,Connor Kelley,UTSA,22,60.2,9.64,3.26,2.95,0.89,25.70%,8.70%,17.00%,0.224,1.19,0.289,75.40%,3.26,4.52,-1.25
849,Justin DeCastro,LIU,,69.1,4.41,2.86,1.55,1.17,9.90%,6.40%,3.50%,0.313,1.7,0.33,65.60%,6.49,7.75,-1.26
850,Elijah Griffith,AKR,,74.2,6.03,2.89,2.08,1.33,15.10%,7.30%,7.90%,0.262,1.35,0.283,58.80%,5.42,6.68,-1.26
851,Tyrell Williams,PRES,,70.1,6.53,3.84,1.7,1.15,16.00%,9.40%,6.60%,0.261,1.48,0.291,63.70%,4.86,6.12,-1.26
852,Adam Brouwer,CIN,23,49,6.8,2.76,2.47,2.2,17.50%,7.10%,10.40%,0.273,1.39,0.283,73.30%,5.51,6.77,-1.26
853,Andrew Carroll,SEMO,,68.2,5.11,1.7,3,1.44,13.30%,4.40%,8.80%,0.309,1.43,0.329,71.10%,4.72,5.98,-1.26
854,Colin Trizuto,WAG,22,81.2,5.4,2.98,1.81,0.33,13.70%,7.50%,6.10%,0.288,1.46,0.332,59.60%,4.85,6.11,-1.26
855,JT Guerrero,GCU,21,67.1,7.08,3.48,2.04,1.87,16.70%,8.20%,8.50%,0.307,1.66,0.338,69.00%,6.55,7.81,-1.27
856,Conor Myles,UTSA,25,69,7.43,2.48,3,1.04,19.30%,6.40%,12.80%,0.243,1.23,0.28,74.90%,3.52,4.79,-1.27
857,Tanner Graham,EVAN,,58.1,7.1,3.55,2,1.08,16.50%,8.30%,8.30%,0.27,1.51,0.309,71.60%,5.09,6.36,-1.27
858,Spencer Johnsen,INST,,48.2,7.58,3.33,2.28,1.85,18.10%,8.00%,10.20%,0.294,1.6,0.327,72.10%,5.55,6.82,-1.27
859,James Beasley,PRIN,,38.2,3.96,6.05,0.65,0.7,8.70%,13.30%,-4.60%,0.273,1.76,0.291,67.30%,6.05,7.32,-1.27
860,Jaxon Lloyd,LONG,23,77,8.42,3.27,2.57,0.58,22.10%,8.60%,13.50%,0.233,1.25,0.293,74.70%,3.39,4.67,-1.28
861,Robert Evans,MIA,22,75.2,10.47,3.21,3.26,1.19,28.40%,8.70%,19.70%,0.202,1.1,0.257,73.30%,3.21,4.5,-1.28
862,Thomas Shurtleff,PENN,21,61,7.67,2.21,3.47,0.59,20.60%,5.90%,14.60%,0.242,1.16,0.297,76.00%,2.95,4.24,-1.29
863,Dominic Pontbriant,USF,,47.1,5.51,2.47,2.23,0.76,14.30%,6.40%,7.90%,0.271,1.35,0.303,76.20%,3.42,4.71,-1.29
864,Aiden Sims,TA&M,20,68,9.66,2.51,3.84,1.72,25.90%,6.70%,19.10%,0.212,1.07,0.243,76.40%,3.84,5.13,-1.29
865,David Rossow,CAM,23,71.2,11.68,2.64,4.43,0.63,30.70%,6.90%,23.80%,0.198,1.05,0.28,71.40%,2.64,3.94,-1.3
866,Cooper Allen,UNCW,21,78,9.81,2.54,3.86,0.69,27.20%,7.10%,20.20%,0.212,1.05,0.281,74.40%,3,4.3,-1.3
867,Carson Bryant,COFC,22,50,8.1,2.7,3,0.54,19.80%,6.60%,13.20%,0.251,1.34,0.308,70.80%,3.24,4.55,-1.31
868,Pierce Friedman,ME,22,41,7.46,6.15,1.21,0.44,18.30%,15.10%,3.20%,0.209,1.46,0.256,70.70%,4.17,5.48,-1.31
869,James Litman,FAU,,78.2,8.35,4.12,2.03,1.03,20.80%,10.30%,10.50%,0.259,1.49,0.312,80.80%,3.66,4.97,-1.31
870,Josh Holst,AFA,19,41,7.68,4.39,1.75,2.63,16.40%,9.40%,7.00%,0.337,2,0.365,62.00%,7.9,9.21,-1.31
871,Nicco Holland,COPP,,58.2,7.82,5.37,1.46,1.53,17.60%,12.10%,5.50%,0.27,1.72,0.306,55.70%,6.9,8.22,-1.31
872,Carson Turnquist,CP,22,63.1,10.8,4.69,2.3,0.71,26.90%,11.70%,15.20%,0.19,1.23,0.256,76.20%,3.55,4.87,-1.31
873,Colby Putnam,GWEB,,58.1,6.17,3.7,1.67,1.08,15.60%,9.30%,6.20%,0.259,1.41,0.288,65.30%,4.94,6.26,-1.32
874,Joseph Steventon,WAG,21,72,6.5,3.13,2.08,0.38,16.00%,7.70%,8.30%,0.252,1.35,0.299,62.20%,4.88,6.2,-1.33
875,Brady Bowen,AKR,,51.2,7.14,2.96,2.41,0.87,17.50%,7.30%,10.30%,0.243,1.32,0.28,66.20%,4.35,5.68,-1.33
876,Owen Marsolek,STMN,19,76.1,9.67,3.54,2.73,1.41,23.90%,8.70%,15.20%,0.246,1.36,0.3,73.60%,4.83,6.16,-1.33
877,Rylan Morin,UAPB,,58.2,7.06,3.37,2.09,0.46,16.20%,7.70%,8.50%,0.216,1.28,0.255,60.40%,5.06,6.39,-1.33
878,David James,SBU,22,75.1,8.6,3.82,2.25,1.19,21.60%,9.60%,12.00%,0.254,1.42,0.305,63.00%,4.3,5.63,-1.33
879,Eli DeRossi,MSM,21,53,8.49,5.09,1.67,2.04,19.40%,11.60%,7.80%,0.267,1.68,0.296,65.70%,6.11,7.45,-1.34
880,Robbie O'Connor,NE,22,68.1,6.72,2.5,2.68,0.4,17.20%,6.40%,10.80%,0.198,1.01,0.237,68.30%,4.08,5.42,-1.34
881,Maddox Thornton,ORU,24,43.2,5.77,2.27,2.55,1.24,14.30%,5.60%,8.70%,0.279,1.4,0.303,70.00%,4.95,6.29,-1.34
882,Jack Sheldon,FAIR,,46.2,5.59,3.28,1.71,0.77,13.70%,8.10%,5.70%,0.28,1.48,0.314,72.80%,4.44,5.78,-1.34
883,Alec Bouchard,WOF,,82.2,11,2.5,4.39,0.87,30.00%,6.80%,23.10%,0.21,1.06,0.284,85.40%,2.29,3.63,-1.35
884,Adam Guazzo,VAL,,60.1,6.41,2.98,2.15,1.34,16.30%,7.60%,8.70%,0.268,1.38,0.295,70.50%,5.07,6.43,-1.36
885,Easton Tumis,KENT,22,69.1,6.49,2.08,3.13,1.17,16.00%,5.10%,10.90%,0.261,1.27,0.29,68.10%,5.06,6.42,-1.36
886,Gio Colasante,HARV,22,54.1,6.29,3.98,1.58,0.66,14.60%,9.20%,5.40%,0.21,1.29,0.237,56.50%,4.47,5.83,-1.36
887,Daniel Powell,KENN,21,53,10.53,4.08,2.58,0.68,28.40%,11.00%,17.40%,0.205,1.19,0.282,76.50%,3.06,4.42,-1.37
888,Callen Powers,MASS,20,84,8.04,3.43,2.34,0.75,20.50%,8.80%,11.80%,0.234,1.29,0.284,72.50%,3.96,5.34,-1.38
889,Evan Holewinski,KENT,21,46.1,9.71,1.75,5.56,0.19,26.90%,4.80%,22.00%,0.195,0.93,0.268,67.30%,2.14,3.52,-1.38
890,Isaac Herrera,PV,23,55.2,6.95,3.72,1.87,0,17.00%,9.10%,7.90%,0.272,1.53,0.335,63.20%,3.72,5.1,-1.38
891,Connor Davis,MORE,,57.1,3.77,4.71,0.8,1.57,8.90%,11.10%,-2.20%,0.289,1.69,0.288,66.30%,6.28,7.67,-1.4
892,Trey Swygart,PORT,20,49,7.53,2.2,3.42,0.92,18.60%,5.40%,13.10%,0.264,1.33,0.31,68.20%,3.86,5.26,-1.4
893,Michael Murphy,XAV,21,50,7.2,2.88,2.5,1.44,18.20%,7.30%,10.90%,0.273,1.38,0.308,72.30%,5.04,6.45,-1.41
894,Tyler Conklin,EIU,23,81.2,4.52,4.52,1,1.1,11.30%,11.30%,0.00%,0.246,1.47,0.256,63.90%,4.96,6.37,-1.41
895,Lucas Niemeyer,LIN,,61.2,4.38,2.92,1.5,0.73,10.70%,7.10%,3.60%,0.292,1.51,0.316,66.00%,4.38,5.79,-1.41
896,Travis Lutz,LAM,22,52.1,9.8,2.06,4.75,0.52,27.30%,5.70%,21.50%,0.194,0.96,0.257,79.10%,2.06,3.48,-1.41
897,Cason Sharp,UTM,,61.1,5.14,2.79,1.84,1.47,11.90%,6.50%,5.40%,0.312,1.66,0.33,68.00%,5.14,6.55,-1.42
898,Mason Tompkins,WIN,19,44,5.52,2.66,2.08,1.02,14.10%,6.80%,7.30%,0.259,1.3,0.283,59.30%,4.7,6.12,-1.42
899,Justin Trinidad,IONA,,41,6.8,4.17,1.63,0.88,15.70%,9.60%,6.10%,0.283,1.66,0.326,56.40%,4.39,5.81,-1.42
900,Reece Wagner,UNCO,,71.2,7.91,6.66,1.19,1,18.30%,15.40%,2.90%,0.246,1.69,0.293,69.20%,5.78,7.2,-1.42
901,Johnny Nuanez,WICH,,54.1,9.11,3.15,2.89,0.5,24.00%,8.30%,15.70%,0.213,1.14,0.278,76.00%,2.65,4.07,-1.42
902,Louis Castano,HCU,23,53.1,9.79,2.87,3.41,1.52,26.90%,7.90%,19.00%,0.23,1.16,0.279,74.40%,3.88,5.31,-1.43
903,James Ellis,SPU,23,59.2,4.98,6.49,0.77,1.81,10.40%,13.60%,-3.20%,0.301,2.03,0.308,60.90%,7.24,8.67,-1.43
904,Hunter Possehl,FGCU,21,63.1,8.81,3.27,2.7,0.71,22.60%,8.40%,14.20%,0.236,1.26,0.297,68.30%,3.41,4.85,-1.44
905,Wayland Crane,BYU,,56.1,7.67,4.95,1.55,1.92,17.90%,11.60%,6.30%,0.297,1.76,0.331,65.40%,5.75,7.2,-1.45
906,Matthew Kouser,NU,20,66.1,5.97,5.16,1.16,1.36,14.50%,12.50%,2.00%,0.266,1.61,0.288,66.00%,5.02,6.47,-1.45
907,Matthew Eagen,QUC,23,50.1,5.72,3.22,1.78,1.61,14.20%,8.00%,6.20%,0.275,1.47,0.288,70.30%,5.19,6.63,-1.45
908,Aidan Brainard,NEV,,59.1,10.01,5.46,1.83,1.37,22.70%,12.40%,10.30%,0.302,1.85,0.382,72.60%,5.61,7.07,-1.45
909,Antonio Doganiero,PITT,,56,7.88,3.21,2.45,1.45,20.30%,8.30%,12.00%,0.237,1.29,0.267,66.80%,3.86,5.31,-1.46
910,Mikiah Negrete,CSUF,22,91,8.6,1.68,5.12,0.89,23.50%,4.60%,18.90%,0.224,1.03,0.275,78.80%,2.87,4.33,-1.46
911,Eddie Sargent,UMBC,,67.2,5.45,4.26,1.28,0.8,13.50%,10.50%,3.00%,0.271,1.54,0.301,73.80%,4.26,5.71,-1.46
912,Mason Lerma,UCD,,54.2,8.73,3.79,2.3,0.66,22.00%,9.50%,12.40%,0.25,1.41,0.314,73.60%,2.96,4.45,-1.48
913,Griffin Smith,WSU,22,73,5.79,2.1,2.76,1.48,15.20%,5.50%,9.70%,0.265,1.27,0.281,62.00%,5.3,6.79,-1.49
914,Kenneth Haynes,PV,21,56.2,6.51,6.19,1.05,1.11,14.70%,14.00%,0.70%,0.296,1.91,0.335,63.30%,6.35,7.84,-1.49
915,Ethan Sanders,RICE,,79.1,6.92,2.38,2.9,1.47,18.10%,6.20%,11.90%,0.264,1.31,0.292,77.40%,3.86,5.35,-1.5
916,Sam Beck,OMA,24,41.2,8.86,3.02,2.93,1.3,22.50%,7.70%,14.80%,0.25,1.32,0.299,75.10%,4.32,5.82,-1.5
917,Matthew OBrien,UCR,,77.2,4.64,3.71,1.25,1.16,11.10%,8.90%,2.20%,0.27,1.52,0.283,67.00%,4.75,6.25,-1.5
918,David Lally Jr.,MICH,22,59.1,7.89,3.34,2.36,1.52,18.40%,7.80%,10.60%,0.213,1.26,0.23,72.20%,4.4,5.91,-1.51
919,Matthew Mariano,ALB,,61,5.61,3.1,1.81,0.44,14.00%,7.70%,6.30%,0.216,1.21,0.245,68.20%,3.25,4.76,-1.52
920,Jose Luccioni,TXSO,19,51,6.35,4.76,1.33,0.88,14.70%,11.00%,3.70%,0.317,1.82,0.365,68.80%,5.82,7.34,-1.52
921,Ryan Oakes,NEV,,42,9.64,4.07,2.37,0.86,23.80%,10.10%,13.80%,0.261,1.48,0.336,76.50%,4.29,5.8,-1.52
922,Jarret Williams,LAM,,54,8.17,3,2.72,0.5,20.60%,7.60%,13.00%,0.211,1.15,0.261,74.10%,3.17,4.68,-1.52
923,Dakota Stone,UNF,22,68.1,11.99,4.48,2.68,0.4,28.80%,10.80%,18.00%,0.182,1.23,0.261,77.40%,2.5,4.02,-1.52
924,Andrew Johnson,USC,,65.1,9.37,3.44,2.72,1.52,22.80%,8.40%,14.40%,0.223,1.3,0.258,78.80%,3.72,5.24,-1.52
925,Denver Hamilton,CARK,,72,6.63,1.75,3.79,0.5,17.50%,4.60%,12.90%,0.273,1.26,0.324,80.10%,2.88,4.4,-1.52
926,Ethan Minaker,CSUB,22,56.1,6.07,3.83,1.58,0.8,15.10%,9.50%,5.60%,0.223,1.28,0.25,53.80%,4.31,5.84,-1.52
927,Collin Valentine,PEPP,,62.2,3.73,3.45,1.08,0.29,8.80%,8.10%,0.70%,0.275,1.55,0.3,69.90%,3.88,5.41,-1.53
928,Ben Winslow,YALE,21,42.1,11.06,1.49,7.43,1.7,31.00%,4.20%,26.80%,0.196,0.9,0.235,80.50%,3.19,4.72,-1.53
929,Ben Cleaver,UK,,44.2,8.87,5.04,1.76,1.01,20.70%,11.70%,8.90%,0.24,1.52,0.292,74.30%,3.83,5.37,-1.54
930,Jackson Mitchell,BING,,44,9.61,2.66,3.62,1.84,26.60%,7.30%,19.20%,0.204,1.05,0.226,73.40%,4.09,5.63,-1.54
931,Brent Stukes,UPST,20,63,5.71,3.86,1.48,1.86,13.30%,9.00%,4.30%,0.274,1.59,0.282,70.90%,5.86,7.41,-1.55
932,PJ Craig,RID,22,79.2,8.59,4.18,2.05,0.9,21.80%,10.60%,11.20%,0.254,1.43,0.315,75.80%,3.84,5.39,-1.55
933,Chris Olivier,LAM,,80,10.8,3.71,2.91,0.79,29.00%,10.00%,19.00%,0.182,1.08,0.243,77.90%,2.81,4.37,-1.55
934,Matt Archibald,NAVY,,65,13.57,4.43,3.06,0.55,36.00%,11.80%,24.30%,0.168,1.09,0.269,77.70%,2.35,3.92,-1.57
935,Aric Ehmke,MILW,22,63,5.86,2.57,2.28,0.86,14.60%,6.40%,8.20%,0.272,1.37,0.305,58.50%,4.86,6.43,-1.57
936,Logan Rumberg,GMU,,78,9.92,4.27,2.32,1.15,25.60%,11.00%,14.60%,0.21,1.26,0.263,67.70%,3.92,5.5,-1.57
937,Isaac Morton,MINN,21,60.2,9.35,3.71,2.52,0.89,24.10%,9.60%,14.60%,0.205,1.17,0.258,73.70%,3.26,4.84,-1.58
938,Maxx Yehl,WVU,22,73,10.85,2.47,4.4,0.49,29.50%,6.70%,22.80%,0.218,1.07,0.31,82.90%,2.1,3.67,-1.58
939,Hudson Rowan,LT,21,68,7.68,5.43,1.41,0.53,19.60%,13.90%,5.70%,0.197,1.31,0.242,67.80%,3.97,5.55,-1.58
940,Jake Marciano,AUB,20,75.2,11.42,1.9,6,1.55,31.00%,5.20%,25.80%,0.204,0.98,0.257,85.10%,2.74,4.33,-1.59
941,Owen Quinn,BALL,22,46.1,7.19,4.27,1.68,1.17,17.80%,10.60%,7.20%,0.276,1.55,0.319,72.90%,4.86,6.45,-1.6
942,Tommy Mitchell,ELON,,47.1,6.85,4.18,1.64,0.76,16.40%,10.00%,6.40%,0.304,1.71,0.357,59.20%,3.99,5.59,-1.6
943,Camden Wicker,UCF,21,68,7.41,3.18,2.33,1.06,20.10%,8.60%,11.50%,0.186,1.03,0.208,71.40%,3.71,5.31,-1.6
944,Riley Marcotte,UNO,,62,6.1,4.5,1.35,1.31,14.70%,10.90%,3.90%,0.279,1.61,0.306,68.90%,4.94,6.54,-1.6
945,Cooper Cavanaugh,DAV,,53.1,11.14,6.41,1.74,1.35,27.80%,16.00%,11.80%,0.194,1.41,0.248,76.60%,4.73,6.33,-1.6
946,Zack James,TCU,20,56.2,6.99,2.7,2.59,0.95,17.30%,6.70%,10.60%,0.234,1.25,0.265,80.20%,3.49,5.1,-1.6
947,Zach DenDekker,LMU,,45,8.2,4.6,1.78,1,20.20%,11.30%,8.90%,0.218,1.33,0.258,71.40%,4.6,6.21,-1.61
948,Camden Sunstrom,USM,20,67,9.13,1.75,5.23,0.94,23.20%,4.40%,18.80%,0.23,1.13,0.281,77.60%,2.69,4.29,-1.61
949,Ben Green,OAK,,49,6.61,3.67,1.8,1.29,15.70%,8.70%,7.00%,0.308,1.63,0.349,64.10%,5.88,7.49,-1.61
950,Cody Brasch,UL,,64.1,10.35,2.52,4.11,0.7,29.80%,7.30%,22.60%,0.181,0.92,0.245,83.90%,2.24,3.85,-1.61
951,Cam Staton,SMC,,51.2,8.71,4.35,2,1.39,20.80%,10.40%,10.40%,0.256,1.53,0.301,66.90%,4.53,6.15,-1.62
952,Nick Baffa,VAL,,62,6.97,4.06,1.71,2.18,16.40%,9.60%,6.80%,0.317,1.79,0.342,63.40%,5.95,7.57,-1.62
953,Bradley Gilbert,UVU,,43.2,8.86,3.5,2.53,1.24,22.90%,9.00%,13.80%,0.187,1.1,0.214,53.80%,3.92,5.54,-1.62
954,Tyler Mudd,BC,24,59.1,5.61,3.19,1.76,1.67,13.70%,7.70%,5.90%,0.279,1.5,0.291,76.60%,4.7,6.32,-1.62
955,Patrick Steitz,VCU,,85,7.84,2.01,3.89,0.85,21.80%,5.60%,16.20%,0.215,1.02,0.256,79.20%,2.96,4.59,-1.63
956,Ross Yoshida,COR,,43.2,8.66,2.68,3.23,0.82,23.60%,7.30%,16.30%,0.194,1.01,0.237,76.00%,2.89,4.52,-1.63
957,Josh Newell,LIN,,93.1,5.59,1.25,4.46,0.48,15.00%,3.40%,11.70%,0.253,1.15,0.289,70.60%,2.51,4.14,-1.63
958,Andrew Herrmann,UL,,92.2,9.13,3.01,3.03,1.46,24.20%,8.00%,16.20%,0.213,1.12,0.249,73.70%,4.08,5.71,-1.63
959,Steven Cash,JVST,,74,10.09,3.16,3.19,0.85,27.10%,8.50%,18.60%,0.202,1.09,0.264,79.50%,2.92,4.56,-1.64
960,Ty Thames,RICE,,45,7.4,5.2,1.42,1.2,19.00%,13.30%,5.60%,0.213,1.36,0.24,66.00%,4.4,6.05,-1.65
961,Sam Fairhurst,LEH,,56,8.68,4.34,2,1.29,21.40%,10.70%,10.70%,0.255,1.46,0.305,73.90%,4.5,6.15,-1.65
962,Justin Roitman,WAG,22,52.2,9.23,7.52,1.23,0.85,20.10%,16.40%,3.70%,0.28,1.99,0.352,62.50%,5.81,7.47,-1.66
963,Matthew Delvaux,MERC,,70.2,6.37,3.95,1.61,1.27,15.30%,9.50%,5.80%,0.257,1.47,0.281,65.30%,5.99,7.65,-1.66
964,Talmadge Davis,JKST,20,49.1,12.22,4.74,2.58,0.55,29.00%,11.30%,17.70%,0.185,1.22,0.272,58.60%,4.56,6.23,-1.67
965,Jimmy Gilleran,STO,22,62,7.55,4.65,1.63,0.44,18.80%,11.60%,7.20%,0.238,1.44,0.292,57.90%,4.5,6.18,-1.68
966,Daniel Gonzalez,USA,,66.2,8.91,4.59,1.94,1.22,22.10%,11.40%,10.70%,0.249,1.47,0.302,76.80%,4.05,5.73,-1.68
967,Ashton Chronister,XAV,21,64.2,5.57,2.23,2.5,0.84,14.90%,5.90%,8.90%,0.265,1.27,0.296,76.00%,3.62,5.3,-1.69
968,Beau Bryans,JVST,22,59,10.37,5.64,1.84,0.46,26.10%,14.20%,11.90%,0.217,1.41,0.305,74.90%,3.36,5.04,-1.69
969,Zach Todd,PAC,22,75,9.6,4.68,2.05,0.72,24.80%,12.10%,12.70%,0.21,1.28,0.274,77.10%,3.6,5.29,-1.69
970,Matthew Lefevers,RAD,20,44,2.86,2.45,1.17,1.23,7.20%,6.20%,1.00%,0.303,1.5,0.304,74.70%,4.91,6.6,-1.69
971,Lucas Connors,LEM,21,43,7.33,2.93,2.5,1.67,18.90%,7.60%,11.40%,0.241,1.26,0.26,62.80%,5.86,7.55,-1.69
972,Max Bayles,SCU,21,69.2,13.18,5.17,2.55,0.65,34.60%,13.60%,21.00%,0.189,1.26,0.293,84.10%,2.45,4.15,-1.7
973,Jackson Blakely,GT,20,50.2,9.95,2.49,4,1.07,23.10%,5.80%,17.40%,0.202,1.14,0.244,83.90%,2.84,4.54,-1.7
974,John Damozonio,SMC,,70.1,9.47,2.43,3.89,0.64,24.30%,6.20%,18.00%,0.237,1.19,0.308,77.50%,2.82,4.53,-1.71
975,Liam OLeary,SJU,,92,6.07,2.05,2.95,0.49,16.30%,5.50%,10.80%,0.231,1.11,0.269,74.00%,3.03,4.74,-1.71
976,Michael Barnett,UCLA,22,60.1,7.61,4.03,1.89,1.34,20.00%,10.60%,9.40%,0.24,1.33,0.273,76.60%,4.03,5.74,-1.71
977,Hayden Frey,TOL,,72.2,7.68,2.97,2.58,0.74,20.70%,8.00%,12.70%,0.223,1.14,0.269,74.80%,3.72,5.43,-1.71
978,Mac Burke,DART,,37,8.27,2.43,3.4,0.24,22.40%,6.60%,15.80%,0.185,0.95,0.24,71.40%,2.19,3.9,-1.72
979,Owen Stewart,GMU,,53,10.36,5.09,2.03,1.36,25.00%,12.30%,12.70%,0.244,1.51,0.309,79.70%,4.42,6.13,-1.72
980,Rohan Lettow,SDSU,20,73.2,11,3.18,3.46,0.98,29.20%,8.40%,20.80%,0.233,1.24,0.315,72.50%,3.42,5.14,-1.72
981,Clayton Burke,M-OH,23,76.2,8.22,2.35,3.5,1.29,20.80%,6.00%,14.90%,0.241,1.21,0.279,68.40%,4.23,5.95,-1.72
982,Jackson Hinchliffe,RICH,,67.2,4.92,1.6,3.08,0.93,12.60%,4.10%,8.50%,0.232,1.09,0.247,66.90%,3.99,5.71,-1.72
983,Tanner Bradley,ORE,19,44.1,14.01,3.45,4.06,0.81,39.00%,9.60%,29.40%,0.138,0.86,0.215,86.60%,1.83,3.55,-1.73
984,Kevin Reavey,ARMY,,61.2,6.28,6.57,0.96,0.44,15.60%,16.30%,-0.70%,0.229,1.56,0.271,71.10%,4.38,6.11,-1.73
985,Troy Shepard,SIU,,77.1,8.73,3.84,2.27,0.47,22.70%,10.00%,12.70%,0.199,1.15,0.257,72.40%,3.37,5.11,-1.73
986,Kellan Montgomery,UCSB,22,71.1,7.82,2.65,2.95,1.51,20.90%,7.10%,13.90%,0.242,1.21,0.272,78.50%,3.91,5.65,-1.73
987,Max Hansmann,EVAN,22,80,8.89,3.04,2.93,0.9,22.70%,7.80%,14.90%,0.249,1.31,0.31,72.70%,3.38,5.11,-1.74
988,Merek Sears,UTA,24,49,8.27,3.31,2.5,0.92,20.70%,8.30%,12.40%,0.262,1.41,0.317,80.30%,3.31,5.04,-1.74
989,Andrew Evans,SIU,22,78.2,9.61,3.09,3.11,0.46,26.10%,8.40%,17.70%,0.212,1.13,0.284,76.40%,2.4,4.14,-1.74
990,Hunter Alexander,CARK,,59.1,11.22,4.7,2.39,0.61,29.60%,12.40%,17.20%,0.207,1.28,0.295,78.70%,2.58,4.32,-1.74
991,Andrew Damiani,NIA,22,45,10,3.2,3.13,0.6,27.00%,8.60%,18.40%,0.171,0.98,0.225,75.90%,2.6,4.34,-1.74
992,Cooper Campbell,VCU,20,44.2,7.46,3.83,1.95,0.81,18.80%,9.60%,9.10%,0.229,1.3,0.271,76.20%,3.83,5.59,-1.76
993,Oliver Pudvar,CONN,22,72.2,6.07,2.72,2.23,0.99,14.80%,6.60%,8.20%,0.266,1.42,0.296,74.40%,3.84,5.6,-1.76
994,Ricky Kidd,WMU,22,79.1,4.76,3.29,1.45,0.57,12.50%,8.60%,3.90%,0.242,1.27,0.268,69.20%,4.08,5.85,-1.77
995,Gavin Blachowicz,NEB,20,56.2,10.16,3.97,2.56,1.11,24.50%,9.60%,14.90%,0.189,1.2,0.231,77.40%,3.18,4.95,-1.77
996,Duke McCarron,JOES,21,65,8.72,5.12,1.7,1.25,21.10%,12.40%,8.70%,0.234,1.45,0.279,70.10%,4.85,6.62,-1.77
997,Andres Gonzalez,USI,,45.1,9.33,5.16,1.81,0.99,22.70%,12.60%,10.10%,0.253,1.54,0.32,78.60%,3.97,5.75,-1.78
998,Carson Timothy,SAC,21,54,5.33,3.83,1.39,1.33,13.30%,9.50%,3.70%,0.243,1.39,0.253,54.60%,4.67,6.45,-1.78
999,Nathan Love,ORU,,59.1,5.92,3.19,1.86,1.37,15.20%,8.20%,7.00%,0.262,1.38,0.281,71.80%,4.7,6.49,-1.79
1000,Sam Simmons,UTSA,22,59,6.86,2.75,2.5,0.31,17.10%,6.80%,10.30%,0.212,1.17,0.253,76.90%,2.14,3.92,-1.79
1001,Jacob Sitton,UTM,,80.2,7.48,4.8,1.56,2.01,18.00%,11.50%,6.40%,0.259,1.57,0.276,70.50%,5.47,7.27,-1.8
1002,Cam Bagwell,WAKE,20,55.2,7.92,2.91,2.72,2.26,18.30%,6.70%,11.60%,0.239,1.37,0.244,72.60%,4.85,6.65,-1.8
1003,Jorhan LaBoy,ALST,23,76.1,6.96,2.59,2.68,1.18,17.50%,6.50%,10.90%,0.289,1.45,0.331,65.70%,4.83,6.64,-1.8
1004,Brayden Gilley,WIN,21,76.2,6.81,2.82,2.42,1.41,17.30%,7.10%,10.10%,0.266,1.36,0.294,74.30%,4.46,6.27,-1.8
1005,Ryan Peterson,SHSU,,85,10.8,2.22,4.86,1.16,29.10%,6.00%,23.10%,0.218,1.06,0.286,81.10%,2.86,4.68,-1.82
1006,Spencer Stearns,SIUE,,77.1,5.94,2.44,2.43,0.93,15.50%,6.40%,9.10%,0.245,1.2,0.272,72.80%,3.72,5.55,-1.82
1007,Conner Johnson,ORU,,47,5.55,5.17,1.07,2.11,13.00%,12.10%,0.90%,0.289,1.74,0.293,70.20%,6.7,8.53,-1.83
1008,Richie Kerstetter,CCSU,,36.1,7.68,6.44,1.19,1.49,15.60%,13.10%,2.50%,0.276,2.01,0.308,66.60%,6.44,8.27,-1.83
1009,Cort Lowry,TAR,20,43,8.37,5.02,1.67,0.42,21.40%,12.80%,8.60%,0.181,1.19,0.234,70.70%,3.77,5.6,-1.84
1010,Thomas Allen,LT,,48.1,9.12,2.05,4.45,0.93,26.60%,6.00%,20.70%,0.186,0.89,0.229,78.40%,2.42,4.26,-1.84
1011,Bryce Riggs,EIU,,84,8.04,3.64,2.21,0.96,22.10%,10.00%,12.10%,0.186,1.07,0.217,72.50%,3.32,5.17,-1.85
1012,Hayden Collins,EKU,,51.2,6.1,2.96,2.06,2.44,15.00%,7.30%,7.70%,0.299,1.57,0.303,69.90%,5.75,7.6,-1.85
1013,Jake Hembree,GAST,21,43.1,10.38,7.48,1.39,0.42,26.90%,19.40%,7.50%,0.144,1.32,0.202,73.90%,3.32,5.18,-1.85
1014,Jackson Flora,UCSB,21,87.1,11.85,2.89,4.11,0.21,33.20%,8.10%,25.10%,0.16,0.89,0.246,88.70%,1.03,2.89,-1.86
1015,Jack Nelson,ARST,23,56,10.13,4.02,2.52,1.93,26.10%,10.40%,15.80%,0.206,1.21,0.231,75.60%,4.5,6.36,-1.86
1016,Ryan Griffin,NE,22,50,6.12,4.5,1.36,0.54,15.20%,11.20%,4.00%,0.229,1.38,0.265,63.60%,3.78,5.65,-1.87
1017,Andrew Buffkin,CIT,,63,6.71,3.29,2.04,0.43,18.10%,8.90%,9.30%,0.237,1.22,0.287,82.90%,2.57,4.44,-1.87
1018,Brady LeJeune-DeAcutis,UMBC,25,55.2,5.5,4.53,1.21,0.81,13.10%,10.80%,2.30%,0.271,1.58,0.302,67.00%,4.2,6.08,-1.88
1019,Nate Kugler,DART,,45.2,5.72,3.35,1.71,0.59,14.80%,8.70%,6.10%,0.246,1.29,0.281,70.10%,3.35,5.24,-1.89
1020,Ciaran Caughey,KENT,22,70,9.13,2.44,3.74,1.03,23.90%,6.40%,17.50%,0.22,1.1,0.27,71.40%,3.6,5.49,-1.89
1021,Quentin Pohorski,SF,23,41.1,10.23,4.79,2.14,0.65,27.80%,13.00%,14.80%,0.164,1.11,0.219,79.40%,2.83,4.72,-1.89
1022,Will Bartkoski,GAST,24,53.2,8.39,5.37,1.56,0.34,20.70%,13.30%,7.50%,0.179,1.23,0.232,76.60%,3.69,5.59,-1.9
1023,Connor Wylde,NMSU,23,53.2,5.37,5.87,0.91,1.68,12.10%,13.30%,-1.10%,0.282,1.77,0.292,70.10%,6.37,8.28,-1.9
1024,Tate McKee,GT,21,68,11.12,4.24,2.63,2.12,28.80%,11.00%,17.80%,0.231,1.34,0.277,82.90%,4.1,6.02,-1.91
1025,Ean DiPasquale,USI,21,58.2,5.52,3.99,1.38,0.61,13.80%,10.00%,3.80%,0.21,1.24,0.234,66.30%,3.84,5.75,-1.92
1026,Cody Airington,APSU,,58.1,7.1,3.24,2.19,1.54,18.00%,8.20%,9.80%,0.25,1.32,0.274,75.70%,4.63,6.57,-1.94
1027,Mason Lei,UIC,,86.1,8.03,1.77,4.53,1.46,21.10%,4.70%,16.40%,0.266,1.25,0.307,75.20%,3.65,5.6,-1.95
1028,Kai Leckszas,GTWN,22,66.1,6.65,3.53,1.88,0.95,17.00%,9.00%,8.00%,0.247,1.33,0.282,74.30%,4.07,6.02,-1.95
1029,Justin Feld,GONZ,22,62.2,8.76,4.31,2.03,1.29,22.30%,10.90%,11.30%,0.233,1.36,0.277,77.10%,4.16,6.12,-1.96
1030,John Abraham,FSU,21,43.1,11.42,3.95,2.89,0.21,31.30%,10.80%,20.50%,0.181,1.08,0.273,88.20%,1.04,3.01,-1.97
1031,JB Manarchuck,MSM,22,41.1,8.06,4.35,1.85,0.44,20.30%,11.00%,9.30%,0.226,1.35,0.283,78.30%,2.83,4.81,-1.98
1032,Dylan Smith,SJSU,,61.1,6.6,2.2,3,1.03,15.10%,5.00%,10.10%,0.242,1.32,0.267,76.40%,4.26,6.23,-1.98
1033,Chase Topolski,RICH,22,66.1,8.95,4.07,2.2,0.68,23.20%,10.50%,12.60%,0.201,1.19,0.254,79.50%,3.12,5.11,-1.99
1034,Niko Urquidi,CBU,,47,8.81,2.49,3.54,1.72,23.50%,6.60%,16.80%,0.251,1.23,0.29,74.90%,3.83,5.82,-1.99
1035,Will Labonte,PORT,19,73.1,7.12,3.44,2.07,0.49,19.00%,9.20%,9.80%,0.234,1.25,0.283,79.60%,2.82,4.82,-2
1036,Chet Lax,WRST,,71.1,7.57,2.14,3.53,1.26,19.50%,5.50%,14.00%,0.268,1.32,0.309,75.00%,4.04,6.04,-2
1037,Joe Dolinshek,ALST,20,45,5.2,5.2,1,0.6,11.90%,11.90%,0.00%,0.302,1.8,0.34,66.80%,5.4,7.41,-2.01
1038,Seth Benes,LIN,21,85,7.94,3.07,2.59,0.53,21.70%,8.40%,13.30%,0.199,1.07,0.246,77.30%,2.33,4.37,-2.04
1039,Ethan Blakeney,NORF,,69,9.13,4.57,2,1.04,22.90%,11.40%,11.40%,0.249,1.45,0.311,66.80%,4.83,6.87,-2.05
1040,Justin Mayes,TXSO,,55.1,13.17,3.9,3.38,0.98,33.20%,9.80%,23.40%,0.238,1.34,0.358,78.00%,3.58,5.63,-2.05
1041,Kyle Salvati,CCSU,22,70.2,9.17,4.2,2.18,0.89,23.50%,10.70%,12.70%,0.228,1.33,0.287,70.20%,4.33,6.39,-2.06
1042,Will Marenghi,DAV,20,40.1,7.36,4.24,1.74,1.56,17.70%,10.20%,7.50%,0.259,1.49,0.288,69.30%,4.91,6.97,-2.06
1043,Felix Morin,CAN,22,81.1,7.41,3.21,2.31,0.66,19.00%,8.20%,10.80%,0.238,1.29,0.285,61.60%,2.77,4.83,-2.06
1044,Truitt Webb,SELA,,45.2,9.07,4.53,2,0.99,21.60%,10.80%,10.80%,0.264,1.55,0.328,77.80%,3.55,5.61,-2.06
1045,Caden Glauber,UNC,18,64.1,10.35,4.62,2.24,0.56,27.90%,12.50%,15.50%,0.175,1.13,0.24,84.00%,1.96,4.03,-2.07
1046,Bryan Peck,CBU,23,70.1,7.93,2.69,2.95,1.28,21.20%,7.20%,14.00%,0.232,1.18,0.267,79.70%,3.33,5.4,-2.07
1047,Trevor Nikolis,UNF,20,49.1,6.2,4.38,1.42,0.91,16.00%,11.30%,4.70%,0.19,1.2,0.207,71.40%,3.83,5.91,-2.08
1048,Camden Matthews,ALST,23,51.1,7.71,3.16,2.44,0.35,19.60%,8.00%,11.60%,0.239,1.29,0.297,74.80%,3.33,5.44,-2.11
1049,Jace Gillmore,SCU,,65.2,8.09,3.02,2.68,1.51,21.20%,7.90%,13.30%,0.218,1.17,0.242,73.20%,3.84,5.95,-2.11
1050,Hampton Phillips,GRAM,20,43.2,4.53,5.15,0.88,1.44,9.90%,11.20%,-1.30%,0.294,1.79,0.305,65.00%,7.21,9.33,-2.12
1051,Mason Snyder,WCU,22,53.2,7.71,3.19,2.42,0.5,21.50%,8.90%,12.60%,0.186,1.02,0.228,71.40%,1.84,3.97,-2.12
1052,Cullen Condon,WOF,,58.2,7.82,3.22,2.43,0.77,20.90%,8.60%,12.30%,0.201,1.09,0.241,72.70%,2.61,4.74,-2.13
1053,Braden Gebhardt,YSU,22,83,10.73,2.93,3.67,0.76,28.10%,7.70%,20.50%,0.217,1.16,0.292,71.90%,2.82,4.96,-2.14
1054,Ryan Karst,INST,22,57.2,7.65,3.28,2.33,0.62,19.80%,8.50%,11.30%,0.211,1.14,0.256,73.60%,3.28,5.45,-2.17
1055,Evan Jones,UCF,22,40,10.35,2.48,4.18,1.8,26.90%,6.40%,20.50%,0.196,1.05,0.221,76.20%,3.15,5.33,-2.18
1056,Clark Lincoln,FAMU,20,41.2,9.5,5.4,1.76,0.86,22.70%,12.90%,9.80%,0.235,1.51,0.298,65.20%,4.54,6.74,-2.2
1057,Ben Cherico,SLU,,84,8.14,3.32,2.45,0.96,21.20%,8.60%,12.50%,0.21,1.15,0.248,66.70%,3.21,5.42,-2.21
1058,Evan Myers,WCU,,54,7,5,1.4,1.33,16.50%,11.80%,4.70%,0.278,1.65,0.315,80.20%,4.33,6.54,-2.21
1059,Easton Teel,ORU,,72.1,8.34,2.36,3.53,1,21.80%,6.20%,15.60%,0.235,1.18,0.282,80.70%,3.11,5.32,-2.21
1060,Nathan Leininger,TOL,22,87,8.48,3.41,2.48,0.62,22.70%,9.10%,13.50%,0.207,1.14,0.26,77.50%,2.9,5.11,-2.22
1061,Sheamus Ryan,NDSU,,48,5.25,2.06,2.55,0.19,13.50%,5.30%,8.20%,0.281,1.35,0.325,81.40%,2.44,4.66,-2.22
1062,Chansen Cole,WVU,,69.2,8.91,3.23,2.76,1.03,22.00%,8.00%,14.10%,0.192,1.13,0.225,81.60%,2.71,4.95,-2.23
1063,Hayden Bailey,CMU,,73.1,6.75,4.54,1.49,0.98,16.70%,11.20%,5.50%,0.224,1.35,0.252,71.00%,4.42,6.66,-2.25
1064,Chris Torres,UPST,,66,7.64,3.55,2.15,2.73,18.80%,8.70%,10.10%,0.284,1.55,0.292,69.20%,5.73,7.98,-2.25
1065,Elias Holbert,VCU,23,53,9.34,5.6,1.67,0.34,23.50%,14.10%,9.40%,0.197,1.34,0.265,77.40%,2.72,5,-2.28
1066,Michael Addari,ILST,22,62.1,9.53,3.03,3.14,0.43,25.50%,8.10%,17.40%,0.224,1.16,0.302,68.10%,2.17,4.47,-2.31
1067,Aidan Paul,HPU,,66,6.55,3.82,1.71,1.91,16.40%,9.60%,6.80%,0.251,1.41,0.259,70.50%,4.91,7.22,-2.31
1068,Harbersting Abreu,BCU,21,64.2,8.63,3.2,2.7,1.39,21.10%,7.80%,13.30%,0.303,1.61,0.364,73.40%,4.31,6.65,-2.33
1069,Charlie Hale,CONN,21,62.1,8.66,2.74,3.16,0.87,22.60%,7.10%,15.40%,0.235,1.2,0.291,82.00%,2.74,5.08,-2.34
1070,Yasseel Samboy,NORF,,41.2,9.07,3.24,2.8,1.3,22.10%,7.90%,14.20%,0.268,1.44,0.325,66.60%,4.54,6.88,-2.34
1071,Kaden Smith,USF,20,46.2,10.03,4.82,2.08,1.54,23.60%,11.40%,12.30%,0.23,1.41,0.28,76.60%,4.24,6.59,-2.35
1072,Maddux Frese,IOWA,21,64.2,5.29,3.2,1.65,1.53,13.90%,8.40%,5.50%,0.241,1.28,0.245,77.60%,3.62,6,-2.38
1073,Nick Lewis,WSU,,82.1,5.9,2.73,2.16,0.77,15.50%,7.20%,8.30%,0.246,1.26,0.277,70.70%,3.39,5.77,-2.38
1074,Jason DeCaro,UNC,20,71,8.75,4.06,2.16,0.63,23.30%,10.80%,12.50%,0.23,1.28,0.295,83.50%,2.03,4.41,-2.39
1075,Noah Berry,SAM,,49.2,6.52,5.98,1.09,0.54,16.10%,14.80%,1.30%,0.222,1.49,0.26,78.90%,3.08,5.47,-2.39
1076,Adam Jamison,LIP,,46,7.43,4.11,1.81,0.98,18.10%,10.00%,8.10%,0.267,1.54,0.313,72.70%,3.13,5.53,-2.4
1077,Thomas Howard,PUR,22,46,5.09,3.72,1.37,1.76,12.30%,9.00%,3.30%,0.261,1.48,0.261,77.40%,4.3,6.71,-2.41
1078,Kenney Fabian,UAPB,22,81.1,6.2,2.99,2.07,1.11,15.40%,7.40%,8.00%,0.245,1.29,0.269,59.60%,4.76,7.18,-2.42
1079,Bryce McKnight,SDSU,21,57.1,8.01,2.51,3.19,1.41,19.80%,6.20%,13.60%,0.27,1.36,0.312,69.40%,4.24,6.67,-2.43
1080,Joey Giordano,RICH,,73,7.64,2.71,2.82,1.23,20.00%,7.10%,12.90%,0.224,1.16,0.254,78.20%,3.08,5.54,-2.46
1081,Colby Barker,MRMK,,66.2,6.89,4.59,1.5,1.49,17.60%,11.80%,5.90%,0.236,1.4,0.255,77.50%,4.19,6.67,-2.48
1082,Dylan Farley,ARST,,55,4.91,4.58,1.07,0.65,12.00%,11.20%,0.80%,0.221,1.35,0.241,75.20%,3.76,6.26,-2.5
1083,Harrison Engle,FAIR,,57,9.16,6.47,1.41,1.42,22.70%,16.00%,6.60%,0.198,1.46,0.228,79.00%,4.11,6.63,-2.53
1084,Ryan Towers,ECU,23,47.2,6.99,3.59,1.95,1.13,18.00%,9.20%,8.70%,0.22,1.22,0.246,73.80%,3.21,5.8,-2.59
1085,Alex Lyon,COFC,22,62.2,4.02,1.58,2.55,1.15,10.60%,4.20%,6.40%,0.241,1.12,0.244,76.30%,3.45,6.04,-2.6
1086,Griffen Paige,WRST,,68.1,8.82,4.21,2.09,1.58,23.30%,11.10%,12.20%,0.198,1.19,0.22,72.00%,4.48,7.09,-2.62
1087,Kevin Opanel,MONM,,42.2,5.48,2.74,2,1.69,14.30%,7.10%,7.10%,0.25,1.27,0.254,73.20%,4.22,6.85,-2.63
1088,Ben Alekson,FAIR,,78.1,7.01,3.22,2.18,0.8,18.30%,8.40%,9.90%,0.23,1.24,0.267,81.50%,2.53,5.21,-2.68
1089,Garret Plata,PAC,,71,9,5.2,1.73,0.38,23.10%,13.30%,9.70%,0.208,1.34,0.274,84.90%,2.28,4.96,-2.68
1090,James Peterson,ALST,20,67.2,5.59,2.79,2,0.4,13.40%,6.70%,6.70%,0.269,1.45,0.307,67.50%,3.19,5.88,-2.69
1091,Edwin Sanchez,BCU,22,73.2,8.8,3.91,2.25,0.37,23.80%,10.60%,13.20%,0.2,1.15,0.263,76.00%,2.69,5.42,-2.74
1092,James Reilly,UNH,,45,5,8.6,0.58,0.8,11.00%,18.90%,-7.90%,0.253,1.96,0.275,63.80%,6,8.82,-2.82
1093,Sam Perry,MASS,,36.2,7.85,3.44,2.29,0.49,18.10%,7.90%,10.20%,0.187,1.15,0.224,76.60%,2.95,5.79,-2.85
1094,Joshua Pena,TXSO,,41,5.71,4.83,1.18,0.66,13.50%,11.50%,2.10%,0.229,1.39,0.258,74.50%,4.83,7.84,-3.01
1095,Ryland Urbanczyk,RICE,,55.2,5.5,4.85,1.13,0.81,13.00%,11.50%,1.50%,0.193,1.31,0.207,85.10%,2.75,5.88,-3.14
1096,Andrew Malec,MERC,22,56.2,7.46,6.99,1.07,0.79,17.70%,16.60%,1.10%,0.217,1.61,0.255,71.60%,4.29,7.47,-3.18
1097,John Hegarty,COR,22,34,5.03,5.03,1,0.26,13.10%,13.10%,0.00%,0.19,1.21,0.219,82.70%,2.65,5.84,-3.19
1098,Ben Rabatin,KENT,21,66,8.18,4.09,2,1.91,20.00%,10.00%,10.00%,0.217,1.32,0.228,82.00%,3.95,7.24,-3.28
1099,Tanner Walker,FAMU,23,45.2,8.08,4.93,1.64,0.2,20.00%,12.20%,7.80%,0.215,1.36,0.277,74.30%,2.56,5.96,-3.4
1100,Aidan Russell,SDSU,,49.2,7.43,2.36,3.15,1.09,21.70%,6.90%,14.80%,0.14,0.74,0.144,70.60%,2.36,5.94,-3.58
1101,Jack Hill,ORU,,45.2,4.73,2.36,2,1.38,14.00%,7.00%,7.00%,0.159,0.81,0.143,89.40%,2.36,6.54,-4.18
1102,Nick Noble,FDU,,42.1,7.23,4.89,1.48,0.85,18.90%,12.80%,6.10%,0.187,1.2,0.214,82.10%,2.76,7.19,-4.42