Date,Away Team,Home Team,Location,Away Win %,Home Win %,PEAR,GQI,Away Net,Home Net,Final Score
6/8/26,Kansas,Oklahoma,Home,41.40%,58.60%,Oklahoma -1.09,9.4,12,13,Oklahoma 13-2
6/8/26,Alabama,St. John's (NY),Home,72.10%,27.90%,Alabama -3.39,7.7,9,92,Alabama 7-2
6/7/26,Georgia,Mississippi St.,Home,54.30%,45.70%,Georgia -0.92,9.7,2,10,Georgia 11-9
6/7/26,Texas,Oregon,Away,57.80%,42.20%,Texas -1.25,9.4,3,20,Texas 6-5
6/7/26,Southern California,North Carolina,Home,33.50%,66.50%,North Carolina -2.46,9.1,15,5,North Carolina 4-3
6/6/26,Oklahoma,Kansas,Home,45.90%,54.10%,Kansas -0.51,9.6,13,12,Oklahoma 8-1
6/6/26,Auburn,Ole Miss,Home,44.00%,56.00%,Ole Miss -0.81,9.6,8,11,Ole Miss 5-3
6/6/26,North Carolina,Southern California,Home,54.30%,45.70%,North Carolina -0.86,9.6,5,15,North Carolina 4-0
6/6/26,Mississippi St.,Georgia,Home,33.50%,66.50%,Georgia -2.52,9.2,10,2,Georgia 13-12
6/6/26,Oregon,Texas,Away,30.50%,69.50%,Texas -2.85,8.9,20,3,Texas 11-3
6/6/26,West Virginia,Cal Poly,Away,64.00%,36.00%,West Virginia -2.22,8.7,6,52,West Virginia 17-1
6/6/26,St. John's (NY),Alabama,Home,18.80%,81.20%,Alabama -4.99,7.4,92,9,Alabama 8-0
6/6/26,Troy,Little Rock,Away,64.50%,35.50%,Troy -2.19,7.3,57,113,Troy 7-2
6/5/26,Ole Miss,Auburn,Home,43.30%,56.70%,Auburn -0.79,9.5,11,8,Ole Miss 6-4
6/5/26,Southern California,North Carolina,Home,33.50%,66.50%,North Carolina -2.46,9.1,15,5,Southern California 9-5
6/5/26,Cal Poly,West Virginia,Away,25.20%,74.80%,West Virginia -3.82,8.2,52,6,West Virginia 12-2
6/5/26,Little Rock,Troy,Away,24.80%,75.20%,Troy -3.79,6.9,113,57,Troy 12-2
6/1/26,Georgia Tech,Oklahoma,Away,58.60%,41.40%,Georgia Tech -1.33,9.5,4,13,Oklahoma 8-7
6/1/26,Southern California,Texas A&M,Away,36.70%,63.30%,Texas A&M -1.75,9.2,15,7,Southern California 7-1
6/1/26,Kentucky,West Virginia,Home,29.20%,70.80%,West Virginia -3.15,8.7,28,6,West Virginia 6-5
6/1/26,Troy,Florida,Home,26.00%,74.00%,Florida -3.38,8.1,57,14,Troy 10-2
6/1/26,Florida St.,St. John's (NY),Home,71.20%,28.80%,Florida St. -3.08,7.7,19,92,St. John's (NY) 5-4
6/1/26,Milwaukee,Auburn,Away,8.00%,92.00%,Auburn -8.29,5.6,180,8,Auburn 8-3
5/31/26,Texas A&M,Southern California,Home,50.80%,49.20%,Texas A&M -0.15,9.7,7,15,Southern California 14-3
5/31/26,Alabama,Oklahoma St.,Away,48.60%,51.40%,Alabama -0.07,9.5,9,27,Alabama 9-7
5/31/26,Ole Miss,Nebraska,Home,55.80%,44.20%,Ole Miss -0.97,9.5,11,16,Ole Miss 6-3
5/31/26,Georgia Tech,Oklahoma,Away,58.60%,41.40%,Georgia Tech -1.33,9.5,4,13,Oklahoma 15-8
5/31/26,Oregon,Oregon St.,Away,44.40%,55.60%,Oregon St. -0.62,9.4,20,18,Oregon 4-1
5/31/26,Kansas,Arkansas,Home,43.60%,56.40%,Arkansas -0.82,9.4,12,17,Kansas 13-10
5/31/26,Virginia,Jacksonville St.,Neutral,48.00%,52.00%,Jacksonville St. -0.47,9.3,34,22,Jacksonville St. 7-6
5/31/26,Arizona St.,Ole Miss,Neutral,42.20%,57.80%,Ole Miss -1.28,9.3,23,11,Ole Miss 5-4
5/31/26,West Virginia,Kentucky,Away,59.30%,40.80%,West Virginia -1.55,9.2,6,28,West Virginia 11-9
5/31/26,Nebraska,Arizona St.,Away,39.40%,60.60%,Arizona St. -1.29,9.1,16,23,Arizona St. 11-8
5/31/26,Wake Forest,West Virginia,Away,34.80%,65.20%,West Virginia -2.22,9,25,6,West Virginia 10-5
5/31/26,Boston College,Liberty,Neutral,39.00%,61.00%,Liberty -1.57,8.8,37,31,Liberty 8-3
5/31/26,Cincinnati,Louisiana,Neutral,61.20%,38.80%,Cincinnati -1.39,8.8,24,39,Louisiana 8-6
5/31/26,Texas,UC Santa Barbara,Away,70.50%,29.50%,Texas -3.23,8.7,3,32,Texas 6-4
5/31/26,Mississippi St.,Louisiana,Home,69.70%,30.30%,Mississippi St. -2.9,8.6,10,39,Mississippi St. 19-5
5/31/26,Coastal Carolina,Florida St.,Away,32.40%,67.60%,Florida St. -2.61,8.6,40,19,Florida St. 2-1
5/31/26,Miami (FL),Troy,Neutral,58.10%,41.90%,Miami (FL) -0.95,8.6,29,57,Troy 9-6
5/31/26,Florida,Troy,Away,63.00%,37.00%,Florida -1.78,8.6,14,57,Troy 16-11
5/31/26,UCF,Auburn,Home,26.60%,73.40%,Auburn -3.55,8.5,33,8,Auburn 9-3
5/31/26,UC Santa Barbara,Tarleton St.,Neutral,63.40%,36.60%,UC Santa Barbara -1.77,8.4,32,58,UC Santa Barbara 9-5
5/31/26,Liberty,Georgia,Home,19.50%,80.50%,Georgia -5.02,8.3,31,2,Georgia 6-1
5/31/26,East Carolina,North Carolina,Away,23.60%,76.40%,North Carolina -4.12,8.3,43,5,North Carolina 9-3
5/31/26,Southern California,Texas St.,Neutral,69.80%,30.20%,Southern California -2.97,8.2,15,59,Southern California 15-4
5/31/26,Cal Poly,Saint Mary's (CA),Neutral,57.20%,42.80%,Cal Poly -1.17,7.9,52,96,Cal Poly 5-2
5/31/26,Oklahoma,The Citadel,Neutral,75.40%,24.60%,Oklahoma -3.87,7.9,13,69,Oklahoma 15-5
5/31/26,St. John's (NY),NIU,Neutral,52.80%,47.20%,St. John's (NY) -0.63,7.7,92,99,St. John's (NY) 21-8
5/31/26,Oregon St.,Washington St.,Neutral,77.50%,22.50%,Oregon St. -4.33,7.6,18,79,Oregon St. 10-1
5/31/26,Arkansas,Northeastern,Neutral,69.30%,30.70%,Arkansas -2.97,7.6,17,102,Arkansas 10-9
5/31/26,UCLA,Saint Mary's (CA),Home,77.50%,22.50%,UCLA -4.53,7.5,1,96,Saint Mary's (CA) 6-5
5/31/26,Florida St.,NIU,Away,73.40%,26.60%,Florida St. -3.66,7.5,19,99,Florida St. 7-4
5/31/26,Oklahoma St.,USC Upstate,Neutral,74.10%,25.90%,Oklahoma St. -3.62,7.3,27,108,Oklahoma St. 12-1
5/31/26,Jacksonville St.,Little Rock,Neutral,76.60%,23.40%,Jacksonville St. -4.02,7.1,22,113,Little Rock 6-3
5/31/26,VCU,East Carolina,Neutral,28.50%,71.50%,East Carolina -3.17,7.1,117,43,East Carolina 10-0
5/31/26,Auburn,Milwaukee,Home,87.30%,12.70%,Auburn -6.69,5.8,8,180,Auburn 8-1
5/30/26,Arkansas,Kansas,Away,43.60%,56.40%,Kansas -0.78,9.4,17,12,Kansas 5-3
5/30/26,West Virginia,Kentucky,Home,59.30%,40.80%,West Virginia -1.55,9.2,6,28,Kentucky 11-9
5/30/26,Virginia,Southern Miss.,Home,40.60%,59.40%,Southern Miss. -1.36,9,34,21,Virginia 15-11
5/30/26,Oklahoma,Georgia Tech,Home,29.80%,70.20%,Georgia Tech -2.93,9,13,4,Georgia Tech 9-3
5/30/26,NC State,UCF,Neutral,52.10%,47.90%,NC State -0.31,8.9,51,33,UCF 9-3
5/30/26,Miami (FL),Florida,Home,32.80%,67.30%,Florida -2.43,8.8,29,14,Florida 22-10
5/30/26,Cincinnati,Mississippi St.,Away,29.10%,70.90%,Mississippi St. -3.11,8.8,24,10,Mississippi St. 10-5
5/30/26,Auburn,NC State,Away,60.30%,39.70%,Auburn -1.65,8.8,8,51,Auburn 17-13
5/30/26,North Carolina,East Carolina,Home,66.00%,34.00%,North Carolina -2.52,8.7,5,43,North Carolina 7-5
5/30/26,Georgia,Liberty,Neutral,76.20%,23.80%,Georgia -4.22,8.5,2,31,Georgia 6-2
5/30/26,Texas A&M,Texas St.,Away,70.50%,29.50%,Texas A&M -3.11,8.3,7,59,Texas A&M 17-2
5/30/26,Northeastern,Missouri St.,Neutral,48.40%,51.60%,Missouri St. -0.15,8.2,102,35,Northeastern 5-1
5/30/26,Virginia Tech,UCLA,Home,17.20%,82.80%,UCLA -5.41,8,49,1,UCLA 6-5
5/30/26,Saint Mary's (CA),Cal Poly,Neutral,42.80%,57.20%,Cal Poly -1.17,7.9,96,52,Cal Poly 14-1
5/30/26,Texas,Tarleton St.,Home,80.50%,19.50%,Texas -4.98,7.9,3,58,Texas 16-2
5/30/26,The Citadel,Oklahoma,Neutral,24.50%,75.50%,Oklahoma -3.87,7.9,69,13,Oklahoma 8-3
5/30/26,Oregon,Washington St.,Away,73.30%,26.70%,Oregon -3.68,7.8,20,79,Oregon 4-0
5/30/26,Southern California,Lamar University,Neutral,73.80%,26.30%,Southern California -3.65,7.6,15,95,Southern California 19-6
5/30/26,Alabama,USC Upstate,Away,72.90%,27.10%,Alabama -3.64,7.4,9,108,Alabama 7-5
5/30/26,Little Rock,Jacksonville St.,Neutral,23.40%,76.60%,Jacksonville St. -4.02,7.1,113,22,Little Rock 8-6
5/30/26,Tennessee,VCU,Neutral,79.50%,20.50%,Tennessee -4.58,6.9,26,117,VCU 5-4
5/30/26,Lipscomb,Louisiana,Neutral,27.90%,72.10%,Louisiana -3.41,6.4,165,39,Louisiana 10-4
5/30/26,Oregon St.,Yale,Neutral,81.70%,18.30%,Oregon St. -5.18,6.2,18,164,Oregon St. 9-2
5/30/26,Wake Forest,Binghamton,Neutral,84.80%,15.20%,Wake Forest -5.91,6,25,163,Wake Forest 12-3
5/30/26,UIC,The Citadel,Neutral,34.00%,66.00%,The Citadel -2.51,6,190,69,The Citadel 9-8
5/30/26,UCF,Milwaukee,Neutral,80.70%,19.30%,UCF -4.85,5.9,33,180,Milwaukee 13-6
5/30/26,Rider,Troy,Neutral,19.10%,80.90%,Troy -5.06,5.6,184,57,Troy 15-7
5/30/26,Oklahoma St.,Alabama St.,Neutral,88.00%,12.00%,Oklahoma St. -6.75,5.4,27,194,Oklahoma St. 8-7
5/30/26,South Dakota St.,Arizona St.,Neutral,12.10%,87.90%,Arizona St. -6.88,5.3,209,23,Arizona St. 17-0
5/30/26,Boston College,LIU,Neutral,82.70%,17.30%,Boston College -5.34,4.9,37,239,Boston College 8-4
5/30/26,UC Santa Barbara,Holy Cross,Neutral,86.40%,13.60%,UC Santa Barbara -6.37,4.7,32,249,UC Santa Barbara 15-1
5/30/26,LIU,Georgia,Home,3.10%,96.90%,Georgia -11.55,4.6,239,2,Georgia 18-2
5/29/26,Jacksonville St.,Virginia,Neutral,52.00%,48.00%,Jacksonville St. -0.47,9.3,22,34,Jacksonville St. 15-7
5/29/26,Arizona St.,Ole Miss,Neutral,42.20%,57.80%,Ole Miss -1.28,9.3,23,11,Ole Miss 7-6
5/29/26,Kentucky,Wake Forest,Neutral,43.60%,56.40%,Wake Forest -0.95,9.2,28,25,Kentucky 6-5
5/29/26,East Carolina,Tennessee,Neutral,39.30%,60.70%,Tennessee -1.42,8.8,43,26,East Carolina 7-3
5/29/26,Liberty,Boston College,Neutral,61.00%,39.00%,Liberty -1.57,8.8,31,37,Liberty 4-3
5/29/26,Louisiana,Cincinnati,Neutral,38.80%,61.20%,Cincinnati -1.39,8.8,39,24,Cincinnati 12-2
5/29/26,Cal Poly,Virginia Tech,Neutral,52.80%,47.20%,Cal Poly -0.34,8.7,52,49,Cal Poly 6-2
5/29/26,Missouri St.,Arkansas,Neutral,32.00%,68.00%,Arkansas -2.8,8.7,35,17,Arkansas 9-5
5/29/26,Troy,Miami (FL),Neutral,41.90%,58.10%,Miami (FL) -0.95,8.6,57,29,Miami (FL) 10-5
5/29/26,Tarleton St.,UC Santa Barbara,Neutral,36.60%,63.40%,UC Santa Barbara -1.77,8.4,58,32,Tarleton St. 11-5
5/29/26,Texas St.,Southern California,Neutral,30.20%,69.80%,Southern California -2.97,8.2,59,15,Texas St. 5-4
5/29/26,Washington St.,Oregon St.,Neutral,22.50%,77.50%,Oregon St. -4.33,7.6,79,18,Washington St. 3-2
5/29/26,Northeastern,Kansas,Home,25.50%,74.50%,Kansas -3.75,7.5,102,12,Kansas 6-3
5/29/26,NIU,Coastal Carolina,Neutral,31.20%,68.80%,Coastal Carolina -2.69,7.5,99,40,NIU 12-10
5/29/26,Lamar University,Texas A&M,Away,17.10%,82.90%,Texas A&M -5.39,7.3,95,7,Texas A&M 7-5
5/29/26,St. John's (NY),Florida St.,Home,19.50%,80.50%,Florida St. -4.68,7.3,92,19,St. John's (NY) 6-5
5/29/26,USC Upstate,Oklahoma St.,Neutral,25.90%,74.10%,Oklahoma St. -3.62,7.3,108,27,USC Upstate 8-5
5/29/26,Saint Mary's (CA),UCLA,Away,14.80%,85.20%,UCLA -6.13,7.2,96,1,Saint Mary's (CA) 3-2
5/29/26,Little Rock,Southern Miss.,Away,18.40%,81.60%,Southern Miss. -4.92,6.9,113,21,Little Rock 7-4
5/29/26,VCU,North Carolina,Home,11.00%,89.00%,North Carolina -7.19,6.7,117,5,North Carolina 8-0
5/29/26,Yale,Oregon,Home,14.40%,85.60%,Oregon -6.13,6,164,20,Oregon 14-2
5/29/26,Binghamton,West Virginia,Away,8.80%,91.30%,West Virginia -8.01,5.9,163,6,West Virginia 10-1
5/29/26,Lipscomb,Mississippi St.,Away,9.10%,90.90%,Mississippi St. -7.82,5.9,165,10,Mississippi St. 10-1
5/29/26,Milwaukee,Auburn,Home,8.00%,92.00%,Auburn -8.29,5.6,180,8,Milwaukee 13-8
5/29/26,UIC,Georgia Tech,Home,6.60%,93.40%,Georgia Tech -9.03,5.5,190,4,Georgia Tech 22-5
5/29/26,Rider,Florida,Home,7.70%,92.30%,Florida -8.39,5.5,184,14,Florida 8-7
5/29/26,Alabama St.,Alabama,Home,8.00%,92.00%,Alabama -8.32,5.4,194,9,Alabama 21-3
5/29/26,South Dakota St.,Nebraska,Home,11.30%,88.80%,Nebraska -7.16,5.3,209,16,Nebraska 4-1
5/29/26,Holy Cross,Texas,Away,3.80%,96.20%,Texas -10.91,4.5,249,3,Texas 19-1
5/24/26,North Carolina,Georgia Tech,Neutral,43.80%,56.20%,Georgia Tech -0.8,9.7,5,4,Georgia Tech 13-6
5/24/26,Liberty,Jacksonville St.,Neutral,45.80%,54.20%,Jacksonville St. -0.64,9.2,31,22,Jacksonville St. 10-0
5/24/26,Oregon,UCLA,Neutral,35.30%,64.70%,UCLA -2.17,9.1,20,1,UCLA 3-2
5/24/26,East Carolina,UTSA,Neutral,49.40%,50.60%,East Carolina -0.06,9,43,46,East Carolina 1-0
5/24/26,Arkansas,Georgia,Neutral,32.00%,68.00%,Georgia -2.72,9,17,2,Georgia 11-1
5/24/26,Missouri St.,Liberty,Neutral,41.60%,58.40%,Liberty -1.26,8.9,35,31,Liberty 7-5
5/24/26,Louisiana,Southern Miss.,Neutral,36.10%,63.90%,Southern Miss. -1.86,8.7,39,21,Southern Miss. 11-7
5/24/26,Troy,Southern Miss.,Neutral,40.70%,59.30%,Southern Miss. -1.12,8.6,57,21,Southern Miss. 6-2
5/24/26,Washington St.,San Diego St.,Neutral,44.50%,55.50%,San Diego St. -0.71,8.1,79,73,San Diego St. 9-2
5/24/26,Washington St.,San Diego St.,Neutral,44.50%,55.50%,San Diego St. -0.71,8.1,79,73,Washington St. 14-4
5/24/26,Campbell,Northeastern,Neutral,54.60%,45.40%,Campbell -0.65,7.9,53,102,Northeastern 3-2
5/24/26,UC San Diego,Cal Poly,Neutral,35.10%,64.90%,Cal Poly -2.2,7.8,85,52,Cal Poly 4-3
5/24/26,Creighton,St. John's (NY),Neutral,52.80%,47.20%,Creighton -0.12,7.7,97,92,St. John's (NY) 5-3
5/24/26,Little Rock,Eastern Ill.,Neutral,56.20%,43.80%,Little Rock -1.0,6.9,113,133,Little Rock 10-6
5/24/26,Longwood,USC Upstate,Neutral,37.70%,62.30%,USC Upstate -1.8,6.4,156,108,USC Upstate 8-1
5/24/26,Longwood,USC Upstate,Neutral,37.70%,62.30%,USC Upstate -1.8,6.4,156,108,Longwood 4-1
5/24/26,Rhode Island,VCU,Neutral,37.90%,62.10%,VCU -1.81,5.5,214,117,VCU 9-1
5/24/26,Southern Ill.,UIC,Neutral,50.20%,49.80%,UIC -0.07,5.3,218,190,UIC 7-2
5/24/26,Alabama St.,Florida A&M,Neutral,52.60%,47.40%,Alabama St. -0.4,5,194,225,Alabama St. 8-6
5/24/26,FDU,LIU,Neutral,39.50%,60.50%,LIU -1.47,4.1,240,239,LIU 22-8
5/23/26,West Virginia,Kansas,Neutral,55.40%,44.60%,West Virginia -0.76,9.6,6,12,Kansas 9-0
5/23/26,Arkansas,Auburn,Neutral,44.40%,55.60%,Auburn -0.67,9.5,17,8,Arkansas 2-1
5/23/26,Oregon,Nebraska,Neutral,56.40%,43.60%,Oregon -0.95,9.3,20,16,Oregon 8-0
5/23/26,Florida,Georgia,Neutral,36.90%,63.10%,Georgia -2.1,9.3,14,2,Georgia 8-7
5/23/26,Southern California,UCLA,Neutral,36.10%,63.90%,UCLA -2.08,9.2,15,1,UCLA 7-5
5/23/26,East Carolina,UTSA,Neutral,49.40%,50.60%,East Carolina -0.06,9,43,46,UTSA 4-2
5/23/26,Louisiana,Texas St.,Neutral,51.40%,48.60%,Louisiana -0.33,8.8,39,59,Louisiana 7-4
5/23/26,Louisiana,Texas St.,Neutral,51.40%,48.60%,Louisiana -0.33,8.8,39,59,Louisiana 12-6
5/23/26,Miami (FL),Georgia Tech,Neutral,28.00%,72.00%,Georgia Tech -3.4,8.7,29,4,Georgia Tech 9-3
5/23/26,Troy,Southern Miss.,Neutral,40.70%,59.30%,Southern Miss. -1.12,8.6,57,21,Troy 9-6
5/23/26,Pittsburgh,North Carolina,Neutral,24.70%,75.30%,North Carolina -4.01,8.4,36,5,North Carolina 13-5
5/23/26,DBU,Jacksonville St.,Neutral,39.20%,60.80%,Jacksonville St. -1.68,8.4,71,22,Jacksonville St. 6-5
5/23/26,South Alabama,Troy,Neutral,37.10%,62.90%,Troy -1.97,8.1,66,57,Troy 11-10
5/23/26,Washington St.,San Diego St.,Neutral,44.50%,55.50%,San Diego St. -0.71,8.1,79,73,Washington St. 14-9
5/23/26,The Citadel,Samford,Neutral,53.40%,46.60%,The Citadel -0.49,8,69,89,The Citadel 3-1
5/23/26,UC Santa Barbara,UC San Diego,Neutral,65.80%,34.20%,UC Santa Barbara -2.32,7.9,32,85,UC San Diego 7-0
5/23/26,Xavier,St. John's (NY),Neutral,50.20%,49.80%,St. John's (NY) -0.13,7.9,91,92,St. John's (NY) 17-6
5/23/26,Northeastern,Campbell,Neutral,45.40%,54.60%,Campbell -0.65,7.9,102,53,Northeastern 7-4
5/23/26,Cal Poly,UC San Diego,Neutral,64.90%,35.10%,Cal Poly -2.2,7.8,52,85,UC San Diego 12-2
5/23/26,Creighton,Xavier,Neutral,52.60%,47.40%,Creighton -0.25,7.8,97,91,Creighton 7-4
5/23/26,Tarleton St.,Sacramento St.,Neutral,48.50%,51.50%,Sacramento St. -0.03,7.7,58,120,Tarleton St. 21-11
5/23/26,USC Upstate,High Point,Neutral,41.40%,58.60%,High Point -1.08,7.5,108,77,USC Upstate 5-0
5/23/26,Wichita St.,UAB,Neutral,43.30%,56.80%,UAB -0.93,7.5,114,68,Wichita St. 14-12
5/23/26,Air Force,San Diego St.,Neutral,45.10%,54.90%,San Diego St. -0.74,7.5,121,73,San Diego St. 11-8
5/23/26,Wichita St.,East Carolina,Neutral,29.60%,70.40%,East Carolina -3.13,7.2,114,43,East Carolina 11-3
5/23/26,Saint Joseph's,VCU,Neutral,42.90%,57.10%,VCU -1.04,7.2,107,117,VCU 13-3
5/23/26,Washington,Oregon,Neutral,24.80%,75.20%,Oregon -4.01,7,128,20,Oregon 9-4
5/23/26,Little Rock,SIUE,Neutral,52.60%,47.40%,Little Rock -0.48,6.9,113,140,Little Rock 7-5
5/23/26,Little Rock,Eastern Ill.,Neutral,56.20%,43.80%,Little Rock -1.0,6.9,113,133,Little Rock 4-3
5/23/26,New Mexico,Air Force,Neutral,50.50%,49.50%,Air Force -0.08,6.7,155,121,Air Force 11-1
5/23/26,NIU,Toledo,Neutral,53.00%,47.00%,NIU -0.48,6.6,99,170,NIU 5-1
5/23/26,Toledo,Kent St.,Neutral,34.30%,65.70%,Kent St. -2.32,6.4,170,61,Toledo 5-2
5/23/26,Longwood,Winthrop,Neutral,41.10%,58.90%,Winthrop -1.01,6.3,156,129,Longwood 4-3
5/23/26,Longwood,High Point,Neutral,29.90%,70.10%,High Point -2.88,6.3,156,77,Longwood 7-4
5/23/26,North Ala.,Lipscomb,Neutral,48.90%,51.10%,Lipscomb -0.2,6.1,176,165,Lipscomb 5-4
5/23/26,North Ala.,FGCU,Neutral,37.90%,62.10%,FGCU -1.68,6,176,118,North Ala. 6-5
5/23/26,Saint Mary's (CA),San Francisco,Neutral,70.90%,29.10%,Saint Mary's (CA) -3.05,5.8,96,175,Saint Mary's (CA) 7-6
5/23/26,Hofstra,Campbell,Neutral,21.40%,78.60%,Campbell -4.54,5.8,178,53,Campbell 5-3
5/23/26,San Francisco,Saint Mary's (CA),Neutral,29.10%,70.90%,Saint Mary's (CA) -3.05,5.8,175,96,San Francisco 9-8
5/23/26,Murray St.,UIC,Neutral,55.50%,44.50%,Murray St. -0.67,5.7,159,190,UIC 6-5
5/23/26,Hofstra,Northeastern,Neutral,24.70%,75.30%,Northeastern -3.91,5.6,178,102,Northeastern 5-4
5/23/26,Wright St.,Milwaukee,Neutral,62.20%,37.80%,Wright St. -1.36,5.6,153,180,Milwaukee 5-4
5/23/26,VCU,Rhode Island,Neutral,62.10%,37.90%,VCU -1.81,5.5,117,214,VCU 18-16
5/23/26,Southern Ill.,Indiana St.,Neutral,44.00%,56.00%,Indiana St. -0.77,5.5,218,138,Southern Ill. 7-5
5/23/26,Maine,Binghamton,Neutral,43.30%,56.70%,Binghamton -1.0,5.3,216,163,Binghamton 7-3
5/23/26,Southern Ill.,Murray St.,Neutral,44.70%,55.30%,Murray St. -0.74,5.3,218,159,Southern Ill. 9-7
5/23/26,Oral Roberts,South Dakota St.,Neutral,72.20%,27.80%,Oral Roberts -3.27,5.1,116,209,Oral Roberts 4-1
5/23/26,Oral Roberts,South Dakota St.,Neutral,72.20%,27.80%,Oral Roberts -3.27,5.1,116,209,South Dakota St. 9-6
5/23/26,Florida A&M,Southern U.,Neutral,59.20%,40.80%,Florida A&M -1.26,4.4,225,232,Florida A&M 5-1
5/23/26,Ark.-Pine Bluff,Alabama St.,Neutral,35.80%,64.20%,Alabama St. -2.2,4,266,194,Alabama St. 8-5
5/23/26,Ark.-Pine Bluff,Bethune-Cookman,Neutral,29.20%,70.80%,Bethune-Cookman -3.1,3.9,266,171,Ark.-Pine Bluff 13-8
5/23/26,Oakland,Wright St.,Neutral,18.90%,81.10%,Wright St. -5.03,3.6,271,153,Wright St. 11-5
5/22/26,Auburn,Texas A&M,Neutral,48.00%,52.00%,Texas A&M -0.22,9.8,8,7,Auburn 7-0
5/22/26,Oklahoma St.,Kansas,Neutral,44.70%,55.30%,Kansas -0.89,9.3,27,12,Kansas 9-2
5/22/26,Arizona St.,West Virginia,Neutral,42.10%,57.90%,West Virginia -1.34,9.3,23,6,West Virginia 7-3
5/22/26,Arkansas,Texas,Neutral,36.60%,63.40%,Texas -1.91,9.2,17,3,Arkansas 8-1
5/22/26,Cal Poly,UC Santa Barbara,Neutral,49.00%,51.00%,UC Santa Barbara -0.12,9,52,32,Cal Poly 4-2
5/22/26,Louisiana,Coastal Carolina,Neutral,44.40%,55.60%,Coastal Carolina -0.52,8.9,39,40,Louisiana 5-4
5/22/26,Pittsburgh,Florida St.,Neutral,35.30%,64.70%,Florida St. -2.09,8.8,36,19,Pittsburgh 8-6
5/22/26,Michigan,Nebraska,Neutral,35.50%,64.50%,Nebraska -2.17,8.6,50,16,Nebraska 6-4
5/22/26,Troy,Southern Miss.,Neutral,40.70%,59.30%,Southern Miss. -1.12,8.6,57,21,Southern Miss. 7-6
5/22/26,DBU,Missouri St.,Neutral,51.80%,48.20%,DBU -0.21,8.6,71,35,Missouri St. 9-8
5/22/26,California Baptist,Tarleton St.,Neutral,60.30%,39.80%,California Baptist -1.26,8.4,42,58,Tarleton St. 5-3
5/22/26,UAB,Rice,Neutral,47.40%,52.60%,Rice -0.47,8.4,68,65,UAB 9-6
5/22/26,The Citadel,Mercer,Neutral,40.70%,59.30%,Mercer -1.3,8.3,69,41,The Citadel 14-4
5/22/26,Virginia Tech,North Carolina,Neutral,23.70%,76.30%,North Carolina -4.18,8.2,49,5,North Carolina 10-4
5/22/26,Rice,East Carolina,Neutral,38.00%,62.00%,East Carolina -1.76,8.2,65,43,East Carolina 4-3
5/22/26,Kent St.,Miami (OH),Neutral,54.70%,45.30%,Kent St. -0.65,8.2,61,76,Kent St. 3-1
5/22/26,Purdue,UCLA,Neutral,20.50%,79.50%,UCLA -4.81,8,54,1,UCLA 4-3
5/22/26,Samford,Western Caro.,Neutral,47.80%,52.20%,Western Caro. -0.19,7.9,89,84,Samford 5-1
5/22/26,Louisiana Tech,Liberty,Neutral,34.00%,66.00%,Liberty -2.35,7.9,81,31,Liberty 6-0
5/22/26,Western Ky.,Jacksonville St.,Neutral,36.40%,63.60%,Jacksonville St. -2.22,7.7,110,22,Jacksonville St. 12-11
5/22/26,Air Force,Washington St.,Neutral,50.60%,49.40%,Washington St. -0.03,7.6,121,79,Washington St. 5-1
5/22/26,Sacramento St.,California Baptist,Neutral,41.20%,58.80%,California Baptist -1.23,7.6,120,42,Sacramento St. 12-7
5/22/26,UC San Diego,Cal St. Fullerton,Neutral,48.40%,51.60%,Cal St. Fullerton -0.02,7.5,85,119,UC San Diego 5-1
5/22/26,Michigan St.,Southern California,Neutral,22.00%,78.00%,Southern California -4.43,7.2,109,15,Southern California 7-0
5/22/26,Utah Tech,Sacramento St.,Neutral,42.50%,57.50%,Sacramento St. -1.12,7.1,105,120,Sacramento St. 5-3
5/22/26,New Mexico,San Diego St.,Neutral,45.60%,54.40%,San Diego St. -0.81,7,155,73,San Diego St. 11-6
5/22/26,Lamar University,McNeese,Neutral,56.40%,43.60%,Lamar University -0.95,7,95,139,Lamar University 2-1
5/22/26,UNCW,Northeastern,Neutral,43.60%,56.40%,Northeastern -1.13,7,131,102,Northeastern 7-3
5/22/26,VCU,Richmond,Neutral,51.50%,48.50%,VCU -0.39,6.7,117,160,VCU 7-4
5/22/26,Eastern Ill.,SIUE,Neutral,46.40%,53.60%,SIUE -0.52,6.7,133,140,Eastern Ill. 3-2
5/22/26,FGCU,North Florida,Neutral,55.40%,44.60%,FGCU -0.76,6.7,118,149,FGCU 3-1
5/22/26,Wichita St.,Memphis,Neutral,60.60%,39.40%,Wichita St. -1.33,6.7,114,134,Wichita St. 6-4
5/22/26,Charleston So.,High Point,Neutral,36.30%,63.70%,High Point -2.0,6.6,154,77,High Point 9-6
5/22/26,NIU,Toledo,Neutral,53.00%,47.00%,NIU -0.48,6.6,99,170,NIU 10-3
5/22/26,Memphis,UTSA,Neutral,21.00%,79.00%,UTSA -4.42,6.5,134,46,UTSA 4-0
5/22/26,George Mason,Saint Joseph's,Neutral,49.00%,51.00%,Saint Joseph's -0.19,6.5,181,107,Saint Joseph's 14-4
5/22/26,Gonzaga,San Francisco,Neutral,70.00%,30.00%,Gonzaga -3.04,6.3,48,175,San Francisco 6-5
5/22/26,Western Mich.,Kent St.,Neutral,28.00%,72.00%,Kent St. -3.33,6.3,162,61,Kent St. 6-1
5/22/26,Longwood,Charleston So.,Neutral,42.90%,57.10%,Charleston So. -0.88,6.2,156,154,Longwood 10-4
5/22/26,North Ala.,Lipscomb,Neutral,48.90%,51.10%,Lipscomb -0.2,6.1,176,165,Lipscomb 4-3
5/22/26,Richmond,George Mason,Neutral,56.60%,43.40%,Richmond -0.84,5.8,160,181,George Mason 11-6
5/22/26,San Francisco,Pacific,Neutral,50.50%,49.50%,San Francisco -0.19,5.7,175,193,San Francisco 10-6
5/22/26,UNCW,Monmouth,Neutral,73.50%,26.50%,UNCW -3.28,5.6,131,167,UNCW 6-1
5/22/26,Pacific,Saint Mary's (CA),Neutral,28.70%,71.30%,Saint Mary's (CA) -3.22,5.6,193,96,Saint Mary's (CA) 10-7
5/22/26,Milwaukee,Wright St.,Neutral,37.80%,62.20%,Wright St. -1.36,5.6,180,153,Milwaukee 4-1
5/22/26,VCU,Rhode Island,Neutral,62.10%,37.90%,VCU -1.81,5.5,117,214,Rhode Island 5-4
5/22/26,Southern Ind.,Little Rock,Neutral,34.00%,66.00%,Little Rock -2.54,5.5,204,113,Little Rock 7-2
5/22/26,Fairfield,Rider,Neutral,48.70%,51.30%,Rider -0.19,5.4,213,184,Rider 5-1
5/22/26,Maine,Binghamton,Neutral,43.30%,56.70%,Binghamton -1.0,5.3,216,163,Binghamton 6-5
5/22/26,Maine,UMBC,Neutral,53.40%,46.60%,Maine -0.55,4.9,216,221,Maine 11-6
5/22/26,Marist,Niagara,Neutral,49.40%,50.60%,Niagara -0.06,4.6,242,230,Niagara 6-2
5/22/26,Fairfield,Niagara,Neutral,63.10%,36.90%,Fairfield -1.87,4.4,213,230,Fairfield 9-2
5/22/26,Wagner,FDU,Neutral,44.70%,55.30%,FDU -0.74,4.2,247,240,FDU 11-10
5/22/26,Oral Roberts,Northern Colo.,Neutral,79.80%,20.20%,Oral Roberts -4.69,4.1,116,256,Oral Roberts 3-1
5/22/26,FDU,LIU,Neutral,39.50%,60.50%,LIU -1.47,4.1,240,239,LIU 10-3
5/22/26,Ark.-Pine Bluff,Alabama St.,Neutral,35.80%,64.20%,Alabama St. -2.2,4,266,194,Alabama St. 8-7
5/22/26,Le Moyne,Wagner,Neutral,52.00%,48.00%,Le Moyne -0.15,3.9,275,247,Wagner 10-1
5/22/26,Texas Southern,Southern U.,Neutral,39.40%,60.60%,Southern U. -1.75,3.5,285,232,Southern U. 6-4
5/21/26,Florida,Alabama,Neutral,55.70%,44.30%,Florida -0.64,9.5,14,9,Florida 13-3
5/21/26,Mississippi St.,Georgia,Neutral,39.50%,60.50%,Georgia -1.72,9.4,10,2,Georgia 5-3
5/21/26,Cincinnati,Arizona St.,Neutral,44.80%,55.20%,Arizona St. -0.72,9.3,24,23,Arizona St. 10-2
5/21/26,Oklahoma St.,UCF,Neutral,57.90%,42.10%,Oklahoma St. -1.2,9,27,33,Oklahoma St. 12-6
5/21/26,Louisiana,Texas St.,Neutral,51.40%,48.60%,Louisiana -0.33,8.8,39,59,Texas St. 4-3
5/21/26,Miami (FL),Boston College,Neutral,64.80%,35.20%,Miami (FL) -2.13,8.7,29,37,Miami (FL) 8-2
5/21/26,Virginia,Georgia Tech,Neutral,26.60%,73.40%,Georgia Tech -3.74,8.6,34,4,Georgia Tech 16-10
5/21/26,Iowa,Purdue,Neutral,48.50%,51.50%,Purdue -0.21,8.6,63,54,Purdue 8-1
5/21/26,Kansas St.,West Virginia,Neutral,30.40%,69.60%,West Virginia -3.11,8.5,44,6,West Virginia 4-2
5/21/26,Baylor,Kansas,Neutral,31.20%,68.80%,Kansas -2.95,8.3,60,12,Kansas 8-7
5/21/26,Michigan,Ohio St.,Neutral,54.80%,45.20%,Michigan -0.66,8.3,50,78,Michigan 3-0
5/21/26,The Citadel,Mercer,Neutral,40.70%,59.30%,Mercer -1.3,8.3,69,41,The Citadel 9-2
5/21/26,Saint Mary's (CA),Gonzaga,Neutral,51.10%,48.90%,Gonzaga -0.01,8.2,96,48,Saint Mary's (CA) 13-4
5/21/26,South Alabama,Troy,Neutral,37.10%,62.90%,Troy -1.97,8.1,66,57,Troy 11-3
5/21/26,Samford,Western Caro.,Neutral,47.80%,52.20%,Western Caro. -0.19,7.9,89,84,Samford 9-5
5/21/26,Missouri St.,Kennesaw St.,Neutral,64.00%,36.00%,Missouri St. -1.97,7.9,35,88,Missouri St. 6-4
5/21/26,UC San Diego,Cal Poly,Neutral,35.10%,64.90%,Cal Poly -2.2,7.8,85,52,Cal Poly 1-0
5/21/26,Sacramento St.,Tarleton St.,Neutral,51.50%,48.50%,Sacramento St. -0.03,7.7,120,58,Tarleton St. 9-0
5/21/26,Creighton,St. John's (NY),Neutral,52.80%,47.20%,Creighton -0.12,7.7,97,92,St. John's (NY) 4-2
5/21/26,Creighton,UConn,Neutral,48.60%,51.40%,UConn -0.15,7.7,97,100,Creighton 7-4
5/21/26,Xavier,UConn,Neutral,46.00%,54.00%,UConn -0.4,7.7,91,100,Xavier 5-1
5/21/26,NIU,Miami (OH),Neutral,41.60%,58.40%,Miami (OH) -1.2,7.6,99,76,NIU 6-5
5/21/26,App State,Coastal Carolina,Neutral,34.80%,65.30%,Coastal Carolina -2.18,7.5,106,40,Coastal Carolina 8-2
5/21/26,Utah Tech,California Baptist,Neutral,34.10%,65.90%,California Baptist -2.35,7.5,105,42,California Baptist 10-7
5/21/26,Wichita St.,Rice,Neutral,40.70%,59.30%,Rice -1.4,7.4,114,65,Rice 5-4
5/21/26,Cal St. Fullerton,UC Santa Barbara,Neutral,35.70%,64.30%,UC Santa Barbara -2.28,7.4,119,32,UC Santa Barbara 7-4
5/21/26,Wofford,Mercer,Neutral,35.40%,64.60%,Mercer -2.3,7.3,122,41,Mercer 9-8
5/21/26,UNCW,Campbell,Neutral,39.10%,60.90%,Campbell -1.76,7.2,131,53,Campbell 3-1
5/21/26,USC Upstate,Winthrop,Neutral,53.60%,46.40%,USC Upstate -0.78,7.1,108,129,USC Upstate 18-6
5/21/26,Southeast Mo. St.,Eastern Ill.,Neutral,62.10%,37.90%,Southeast Mo. St. -1.67,7,75,133,Eastern Ill. 3-2
5/21/26,McNeese,Lamar University,Neutral,43.60%,56.40%,Lamar University -0.95,7,139,95,Lamar University 9-3
5/21/26,UNLV,Air Force,Neutral,49.80%,50.20%,Air Force -0.09,7,136,121,Air Force 17-2
5/21/26,Little Rock,SIUE,Neutral,52.60%,47.40%,Little Rock -0.48,6.9,113,140,SIUE 4-3
5/21/26,Abilene Christian,Utah Tech,Neutral,50.50%,49.50%,Utah Tech -0.12,6.9,151,105,Utah Tech 6-5
5/21/26,Georgia St.,South Alabama,Neutral,36.80%,63.20%,South Alabama -1.92,6.9,143,66,South Alabama 7-4
5/21/26,Memphis,UAB,Neutral,33.10%,66.90%,UAB -2.25,6.8,134,68,Memphis 7-3
5/21/26,Liberty,Sam Houston,Neutral,76.70%,23.30%,Liberty -4.22,6.6,31,146,Liberty 10-4
5/21/26,New Mexico,Nevada,Neutral,53.20%,46.80%,New Mexico -0.49,6.5,155,135,New Mexico 13-4
5/21/26,Murray St.,Indiana St.,Neutral,49.30%,50.70%,Indiana St. -0.03,6.5,159,138,Murray St. 3-2
5/21/26,Toledo,Kent St.,Neutral,34.30%,65.70%,Kent St. -2.32,6.4,170,61,Toledo 8-0
5/21/26,UNC Greensboro,Western Caro.,Neutral,34.40%,65.60%,Western Caro. -2.31,6.3,168,84,Western Caro. 4-3
5/21/26,FGCU,Lipscomb,Neutral,61.00%,39.00%,FGCU -1.47,6.2,118,165,Lipscomb 4-1
5/21/26,Central Ark.,FGCU,Neutral,35.50%,64.50%,FGCU -2.07,6.1,161,118,FGCU 4-3
5/21/26,Jacksonville St.,Middle Tenn.,Neutral,80.80%,19.20%,Jacksonville St. -5.13,6,22,179,Jacksonville St. 9-3
5/21/26,North Ala.,North Florida,Neutral,43.20%,56.80%,North Florida -0.92,6,176,149,North Ala. 11-4
5/21/26,Lindenwood,Little Rock,Neutral,41.00%,59.00%,Little Rock -1.57,5.9,195,113,Little Rock 4-3
5/21/26,Rhode Island,Saint Joseph's,Neutral,44.80%,55.20%,Saint Joseph's -0.77,5.8,214,107,Rhode Island 17-9
5/21/26,Longwood,Radford,Neutral,54.90%,45.10%,Longwood -0.73,5.8,156,187,Longwood 17-7
5/21/26,San Francisco,Pacific,Neutral,50.50%,49.50%,San Francisco -0.19,5.7,175,193,Pacific 8-4
5/21/26,Hofstra,Northeastern,Neutral,24.70%,75.30%,Northeastern -3.91,5.6,178,102,Hofstra 6-0
5/21/26,Omaha,Oral Roberts,Neutral,31.20%,68.80%,Oral Roberts -2.69,5.6,189,116,Oral Roberts 9-0
5/21/26,Southern Ind.,Southeast Mo. St.,Neutral,28.70%,71.30%,Southeast Mo. St. -3.23,5.6,204,75,Southern Ind. 5-3
5/21/26,Col. of Charleston,Monmouth,Neutral,67.30%,32.70%,Col. of Charleston -2.39,5.6,152,167,Monmouth 7-2
5/21/26,Ball St.,Western Mich.,Neutral,45.80%,54.20%,Western Mich. -0.76,5.4,212,162,Western Mich. 8-6
5/21/26,Illinois St.,Evansville,Neutral,64.70%,35.30%,Illinois St. -2.07,5.3,145,200,Evansville 6-3
5/21/26,Southern Ill.,UIC,Neutral,50.20%,49.80%,UIC -0.07,5.3,218,190,UIC 11-1
5/21/26,Northern Ky.,Milwaukee,Neutral,45.60%,54.40%,Milwaukee -0.94,5.1,227,180,Milwaukee 14-2
5/21/26,Maine,UMBC,Neutral,53.40%,46.60%,Maine -0.55,4.9,216,221,Maine 5-4
5/21/26,George Mason,Davidson,Neutral,60.20%,39.80%,George Mason -1.58,4.9,181,220,George Mason 9-1
5/21/26,Evansville,Southern Ill.,Neutral,41.60%,58.40%,Southern Ill. -1.25,4.9,200,218,Southern Ill. 3-2
5/21/26,Fairfield,Niagara,Neutral,63.10%,36.90%,Fairfield -1.87,4.4,213,230,Fairfield 4-3
5/21/26,Florida A&M,Southern U.,Neutral,59.20%,40.80%,Florida A&M -1.26,4.4,225,232,Florida A&M 15-6
5/21/26,UMass Lowell,Binghamton,Neutral,34.80%,65.30%,Binghamton -2.38,4.4,253,163,Binghamton 3-0
5/21/26,UMass Lowell,UMBC,Neutral,44.40%,55.60%,UMBC -0.87,4.3,253,221,UMBC 9-0
5/21/26,Marist,Merrimack,Neutral,50.30%,49.70%,Marist -0.15,4.3,242,257,Marist 13-8
5/21/26,South Dakota St.,Northern Colo.,Neutral,60.40%,39.60%,South Dakota St. -1.43,4.2,209,256,South Dakota St. 2-1
5/21/26,Merrimack,Rider,Neutral,34.90%,65.10%,Rider -2.26,4.2,257,184,Rider 8-2
5/21/26,Wagner,FDU,Neutral,44.70%,55.30%,FDU -0.74,4.2,247,240,FDU 7-5
5/21/26,Oakland,Wright St.,Neutral,18.90%,81.10%,Wright St. -5.03,3.6,271,153,Wright St. 7-5
5/21/26,Oakland,Northern Ky.,Neutral,31.40%,68.60%,Northern Ky. -2.73,3.5,271,227,Oakland 5-3
5/21/26,Le Moyne,LIU,Neutral,36.40%,63.60%,LIU -2.05,3.5,275,239,LIU 11-5
5/21/26,Grambling,Bethune-Cookman,Neutral,21.60%,78.50%,Bethune-Cookman -4.42,3.5,273,171,Bethune-Cookman 7-6
5/21/26,Jackson St.,Texas Southern,Neutral,56.10%,43.90%,Jackson St. -0.88,3.3,283,285,Texas Southern 8-7
5/20/26,Tennessee,Arkansas,Neutral,49.00%,51.00%,Arkansas -0.33,9.5,26,17,Arkansas 8-4
5/20/26,Vanderbilt,Florida,Neutral,41.00%,59.00%,Florida -1.4,9,38,14,Florida 8-3
5/20/26,Louisiana,Coastal Carolina,Neutral,44.40%,55.60%,Coastal Carolina -0.52,8.9,39,40,Louisiana 12-11
5/20/26,Kansas St.,TCU,Neutral,45.30%,54.70%,TCU -0.84,8.9,44,30,Kansas St. 9-4
5/20/26,Pittsburgh,Wake Forest,Neutral,37.40%,62.60%,Wake Forest -1.78,8.8,36,25,Pittsburgh 7-4
5/20/26,LSU,Auburn,Neutral,36.80%,63.20%,Auburn -2.04,8.8,45,8,Auburn 3-1
5/20/26,Notre Dame,Virginia Tech,Neutral,54.80%,45.20%,Notre Dame -0.65,8.7,47,49,Virginia Tech 17-10
5/20/26,BYU,Baylor,Neutral,44.80%,55.20%,Baylor -0.69,8.4,62,60,Baylor 13-9
5/20/26,Stanford,Miami (FL),Neutral,33.60%,66.40%,Miami (FL) -2.3,8.2,64,29,Miami (FL) 11-2
5/20/26,Illinois,Purdue,Neutral,44.50%,55.50%,Purdue -0.9,8,94,54,Purdue 3-1
5/20/26,Duke,Virginia,Neutral,32.40%,67.60%,Virginia -2.47,7.8,82,34,Virginia 6-4
5/20/26,Texas St.,App State,Neutral,58.60%,41.40%,Texas St. -1.33,7.6,59,106,Texas St. 6-5
5/20/26,Kennesaw St.,DBU,Neutral,34.40%,65.60%,DBU -2.18,7.5,88,71,DBU 6-0
5/20/26,Washington,Michigan,Neutral,43.70%,56.30%,Michigan -0.97,7.5,128,50,Washington 7-1
5/20/26,Michigan St.,Iowa,Neutral,39.60%,60.40%,Iowa -1.45,7.5,109,63,Michigan St. 4-3
5/20/26,Missouri,Mississippi St.,Neutral,18.00%,82.00%,Mississippi St. -5.33,7.4,87,10,Mississippi St. 12-2
5/20/26,The Citadel,Wofford,Neutral,55.60%,44.40%,The Citadel -1.02,7.4,69,122,The Citadel 13-7
5/20/26,Wichita St.,Fla. Atlantic,Neutral,47.90%,52.10%,Fla. Atlantic -0.27,7.3,114,115,Wichita St. 3-2
5/20/26,Cal St. Fullerton,Hawaii,Neutral,47.00%,53.00%,Hawaii -0.48,7.2,119,112,Cal St. Fullerton 5-1
5/20/26,Rutgers,Ohio St.,Neutral,41.40%,58.60%,Ohio St. -1.32,7.2,124,78,Ohio St. 3-2
5/20/26,Sam Houston,Louisiana Tech,Neutral,37.00%,63.00%,Louisiana Tech -1.92,6.7,146,81,Sam Houston 14-13
5/20/26,Charlotte,Memphis,Neutral,66.50%,33.50%,Charlotte -2.22,6.6,98,134,Memphis 13-9
5/20/26,Illinois St.,Murray St.,Neutral,51.30%,48.70%,Illinois St. -0.08,6.5,145,159,Murray St. 6-4
5/20/26,Georgia St.,Southern Miss.,Neutral,19.10%,80.90%,Southern Miss. -4.98,6.5,143,21,Southern Miss. 7-6
5/20/26,Abilene Christian,Sacramento St.,Neutral,42.90%,57.10%,Sacramento St. -1.23,6.5,151,120,Sacramento St. 9-4
5/20/26,Western Mich.,NIU,Neutral,39.80%,60.30%,NIU -1.5,6.4,162,99,NIU 11-0
5/20/26,Longwood,USC Upstate,Neutral,37.70%,62.30%,USC Upstate -1.8,6.4,156,108,USC Upstate 11-8
5/20/26,UT Arlington,Utah Tech,Neutral,40.70%,59.30%,Utah Tech -1.44,6.3,172,105,Utah Tech 4-0
5/20/26,UNC Greensboro,Samford,Neutral,36.40%,63.60%,Samford -2.11,6.3,168,89,Samford 13-1
5/20/26,Jacksonville,North Ala.,Neutral,54.50%,45.50%,Jacksonville -0.7,6.2,132,176,North Ala. 5-0
5/20/26,Lindenwood,Southeast Mo. St.,Neutral,35.20%,64.80%,Southeast Mo. St. -2.25,6,195,75,Southeast Mo. St. 2-1
5/20/26,UNC Greensboro,ETSU,Neutral,34.20%,65.80%,ETSU -2.13,5.9,168,123,UNC Greensboro 6-5
5/20/26,UT Arlington,Abilene Christian,Neutral,40.20%,59.80%,Abilene Christian -1.33,5.9,172,151,Abilene Christian 5-3
5/20/26,Santa Clara,San Francisco,Neutral,61.30%,38.70%,Santa Clara -1.56,5.8,147,175,San Francisco 10-4
5/20/26,VMI,The Citadel,Neutral,29.10%,70.90%,The Citadel -3.4,5.8,196,69,The Citadel 21-11
5/20/26,Middle Tenn.,Western Ky.,Neutral,29.30%,70.70%,Western Ky. -3.01,5.7,179,110,Western Ky. 8-2
5/20/26,UNCW,Monmouth,Neutral,73.50%,26.50%,UNCW -3.28,5.6,131,167,UNCW 5-0
5/20/26,Hofstra,Col. of Charleston,Neutral,36.40%,63.60%,Col. of Charleston -1.92,5.6,178,152,Hofstra 13-0
5/20/26,Radford,Charleston So.,Neutral,38.20%,61.80%,Charleston So. -1.61,5.6,187,154,Charleston So. 8-5
5/20/26,Southern Ind.,Little Rock,Neutral,34.00%,66.00%,Little Rock -2.54,5.5,204,113,Little Rock 7-3
5/20/26,Saint Mary's (CA),Pepperdine,Neutral,72.80%,27.20%,Saint Mary's (CA) -3.48,5.4,96,198,Saint Mary's (CA) 9-2
5/20/26,Rhode Island,George Mason,Neutral,45.90%,54.10%,George Mason -0.59,5.2,214,181,Rhode Island 19-8
5/20/26,Davidson,VCU,Neutral,32.30%,67.70%,VCU -2.77,5.1,220,117,VCU 7-4
5/20/26,South Dakota St.,Oral Roberts,Neutral,27.80%,72.20%,Oral Roberts -3.27,5.1,209,116,South Dakota St. 7-3
5/20/26,Ball St.,Toledo,Neutral,38.60%,61.40%,Toledo -1.78,5.1,212,170,Toledo 8-2
5/20/26,Evansville,Southern Ill.,Neutral,41.60%,58.40%,Southern Ill. -1.25,4.9,200,218,Southern Ill. 8-4
5/20/26,Holy Cross,Bucknell,Neutral,53.60%,46.40%,Holy Cross -0.43,4.4,249,223,Holy Cross 14-11
5/20/26,Northern Colo.,Omaha,Neutral,35.80%,64.20%,Omaha -2.02,4.2,256,189,Northern Colo. 5-3
5/20/26,Marist,Fairfield,Neutral,36.40%,63.60%,Fairfield -1.93,4.2,242,213,Fairfield 6-3
5/20/26,Ark.-Pine Bluff,Bethune-Cookman,Neutral,29.20%,70.80%,Bethune-Cookman -3.1,3.9,266,171,Ark.-Pine Bluff 6-4
5/20/26,UMass Lowell,Bryant,Neutral,33.20%,66.80%,Bryant -2.34,3.9,253,217,UMass Lowell 7-5
5/20/26,Jackson St.,Southern U.,Neutral,45.40%,54.60%,Southern U. -0.88,3.8,283,232,Southern U. 4-3
5/20/26,Marist,Canisius,Neutral,55.30%,44.70%,Marist -0.86,3.8,242,274,Marist 10-8
5/20/26,Canisius,Merrimack,Neutral,45.00%,55.00%,Merrimack -0.71,3.7,274,257,Merrimack 7-0
5/20/26,Oakland,Youngstown St.,Neutral,46.90%,53.10%,Youngstown St. -0.62,3.7,271,270,Oakland 10-2
5/20/26,Grambling,Alabama St.,Neutral,27.10%,72.90%,Alabama St. -3.51,3.5,273,194,Alabama St. 10-0
5/20/26,Texas Southern,Florida A&M,Neutral,30.90%,69.10%,Florida A&M -2.98,3.3,285,225,Florida A&M 8-6
5/20/26,UAlbany,Maine,Neutral,27.10%,72.90%,Maine -3.5,3.1,288,216,Maine 11-5
5/19/26,Kentucky,Vanderbilt,Neutral,43.50%,56.50%,Vanderbilt -0.83,9,28,38,Vanderbilt 8-5
5/19/26,LSU,Oklahoma,Neutral,39.90%,60.10%,Oklahoma -1.64,8.9,45,13,LSU 6-2
5/19/26,Pittsburgh,Louisville,Neutral,48.10%,51.90%,Louisville -0.16,8.7,36,67,Pittsburgh 16-8
5/19/26,Clemson,Notre Dame,Neutral,52.20%,47.80%,Clemson -0.14,8.7,55,47,Notre Dame 5-4
5/19/26,California,Stanford,Neutral,53.00%,47.00%,California -0.36,8.5,56,64,Stanford 11-4
5/19/26,Texas Tech,BYU,Neutral,49.50%,50.50%,BYU -0.12,8.3,80,62,BYU 18-8
5/19/26,Kansas St.,Utah,Neutral,63.90%,36.10%,Kansas St. -1.92,8.1,44,70,Kansas St. 9-5
5/19/26,Illinois,Iowa,Neutral,46.00%,54.00%,Iowa -0.7,8,94,63,Iowa 10-6
5/19/26,Duke,NC State,Neutral,35.30%,64.70%,NC State -2.08,7.8,82,51,Duke 21-12
5/19/26,Michigan St.,Purdue,Neutral,38.20%,61.80%,Purdue -1.65,7.5,109,54,Michigan St. 8-4
5/19/26,Washington,Ohio St.,Neutral,48.50%,51.50%,Ohio St. -0.31,7.5,128,78,Washington 8-6
5/19/26,Missouri,Ole Miss,Neutral,19.70%,80.30%,Ole Miss -5.0,7.4,87,11,Missouri 10-8
5/19/26,South Carolina,Tennessee,Neutral,25.10%,74.90%,Tennessee -3.96,7.3,104,26,Tennessee 11-6
5/19/26,Rutgers,Michigan,Neutral,36.80%,63.20%,Michigan -1.97,7.3,124,50,Michigan 10-0
5/19/26,Georgia St.,Old Dominion,Neutral,46.90%,53.10%,Old Dominion -0.51,6.8,143,125,Georgia St. 17-1
5/19/26,Marshall,Louisiana,Neutral,34.40%,65.60%,Louisiana -2.59,6.5,174,39,Louisiana 11-1
5/19/26,Stetson,Central Ark.,Neutral,54.20%,45.80%,Stetson -0.55,5.9,183,161,Central Ark. 6-4
5/19/26,Austin Peay,Jacksonville,Neutral,48.00%,52.00%,Jacksonville -0.66,5.9,201,132,Jacksonville 7-1
5/19/26,Southern Ind.,Morehead St.,Neutral,47.90%,52.10%,Morehead St. -0.49,5.7,204,158,Southern Ind. 6-2
5/19/26,UT Martin,Lindenwood,Neutral,39.00%,61.00%,Lindenwood -1.49,4.6,231,195,Lindenwood 7-4
5/19/26,Holy Cross,Bucknell,Neutral,53.60%,46.40%,Holy Cross -0.43,4.4,249,223,Bucknell 9-5
5/18/26,Holy Cross,Bucknell,Neutral,53.60%,46.40%,Holy Cross -0.43,4.4,249,223,Holy Cross 11-2
5/17/26,McNeese,Southeastern La.,Neutral,43.70%,56.30%,Southeastern La. -0.95,7,139,86,McNeese 8-5
5/17/26,Lamar University,SFA,Neutral,68.10%,31.90%,Lamar University -2.7,6,95,173,Lamar University 11-0
5/17/26,Brown,Yale,Neutral,33.10%,66.90%,Yale -2.46,5,208,164,Yale 7-5
5/17/26,Columbia,Brown,Neutral,52.60%,47.40%,Columbia -0.35,4.9,226,208,Brown 4-2
5/17/26,Eastern Ky.,Bellarmine,Home,44.40%,55.60%,Bellarmine -0.55,3.9,258,260,Eastern Ky. 9-4
5/16/26,Ole Miss,Alabama,Home,49.30%,50.70%,Alabama -0.09,9.8,11,9,Alabama 6-2
5/16/26,Georgia,Auburn,Home,56.80%,43.30%,Georgia -1.24,9.6,2,8,Auburn 14-4
5/16/26,Mississippi St.,Texas A&M,Away,44.10%,55.90%,Texas A&M -0.69,9.6,10,7,Texas A&M 7-6
5/16/26,Southern California,Oregon,Home,44.50%,55.50%,Oregon -0.71,9.4,15,20,Oregon 6-5
5/16/26,Arkansas,Kentucky,Away,53.90%,46.10%,Arkansas -0.82,9.3,17,28,Arkansas 16-12
5/16/26,Tennessee,Oklahoma,Home,40.40%,59.60%,Oklahoma -1.41,9.2,26,13,Oklahoma 12-9
5/16/26,Coastal Carolina,Louisiana,Away,49.30%,50.70%,Louisiana -0.28,9.1,40,39,Louisiana 3-2
5/16/26,Miami (FL),Florida St.,Home,39.10%,60.90%,Florida St. -1.46,9,29,19,Miami (FL) 7-4
5/16/26,Florida,LSU,Away,56.80%,43.20%,Florida -1.18,9,14,45,Florida 15-11
5/16/26,Notre Dame,Pittsburgh,Away,47.00%,53.00%,Pittsburgh -0.32,8.9,47,36,Notre Dame 21-10
5/16/26,Kansas St.,UCF,Away,41.80%,58.20%,UCF -1.12,8.8,44,33,UCF 6-5
5/16/26,Virginia,Louisville,Home,50.30%,49.70%,Virginia -0.09,8.8,34,67,Louisville 10-5
5/16/26,Clemson,Virginia Tech,Away,50.60%,49.40%,Virginia Tech -0.01,8.8,55,49,Clemson 10-8
5/16/26,TCU,West Virginia,Away,29.00%,71.00%,West Virginia -3.12,8.7,30,6,West Virginia 6-4
5/16/26,Purdue,Iowa,Neutral,51.50%,48.50%,Purdue -0.21,8.6,54,63,Iowa 15-9
5/16/26,Jacksonville St.,DBU,Home,54.50%,45.50%,Jacksonville St. -0.88,8.6,22,71,Jacksonville St. 13-4
5/16/26,Nebraska,Minnesota,Home,55.20%,44.80%,Nebraska -1.08,8.6,16,72,Nebraska 14-11
5/16/26,North Carolina,NC State,Home,65.50%,34.50%,North Carolina -2.53,8.6,5,51,NC State 7-2
5/16/26,Baylor,Utah,Away,53.40%,46.60%,Baylor -0.53,8.4,60,70,Baylor 11-10
5/16/26,Stanford,California,Home,40.70%,59.30%,California -1.16,8.3,64,56,California 2-1
5/16/26,Kansas,BYU,Home,67.70%,32.30%,Kansas -2.83,8.3,12,62,BYU 5-4
5/16/26,Georgia Tech,Boston College,Home,78.60%,21.40%,Georgia Tech -4.65,8.3,4,37,Georgia Tech 15-2
5/16/26,Missouri St.,Kennesaw St.,Home,57.90%,42.10%,Missouri St. -1.17,8.1,35,88,Kennesaw St. 12-6
5/16/26,Arkansas St.,South Alabama,Away,45.50%,54.50%,South Alabama -0.78,8.1,83,66,South Alabama 6-2
5/16/26,Ohio St.,Michigan,Home,39.00%,61.00%,Michigan -1.46,8,78,50,Ohio St. 8-1
5/16/26,Wake Forest,Duke,Home,65.70%,34.30%,Wake Forest -2.38,8,25,82,Duke 7-3
5/16/26,Arizona St.,Houston,Away,64.60%,35.40%,Arizona St. -2.24,7.9,23,90,Arizona St. 8-3
5/16/26,UAB,UTSA,Away,29.40%,70.60%,UTSA -2.97,7.8,68,46,UAB 23-11
5/16/26,Creighton,Xavier,Away,46.30%,53.80%,Xavier -0.55,7.7,97,91,Xavier 5-3
5/16/26,Southeast Mo. St.,Little Rock,Home,49.80%,50.20%,Little Rock -0.14,7.7,75,113,Southeast Mo. St. 10-5
5/16/26,Illinois,Indiana,Away,48.10%,51.90%,Indiana -0.22,7.7,94,103,Indiana 11-2
5/16/26,Mercer,ETSU,Home,54.00%,46.00%,Mercer -0.95,7.7,41,123,Mercer 11-6
5/16/26,Campbell,UNCW,Away,54.60%,45.40%,Campbell -0.96,7.5,53,131,Campbell 12-4
5/16/26,East Carolina,Fla. Atlantic,Away,62.90%,37.10%,East Carolina -2.06,7.5,43,115,East Carolina 13-2
5/16/26,Tarleton St.,Sacramento St.,Home,42.10%,57.90%,Sacramento St. -0.83,7.5,58,120,Sacramento St. 8-4
5/16/26,Cal St. Fullerton,UC San Diego,Away,45.20%,54.80%,UC San Diego -0.78,7.4,119,85,Cal St. Fullerton 10-5
5/16/26,San Diego St.,UNLV,Away,48.60%,51.40%,San Diego St. -0.04,7.4,73,136,UNLV 9-7
5/16/26,Wofford,Samford,Home,41.40%,58.60%,Samford -1.34,7.2,122,89,Samford 13-3
5/16/26,Missouri,Texas,Away,11.90%,88.10%,Texas -6.94,7.2,87,3,Texas 12-7
5/16/26,South Carolina,Vanderbilt,Away,22.50%,77.50%,Vanderbilt -4.33,7.1,104,38,Vanderbilt 5-3
5/16/26,FGCU,Jacksonville,Away,51.40%,48.60%,FGCU -0.18,7.1,118,132,Jacksonville 2-1
5/16/26,Wichita St.,South Fla.,Home,32.90%,67.10%,South Fla. -2.29,7.1,114,74,Wichita St. 8-5
5/16/26,Southeastern La.,McNeese,Neutral,56.30%,43.70%,Southeastern La. -0.95,7,86,139,Southeastern La. 13-12
5/16/26,Arizona,Oklahoma St.,Away,26.10%,73.90%,Oklahoma St. -3.66,6.9,130,27,Oklahoma St. 7-5
5/16/26,Air Force,Oregon St.,Away,18.80%,81.20%,Oregon St. -5.12,6.9,121,18,Oregon St. 8-1
5/16/26,UCLA,Washington,Away,81.20%,18.80%,UCLA -5.26,6.9,1,128,UCLA 6-1
5/16/26,Rutgers,Northwestern,Home,47.00%,53.00%,Northwestern -0.28,6.8,124,141,Rutgers 15-9
5/16/26,App State,Georgia St.,Away,55.40%,44.60%,App State -0.7,6.8,106,143,Georgia St. 3-2
5/16/26,Tulane,Rice,Home,32.80%,67.30%,Rice -2.54,6.8,137,65,Rice 6-5
5/16/26,Abilene Christian,Utah Tech,Away,44.10%,55.90%,Utah Tech -0.92,6.7,151,105,Utah Tech 19-8
5/16/26,NIU,Western Mich.,Away,54.00%,46.00%,NIU -0.7,6.7,99,162,Western Mich. 7-6
5/16/26,Troy,ULM,Away,68.10%,31.90%,Troy -2.96,6.6,57,150,Troy 13-3
5/16/26,Illinois St.,Michigan St.,Away,39.40%,60.60%,Michigan St. -1.66,6.6,145,109,Michigan St. 18-8
5/16/26,Kent St.,Toledo,Away,59.70%,40.30%,Kent St. -1.52,6.6,61,170,Toledo 9-6
5/16/26,Lamar University,Northwestern St.,Neutral,61.40%,38.60%,Lamar University -1.85,6.5,95,157,Lamar University 8-0
5/16/26,Sam Houston,Louisiana Tech,Home,31.30%,68.70%,Louisiana Tech -2.72,6.5,146,81,Sam Houston 6-0
5/16/26,Grand Canyon,Nevada,Away,41.90%,58.10%,Nevada -0.86,6.4,148,135,Grand Canyon 9-3
5/16/26,Memphis,Charlotte,Home,28.10%,71.90%,Charlotte -3.02,6.4,134,98,Charlotte 8-7
5/16/26,Houston Christian,Southeastern La.,Neutral,35.30%,64.70%,Southeastern La. -2.18,6.3,169,86,Southeastern La. 8-4
5/16/26,Marshall,Texas St.,Away,30.00%,70.00%,Texas St. -3.11,6.2,174,59,Texas St. 5-4
5/16/26,Liberty,Middle Tenn.,Away,73.40%,26.60%,Liberty -3.75,6.2,31,179,Liberty 8-7
5/16/26,Lipscomb,Central Ark.,Home,47.40%,52.60%,Central Ark. -0.2,6.2,165,161,Lipscomb 7-4
5/16/26,Longwood,Winthrop,Away,35.10%,64.90%,Winthrop -1.81,6.1,156,129,Winthrop 11-5
5/16/26,Saint Joseph's,Rhode Island,Home,48.80%,51.20%,Rhode Island -0.03,6,107,214,Saint Joseph's 14-12
5/16/26,The Citadel,VMI,Away,65.30%,34.70%,The Citadel -2.6,6,69,196,The Citadel 12-7
5/16/26,Lamar University,SFA,Neutral,68.10%,31.90%,Lamar University -2.7,6,95,173,Lamar University 4-2
5/16/26,UNC Greensboro,Western Caro.,Away,28.90%,71.10%,Western Caro. -3.11,6,168,84,Western Caro. 7-2
5/16/26,James Madison,Old Dominion,Away,34.40%,65.60%,Old Dominion -2.38,5.7,182,125,James Madison 7-3
5/16/26,Pacific,Portland,Away,38.40%,61.60%,Portland -1.58,5.7,193,127,Portland 9-5
5/16/26,Penn St.,Maryland,Home,31.70%,68.30%,Maryland -2.59,5.7,192,101,Maryland 6-4
5/16/26,San Francisco,Saint Mary's (CA),Home,24.10%,75.90%,Saint Mary's (CA) -3.85,5.6,175,96,Saint Mary's (CA) 6-4
5/16/26,Austin Peay,North Ala.,Away,46.10%,53.90%,North Ala. -0.78,5.5,201,176,North Ala. 8-4
5/16/26,CSU Bakersfield,UC Irvine,Away,25.10%,74.90%,UC Irvine -3.74,5.5,191,93,UC Irvine 10-7
5/16/26,Murray St.,Evansville,Home,57.40%,42.60%,Murray St. -1.18,5.5,159,200,Murray St. 12-5
5/16/26,Ga. Southern,Southern Miss.,Away,11.90%,88.10%,Southern Miss. -6.87,5.4,203,21,Southern Miss. 11-0
5/16/26,Lindenwood,Southern Ind.,Away,51.10%,48.90%,Lindenwood -0.18,5.4,195,204,Southern Ind. 14-9
5/16/26,FIU,New Mexico St.,Away,46.90%,53.10%,New Mexico St. -0.29,5.3,211,186,FIU 30-21
5/16/26,Hofstra,Stony Brook,Away,44.40%,55.60%,Stony Brook -0.63,5.3,178,207,Stony Brook 23-0
5/16/26,Radford,Charleston So.,Home,32.30%,67.70%,Charleston So. -2.41,5.3,187,154,Charleston So. 10-7
5/16/26,Long Beach St.,Cal Poly,Home,19.70%,80.30%,Cal Poly -4.98,5.3,210,52,Cal Poly 8-3
5/16/26,Pepperdine,Santa Clara,Away,30.80%,69.20%,Santa Clara -2.8,5.2,198,147,Santa Clara 3-2
5/16/26,Morehead St.,Tennessee Tech,Away,50.40%,49.60%,Morehead St. -0.46,5,158,251,Morehead St. 7-6
5/16/26,South Dakota St.,Omaha,Home,39.70%,60.30%,Omaha -1.38,5,209,189,Omaha 13-8
5/16/26,Penn,Columbia,Neutral,51.80%,48.20%,Penn -0.17,5,206,226,Columbia 6-3
5/16/26,UT Arlington,Utah Valley,Away,52.60%,47.40%,UT Arlington -0.55,5,172,243,UT Arlington 11-10
5/16/26,Yale,Brown,Neutral,66.90%,33.10%,Yale -2.46,5,164,208,Yale 5-2
5/16/26,Davidson,VCU,Away,27.00%,73.00%,VCU -3.57,4.9,220,117,VCU 12-9
5/16/26,Seattle U,Gonzaga,Home,19.40%,80.60%,Gonzaga -5.0,4.9,237,48,Gonzaga 16-13
5/16/26,Northern Ky.,USC Upstate,Away,24.40%,75.60%,USC Upstate -4.11,4.8,227,108,USC Upstate 10-9
5/16/26,Western Ky.,Delaware,Home,76.00%,24.00%,Western Ky. -3.92,4.7,110,229,Delaware 6-3
5/16/26,Belmont,Indiana St.,Away,29.80%,70.20%,Indiana St. -2.88,4.7,233,138,Belmont 5-2
5/16/26,Binghamton,UMass Lowell,Away,59.30%,40.80%,Binghamton -1.58,4.6,163,253,Binghamton 13-12
5/16/26,Butler,St. John's (NY),Away,18.60%,81.40%,St. John's (NY) -5.21,4.6,236,92,St. John's (NY) 4-1
5/16/26,UT Martin,SIUE,Home,27.60%,72.40%,SIUE -3.39,4.6,231,140,UT Martin 0-0
5/16/26,UC Riverside,UC Santa Barbara,Away,11.50%,88.50%,UC Santa Barbara -7.04,4.6,246,32,UC Santa Barbara 5-3
5/16/26,William & Mary,Col. of Charleston,Home,23.30%,76.70%,Col. of Charleston -4.14,4.5,222,152,Col. of Charleston 12-2
5/16/26,Northeastern,Towson,Away,79.80%,20.20%,Northeastern -4.87,4.4,102,245,Towson 14-10
5/16/26,Stetson,Queens (NC),Home,60.30%,39.80%,Stetson -1.61,4.4,183,255,Queens (NC) 12-2
5/16/26,High Point,UNC Asheville,Away,79.70%,20.30%,High Point -4.77,4.4,77,259,High Point 8-5
5/16/26,Fresno St.,San Jose St.,Away,30.20%,69.80%,San Jose St. -3.08,4.4,248,142,San Jose St. 8-7
5/16/26,LIU,FDU,Home,54.20%,45.80%,LIU -0.67,4.4,239,240,FDU 22-12
5/16/26,Miami (OH),Akron,Home,80.50%,19.50%,Miami (OH) -5.08,4.3,76,265,Miami (OH) 15-8
5/16/26,Oral Roberts,Northern Colo.,Home,75.40%,24.60%,Oral Roberts -3.89,4.3,116,256,Oral Roberts 10-3
5/16/26,Eastern Ill.,Western Ill.,Away,63.30%,36.70%,Eastern Ill. -2.2,4.3,133,281,Eastern Ill. 13-9
5/16/26,Villanova,UConn,Home,16.30%,83.70%,UConn -5.51,4.3,241,100,Villanova 9-6
5/16/26,Quinnipiac,Merrimack,Home,51.00%,49.00%,Quinnipiac -0.09,4.2,252,257,Merrimack 12-6
5/16/26,Quinnipiac,Merrimack,Home,51.00%,49.00%,Quinnipiac -0.09,4.2,252,257,Merrimack 14-4
5/16/26,Central Mich.,Massachusetts,Away,47.40%,52.60%,Massachusetts -0.18,4.2,224,269,Central Mich. 14-10
5/16/26,Central Mich.,Massachusetts,Away,47.40%,52.60%,Massachusetts -0.18,4.2,224,269,Massachusetts 13-9
5/16/26,Richmond,Saint Louis,Away,66.20%,33.80%,Richmond -2.53,4.2,160,264,Richmond 26-24
5/16/26,North Dakota St.,St. Thomas (MN),Away,48.70%,51.30%,St. Thomas (MN) -0.06,4.1,244,267,North Dakota St. 10-6
5/16/26,West Ga.,North Florida,Home,24.40%,75.60%,North Florida -4.05,3.9,268,149,North Florida 5-1
5/16/26,LMU (CA),San Diego,Away,26.90%,73.10%,San Diego -3.56,3.9,254,177,San Diego 9-8
5/16/26,Dayton,George Washington,Away,63.20%,36.80%,Dayton -2.12,3.9,185,282,Dayton 6-2
5/16/26,N.C. A&T,Monmouth,Home,27.50%,72.50%,Monmouth -3.41,3.8,272,167,Monmouth 8-7
5/16/26,Seton Hall,Georgetown,Home,36.40%,63.60%,Georgetown -1.96,3.8,263,219,Georgetown 7-2
5/16/26,La Salle,George Mason,Home,20.80%,79.20%,George Mason -4.6,3.6,261,181,George Mason 8-7
5/16/26,Presbyterian,Gardner-Webb,Home,30.90%,69.10%,Gardner-Webb -2.8,3.5,278,205,Gardner-Webb 9-2
5/16/26,Ark.-Pine Bluff,Jackson St.,Away,45.60%,54.40%,Jackson St. -0.47,3.5,266,283,Jackson St. 12-6
5/16/26,Oakland,Milwaukee,Home,22.90%,77.10%,Milwaukee -4.39,3.5,271,180,Milwaukee 14-8
5/16/26,Fairfield,Sacred Heart,Away,69.10%,30.90%,Fairfield -2.95,3.4,213,284,Fairfield 3-2
5/16/26,Grambling,Bethune-Cookman,Home,17.50%,82.50%,Bethune-Cookman -5.22,3.3,273,171,Bethune-Cookman 12-1
5/16/26,Valparaiso,Southern Ill.,Home,23.90%,76.10%,Southern Ill. -4.13,3.2,276,218,Southern Ill. 13-3
5/16/26,NJIT,UMBC,Away,32.60%,67.40%,UMBC -2.55,3.2,293,221,UMBC 7-4
5/16/26,UIC,Bradley,Home,76.40%,23.60%,UIC -4.25,3.2,190,289,Bradley 6-2
5/16/26,Manhattan,Iona,Home,45.20%,54.80%,Iona -0.61,3.2,291,290,Iona 8-7
5/16/26,Fordham,St. Bonaventure,Away,67.70%,32.30%,Fordham -2.59,3.1,235,292,Fordham 12-10
5/16/26,Texas Southern,Florida A&M,Home,25.80%,74.20%,Florida A&M -3.78,3,285,225,Florida A&M 9-8
5/16/26,UAlbany,Maine,Home,22.40%,77.60%,Maine -4.3,2.9,288,216,Maine 11-6
5/16/26,Ohio,Eastern Mich.,Home,26.00%,74.00%,Eastern Mich. -3.56,2.8,294,238,Ohio 15-7
5/16/26,Le Moyne,Central Conn. St.,Home,66.30%,33.70%,Le Moyne -2.37,2.8,275,297,Le Moyne 10-8
5/16/26,Mississippi Val.,Prairie View,Away,33.30%,66.70%,Prairie View -2.35,2.5,301,300,Prairie View 14-4
5/16/26,Delaware St.,Coppin St.,Home,37.00%,63.00%,Coppin St. -1.71,2.5,306,303,Delaware St. 11-6
5/16/26,Norfolk St.,Stonehill,Away,24.00%,76.00%,Stonehill -3.74,2.3,298,286,Stonehill 9-6
5/16/26,Norfolk St.,Stonehill,Away,24.00%,76.00%,Stonehill -3.74,2.3,298,286,Norfolk St. 15-4
5/16/26,Saint Peter's,Rider,Home,4.70%,95.30%,Rider -10.2,2.2,308,184,Rider 12-5
5/16/26,Alabama St.,Alcorn,Away,94.10%,5.90%,Alabama St. -9.43,2.2,194,305,Alabama St. 14-10
5/16/26,Alabama A&M,Southern U.,Away,8.90%,91.10%,Southern U. -7.98,2,304,232,Southern U. 15-13
5/16/26,UMES,New Haven,Home,15.90%,84.10%,New Haven -5.43,1.7,307,302,New Haven 11-9
5/15/26,Ole Miss,Alabama,Home,49.30%,50.70%,Alabama -0.09,9.8,11,9,Ole Miss 9-0
5/15/26,Mississippi St.,Texas A&M,Away,44.10%,55.90%,Texas A&M -0.69,9.6,10,7,Texas A&M 11-9
5/15/26,Georgia,Auburn,Home,56.80%,43.30%,Georgia -1.24,9.6,2,8,Georgia 9-7
5/15/26,Southern California,Oregon,Home,44.50%,55.50%,Oregon -0.71,9.4,15,20,Oregon 4-3
5/15/26,Arkansas,Kentucky,Away,53.90%,46.10%,Arkansas -0.82,9.3,17,28,Arkansas 5-4
5/15/26,Tennessee,Oklahoma,Home,40.40%,59.60%,Oklahoma -1.41,9.2,26,13,Tennessee 9-4
5/15/26,Coastal Carolina,Louisiana,Away,49.30%,50.70%,Louisiana -0.28,9.1,40,39,Coastal Carolina 6-0
5/15/26,Miami (FL),Florida St.,Home,39.10%,60.90%,Florida St. -1.46,9,29,19,Florida St. 11-1
5/15/26,Florida,LSU,Away,56.80%,43.20%,Florida -1.18,9,14,45,Florida 11-1
5/15/26,Notre Dame,Pittsburgh,Away,47.00%,53.00%,Pittsburgh -0.32,8.9,47,36,Notre Dame 6-4
5/15/26,Kansas St.,UCF,Away,41.80%,58.20%,UCF -1.12,8.8,44,33,Kansas St. 5-4
5/15/26,Virginia,Louisville,Home,50.30%,49.70%,Virginia -0.09,8.8,34,67,Louisville 12-2
5/15/26,Clemson,Virginia Tech,Away,50.60%,49.40%,Virginia Tech -0.01,8.8,55,49,Virginia Tech 2-1
5/15/26,TCU,West Virginia,Away,29.00%,71.00%,West Virginia -3.12,8.7,30,6,TCU 4-0
5/15/26,Purdue,Iowa,Neutral,51.50%,48.50%,Purdue -0.21,8.6,54,63,Iowa 14-5
5/15/26,Jacksonville St.,DBU,Home,54.50%,45.50%,Jacksonville St. -0.88,8.6,22,71,DBU 10-6
5/15/26,Nebraska,Minnesota,Home,55.20%,44.80%,Nebraska -1.08,8.6,16,72,Nebraska 7-6
5/15/26,North Carolina,NC State,Home,65.50%,34.50%,North Carolina -2.53,8.6,5,51,North Carolina 17-7
5/15/26,Baylor,Utah,Away,53.40%,46.60%,Baylor -0.53,8.4,60,70,Baylor 10-3
5/15/26,Stanford,California,Home,40.70%,59.30%,California -1.16,8.3,64,56,California 4-3
5/15/26,Kansas,BYU,Home,67.70%,32.30%,Kansas -2.83,8.3,12,62,Kansas 7-6
5/15/26,Georgia Tech,Boston College,Home,78.60%,21.40%,Georgia Tech -4.65,8.3,4,37,Georgia Tech 14-1
5/15/26,Missouri St.,Kennesaw St.,Home,57.90%,42.10%,Missouri St. -1.17,8.1,35,88,Missouri St. 5-3
5/15/26,Arkansas St.,South Alabama,Away,45.50%,54.50%,South Alabama -0.78,8.1,83,66,South Alabama 7-2
5/15/26,Ohio St.,Michigan,Home,39.00%,61.00%,Michigan -1.46,8,78,50,Ohio St. 7-3
5/15/26,Wake Forest,Duke,Home,65.70%,34.30%,Wake Forest -2.38,8,25,82,Wake Forest 7-2
5/15/26,Arizona St.,Houston,Away,64.60%,35.40%,Arizona St. -2.24,7.9,23,90,Houston 5-3
5/15/26,UAB,UTSA,Away,29.40%,70.60%,UTSA -2.97,7.8,68,46,UTSA 19-9
5/15/26,Texas Tech,Cincinnati,Home,27.60%,72.40%,Cincinnati -3.3,7.8,80,24,Texas Tech 6-5
5/15/26,Texas Tech,Cincinnati,Home,27.60%,72.40%,Cincinnati -3.3,7.8,80,24,Cincinnati 8-7
5/15/26,Creighton,Xavier,Away,46.30%,53.80%,Xavier -0.55,7.7,97,91,Xavier 3-2
5/15/26,Southeast Mo. St.,Little Rock,Home,49.80%,50.20%,Little Rock -0.14,7.7,75,113,Southeast Mo. St. 12-10
5/15/26,Illinois,Indiana,Away,48.10%,51.90%,Indiana -0.22,7.7,94,103,Illinois 9-7
5/15/26,Mercer,ETSU,Home,54.00%,46.00%,Mercer -0.95,7.7,41,123,Mercer 9-7
5/15/26,California Baptist,UC Davis,Away,58.70%,41.30%,California Baptist -1.37,7.7,42,111,California Baptist 9-8
5/15/26,Campbell,UNCW,Away,54.60%,45.40%,Campbell -0.96,7.5,53,131,Campbell 6-3
5/15/26,East Carolina,Fla. Atlantic,Away,62.90%,37.10%,East Carolina -2.06,7.5,43,115,East Carolina 6-1
5/15/26,Tarleton St.,Sacramento St.,Home,42.10%,57.90%,Sacramento St. -0.83,7.5,58,120,Tarleton St. 15-4
5/15/26,Cal St. Fullerton,UC San Diego,Away,45.20%,54.80%,UC San Diego -0.78,7.4,119,85,UC San Diego 10-9
5/15/26,San Diego St.,UNLV,Away,48.60%,51.40%,San Diego St. -0.04,7.4,73,136,UNLV 3-1
5/15/26,Wofford,Samford,Home,41.40%,58.60%,Samford -1.34,7.2,122,89,Wofford 8-6
5/15/26,Missouri,Texas,Away,11.90%,88.10%,Texas -6.94,7.2,87,3,Texas 11-6
5/15/26,South Carolina,Vanderbilt,Away,22.50%,77.50%,Vanderbilt -4.33,7.1,104,38,Vanderbilt 9-5
5/15/26,UTRGV,Lamar University,Neutral,43.20%,56.80%,Lamar University -1.02,7.1,126,95,Lamar University 3-2
5/15/26,FGCU,Jacksonville,Away,51.40%,48.60%,FGCU -0.18,7.1,118,132,Jacksonville 3-2
5/15/26,Wichita St.,South Fla.,Home,32.90%,67.10%,South Fla. -2.29,7.1,114,74,South Fla. 7-6
5/15/26,Southeastern La.,McNeese,Neutral,56.30%,43.70%,Southeastern La. -0.95,7,86,139,McNeese 15-9
5/15/26,Arizona,Oklahoma St.,Away,26.10%,73.90%,Oklahoma St. -3.66,6.9,130,27,Oklahoma St. 13-1
5/15/26,Air Force,Oregon St.,Away,18.80%,81.20%,Oregon St. -5.12,6.9,121,18,Air Force 9-6
5/15/26,UCLA,Washington,Away,81.20%,18.80%,UCLA -5.26,6.9,1,128,UCLA 6-5
5/15/26,App State,Georgia St.,Away,55.40%,44.60%,App State -0.7,6.8,106,143,Georgia St. 4-2
5/15/26,Rutgers,Northwestern,Home,47.00%,53.00%,Northwestern -0.28,6.8,124,141,Northwestern 7-6
5/15/26,Tulane,Rice,Home,32.80%,67.30%,Rice -2.54,6.8,137,65,Rice 10-6
5/15/26,NIU,Western Mich.,Away,54.00%,46.00%,NIU -0.7,6.7,99,162,Western Mich. 12-2
5/15/26,Abilene Christian,Utah Tech,Away,44.10%,55.90%,Utah Tech -0.92,6.7,151,105,Utah Tech 7-4
5/15/26,Troy,ULM,Away,68.10%,31.90%,Troy -2.96,6.6,57,150,ULM 12-2
5/15/26,Illinois St.,Michigan St.,Away,39.40%,60.60%,Michigan St. -1.66,6.6,145,109,Illinois St. 6-3
5/15/26,Kent St.,Toledo,Away,59.70%,40.30%,Kent St. -1.52,6.6,61,170,Kent St. 4-3
5/15/26,Sam Houston,Louisiana Tech,Home,31.30%,68.70%,Louisiana Tech -2.72,6.5,146,81,Louisiana Tech 8-2
5/15/26,Grand Canyon,Nevada,Away,41.90%,58.10%,Nevada -0.86,6.4,148,135,Grand Canyon 12-7
5/15/26,Memphis,Charlotte,Home,28.10%,71.90%,Charlotte -3.02,6.4,134,98,Charlotte 8-2
5/15/26,CSUN,Hawaii,Away,32.30%,67.70%,Hawaii -2.52,6.3,144,112,CSUN 8-1
5/15/26,Marshall,Texas St.,Away,30.00%,70.00%,Texas St. -3.11,6.2,174,59,Texas St. 12-9
5/15/26,Liberty,Middle Tenn.,Away,73.40%,26.60%,Liberty -3.75,6.2,31,179,Liberty 10-2
5/15/26,Lipscomb,Central Ark.,Home,47.40%,52.60%,Central Ark. -0.2,6.2,165,161,Lipscomb 16-5
5/15/26,Longwood,Winthrop,Away,35.10%,64.90%,Winthrop -1.81,6.1,156,129,Winthrop 23-5
5/15/26,Saint Joseph's,Rhode Island,Home,48.80%,51.20%,Rhode Island -0.03,6,107,214,Rhode Island 4-3
5/15/26,The Citadel,VMI,Away,65.30%,34.70%,The Citadel -2.6,6,69,196,The Citadel 7-4
5/15/26,Nicholls,Houston Christian,Neutral,44.50%,55.50%,Houston Christian -0.78,6,166,169,Houston Christian 6-5
5/15/26,UNC Greensboro,Western Caro.,Away,28.90%,71.10%,Western Caro. -3.11,6,168,84,Western Caro. 4-1
5/15/26,SFA,Northwestern St.,Neutral,42.70%,57.30%,Northwestern St. -0.84,5.9,173,157,SFA 6-4
5/15/26,James Madison,Old Dominion,Away,34.40%,65.60%,Old Dominion -2.38,5.7,182,125,Old Dominion 10-0
5/15/26,Penn St.,Maryland,Home,31.70%,68.30%,Maryland -2.59,5.7,192,101,Maryland 12-2
5/15/26,Pacific,Portland,Away,38.40%,61.60%,Portland -1.58,5.7,193,127,Portland 3-2
5/15/26,San Francisco,Saint Mary's (CA),Home,24.10%,75.90%,Saint Mary's (CA) -3.85,5.6,175,96,San Francisco 10-3
5/15/26,Austin Peay,North Ala.,Away,46.10%,53.90%,North Ala. -0.78,5.5,201,176,North Ala. 6-1
5/15/26,CSU Bakersfield,UC Irvine,Away,25.10%,74.90%,UC Irvine -3.74,5.5,191,93,CSU Bakersfield 4-0
5/15/26,Murray St.,Evansville,Home,57.40%,42.60%,Murray St. -1.18,5.5,159,200,Murray St. 15-10
5/15/26,Ga. Southern,Southern Miss.,Away,11.90%,88.10%,Southern Miss. -6.87,5.4,203,21,Southern Miss. 10-1
5/15/26,Lindenwood,Southern Ind.,Away,51.10%,48.90%,Lindenwood -0.18,5.4,195,204,Lindenwood 10-2
5/15/26,FIU,New Mexico St.,Away,46.90%,53.10%,New Mexico St. -0.29,5.3,211,186,New Mexico St. 6-5
5/15/26,Hofstra,Stony Brook,Away,44.40%,55.60%,Stony Brook -0.63,5.3,178,207,Hofstra 8-1
5/15/26,Radford,Charleston So.,Home,32.30%,67.70%,Charleston So. -2.41,5.3,187,154,Radford 12-6
5/15/26,Long Beach St.,Cal Poly,Home,19.70%,80.30%,Cal Poly -4.98,5.3,210,52,Cal Poly 6-2
5/15/26,Pepperdine,Santa Clara,Away,30.80%,69.20%,Santa Clara -2.8,5.2,198,147,Santa Clara 9-2
5/15/26,Brown,Penn,Neutral,45.60%,54.40%,Penn -0.52,5.1,208,206,Brown 7-4
5/15/26,South Dakota St.,Omaha,Home,39.70%,60.30%,Omaha -1.38,5,209,189,Omaha 11-3
5/15/26,Morehead St.,Tennessee Tech,Away,50.40%,49.60%,Morehead St. -0.46,5,158,251,Morehead St. 4-3
5/15/26,UT Arlington,Utah Valley,Away,52.60%,47.40%,UT Arlington -0.55,5,172,243,Utah Valley 10-9
5/15/26,Davidson,VCU,Away,27.00%,73.00%,VCU -3.57,4.9,220,117,VCU 9-7
5/15/26,Seattle U,Gonzaga,Home,19.40%,80.60%,Gonzaga -5.0,4.9,237,48,Gonzaga 5-1
5/15/26,Northern Ky.,USC Upstate,Away,24.40%,75.60%,USC Upstate -4.11,4.8,227,108,USC Upstate 8-7
5/15/26,Columbia,Yale,Neutral,35.40%,64.60%,Yale -2.11,4.8,226,164,Yale 12-3
5/15/26,Western Ky.,Delaware,Home,76.00%,24.00%,Western Ky. -3.92,4.7,110,229,Western Ky. 3-0
5/15/26,Belmont,Indiana St.,Away,29.80%,70.20%,Indiana St. -2.88,4.7,233,138,Belmont 13-9
5/15/26,Binghamton,UMass Lowell,Away,59.30%,40.80%,Binghamton -1.58,4.6,163,253,Binghamton 8-4
5/15/26,Binghamton,UMass Lowell,Away,59.30%,40.80%,Binghamton -1.58,4.6,163,253,UMass Lowell 8-4
5/15/26,Butler,St. John's (NY),Away,18.60%,81.40%,St. John's (NY) -5.21,4.6,236,92,St. John's (NY) 7-2
5/15/26,UT Martin,SIUE,Home,27.60%,72.40%,SIUE -3.39,4.6,231,140,UT Martin 8-7
5/15/26,UC Riverside,UC Santa Barbara,Away,11.50%,88.50%,UC Santa Barbara -7.04,4.6,246,32,UC Santa Barbara 15-5
5/15/26,William & Mary,Col. of Charleston,Home,23.30%,76.70%,Col. of Charleston -4.14,4.5,222,152,Col. of Charleston 8-5
5/15/26,Northeastern,Towson,Away,79.80%,20.20%,Northeastern -4.87,4.4,102,245,Northeastern 8-7
5/15/26,Stetson,Queens (NC),Home,60.30%,39.80%,Stetson -1.61,4.4,183,255,Stetson 5-4
5/15/26,High Point,UNC Asheville,Away,79.70%,20.30%,High Point -4.77,4.4,77,259,UNC Asheville 11-0
5/15/26,Fresno St.,San Jose St.,Away,30.20%,69.80%,San Jose St. -3.08,4.4,248,142,San Jose St. 9-8
5/15/26,LIU,FDU,Home,54.20%,45.80%,LIU -0.67,4.4,239,240,LIU 12-10
5/15/26,Oral Roberts,Northern Colo.,Home,75.40%,24.60%,Oral Roberts -3.89,4.3,116,256,Oral Roberts 14-2
5/15/26,Miami (OH),Akron,Home,80.50%,19.50%,Miami (OH) -5.08,4.3,76,265,Miami (OH) 13-3
5/15/26,Eastern Ill.,Western Ill.,Away,63.30%,36.70%,Eastern Ill. -2.2,4.3,133,281,Eastern Ill. 9-8
5/15/26,Bowling Green,Ball St.,Home,37.00%,63.00%,Ball St. -1.88,4.3,234,212,Ball St. 6-5
5/15/26,Bowling Green,Ball St.,Home,37.00%,63.00%,Ball St. -1.88,4.3,234,212,Ball St. 10-2
5/15/26,Villanova,UConn,Home,16.30%,83.70%,UConn -5.51,4.3,241,100,UConn 8-0
5/15/26,Richmond,Saint Louis,Away,66.20%,33.80%,Richmond -2.53,4.2,160,264,Richmond 2-0
5/15/26,Bryant,Marist,Away,63.90%,36.10%,Bryant -1.69,4.2,217,242,Marist 3-2
5/15/26,Quinnipiac,Merrimack,Home,51.00%,49.00%,Quinnipiac -0.09,4.2,252,257,Merrimack 12-11
5/15/26,Bryant,Marist,Away,63.90%,36.10%,Bryant -1.69,4.2,217,242,Marist 9-2
5/15/26,Central Mich.,Massachusetts,Away,47.40%,52.60%,Massachusetts -0.18,4.2,224,269,Central Mich. 5-3
5/15/26,North Dakota St.,St. Thomas (MN),Away,48.70%,51.30%,St. Thomas (MN) -0.06,4.1,244,267,St. Thomas (MN) 3-2
5/15/26,Eastern Ky.,Bellarmine,Home,44.40%,55.60%,Bellarmine -0.55,3.9,258,260,Eastern Ky. 11-3
5/15/26,West Ga.,North Florida,Home,24.40%,75.60%,North Florida -4.05,3.9,268,149,North Florida 4-1
5/15/26,LMU (CA),San Diego,Away,26.90%,73.10%,San Diego -3.56,3.9,254,177,San Diego 7-3
5/15/26,Dayton,George Washington,Away,63.20%,36.80%,Dayton -2.12,3.9,185,282,Dayton 7-5
5/15/26,N.C. A&T,Monmouth,Home,27.50%,72.50%,Monmouth -3.41,3.8,272,167,N.C. A&T 10-9
5/15/26,Seton Hall,Georgetown,Home,36.40%,63.60%,Georgetown -1.96,3.8,263,219,Seton Hall 3-2
5/15/26,Mount St. Mary's,Niagara,Away,40.80%,59.30%,Niagara -1.41,3.7,280,230,Mount St. Mary's 12-5
5/15/26,La Salle,George Mason,Home,20.80%,79.20%,George Mason -4.6,3.6,261,181,George Mason 10-4
5/15/26,Presbyterian,Gardner-Webb,Home,30.90%,69.10%,Gardner-Webb -2.8,3.5,278,205,Gardner-Webb 11-6
5/15/26,Ark.-Pine Bluff,Jackson St.,Away,45.60%,54.40%,Jackson St. -0.47,3.5,266,283,Jackson St. 6-4
5/15/26,Oakland,Milwaukee,Home,22.90%,77.10%,Milwaukee -4.39,3.5,271,180,Milwaukee 8-4
5/15/26,Youngstown St.,Wright St.,Home,17.00%,83.00%,Wright St. -5.24,3.5,270,153,Youngstown St. 8-6
5/15/26,Youngstown St.,Wright St.,Home,17.00%,83.00%,Wright St. -5.24,3.5,270,153,Youngstown St. 8-2
5/15/26,Fairfield,Sacred Heart,Away,69.10%,30.90%,Fairfield -2.95,3.4,213,284,Sacred Heart 12-7
5/15/26,Fairfield,Sacred Heart,Away,69.10%,30.90%,Fairfield -2.95,3.4,213,284,Fairfield 15-6
5/15/26,Grambling,Bethune-Cookman,Home,17.50%,82.50%,Bethune-Cookman -5.22,3.3,273,171,Grambling 7-2
5/15/26,Siena,Canisius,Home,38.60%,61.40%,Canisius -1.61,3.2,279,274,Canisius 10-0
5/15/26,Valparaiso,Southern Ill.,Home,23.90%,76.10%,Southern Ill. -4.13,3.2,276,218,Valparaiso 9-4
5/15/26,NJIT,UMBC,Away,32.60%,67.40%,UMBC -2.55,3.2,293,221,UMBC 17-6
5/15/26,UIC,Bradley,Home,76.40%,23.60%,UIC -4.25,3.2,190,289,UIC 11-4
5/15/26,Manhattan,Iona,Home,45.20%,54.80%,Iona -0.61,3.2,291,290,Manhattan 6-3
5/15/26,Fordham,St. Bonaventure,Away,67.70%,32.30%,Fordham -2.59,3.1,235,292,Fordham 21-2
5/15/26,Texas Southern,Florida A&M,Home,25.80%,74.20%,Florida A&M -3.78,3,285,225,Florida A&M 13-2
5/15/26,Mercyhurst,Wagner,Away,34.40%,65.60%,Wagner -2.41,3,299,247,Wagner 5-4
5/15/26,Mercyhurst,Wagner,Away,34.40%,65.60%,Wagner -2.41,3,299,247,Wagner 8-3
5/15/26,UAlbany,Maine,Home,22.40%,77.60%,Maine -4.3,2.9,288,216,Maine 7-5
5/15/26,Ohio,Eastern Mich.,Home,26.00%,74.00%,Eastern Mich. -3.56,2.8,294,238,Eastern Mich. 9-4
5/15/26,Le Moyne,Central Conn. St.,Home,66.30%,33.70%,Le Moyne -2.37,2.8,275,297,Le Moyne 16-5
5/15/26,Le Moyne,Central Conn. St.,Home,66.30%,33.70%,Le Moyne -2.37,2.8,275,297,Le Moyne 3-2
5/15/26,Delaware St.,Coppin St.,Home,37.00%,63.00%,Coppin St. -1.71,2.5,306,303,Delaware St. 16-3
5/15/26,Mississippi Val.,Prairie View,Away,33.30%,66.70%,Prairie View -2.35,2.5,301,300,Prairie View 5-3
5/15/26,Norfolk St.,Stonehill,Away,24.00%,76.00%,Stonehill -3.74,2.3,298,286,Stonehill 3-2
5/15/26,Saint Peter's,Rider,Home,4.70%,95.30%,Rider -10.2,2.2,308,184,Rider 4-3
5/15/26,Alabama St.,Alcorn,Away,94.10%,5.90%,Alabama St. -9.43,2.2,194,305,Alabama St. 6-2
5/15/26,Alabama A&M,Southern U.,Away,8.90%,91.10%,Southern U. -7.98,2,304,232,Southern U. 13-7
5/15/26,UMES,New Haven,Home,15.90%,84.10%,New Haven -5.43,1.7,307,302,UMES 5-1
5/15/26,UMES,New Haven,Home,15.90%,84.10%,New Haven -5.43,1.7,307,302,New Haven 5-4
5/14/26,Ole Miss,Alabama,Home,49.30%,50.70%,Alabama -0.09,9.8,11,9,Alabama 5-4
5/14/26,Mississippi St.,Texas A&M,Away,44.10%,55.90%,Texas A&M -0.69,9.6,10,7,Mississippi St. 18-11
5/14/26,Georgia,Auburn,Home,56.80%,43.30%,Georgia -1.24,9.6,2,8,Georgia 2-1
5/14/26,Southern California,Oregon,Home,44.50%,55.50%,Oregon -0.71,9.4,15,20,Southern California 2-1
5/14/26,Arkansas,Kentucky,Away,53.90%,46.10%,Arkansas -0.82,9.3,17,28,Kentucky 4-3
5/14/26,Tennessee,Oklahoma,Home,40.40%,59.60%,Oklahoma -1.41,9.2,26,13,Tennessee 9-7
5/14/26,Coastal Carolina,Louisiana,Away,49.30%,50.70%,Louisiana -0.28,9.1,40,39,Louisiana 7-2
5/14/26,Miami (FL),Florida St.,Home,39.10%,60.90%,Florida St. -1.46,9,29,19,Florida St. 7-6
5/14/26,Florida,LSU,Away,56.80%,43.20%,Florida -1.18,9,14,45,Florida 11-8
5/14/26,Notre Dame,Pittsburgh,Away,47.00%,53.00%,Pittsburgh -0.32,8.9,47,36,Pittsburgh 6-3
5/14/26,Kansas St.,UCF,Away,41.80%,58.20%,UCF -1.12,8.8,44,33,UCF 10-6
5/14/26,Virginia,Louisville,Home,50.30%,49.70%,Virginia -0.09,8.8,34,67,Virginia 8-3
5/14/26,Clemson,Virginia Tech,Away,50.60%,49.40%,Virginia Tech -0.01,8.8,55,49,Virginia Tech 5-1
5/14/26,TCU,West Virginia,Away,29.00%,71.00%,West Virginia -3.12,8.7,30,6,West Virginia 2-0
5/14/26,Purdue,Iowa,Neutral,51.50%,48.50%,Purdue -0.21,8.6,54,63,Iowa 10-7
5/14/26,Jacksonville St.,DBU,Home,54.50%,45.50%,Jacksonville St. -0.88,8.6,22,71,DBU 13-3
5/14/26,Nebraska,Minnesota,Home,55.20%,44.80%,Nebraska -1.08,8.6,16,72,Nebraska 12-7
5/14/26,North Carolina,NC State,Home,65.50%,34.50%,North Carolina -2.53,8.6,5,51,North Carolina 9-4
5/14/26,Baylor,Utah,Away,53.40%,46.60%,Baylor -0.53,8.4,60,70,Utah 8-7
5/14/26,Stanford,California,Home,40.70%,59.30%,California -1.16,8.3,64,56,Stanford 7-6
5/14/26,Kansas,BYU,Home,67.70%,32.30%,Kansas -2.83,8.3,12,62,Kansas 9-6
5/14/26,Georgia Tech,Boston College,Home,78.60%,21.40%,Georgia Tech -4.65,8.3,4,37,Georgia Tech 9-0
5/14/26,Missouri St.,Kennesaw St.,Home,57.90%,42.10%,Missouri St. -1.17,8.1,35,88,Missouri St. 5-3
5/14/26,Arkansas St.,South Alabama,Away,45.50%,54.50%,South Alabama -0.78,8.1,83,66,Arkansas St. 10-0
5/14/26,Ohio St.,Michigan,Home,39.00%,61.00%,Michigan -1.46,8,78,50,Ohio St. 13-2
5/14/26,Wake Forest,Duke,Home,65.70%,34.30%,Wake Forest -2.38,8,25,82,Wake Forest 7-2
5/14/26,Arizona St.,Houston,Away,64.60%,35.40%,Arizona St. -2.24,7.9,23,90,Arizona St. 4-3
5/14/26,UAB,UTSA,Away,29.40%,70.60%,UTSA -2.97,7.8,68,46,UAB 7-6
5/14/26,Texas Tech,Cincinnati,Home,27.60%,72.40%,Cincinnati -3.3,7.8,80,24,Cincinnati 13-1
5/14/26,Creighton,Xavier,Away,46.30%,53.80%,Xavier -0.55,7.7,97,91,Creighton 5-2
5/14/26,Illinois,Indiana,Away,48.10%,51.90%,Indiana -0.22,7.7,94,103,Indiana 10-4
5/14/26,Mercer,ETSU,Home,54.00%,46.00%,Mercer -0.95,7.7,41,123,Mercer 9-7
5/14/26,California Baptist,UC Davis,Away,58.70%,41.30%,California Baptist -1.37,7.7,42,111,California Baptist 4-2
5/14/26,Southeast Mo. St.,Little Rock,Home,49.80%,50.20%,Little Rock -0.14,7.7,75,113,Southeast Mo. St. 4-2
5/14/26,Campbell,UNCW,Away,54.60%,45.40%,Campbell -0.96,7.5,53,131,Campbell 16-12
5/14/26,East Carolina,Fla. Atlantic,Away,62.90%,37.10%,East Carolina -2.06,7.5,43,115,East Carolina 7-5
5/14/26,Tarleton St.,Sacramento St.,Home,42.10%,57.90%,Sacramento St. -0.83,7.5,58,120,Sacramento St. 8-5
5/14/26,Cal St. Fullerton,UC San Diego,Away,45.20%,54.80%,UC San Diego -0.78,7.4,119,85,UC San Diego 10-6
5/14/26,San Diego St.,UNLV,Away,48.60%,51.40%,San Diego St. -0.04,7.4,73,136,San Diego St. 15-1
5/14/26,Wofford,Samford,Home,41.40%,58.60%,Samford -1.34,7.2,122,89,Samford 7-6
5/14/26,Missouri,Texas,Away,11.90%,88.10%,Texas -6.94,7.2,87,3,Texas 6-3
5/14/26,South Carolina,Vanderbilt,Away,22.50%,77.50%,Vanderbilt -4.33,7.1,104,38,Vanderbilt 9-1
5/14/26,FGCU,Jacksonville,Away,51.40%,48.60%,FGCU -0.18,7.1,118,132,FGCU 3-2
5/14/26,Wichita St.,South Fla.,Home,32.90%,67.10%,South Fla. -2.29,7.1,114,74,South Fla. 4-1
5/14/26,Air Force,Oregon St.,Away,18.80%,81.20%,Oregon St. -5.12,6.9,121,18,Oregon St. 7-4
5/14/26,UCLA,Washington,Away,81.20%,18.80%,UCLA -5.26,6.9,1,128,Washington 8-0
5/14/26,Arizona,Oklahoma St.,Away,26.10%,73.90%,Oklahoma St. -3.66,6.9,130,27,Arizona 7-4
5/14/26,App State,Georgia St.,Away,55.40%,44.60%,App State -0.7,6.8,106,143,App State 12-2
5/14/26,Rutgers,Northwestern,Home,47.00%,53.00%,Northwestern -0.28,6.8,124,141,Rutgers 8-5
5/14/26,Tulane,Rice,Home,32.80%,67.30%,Rice -2.54,6.8,137,65,Rice 12-0
5/14/26,NIU,Western Mich.,Away,54.00%,46.00%,NIU -0.7,6.7,99,162,Western Mich. 8-6
5/14/26,Abilene Christian,Utah Tech,Away,44.10%,55.90%,Utah Tech -0.92,6.7,151,105,Utah Tech 22-12
5/14/26,Troy,ULM,Away,68.10%,31.90%,Troy -2.96,6.6,57,150,Troy 6-4
5/14/26,Illinois St.,Michigan St.,Away,39.40%,60.60%,Michigan St. -1.66,6.6,145,109,Michigan St. 10-0
5/14/26,Kent St.,Toledo,Away,59.70%,40.30%,Kent St. -1.52,6.6,61,170,Kent St. 4-3
5/14/26,Northwestern St.,UTRGV,Neutral,45.30%,54.70%,UTRGV -0.85,6.5,157,126,Northwestern St. 6-5
5/14/26,Sam Houston,Louisiana Tech,Home,31.30%,68.70%,Louisiana Tech -2.72,6.5,146,81,Louisiana Tech 2-1
5/14/26,Grand Canyon,Nevada,Away,41.90%,58.10%,Nevada -0.86,6.4,148,135,Nevada 13-9
5/14/26,Memphis,Charlotte,Home,28.10%,71.90%,Charlotte -3.02,6.4,134,98,Memphis 9-4
5/14/26,Houston Christian,Southeastern La.,Neutral,35.30%,64.70%,Southeastern La. -2.18,6.3,169,86,Southeastern La. 3-2
5/14/26,CSUN,Hawaii,Away,32.30%,67.70%,Hawaii -2.52,6.3,144,112,Hawaii 7-0
5/14/26,Marshall,Texas St.,Away,30.00%,70.00%,Texas St. -3.11,6.2,174,59,Texas St. 5-0
5/14/26,Liberty,Middle Tenn.,Away,73.40%,26.60%,Liberty -3.75,6.2,31,179,Middle Tenn. 8-1
5/14/26,Lipscomb,Central Ark.,Home,47.40%,52.60%,Central Ark. -0.2,6.2,165,161,Central Ark. 4-1
5/14/26,Longwood,Winthrop,Away,35.10%,64.90%,Winthrop -1.81,6.1,156,129,Longwood 8-2
5/14/26,Saint Joseph's,Rhode Island,Home,48.80%,51.20%,Rhode Island -0.03,6,107,214,Saint Joseph's 10-9
5/14/26,The Citadel,VMI,Away,65.30%,34.70%,The Citadel -2.6,6,69,196,The Citadel 9-2
5/14/26,SFA,Lamar University,Neutral,31.90%,68.10%,Lamar University -2.7,6,173,95,SFA 2-0
5/14/26,UNC Greensboro,Western Caro.,Away,28.90%,71.10%,Western Caro. -3.11,6,168,84,UNC Greensboro 2-1
5/14/26,McNeese,Nicholls,Neutral,63.90%,36.10%,McNeese -2.01,5.9,139,166,McNeese 11-3
5/14/26,James Madison,Old Dominion,Away,34.40%,65.60%,Old Dominion -2.38,5.7,182,125,Old Dominion 5-1
5/14/26,Penn St.,Maryland,Home,31.70%,68.30%,Maryland -2.59,5.7,192,101,Penn St. 13-3
5/14/26,Pacific,Portland,Away,38.40%,61.60%,Portland -1.58,5.7,193,127,Pacific 7-5
5/14/26,San Francisco,Saint Mary's (CA),Home,24.10%,75.90%,Saint Mary's (CA) -3.85,5.6,175,96,San Francisco 9-6
5/14/26,Austin Peay,North Ala.,Away,46.10%,53.90%,North Ala. -0.78,5.5,201,176,North Ala. 9-2
5/14/26,CSU Bakersfield,UC Irvine,Away,25.10%,74.90%,UC Irvine -3.74,5.5,191,93,UC Irvine 6-3
5/14/26,Murray St.,Evansville,Home,57.40%,42.60%,Murray St. -1.18,5.5,159,200,Evansville 10-6
5/14/26,Ga. Southern,Southern Miss.,Away,11.90%,88.10%,Southern Miss. -6.87,5.4,203,21,Southern Miss. 14-3
5/14/26,Lindenwood,Southern Ind.,Away,51.10%,48.90%,Lindenwood -0.18,5.4,195,204,Southern Ind. 8-4
5/14/26,FIU,New Mexico St.,Away,46.90%,53.10%,New Mexico St. -0.29,5.3,211,186,FIU 17-12
5/14/26,Hofstra,Stony Brook,Away,44.40%,55.60%,Stony Brook -0.63,5.3,178,207,Hofstra 4-0
5/14/26,Radford,Charleston So.,Home,32.30%,67.70%,Charleston So. -2.41,5.3,187,154,Radford 4-3
5/14/26,Long Beach St.,Cal Poly,Home,19.70%,80.30%,Cal Poly -4.98,5.3,210,52,Cal Poly 11-3
5/14/26,Pepperdine,Santa Clara,Away,30.80%,69.20%,Santa Clara -2.8,5.2,198,147,Santa Clara 10-0
5/14/26,South Dakota St.,Omaha,Home,39.70%,60.30%,Omaha -1.38,5,209,189,Omaha 10-7
5/14/26,Morehead St.,Tennessee Tech,Away,50.40%,49.60%,Morehead St. -0.46,5,158,251,Morehead St. 7-4
5/14/26,UT Arlington,Utah Valley,Away,52.60%,47.40%,UT Arlington -0.55,5,172,243,Utah Valley 13-5
5/14/26,Davidson,VCU,Away,27.00%,73.00%,VCU -3.57,4.9,220,117,VCU 10-0
5/14/26,Seattle U,Gonzaga,Home,19.40%,80.60%,Gonzaga -5.0,4.9,237,48,Gonzaga 12-2
5/14/26,Elon,USC Upstate,Away,26.50%,73.50%,USC Upstate -3.68,4.9,228,108,USC Upstate 7-6
5/14/26,Western Ky.,Delaware,Home,76.00%,24.00%,Western Ky. -3.92,4.7,110,229,Delaware 7-3
5/14/26,Belmont,Indiana St.,Away,29.80%,70.20%,Indiana St. -2.88,4.7,233,138,Indiana St. 5-4
5/14/26,Elon,Northern Ky.,Neutral,52.80%,47.20%,Elon -0.48,4.7,228,227,Northern Ky. 12-11
5/14/26,Butler,St. John's (NY),Away,18.60%,81.40%,St. John's (NY) -5.21,4.6,236,92,Butler 7-3
5/14/26,UT Martin,SIUE,Home,27.60%,72.40%,SIUE -3.39,4.6,231,140,SIUE 8-2
5/14/26,UC Riverside,UC Santa Barbara,Away,11.50%,88.50%,UC Santa Barbara -7.04,4.6,246,32,UC Santa Barbara 1-0
5/14/26,William & Mary,Col. of Charleston,Home,23.30%,76.70%,Col. of Charleston -4.14,4.5,222,152,Col. of Charleston 9-2
5/14/26,Northeastern,Towson,Away,79.80%,20.20%,Northeastern -4.87,4.4,102,245,Northeastern 7-0
5/14/26,Stetson,Queens (NC),Home,60.30%,39.80%,Stetson -1.61,4.4,183,255,Stetson 2-0
5/14/26,High Point,UNC Asheville,Away,79.70%,20.30%,High Point -4.77,4.4,77,259,High Point 11-10
5/14/26,Fresno St.,San Jose St.,Away,30.20%,69.80%,San Jose St. -3.08,4.4,248,142,San Jose St. 12-5
5/14/26,LIU,FDU,Home,54.20%,45.80%,LIU -0.67,4.4,239,240,LIU 20-9
5/14/26,Oral Roberts,Northern Colo.,Home,75.40%,24.60%,Oral Roberts -3.89,4.3,116,256,Northern Colo. 7-6
5/14/26,Eastern Ill.,Western Ill.,Away,63.30%,36.70%,Eastern Ill. -2.2,4.3,133,281,Eastern Ill. 7-1
5/14/26,Bowling Green,Ball St.,Home,37.00%,63.00%,Ball St. -1.88,4.3,234,212,Ball St. 6-3
5/14/26,Villanova,UConn,Home,16.30%,83.70%,UConn -5.51,4.3,241,100,UConn 6-5
5/14/26,Miami (OH),Akron,Home,80.50%,19.50%,Miami (OH) -5.08,4.3,76,265,Miami (OH) 17-6
5/14/26,Richmond,Saint Louis,Away,66.20%,33.80%,Richmond -2.53,4.2,160,264,Richmond 4-1
5/14/26,North Dakota St.,St. Thomas (MN),Away,48.70%,51.30%,St. Thomas (MN) -0.06,4.1,244,267,St. Thomas (MN) 16-6
5/14/26,Eastern Ky.,Bellarmine,Home,44.40%,55.60%,Bellarmine -0.55,3.9,258,260,Eastern Ky. 16-11
5/14/26,West Ga.,North Florida,Home,24.40%,75.60%,North Florida -4.05,3.9,268,149,North Florida 6-5
5/14/26,LMU (CA),San Diego,Away,26.90%,73.10%,San Diego -3.56,3.9,254,177,San Diego 17-8
5/14/26,Dayton,George Washington,Away,63.20%,36.80%,Dayton -2.12,3.9,185,282,Dayton 9-1
5/14/26,Seton Hall,Georgetown,Home,36.40%,63.60%,Georgetown -1.96,3.8,263,219,Georgetown 5-1
5/14/26,N.C. A&T,Monmouth,Home,27.50%,72.50%,Monmouth -3.41,3.8,272,167,Monmouth 14-4
5/14/26,Mount St. Mary's,Niagara,Away,40.80%,59.30%,Niagara -1.41,3.7,280,230,Niagara 7-6
5/14/26,St. Thomas (MN),North Dakota St.,Home,38.70%,61.30%,North Dakota St. -1.54,3.7,267,244,North Dakota St. 5-1
5/14/26,La Salle,George Mason,Home,20.80%,79.20%,George Mason -4.6,3.6,261,181,George Mason 17-5
5/14/26,Presbyterian,Gardner-Webb,Home,30.90%,69.10%,Gardner-Webb -2.8,3.5,278,205,Presbyterian 11-2
5/14/26,Ark.-Pine Bluff,Jackson St.,Away,45.60%,54.40%,Jackson St. -0.47,3.5,266,283,Ark.-Pine Bluff 8-6
5/14/26,Oakland,Milwaukee,Home,22.90%,77.10%,Milwaukee -4.39,3.5,271,180,Milwaukee 12-11
5/14/26,Youngstown St.,Wright St.,Home,17.00%,83.00%,Wright St. -5.24,3.5,270,153,Youngstown St. 5-2
5/14/26,Grambling,Bethune-Cookman,Home,17.50%,82.50%,Bethune-Cookman -5.22,3.3,273,171,Bethune-Cookman 23-1
5/14/26,Siena,Canisius,Home,38.60%,61.40%,Canisius -1.61,3.2,279,274,Canisius 13-6
5/14/26,Valparaiso,Southern Ill.,Home,23.90%,76.10%,Southern Ill. -4.13,3.2,276,218,Southern Ill. 6-4
5/14/26,UIC,Bradley,Home,76.40%,23.60%,UIC -4.25,3.2,190,289,UIC 8-3
5/14/26,NJIT,UMBC,Away,32.60%,67.40%,UMBC -2.55,3.2,293,221,UMBC 12-4
5/14/26,Manhattan,Iona,Home,45.20%,54.80%,Iona -0.61,3.2,291,290,Iona 7-2
5/14/26,Fordham,St. Bonaventure,Away,67.70%,32.30%,Fordham -2.59,3.1,235,292,St. Bonaventure 8-5
5/14/26,Texas Southern,Florida A&M,Home,25.80%,74.20%,Florida A&M -3.78,3,285,225,Florida A&M 4-2
5/14/26,Mercyhurst,Wagner,Away,34.40%,65.60%,Wagner -2.41,3,299,247,Mercyhurst 6-4
5/14/26,UAlbany,Maine,Home,22.40%,77.60%,Maine -4.3,2.9,288,216,Maine 12-1
5/14/26,Ohio,Eastern Mich.,Home,26.00%,74.00%,Eastern Mich. -3.56,2.8,294,238,Eastern Mich. 4-0
5/14/26,Delaware St.,Coppin St.,Home,37.00%,63.00%,Coppin St. -1.71,2.5,306,303,Coppin St. 8-3
5/14/26,Mississippi Val.,Prairie View,Away,33.30%,66.70%,Prairie View -2.35,2.5,301,300,Prairie View 11-1
5/14/26,Saint Peter's,Rider,Home,4.70%,95.30%,Rider -10.2,2.2,308,184,Rider 11-2
5/14/26,Alabama St.,Alcorn,Away,94.10%,5.90%,Alabama St. -9.43,2.2,194,305,Alabama St. 15-11
5/14/26,Alabama A&M,Southern U.,Away,8.90%,91.10%,Southern U. -7.98,2,304,232,Southern U. 9-8
5/13/26,California Baptist,UC Davis,Away,58.70%,41.30%,California Baptist -1.37,7.7,42,111,California Baptist 6-3
5/13/26,CSUN,Hawaii,Away,32.30%,67.70%,Hawaii -2.52,6.3,144,112,Hawaii 4-0
5/13/26,Omaha,South Dakota St.,Away,47.70%,52.30%,South Dakota St. -0.22,5.3,189,209,South Dakota St. 5-0
5/13/26,Mount St. Mary's,Niagara,Away,40.80%,59.30%,Niagara -1.41,3.7,280,230,Mount St. Mary's 15-4
5/13/26,Siena,Canisius,Home,38.60%,61.40%,Canisius -1.61,3.2,279,274,Canisius 15-2
5/12/26,Wake Forest,Liberty,Home,50.10%,49.90%,Wake Forest -0.1,9.4,25,31,Wake Forest 7-5
5/12/26,Auburn,Jacksonville St.,Away,55.30%,44.70%,Auburn -0.82,9.4,8,22,Jacksonville St. 4-1
5/12/26,Campbell,East Carolina,Away,39.80%,60.20%,East Carolina -1.4,8.5,53,43,Campbell 0-0
5/12/26,Michigan,Kent St.,Home,41.90%,58.10%,Kent St. -1.03,8.4,50,61,Kent St. 5-3
5/12/26,Troy,UAB,Away,55.90%,44.10%,Troy -1.18,8.3,57,68,Troy 14-5
5/12/26,Texas St.,UTSA,Away,34.80%,65.30%,UTSA -2.03,8.2,59,46,UTSA 19-4
5/12/26,Mercer,Georgia Tech,Home,16.80%,83.20%,Georgia Tech -5.48,8.1,41,4,Mercer 12-9
5/12/26,The Citadel,Coastal Carolina,Home,32.20%,67.80%,Coastal Carolina -2.22,8,69,40,Coastal Carolina 5-3
5/12/26,Saint Mary's (CA),Stanford,Away,44.30%,55.70%,Stanford -0.94,7.9,96,64,Stanford 7-6
5/12/26,Nebraska,Creighton,Home,64.00%,36.00%,Nebraska -2.21,7.9,16,97,Nebraska 8-4
5/12/26,Rice,Houston,Home,43.60%,56.40%,Houston -0.66,7.9,65,90,Houston 14-3
5/12/26,Northeastern,UConn,Away,49.60%,50.40%,Northeastern -0.19,7.7,102,100,Northeastern 10-6
5/12/26,Oklahoma St.,Oral Roberts,Away,66.00%,34.00%,Oklahoma St. -2.62,7.5,27,116,Oklahoma St. 12-7
5/12/26,Utah Tech,Utah,Home,39.10%,60.90%,Utah -1.49,7.5,105,70,Utah 16-9
5/12/26,Clemson,USC Upstate,Away,63.60%,36.40%,Clemson -1.89,7.4,55,108,USC Upstate 6-3
5/12/26,Fla. Atlantic,FGCU,Home,44.00%,56.00%,FGCU -0.75,7.1,115,118,Fla. Atlantic 9-3
5/12/26,North Carolina,UNCW,Away,77.90%,22.10%,North Carolina -4.67,6.9,5,131,North Carolina 13-7
5/12/26,Winthrop,South Carolina,Home,37.00%,63.00%,South Carolina -1.77,6.8,129,104,Winthrop 5-2
5/12/26,Arizona St.,Grand Canyon,Away,74.70%,25.30%,Arizona St. -3.89,6.7,23,148,Arizona St. 0-0
5/12/26,Portland,Oregon St.,Home,14.10%,85.90%,Oregon St. -6.27,6.6,127,18,Oregon St. 8-3
5/12/26,Virginia Tech,Marshall,Home,60.60%,39.40%,Virginia Tech -1.89,6.6,49,174,Virginia Tech 0-0
5/12/26,Wright St.,Ohio St.,Home,34.20%,65.80%,Ohio St. -2.46,6.5,153,78,Wright St. 8-4
5/12/26,Eastern Ill.,Illinois St.,Away,37.50%,62.50%,Illinois St. -1.38,6.3,133,145,Illinois St. 15-4
5/12/26,Richmond,Virginia,Away,20.00%,80.00%,Virginia -4.69,6.2,160,34,Virginia 18-6
5/12/26,Houston Christian,Sam Houston,Away,43.20%,56.80%,Sam Houston -0.86,6.1,169,146,Houston Christian 4-3
5/12/26,Memphis,Middle Tenn.,Away,41.40%,58.60%,Middle Tenn. -0.82,6,134,179,Middle Tenn. 10-9
5/12/26,Bethune-Cookman,UCF,Away,16.40%,83.60%,UCF -5.49,5.9,171,33,Bethune-Cookman 0-0
5/12/26,Dayton,Notre Dame,Neutral,23.20%,76.80%,Notre Dame -4.26,5.9,185,47,Notre Dame 16-6
5/12/26,Penn St.,Pittsburgh,Away,21.00%,79.00%,Pittsburgh -4.66,5.8,192,36,Pittsburgh 11-7
5/12/26,Milwaukee,NIU,Away,29.20%,70.80%,NIU -2.9,5.7,180,99,Milwaukee 0-0
5/12/26,North Ala.,Murray St.,Home,36.70%,63.30%,Murray St. -1.68,5.6,176,159,Murray St. 9-5
5/12/26,Purdue,Ball St.,Home,71.10%,28.90%,Purdue -3.37,5.6,54,212,Purdue 0-0
5/12/26,SIUE,Southern Ill.,Away,47.40%,52.60%,Southern Ill. -0.04,5.6,140,218,SIUE 9-7
5/12/26,Col. of Charleston,Ga. Southern,Away,57.90%,42.10%,Col. of Charleston -1.23,5.5,152,203,Ga. Southern 9-5
5/12/26,Pacific,CSU Bakersfield,Home,46.30%,53.80%,CSU Bakersfield -0.49,5.5,193,191,Pacific 0-0
5/12/26,Lindenwood,Indiana St.,Home,35.30%,64.70%,Indiana St. -1.92,5.5,195,138,Indiana St. 11-6
5/12/26,Northern Ky.,Kentucky,Home,12.10%,87.90%,Kentucky -6.9,5,227,28,Northern Ky. 0-0
5/12/26,Gardner-Webb,Charlotte,Home,20.10%,79.90%,Charlotte -4.75,5,205,98,Charlotte 11-1
5/12/26,New Mexico St.,New Mexico,Home,24.50%,75.50%,New Mexico -3.64,5,186,155,New Mexico 12-6
5/12/26,Cal Poly,Fresno St.,Away,76.60%,23.40%,Cal Poly -4.42,4.9,52,248,Cal Poly 15-10
5/12/26,Seattle U,Washington St.,Away,25.20%,74.80%,Washington St. -3.82,4.9,237,79,Seattle U 12-11
5/12/26,Hofstra,Fordham,Home,45.40%,54.60%,Fordham -0.33,4.9,178,235,Hofstra 0-0
5/12/26,Georgetown,Maryland,Away,23.70%,76.30%,Maryland -3.98,4.9,219,101,Maryland 21-6
5/12/26,William & Mary,Duke,Home,18.20%,81.80%,Duke -5.23,4.8,222,82,Duke 14-9
5/12/26,Utah Valley,BYU,Home,20.30%,79.70%,BYU -4.84,4.8,243,62,BYU 13-3
5/12/26,UT Martin,Ole Miss,Home,6.30%,93.80%,Ole Miss -9.22,4.8,231,11,Ole Miss 17-6
5/12/26,Belmont,Tennessee,Away,9.40%,90.60%,Tennessee -7.78,4.8,233,26,Tennessee 11-1
5/12/26,Eastern Mich.,Michigan St.,Away,21.20%,78.80%,Michigan St. -4.62,4.5,238,109,Michigan St. 5-2
5/12/26,UMass Lowell,Boston College,Home,13.00%,87.00%,Boston College -6.57,4.5,253,37,UMass Lowell 0-0
5/12/26,UMBC,Towson,Home,47.80%,52.20%,Towson -0.24,4.5,221,245,Towson 9-8
5/12/26,Toledo,Bowling Green,Neutral,67.70%,32.30%,Toledo -2.81,4.5,170,234,Toledo 15-5
5/12/26,Elon,Queens (NC),Away,52.20%,47.80%,Elon -0.36,4.3,228,255,Elon 10-3
5/12/26,Arkansas St.,Ark.-Pine Bluff,Home,81.90%,18.10%,Arkansas St. -5.17,4.2,83,266,Arkansas St. 0-0
5/12/26,Western Caro.,Presbyterian,Home,80.60%,19.40%,Western Caro. -5.12,4,84,278,Western Caro. 14-3
5/12/26,Bellarmine,Louisville,Away,9.10%,90.90%,Louisville -7.86,4,260,67,Louisville 14-7
5/12/26,Akron,Oakland,Away,49.80%,50.20%,Akron -0.17,3.9,265,271,Oakland 13-10
5/12/26,Merrimack,Maine,Home,31.90%,68.10%,Maine -2.52,3.8,257,216,Maine 14-4
5/12/26,Valparaiso,Central Mich.,Home,37.30%,62.70%,Central Mich. -1.97,3.6,276,224,Valparaiso 0-0
5/12/26,Le Moyne,UAlbany,Away,47.20%,52.80%,UAlbany -0.19,3.4,275,288,UAlbany 20-3
5/12/26,Manhattan,LIU,Home,29.60%,70.40%,LIU -3.07,3,291,239,Manhattan 11-1
5/12/26,Mercyhurst,Niagara,Away,24.90%,75.10%,Niagara -3.95,2.8,299,230,Niagara 7-5
5/12/26,Stonehill,Bryant,Home,15.40%,84.60%,Bryant -5.62,2.7,286,217,Bryant 11-1
5/12/26,New Haven,Fairfield,Home,14.30%,85.70%,Fairfield -6.27,2.4,302,213,Fairfield 13-11
5/12/26,Norfolk St.,VMI,Away,7.70%,92.30%,VMI -8.14,2.4,298,196,VMI 15-5
5/11/26,California Baptist,UC Santa Barbara,Away,40.40%,59.60%,UC Santa Barbara -1.31,8.8,42,32,California Baptist 8-3
5/11/26,Navy,Bucknell,Neutral,61.60%,38.40%,Navy -1.51,4.5,215,223,Bucknell 6-4
5/10/26,West Virginia,Kansas,Home,49.00%,51.00%,Kansas -0.04,9.8,6,12,West Virginia 13-2
5/10/26,Oklahoma,Arkansas,Home,45.90%,54.10%,Arkansas -0.52,9.5,13,17,Oklahoma 15-10
5/10/26,Texas,Tennessee,Home,58.20%,41.80%,Texas -1.43,9.3,3,26,Texas 13-6
5/10/26,Cincinnati,Kansas St.,Away,51.10%,48.90%,Cincinnati -0.3,9.1,24,44,Kansas St. 5-2
5/10/26,Oklahoma St.,Arizona St.,Home,40.90%,59.10%,Arizona St. -1.1,9.1,27,23,Arizona St. 11-7
5/10/26,Florida St.,Clemson,Home,53.30%,46.70%,Florida St. -0.68,8.9,19,55,Florida St. 6-3
5/10/26,Oregon,UCLA,Away,29.70%,70.30%,UCLA -2.97,8.9,20,1,UCLA 9-6
5/10/26,UCF,Baylor,Home,50.00%,50.00%,UCF -0.11,8.9,33,60,Baylor 8-7
5/10/26,Kentucky,Florida,Home,29.30%,70.70%,Florida -3.03,8.7,28,14,Florida 9-6
5/10/26,NC State,Stanford,Away,55.60%,44.40%,NC State -0.73,8.4,51,64,Stanford 9-5
5/10/26,Texas St.,Arkansas St.,Home,48.70%,51.30%,Texas St. -0.08,8.3,59,83,Texas St. 15-9
5/10/26,Pittsburgh,North Carolina,Home,20.30%,79.70%,North Carolina -4.81,8.3,36,5,North Carolina 7-3
5/10/26,LSU,Georgia,Home,21.00%,79.00%,Georgia -4.78,8.2,45,2,Georgia 12-1
5/10/26,California,Virginia,Away,32.30%,67.70%,Virginia -2.35,8.2,56,34,California 8-7
5/10/26,Michigan,Minnesota,Away,40.40%,59.60%,Minnesota -1.07,8.2,50,72,Michigan 8-5
5/10/26,Iowa,Nebraska,Away,30.90%,69.10%,Nebraska -2.8,8.2,63,16,Nebraska 8-6
5/10/26,Louisiana,App State,Home,53.70%,46.30%,Louisiana -0.84,8,39,106,Louisiana 12-3
5/10/26,Rice,East Carolina,Home,32.20%,67.80%,East Carolina -2.56,8,65,43,East Carolina 3-0
5/10/26,Charlotte,UAB,Away,43.20%,56.80%,UAB -0.83,7.8,98,68,Charlotte 10-8
5/10/26,South Alabama,Troy,Away,31.40%,68.60%,Troy -2.77,7.8,66,57,Troy 8-1
5/10/26,Utah,TCU,Home,26.60%,73.40%,TCU -3.54,7.8,70,30,TCU 4-3
5/10/26,DBU,Western Ky.,Away,46.70%,53.30%,Western Ky. -0.23,7.7,71,110,Western Ky. 11-8
5/10/26,Louisiana Tech,Liberty,Home,28.50%,71.50%,Liberty -3.15,7.7,81,31,Liberty 3-2
5/10/26,Vanderbilt,Missouri,Home,68.80%,31.20%,Vanderbilt -2.81,7.7,38,87,Missouri 4-1
5/10/26,Alabama,South Carolina,Away,70.30%,29.70%,Alabama -3.36,7.6,9,104,Alabama 7-6
5/10/26,Cal Poly,Cal St. Fullerton,Away,57.30%,42.70%,Cal Poly -1.36,7.6,52,119,Cal Poly 6-2
5/10/26,Hawaii,UC Davis,Away,50.40%,49.60%,Hawaii -0.05,7.5,112,111,UC Davis 3-1
5/10/26,Western Caro.,Wake Forest,Home,23.60%,76.40%,Wake Forest -4.02,7.5,84,25,Wake Forest 9-5
5/10/26,Michigan St.,Ohio St.,Away,39.30%,60.70%,Ohio St. -1.42,7.4,109,78,Ohio St. 3-2
5/10/26,Indiana,Purdue,Away,34.20%,65.80%,Purdue -2.28,7.4,103,54,Purdue 11-8
5/10/26,Kennesaw St.,Jacksonville St.,Home,20.80%,79.30%,Jacksonville St. -4.63,7.4,88,22,Jacksonville St. 4-3
5/10/26,VCU,Saint Joseph's,Home,50.70%,49.30%,VCU -0.24,7.4,117,107,VCU 19-5
5/10/26,Duke,Georgia Tech,Away,11.80%,88.20%,Georgia Tech -6.93,7.3,82,4,Georgia Tech 14-1
5/10/26,Maryland,Rutgers,Away,48.30%,51.70%,Rutgers -0.14,7.3,101,124,Maryland 11-7
5/10/26,Washington St.,Air Force,Home,43.00%,57.00%,Air Force -0.77,7.3,79,121,Air Force 10-9
5/10/26,UTRGV,Tarleton St.,Home,39.60%,60.40%,Tarleton St. -1.61,7.3,126,58,UTRGV 4-2
5/10/26,Sacramento St.,California Baptist,Home,35.20%,64.80%,California Baptist -2.03,7.3,120,42,Sacramento St. 19-2
5/10/26,Houston,Arizona,Home,44.60%,55.40%,Arizona -0.66,7.2,90,130,Arizona 6-5
5/10/26,ETSU,Wofford,Away,48.20%,51.80%,Wofford -0.26,7.2,123,122,ETSU 9-5
5/10/26,Fla. Atlantic,Wichita St.,Away,45.70%,54.30%,Wichita St. -0.53,7.2,115,114,Wichita St. 4-1
5/10/26,South Fla.,Tulane,Away,57.10%,42.90%,South Fla. -1.04,7.1,74,137,Tulane 9-5
5/10/26,UC Santa Barbara,CSUN,Home,66.80%,33.20%,UC Santa Barbara -2.69,7,32,144,UC Santa Barbara 4-2
5/10/26,Old Dominion,Coastal Carolina,Home,22.50%,77.50%,Coastal Carolina -3.98,6.8,125,40,Old Dominion 9-2
5/10/26,Winthrop,High Point,Home,32.10%,67.90%,High Point -2.67,6.8,129,77,High Point 11-3
5/10/26,SIUE,Eastern Ill.,Home,47.20%,52.80%,Eastern Ill. -0.28,6.8,140,133,SIUE 20-9
5/10/26,San Jose St.,San Diego St.,Home,34.00%,66.00%,San Diego St. -2.24,6.7,142,73,San Diego St. 4-1
5/10/26,UTSA,Memphis,Home,74.40%,25.60%,UTSA -3.62,6.7,46,134,Memphis 10-5
5/10/26,Utah Tech,UT Arlington,Home,53.00%,47.00%,Utah Tech -0.64,6.5,105,172,UT Arlington 8-5
5/10/26,Charleston So.,Longwood,Away,50.80%,49.20%,Charleston So. -0.08,6.5,154,156,Charleston So. 21-3
5/10/26,Gonzaga,San Francisco,Away,64.40%,35.60%,Gonzaga -2.24,6.5,48,175,Gonzaga 12-5
5/10/26,New Mexico,Grand Canyon,Home,48.60%,51.40%,Grand Canyon -0.25,6.5,155,148,New Mexico 11-9
5/10/26,Northwestern,Illinois,Home,30.50%,69.50%,Illinois -2.76,6.4,141,94,Illinois 10-3
5/10/26,Lamar University,Houston Christian,Home,58.70%,41.30%,Lamar University -1.37,6.4,95,169,Houston Christian 9-5
5/10/26,Indiana St.,Murray St.,Away,44.40%,55.60%,Murray St. -0.77,6.3,138,159,Murray St. 8-7
5/10/26,UC San Diego,CSU Bakersfield,Home,60.80%,39.20%,UC San Diego -1.71,6.1,85,191,UC San Diego 15-2
5/10/26,Portland,Pepperdine,Home,50.90%,49.10%,Portland -0.23,6.1,127,198,Pepperdine 5-2
5/10/26,Jacksonville,Stetson,Away,46.50%,53.50%,Stetson -0.26,6.1,132,183,Stetson 9-6
5/10/26,UNC Greensboro,Virginia Tech,Away,22.30%,77.70%,Virginia Tech -4.36,6.1,168,49,Virginia Tech 11-9
5/10/26,Illinois St.,UIC,Away,50.40%,49.60%,UIC -0.05,6,145,190,Illinois St. 7-6
5/10/26,Nicholls,Southeastern La.,Away,25.30%,74.70%,Southeastern La. -3.75,5.9,166,86,Nicholls 0-0
5/10/26,Southern Miss.,James Madison,Home,81.10%,18.90%,Southern Miss. -5.18,5.9,21,182,Southern Miss. 10-5
5/10/26,Nicholls,Southeastern La.,Away,25.30%,74.70%,Southeastern La. -3.75,5.9,166,86,Nicholls 0-0
5/10/26,ULM,Marshall,Home,39.40%,60.60%,Marshall -1.24,5.8,150,174,ULM 7-5
5/10/26,New Mexico St.,Missouri St.,Home,16.60%,83.40%,Missouri St. -5.54,5.7,186,35,Missouri St. 7-6
5/10/26,San Diego,Pacific,Home,48.10%,51.90%,Pacific -0.19,5.7,177,193,San Diego 11-11
5/10/26,Bethune-Cookman,Alabama St.,Home,51.20%,48.80%,Bethune-Cookman -0.1,5.7,171,194,Alabama St. 14-11
5/10/26,Oregon St.,Long Beach St.,Home,81.10%,18.90%,Oregon St. -5.24,5.6,18,210,Oregon St. 8-4
5/10/26,Monmouth,Hofstra,Home,39.70%,60.30%,Hofstra -1.28,5.6,167,178,Monmouth 18-10
5/10/26,George Mason,Dayton,Home,44.00%,56.00%,Dayton -0.65,5.6,181,185,George Mason 9-5
5/10/26,VMI,Mercer,Home,17.90%,82.10%,Mercer -5.44,5.5,196,41,Mercer 11-1
5/10/26,Middle Tenn.,FIU,Home,51.00%,49.00%,Middle Tenn. -0.11,5.4,179,211,FIU 10-2
5/10/26,Southern Ind.,Southeast Mo. St.,Home,23.70%,76.30%,Southeast Mo. St. -4.03,5.4,204,75,Southeast Mo. St. 9-6
5/10/26,Omaha,Oral Roberts,Away,26.00%,74.00%,Oral Roberts -3.49,5.3,189,116,Omaha 8-6
5/10/26,Ball St.,NIU,Away,30.10%,69.90%,NIU -3.04,5.3,212,99,Ball St. 17-5
5/10/26,Little Rock,UT Martin,Away,63.60%,36.40%,Little Rock -2.24,5.2,113,231,Little Rock 16-14
5/10/26,Western Mich.,Bowling Green,Home,54.80%,45.20%,Western Mich. -1.01,5.1,162,234,Bowling Green 7-5
5/10/26,Rhode Island,Davidson,Home,49.80%,50.20%,Rhode Island -0.2,5,214,220,Davidson 21-17
5/10/26,Wright St.,Northern Ky.,Home,60.30%,39.70%,Wright St. -1.53,5,153,227,Wright St. 17-10
5/10/26,Col. of Charleston,Elon,Away,59.90%,40.10%,Col. of Charleston -1.63,5,152,228,Col. of Charleston 11-3
5/10/26,Georgetown,Creighton,Home,21.70%,78.30%,Creighton -4.42,4.9,219,97,Georgetown 5-2
5/10/26,Xavier,Butler,Home,72.60%,27.40%,Xavier -3.53,4.9,91,236,Xavier 9-2
5/10/26,Stony Brook,Northeastern,Home,19.80%,80.20%,Northeastern -4.86,4.9,207,102,Northeastern 7-4
5/10/26,St. John's (NY),Villanova,Away,72.30%,27.70%,St. John's (NY) -3.57,4.8,92,241,Villanova 8-2
5/10/26,Santa Clara,Seattle U,Away,62.80%,37.20%,Santa Clara -1.97,4.8,147,237,Santa Clara 4-2
5/10/26,UNLV,Fresno St.,Home,63.00%,37.00%,UNLV -2.1,4.8,136,248,Fresno St. 14-13
5/10/26,Delaware,Sam Houston,Away,29.70%,70.30%,Sam Houston -2.87,4.7,229,146,Sam Houston 8-1
5/10/26,Southern Ill.,Belmont,Home,52.60%,47.40%,Southern Ill. -0.51,4.7,218,233,Southern Ill. 13-4
5/10/26,UC Irvine,UC Riverside,Away,73.40%,26.60%,UC Irvine -3.68,4.7,93,246,UC Riverside 5-3
5/10/26,Eastern Mich.,Kent St.,Away,14.80%,85.20%,Kent St. -6.08,4.6,238,61,Kent St. 6-0
5/10/26,North Florida,Queens (NC),Away,65.20%,34.80%,North Florida -2.36,4.5,149,255,North Florida 12-1
5/10/26,Navy,Bucknell,Neutral,61.60%,38.40%,Navy -1.51,4.5,215,223,Bucknell 16-4
5/10/26,Holy Cross,Army West Point,Neutral,41.50%,58.50%,Army West Point -1.17,4.4,249,197,Holy Cross 6-2
5/10/26,Saint Mary's (CA),LMU (CA),Home,77.20%,22.80%,Saint Mary's (CA) -4.47,4.4,96,254,Saint Mary's (CA) 6-3
5/10/26,Utah Valley,Abilene Christian,Home,26.60%,73.40%,Abilene Christian -3.47,4.3,243,151,Abilene Christian 16-6
5/10/26,UMBC,Bryant,Home,32.50%,67.50%,Bryant -2.28,4.3,221,217,Bryant 4-3
5/10/26,UConn,Seton Hall,Home,75.60%,24.40%,UConn -4.08,4.3,100,263,UConn 7-3
5/10/26,Towson,William & Mary,Away,40.20%,59.80%,William & Mary -1.19,4.2,245,222,William & Mary 14-6
5/10/26,Massachusetts,Miami (OH),Away,14.90%,85.10%,Miami (OH) -6.05,4.1,269,76,Miami (OH) 8-7
5/10/26,Milwaukee,Youngstown St.,Away,64.00%,36.00%,Milwaukee -2.25,4,180,270,Milwaukee 12-8
5/10/26,USC Upstate,Presbyterian,Home,77.50%,22.50%,USC Upstate -4.51,4,108,278,USC Upstate 13-4
5/10/26,West Ga.,FGCU,Home,20.60%,79.40%,FGCU -4.78,4,268,118,FGCU 5-2
5/10/26,UMass Lowell,Maine,Home,35.00%,65.00%,Maine -2.21,4,253,216,UMass Lowell 5-4
5/10/26,Evansville,Valparaiso,Away,57.60%,42.40%,Evansville -1.33,4,200,276,Evansville 11-0
5/10/26,Marist,Fairfield,Home,30.70%,69.30%,Fairfield -2.73,4,242,213,Fairfield 12-7
5/10/26,Tennessee Tech,Lindenwood,Home,32.20%,67.80%,Lindenwood -2.58,4,251,195,Tennessee Tech 4-3
5/10/26,UNC Asheville,Radford,Home,30.30%,69.70%,Radford -2.81,3.9,259,187,UNC Asheville 6-4
5/10/26,Oakland,Notre Dame,Home,6.70%,93.30%,Notre Dame -9.06,3.9,271,47,Notre Dame 9-3
5/10/26,Western Ill.,Morehead St.,Home,32.70%,67.30%,Morehead St. -2.73,3.9,281,158,Morehead St. 8-7
5/10/26,NJIT,Boston College,Home,10.50%,89.50%,Boston College -7.39,3.8,293,37,Boston College 6-3
5/10/26,NJIT,Boston College,Home,10.50%,89.50%,Boston College -7.39,3.8,293,37,NJIT 8-7
5/10/26,Northern Colo.,North Dakota St.,Home,37.90%,62.10%,North Dakota St. -1.51,3.8,256,244,Northern Colo. 9-7
5/10/26,St. Thomas (MN),South Dakota St.,Home,34.40%,65.60%,South Dakota St. -2.26,3.8,267,209,South Dakota St. 7-3
5/10/26,Akron,Central Mich.,Away,35.50%,64.50%,Central Mich. -2.08,3.7,265,224,Central Mich. 12-11
5/10/26,Niagara,Manhattan,Home,54.30%,45.70%,Niagara -0.85,3.7,230,291,Manhattan 14-3
5/10/26,Niagara,Manhattan,Home,54.30%,45.70%,Niagara -0.85,3.7,230,291,Niagara 14-9
5/10/26,Campbell,Bradley,Neutral,92.40%,7.60%,Campbell -8.58,3.7,53,289,Bradley 5-4
5/10/26,UNCW,N.C. A&T,Home,81.40%,18.60%,UNCW -5.07,3.7,131,272,N.C. A&T 7-2
5/10/26,Saint Louis,Fordham,Home,34.50%,65.50%,Fordham -2.07,3.6,264,235,Saint Louis 7-6
5/10/26,Eastern Ky.,Austin Peay,Home,23.20%,76.80%,Austin Peay -3.76,3.5,258,201,Austin Peay 15-2
5/10/26,Binghamton,UAlbany,Away,73.10%,26.90%,Binghamton -3.66,3.5,163,288,UAlbany 11-9
5/10/26,Binghamton,UAlbany,Away,73.10%,26.90%,Binghamton -3.66,3.5,163,288,Binghamton 3-1
5/10/26,Dartmouth,Yale,Away,21.00%,79.00%,Yale -4.64,3.5,277,164,Yale 4-1
5/10/26,Dartmouth,Yale,Away,21.00%,79.00%,Yale -4.64,3.5,277,164,Yale 3-2
5/10/26,George Washington,Richmond,Away,20.90%,79.10%,Richmond -4.68,3.4,282,160,Richmond 13-1
5/10/26,Texas Southern,Southern U.,Home,33.50%,66.50%,Southern U. -2.55,3.3,285,232,Texas Southern 0-0
5/10/26,Grambling,Ark.-Pine Bluff,Home,34.00%,66.00%,Ark.-Pine Bluff -2.12,3.2,273,266,Ark.-Pine Bluff 8-6
5/10/26,St. Bonaventure,La Salle,Home,38.90%,61.10%,La Salle -1.62,3.2,292,261,La Salle 10-8
5/10/26,Iona,Siena,Away,42.50%,57.50%,Siena -0.92,3.2,290,279,Siena 8-1
5/10/26,Toledo,Ohio,Home,79.90%,20.10%,Toledo -4.92,3.1,170,294,Toledo 8-3
5/10/26,Sacred Heart,Canisius,Home,36.80%,63.20%,Canisius -1.79,3.1,284,274,Sacred Heart 10-5
5/10/26,Stonehill,LIU,Home,25.30%,74.70%,LIU -3.8,2.9,286,239,LIU 7-3
5/10/26,FDU,Norfolk St.,Away,73.90%,26.10%,FDU -3.68,2.7,240,298,FDU 11-8
5/10/26,Central Conn. St.,Mercyhurst,Away,32.80%,67.20%,Mercyhurst -2.2,2.5,297,299,Mercyhurst 7-2
5/10/26,Prairie View,Alcorn,Home,72.00%,28.00%,Prairie View -3.31,2.2,300,305,Prairie View 0-0
5/10/26,Prairie View,Alcorn,Home,72.00%,28.00%,Prairie View -3.31,2.2,300,305,Prairie View 0-0
5/10/26,Jackson St.,Mississippi Val.,Away,79.40%,20.60%,Jackson St. -4.62,2.1,283,301,Jackson St. 7-1
5/10/26,Coppin St.,Wagner,Away,11.00%,89.00%,Wagner -7.09,2,303,247,Coppin St. 12-11
5/10/26,Merrimack,Saint Peter's,Away,86.70%,13.30%,Merrimack -6.53,1.9,257,308,Merrimack 11-6
5/10/26,Merrimack,Saint Peter's,Away,86.70%,13.30%,Merrimack -6.53,1.9,257,308,Merrimack 11-3
5/10/26,Delaware St.,New Haven,Away,13.80%,86.20%,New Haven -5.87,1.6,306,302,Delaware St. 8-7
5/9/26,West Virginia,Kansas,Home,49.00%,51.00%,Kansas -0.04,9.8,6,12,West Virginia 5-2
5/9/26,Texas A&M,Ole Miss,Home,45.90%,54.10%,Ole Miss -0.59,9.6,7,11,Texas A&M 18-5
5/9/26,Texas A&M,Ole Miss,Home,45.90%,54.10%,Ole Miss -0.59,9.6,7,11,Ole Miss 6-5
5/9/26,Oklahoma,Arkansas,Home,45.90%,54.10%,Arkansas -0.52,9.5,13,17,Arkansas 12-8
5/9/26,Auburn,Mississippi St.,Away,41.20%,58.80%,Mississippi St. -1.13,9.5,8,10,Auburn 13-2
5/9/26,Texas,Tennessee,Home,58.20%,41.80%,Texas -1.43,9.3,3,26,Tennessee 14-9
5/9/26,Oklahoma St.,Arizona St.,Home,40.90%,59.10%,Arizona St. -1.1,9.1,27,23,Oklahoma St. 13-6
5/9/26,Cincinnati,Kansas St.,Away,51.10%,48.90%,Cincinnati -0.3,9.1,24,44,Cincinnati 5-3
5/9/26,Florida St.,Clemson,Home,53.30%,46.70%,Florida St. -0.68,8.9,19,55,Clemson 4-3
5/9/26,Oregon,UCLA,Away,29.70%,70.30%,UCLA -2.97,8.9,20,1,Oregon 9-6
5/9/26,UCF,Baylor,Home,50.00%,50.00%,UCF -0.11,8.9,33,60,UCF 19-3
5/9/26,Kentucky,Florida,Home,29.30%,70.70%,Florida -3.03,8.7,28,14,Kentucky 4-2
5/9/26,NC State,Stanford,Away,55.60%,44.40%,NC State -0.73,8.4,51,64,NC State 12-7
5/9/26,Texas St.,Arkansas St.,Home,48.70%,51.30%,Texas St. -0.08,8.3,59,83,Texas St. 8-3
5/9/26,Pittsburgh,North Carolina,Home,20.30%,79.70%,North Carolina -4.81,8.3,36,5,North Carolina 12-2
5/9/26,LSU,Georgia,Home,21.00%,79.00%,Georgia -4.78,8.2,45,2,Georgia 13-8
5/9/26,California,Virginia,Away,32.30%,67.70%,Virginia -2.35,8.2,56,34,Virginia 2-1
5/9/26,Louisville,Miami (FL),Away,35.50%,64.50%,Miami (FL) -2.08,8.2,67,29,Miami (FL) 10-8
5/9/26,Michigan,Minnesota,Away,40.40%,59.60%,Minnesota -1.07,8.2,50,72,Michigan 9-8
5/9/26,Iowa,Nebraska,Away,30.90%,69.10%,Nebraska -2.8,8.2,63,16,Nebraska 15-11
5/9/26,BYU,Texas Tech,Away,44.10%,55.90%,Texas Tech -0.68,8.1,62,80,Texas Tech 15-11
5/9/26,Louisiana,App State,Home,53.70%,46.30%,Louisiana -0.84,8,39,106,App State 7-2
5/9/26,Rice,East Carolina,Home,32.20%,67.80%,East Carolina -2.56,8,65,43,Rice 5-3
5/9/26,Samford,The Citadel,Away,40.40%,59.60%,The Citadel -1.29,7.8,89,69,Samford 5-4
5/9/26,Charlotte,UAB,Away,43.20%,56.80%,UAB -0.83,7.8,98,68,UAB 11-2
5/9/26,South Alabama,Troy,Away,31.40%,68.60%,Troy -2.77,7.8,66,57,Troy 10-5
5/9/26,Utah,TCU,Home,26.60%,73.40%,TCU -3.54,7.8,70,30,TCU 3-1
5/9/26,DBU,Western Ky.,Away,46.70%,53.30%,Western Ky. -0.23,7.7,71,110,DBU 5-3
5/9/26,Louisiana Tech,Liberty,Home,28.50%,71.50%,Liberty -3.15,7.7,81,31,Louisiana Tech 9-6
5/9/26,Vanderbilt,Missouri,Home,68.80%,31.20%,Vanderbilt -2.81,7.7,38,87,Vanderbilt 11-8
5/9/26,Vanderbilt,Missouri,Home,68.80%,31.20%,Vanderbilt -2.81,7.7,38,87,Missouri 8-7
5/9/26,Alabama,South Carolina,Away,70.30%,29.70%,Alabama -3.36,7.6,9,104,Alabama 9-6
5/9/26,Cal Poly,Cal St. Fullerton,Away,57.30%,42.70%,Cal Poly -1.36,7.6,52,119,Cal Poly 7-6
5/9/26,Hawaii,UC Davis,Away,50.40%,49.60%,Hawaii -0.05,7.5,112,111,UC Davis 4-2
5/9/26,Western Caro.,Wake Forest,Home,23.60%,76.40%,Wake Forest -4.02,7.5,84,25,Wake Forest 14-2
5/9/26,Michigan St.,Ohio St.,Away,39.30%,60.70%,Ohio St. -1.42,7.4,109,78,Michigan St. 7-4
5/9/26,Indiana,Purdue,Away,34.20%,65.80%,Purdue -2.28,7.4,103,54,Purdue 5-4
5/9/26,Kennesaw St.,Jacksonville St.,Home,20.80%,79.30%,Jacksonville St. -4.63,7.4,88,22,Jacksonville St. 5-4
5/9/26,Duke,Georgia Tech,Away,11.80%,88.20%,Georgia Tech -6.93,7.3,82,4,Georgia Tech 15-2
5/9/26,Maryland,Rutgers,Away,48.30%,51.70%,Rutgers -0.14,7.3,101,124,Rutgers 10-0
5/9/26,Washington St.,Air Force,Home,43.00%,57.00%,Air Force -0.77,7.3,79,121,Washington St. 14-4
5/9/26,UTRGV,Tarleton St.,Home,39.60%,60.40%,Tarleton St. -1.61,7.3,126,58,Tarleton St. 10-8
5/9/26,Sacramento St.,California Baptist,Home,35.20%,64.80%,California Baptist -2.03,7.3,120,42,Sacramento St. 6-5
5/9/26,Houston,Arizona,Home,44.60%,55.40%,Arizona -0.66,7.2,90,130,Houston 7-5
5/9/26,Fla. Atlantic,Wichita St.,Away,45.70%,54.30%,Wichita St. -0.53,7.2,115,114,Fla. Atlantic 9-7
5/9/26,ETSU,Wofford,Away,48.20%,51.80%,Wofford -0.26,7.2,123,122,Wofford 6-5
5/9/26,South Fla.,Tulane,Away,57.10%,42.90%,South Fla. -1.04,7.1,74,137,Tulane 9-8
5/9/26,UC Santa Barbara,CSUN,Home,66.80%,33.20%,UC Santa Barbara -2.69,7,32,144,UC Santa Barbara 5-4
5/9/26,Winthrop,High Point,Home,32.10%,67.90%,High Point -2.67,6.8,129,77,High Point 7-3
5/9/26,SIUE,Eastern Ill.,Home,47.20%,52.80%,Eastern Ill. -0.28,6.8,140,133,SIUE 16-4
5/9/26,Old Dominion,Coastal Carolina,Home,22.50%,77.50%,Coastal Carolina -3.98,6.8,125,40,Old Dominion 6-3
5/9/26,San Jose St.,San Diego St.,Home,34.00%,66.00%,San Diego St. -2.24,6.7,142,73,San Jose St. 9-4
5/9/26,UTSA,Memphis,Home,74.40%,25.60%,UTSA -3.62,6.7,46,134,UTSA 9-2
5/9/26,Nevada,Southern California,Away,16.20%,83.80%,Southern California -5.82,6.6,135,15,Southern California 12-4
5/9/26,Utah Tech,UT Arlington,Home,53.00%,47.00%,Utah Tech -0.64,6.5,105,172,Utah Tech 16-4
5/9/26,New Mexico,Grand Canyon,Home,48.60%,51.40%,Grand Canyon -0.25,6.5,155,148,Grand Canyon 4-3
5/9/26,Charleston So.,Longwood,Away,50.80%,49.20%,Charleston So. -0.08,6.5,154,156,Charleston So. 7-1
5/9/26,Gonzaga,San Francisco,Away,64.40%,35.60%,Gonzaga -2.24,6.5,48,175,Gonzaga 13-0
5/9/26,Northwestern,Illinois,Home,30.50%,69.50%,Illinois -2.76,6.4,141,94,Illinois 4-3
5/9/26,Lamar University,Houston Christian,Home,58.70%,41.30%,Lamar University -1.37,6.4,95,169,Lamar University 5-3
5/9/26,Indiana St.,Murray St.,Away,44.40%,55.60%,Murray St. -0.77,6.3,138,159,Indiana St. 10-8
5/9/26,UC San Diego,CSU Bakersfield,Home,60.80%,39.20%,UC San Diego -1.71,6.1,85,191,CSU Bakersfield 10-8
5/9/26,Northwestern St.,McNeese,Home,38.60%,61.40%,McNeese -1.72,6.1,157,139,McNeese 9-0
5/9/26,Portland,Pepperdine,Home,50.90%,49.10%,Portland -0.23,6.1,127,198,Pepperdine 8-1
5/9/26,UNC Greensboro,Virginia Tech,Away,22.30%,77.70%,Virginia Tech -4.36,6.1,168,49,UNC Greensboro 18-13
5/9/26,Jacksonville,Stetson,Away,46.50%,53.50%,Stetson -0.26,6.1,132,183,Stetson 16-6
5/9/26,Jacksonville,Stetson,Away,46.50%,53.50%,Stetson -0.26,6.1,132,183,Jacksonville 5-4
5/9/26,North Ala.,Central Ark.,Home,46.30%,53.80%,Central Ark. -0.4,6,176,161,Central Ark. 4-3
5/9/26,North Ala.,Central Ark.,Home,46.30%,53.80%,Central Ark. -0.4,6,176,161,North Ala. 12-4
5/9/26,Illinois St.,UIC,Away,50.40%,49.60%,UIC -0.05,6,145,190,UIC 9-8
5/9/26,Southern Miss.,James Madison,Home,81.10%,18.90%,Southern Miss. -5.18,5.9,21,182,Southern Miss. 11-1
5/9/26,Georgia St.,Ga. Southern,Home,51.00%,49.00%,Georgia St. -0.37,5.8,143,203,Ga. Southern 6-5
5/9/26,ULM,Marshall,Home,39.40%,60.60%,Marshall -1.24,5.8,150,174,Marshall 13-10
5/9/26,Washington,Penn St.,Home,58.80%,41.20%,Washington -1.34,5.8,128,192,Penn St. 4-0
5/9/26,New Mexico St.,Missouri St.,Home,16.60%,83.40%,Missouri St. -5.54,5.7,186,35,Missouri St. 9-1
5/9/26,San Diego,Pacific,Home,48.10%,51.90%,Pacific -0.19,5.7,177,193,Pacific 18-6
5/9/26,Bethune-Cookman,Alabama St.,Home,51.20%,48.80%,Bethune-Cookman -0.1,5.7,171,194,Bethune-Cookman 7-3
5/9/26,Oregon St.,Long Beach St.,Home,81.10%,18.90%,Oregon St. -5.24,5.6,18,210,Oregon St. 8-1
5/9/26,George Mason,Dayton,Home,44.00%,56.00%,Dayton -0.65,5.6,181,185,George Mason 6-4
5/9/26,SFA,UIW,Away,50.40%,49.60%,SFA -0.29,5.6,173,202,SFA 9-6
5/9/26,VMI,Mercer,Home,17.90%,82.10%,Mercer -5.44,5.5,196,41,Mercer 5-2
5/9/26,Middle Tenn.,FIU,Home,51.00%,49.00%,Middle Tenn. -0.11,5.4,179,211,FIU 7-5
5/9/26,Southern Ind.,Southeast Mo. St.,Home,23.70%,76.30%,Southeast Mo. St. -4.03,5.4,204,75,Southeast Mo. St. 11-1
5/9/26,Campbell,Gardner-Webb,Away,79.00%,21.00%,Campbell -4.74,5.4,53,205,Campbell 11-9
5/9/26,A&M-Corpus Christi,New Orleans,Away,42.90%,57.10%,New Orleans -1.12,5.3,199,188,New Orleans 7-4
5/9/26,Omaha,Oral Roberts,Away,26.00%,74.00%,Oral Roberts -3.49,5.3,189,116,Oral Roberts 4-3
5/9/26,Omaha,Oral Roberts,Away,26.00%,74.00%,Oral Roberts -3.49,5.3,189,116,Omaha 7-5
5/9/26,Ball St.,NIU,Away,30.10%,69.90%,NIU -3.04,5.3,212,99,NIU 11-1
5/9/26,Little Rock,UT Martin,Away,63.60%,36.40%,Little Rock -2.24,5.2,113,231,UT Martin 6-5
5/9/26,Western Mich.,Bowling Green,Home,54.80%,45.20%,Western Mich. -1.01,5.1,162,234,Western Mich. 7-1
5/9/26,Rhode Island,Davidson,Home,49.80%,50.20%,Rhode Island -0.2,5,214,220,Rhode Island 17-7
5/9/26,Col. of Charleston,Elon,Away,59.90%,40.10%,Col. of Charleston -1.63,5,152,228,Col. of Charleston 11-1
5/9/26,Wright St.,Northern Ky.,Home,60.30%,39.70%,Wright St. -1.53,5,153,227,Wright St. 18-6
5/9/26,Georgetown,Creighton,Home,21.70%,78.30%,Creighton -4.42,4.9,219,97,Creighton 9-5
5/9/26,Xavier,Butler,Home,72.60%,27.40%,Xavier -3.53,4.9,91,236,Xavier 12-10
5/9/26,Stony Brook,Northeastern,Home,19.80%,80.20%,Northeastern -4.86,4.9,207,102,Northeastern 15-0
5/9/26,St. John's (NY),Villanova,Away,72.30%,27.70%,St. John's (NY) -3.57,4.8,92,241,St. John's (NY) 3-0
5/9/26,Santa Clara,Seattle U,Away,62.80%,37.20%,Santa Clara -1.97,4.8,147,237,Santa Clara 11-4
5/9/26,UNLV,Fresno St.,Home,63.00%,37.00%,UNLV -2.1,4.8,136,248,UNLV 17-1
5/9/26,Delaware,Sam Houston,Away,29.70%,70.30%,Sam Houston -2.87,4.7,229,146,Sam Houston 5-4
5/9/26,Southern Ill.,Belmont,Home,52.60%,47.40%,Southern Ill. -0.51,4.7,218,233,Southern Ill. 9-4
5/9/26,UC Irvine,UC Riverside,Away,73.40%,26.60%,UC Irvine -3.68,4.7,93,246,UC Irvine 15-3
5/9/26,Eastern Mich.,Kent St.,Away,14.80%,85.20%,Kent St. -6.08,4.6,238,61,Eastern Mich. 10-7
5/9/26,North Florida,Queens (NC),Away,65.20%,34.80%,North Florida -2.36,4.5,149,255,Queens (NC) 4-3
5/9/26,Holy Cross,Army West Point,Neutral,41.50%,58.50%,Army West Point -1.17,4.4,249,197,Holy Cross 5-3
5/9/26,Saint Mary's (CA),LMU (CA),Home,77.20%,22.80%,Saint Mary's (CA) -4.47,4.4,96,254,Saint Mary's (CA) 8-6
5/9/26,Utah Valley,Abilene Christian,Home,26.60%,73.40%,Abilene Christian -3.47,4.3,243,151,Utah Valley 5-3
5/9/26,UMBC,Bryant,Home,32.50%,67.50%,Bryant -2.28,4.3,221,217,UMBC 7-5
5/9/26,UConn,Seton Hall,Home,75.60%,24.40%,UConn -4.08,4.3,100,263,UConn 13-1
5/9/26,Towson,William & Mary,Away,40.20%,59.80%,William & Mary -1.19,4.2,245,222,Towson 11-10
5/9/26,Massachusetts,Miami (OH),Away,14.90%,85.10%,Miami (OH) -6.05,4.1,269,76,Miami (OH) 10-8
5/9/26,Milwaukee,Youngstown St.,Away,64.00%,36.00%,Milwaukee -2.25,4,180,270,Youngstown St. 4-3
5/9/26,USC Upstate,Presbyterian,Home,77.50%,22.50%,USC Upstate -4.51,4,108,278,USC Upstate 7-1
5/9/26,West Ga.,FGCU,Home,20.60%,79.40%,FGCU -4.78,4,268,118,FGCU 10-5
5/9/26,UMass Lowell,Maine,Home,35.00%,65.00%,Maine -2.21,4,253,216,UMass Lowell 7-6
5/9/26,Evansville,Valparaiso,Away,57.60%,42.40%,Evansville -1.33,4,200,276,Evansville 6-5
5/9/26,Tennessee Tech,Lindenwood,Home,32.20%,67.80%,Lindenwood -2.58,4,251,195,Lindenwood 4-3
5/9/26,Western Ill.,Morehead St.,Home,32.70%,67.30%,Morehead St. -2.73,3.9,281,158,Morehead St. 4-3
5/9/26,UNC Asheville,Radford,Home,30.30%,69.70%,Radford -2.81,3.9,259,187,UNC Asheville 4-2
5/9/26,Oakland,Notre Dame,Home,6.70%,93.30%,Notre Dame -9.06,3.9,271,47,Notre Dame 15-5
5/9/26,Bellarmine,Lipscomb,Away,23.70%,76.30%,Lipscomb -4.15,3.8,260,165,Lipscomb 2-1
5/9/26,Northern Colo.,North Dakota St.,Home,37.90%,62.10%,North Dakota St. -1.51,3.8,256,244,North Dakota St. 12-9
5/9/26,St. Thomas (MN),South Dakota St.,Home,34.40%,65.60%,South Dakota St. -2.26,3.8,267,209,St. Thomas (MN) 4-2
5/9/26,Akron,Central Mich.,Away,35.50%,64.50%,Central Mich. -2.08,3.7,265,224,Akron 12-10
5/9/26,UNCW,N.C. A&T,Home,81.40%,18.60%,UNCW -5.07,3.7,131,272,UNCW 10-7
5/9/26,Bradley,Campbell,Neutral,7.60%,92.40%,Campbell -8.58,3.7,289,53,Campbell 14-3
5/9/26,Eastern Ky.,Austin Peay,Home,23.20%,76.80%,Austin Peay -3.76,3.5,258,201,Eastern Ky. 4-2
5/9/26,George Washington,Richmond,Away,20.90%,79.10%,Richmond -4.68,3.4,282,160,Richmond 10-6
5/9/26,Texas Southern,Southern U.,Home,33.50%,66.50%,Southern U. -2.55,3.3,285,232,Texas Southern 0-0
5/9/26,Grambling,Ark.-Pine Bluff,Home,34.00%,66.00%,Ark.-Pine Bluff -2.12,3.2,273,266,Grambling 15-3
5/9/26,Bradley,Gardner-Webb,Away,23.60%,76.40%,Gardner-Webb -4.08,3.1,289,205,Gardner-Webb 7-6
5/9/26,Toledo,Ohio,Home,79.90%,20.10%,Toledo -4.92,3.1,170,294,Toledo 7-5
5/9/26,Sacred Heart,Canisius,Home,36.80%,63.20%,Canisius -1.79,3.1,284,274,Canisius 5-3
5/9/26,FDU,Norfolk St.,Away,73.90%,26.10%,FDU -3.68,2.7,240,298,FDU 10-8
5/9/26,Central Conn. St.,Mercyhurst,Away,32.80%,67.20%,Mercyhurst -2.2,2.5,297,299,Central Conn. St. 8-7
5/9/26,Jackson St.,Mississippi Val.,Away,79.40%,20.60%,Jackson St. -4.62,2.1,283,301,Mississippi Val. 13-11
5/9/26,Florida A&M,Alabama A&M,Home,89.90%,10.10%,Florida A&M -7.58,2.1,225,304,Florida A&M 6-2
5/9/26,Florida A&M,Alabama A&M,Home,89.90%,10.10%,Florida A&M -7.58,2.1,225,304,Florida A&M 10-3
5/9/26,Coppin St.,Wagner,Away,11.00%,89.00%,Wagner -7.09,2,303,247,Wagner 10-9
5/9/26,UMES,Le Moyne,Home,9.20%,90.80%,Le Moyne -7.71,1.7,307,275,Le Moyne 16-15
5/8/26,West Virginia,Kansas,Home,49.00%,51.00%,Kansas -0.04,9.8,6,12,West Virginia 4-1
5/8/26,Texas A&M,Ole Miss,Home,45.90%,54.10%,Ole Miss -0.59,9.6,7,11,Ole Miss 5-3
5/8/26,Oklahoma,Arkansas,Home,45.90%,54.10%,Arkansas -0.52,9.5,13,17,Arkansas 12-2
5/8/26,Auburn,Mississippi St.,Away,41.20%,58.80%,Mississippi St. -1.13,9.5,8,10,Auburn 5-4
5/8/26,Texas,Tennessee,Home,58.20%,41.80%,Texas -1.43,9.3,3,26,Tennessee 5-1
5/8/26,Oklahoma St.,Arizona St.,Home,40.90%,59.10%,Arizona St. -1.1,9.1,27,23,Oklahoma St. 9-6
5/8/26,Cincinnati,Kansas St.,Away,51.10%,48.90%,Cincinnati -0.3,9.1,24,44,Cincinnati 4-2
5/8/26,Florida St.,Clemson,Home,53.30%,46.70%,Florida St. -0.68,8.9,19,55,Florida St. 8-4
5/8/26,Oregon,UCLA,Away,29.70%,70.30%,UCLA -2.97,8.9,20,1,UCLA 11-1
5/8/26,UCF,Baylor,Home,50.00%,50.00%,UCF -0.11,8.9,33,60,UCF 8-0
5/8/26,Kentucky,Florida,Home,29.30%,70.70%,Florida -3.03,8.7,28,14,Florida 7-6
5/8/26,NC State,Stanford,Away,55.60%,44.40%,NC State -0.73,8.4,51,64,Stanford 6-5
5/8/26,Texas St.,Arkansas St.,Home,48.70%,51.30%,Texas St. -0.08,8.3,59,83,Texas St. 6-2
5/8/26,Pittsburgh,North Carolina,Home,20.30%,79.70%,North Carolina -4.81,8.3,36,5,North Carolina 4-1
5/8/26,LSU,Georgia,Home,21.00%,79.00%,Georgia -4.78,8.2,45,2,Georgia 11-8
5/8/26,California,Virginia,Away,32.30%,67.70%,Virginia -2.35,8.2,56,34,California 7-4
5/8/26,Iowa,Nebraska,Away,30.90%,69.10%,Nebraska -2.8,8.2,63,16,Nebraska 10-0
5/8/26,Louisville,Miami (FL),Away,35.50%,64.50%,Miami (FL) -2.08,8.2,67,29,Louisville 16-9
5/8/26,Michigan,Minnesota,Away,40.40%,59.60%,Minnesota -1.07,8.2,50,72,Minnesota 13-1
5/8/26,BYU,Texas Tech,Away,44.10%,55.90%,Texas Tech -0.68,8.1,62,80,BYU 12-3
5/8/26,Louisiana,App State,Home,53.70%,46.30%,Louisiana -0.84,8,39,106,Louisiana 5-4
5/8/26,Rice,East Carolina,Home,32.20%,67.80%,East Carolina -2.56,8,65,43,Rice 10-5
5/8/26,Samford,The Citadel,Away,40.40%,59.60%,The Citadel -1.29,7.8,89,69,The Citadel 8-0
5/8/26,Samford,The Citadel,Away,40.40%,59.60%,The Citadel -1.29,7.8,89,69,The Citadel 10-4
5/8/26,Charlotte,UAB,Away,43.20%,56.80%,UAB -0.83,7.8,98,68,Charlotte 20-2
5/8/26,Utah,TCU,Home,26.60%,73.40%,TCU -3.54,7.8,70,30,TCU 3-0
5/8/26,South Alabama,Troy,Away,31.40%,68.60%,Troy -2.77,7.8,66,57,South Alabama 12-1
5/8/26,DBU,Western Ky.,Away,46.70%,53.30%,Western Ky. -0.23,7.7,71,110,Western Ky. 7-4
5/8/26,Louisiana Tech,Liberty,Home,28.50%,71.50%,Liberty -3.15,7.7,81,31,Louisiana Tech 9-3
5/8/26,Alabama,South Carolina,Away,70.30%,29.70%,Alabama -3.36,7.6,9,104,Alabama 8-3
5/8/26,Cal Poly,Cal St. Fullerton,Away,57.30%,42.70%,Cal Poly -1.36,7.6,52,119,Cal St. Fullerton 4-3
5/8/26,Michigan St.,Ohio St.,Neutral,45.50%,54.50%,Ohio St. -0.62,7.6,109,78,Ohio St. 15-5
5/8/26,Hawaii,UC Davis,Away,50.40%,49.60%,Hawaii -0.05,7.5,112,111,Hawaii 4-1
5/8/26,Western Caro.,Wake Forest,Home,23.60%,76.40%,Wake Forest -4.02,7.5,84,25,Wake Forest 6-1
5/8/26,Indiana,Purdue,Away,34.20%,65.80%,Purdue -2.28,7.4,103,54,Purdue 11-9
5/8/26,VCU,Saint Joseph's,Home,50.70%,49.30%,VCU -0.24,7.4,117,107,VCU 9-6
5/8/26,VCU,Saint Joseph's,Home,50.70%,49.30%,VCU -0.24,7.4,117,107,Saint Joseph's 6-4
5/8/26,Kennesaw St.,Jacksonville St.,Home,20.80%,79.30%,Jacksonville St. -4.63,7.4,88,22,Kennesaw St. 5-2
5/8/26,Maryland,Rutgers,Away,48.30%,51.70%,Rutgers -0.14,7.3,101,124,Rutgers 5-3
5/8/26,Duke,Georgia Tech,Away,11.80%,88.20%,Georgia Tech -6.93,7.3,82,4,Georgia Tech 10-9
5/8/26,Washington St.,Air Force,Home,43.00%,57.00%,Air Force -0.77,7.3,79,121,Washington St. 11-2
5/8/26,UTRGV,Tarleton St.,Home,39.60%,60.40%,Tarleton St. -1.61,7.3,126,58,Tarleton St. 7-4
5/8/26,Sacramento St.,California Baptist,Home,35.20%,64.80%,California Baptist -2.03,7.3,120,42,California Baptist 5-4
5/8/26,Houston,Arizona,Home,44.60%,55.40%,Arizona -0.66,7.2,90,130,Houston 7-4
5/8/26,Fla. Atlantic,Wichita St.,Away,45.70%,54.30%,Wichita St. -0.53,7.2,115,114,Fla. Atlantic 4-2
5/8/26,ETSU,Wofford,Away,48.20%,51.80%,Wofford -0.26,7.2,123,122,Wofford 7-6
5/8/26,South Fla.,Tulane,Away,57.10%,42.90%,South Fla. -1.04,7.1,74,137,South Fla. 16-6
5/8/26,UC Santa Barbara,CSUN,Home,66.80%,33.20%,UC Santa Barbara -2.69,7,32,144,UC Santa Barbara 8-4
5/8/26,Winthrop,High Point,Home,32.10%,67.90%,High Point -2.67,6.8,129,77,High Point 9-8
5/8/26,SIUE,Eastern Ill.,Home,47.20%,52.80%,Eastern Ill. -0.28,6.8,140,133,SIUE 3-2
5/8/26,Old Dominion,Coastal Carolina,Home,22.50%,77.50%,Coastal Carolina -3.98,6.8,125,40,Coastal Carolina 16-8
5/8/26,San Jose St.,San Diego St.,Home,34.00%,66.00%,San Diego St. -2.24,6.7,142,73,San Diego St. 11-1
5/8/26,UTSA,Memphis,Home,74.40%,25.60%,UTSA -3.62,6.7,46,134,Memphis 6-4
5/8/26,Nevada,Southern California,Away,16.20%,83.80%,Southern California -5.82,6.6,135,15,Southern California 11-3
5/8/26,Utah Tech,UT Arlington,Home,53.00%,47.00%,Utah Tech -0.64,6.5,105,172,UT Arlington 2-0
5/8/26,New Mexico,Grand Canyon,Home,48.60%,51.40%,Grand Canyon -0.25,6.5,155,148,Grand Canyon 6-5
5/8/26,Charleston So.,Longwood,Away,50.80%,49.20%,Charleston So. -0.08,6.5,154,156,Charleston So. 14-3
5/8/26,Gonzaga,San Francisco,Away,64.40%,35.60%,Gonzaga -2.24,6.5,48,175,Gonzaga 7-0
5/8/26,Northwestern,Illinois,Home,30.50%,69.50%,Illinois -2.76,6.4,141,94,Illinois 12-0
5/8/26,Indiana St.,Murray St.,Away,44.40%,55.60%,Murray St. -0.77,6.3,138,159,Indiana St. 3-2
5/8/26,UC San Diego,CSU Bakersfield,Home,60.80%,39.20%,UC San Diego -1.71,6.1,85,191,UC San Diego 4-2
5/8/26,Northwestern St.,McNeese,Home,38.60%,61.40%,McNeese -1.72,6.1,157,139,McNeese 5-4
5/8/26,Portland,Pepperdine,Home,50.90%,49.10%,Portland -0.23,6.1,127,198,Pepperdine 5-3
5/8/26,North Ala.,Central Ark.,Home,46.30%,53.80%,Central Ark. -0.4,6,176,161,Central Ark. 11-6
5/8/26,Illinois St.,UIC,Away,50.40%,49.60%,UIC -0.05,6,145,190,UIC 10-2
5/8/26,Southern Miss.,James Madison,Home,81.10%,18.90%,Southern Miss. -5.18,5.9,21,182,Southern Miss. 8-5
5/8/26,Washington,Penn St.,Home,58.80%,41.20%,Washington -1.34,5.8,128,192,Washington 5-4
5/8/26,ULM,Marshall,Home,39.40%,60.60%,Marshall -1.24,5.8,150,174,Marshall 7-4
5/8/26,Washington,Penn St.,Home,58.80%,41.20%,Washington -1.34,5.8,128,192,Penn St. 6-4
5/8/26,Georgia St.,Ga. Southern,Home,51.00%,49.00%,Georgia St. -0.37,5.8,143,203,Georgia St. 5-1
5/8/26,Georgia St.,Ga. Southern,Home,51.00%,49.00%,Georgia St. -0.37,5.8,143,203,Georgia St. 10-5
5/8/26,New Mexico St.,Missouri St.,Home,16.60%,83.40%,Missouri St. -5.54,5.7,186,35,Missouri St. 14-8
5/8/26,San Diego,Pacific,Home,48.10%,51.90%,Pacific -0.19,5.7,177,193,Pacific 6-4
5/8/26,Bethune-Cookman,Alabama St.,Home,51.20%,48.80%,Bethune-Cookman -0.1,5.7,171,194,Bethune-Cookman 6-1
5/8/26,Oregon St.,Long Beach St.,Home,81.10%,18.90%,Oregon St. -5.24,5.6,18,210,Oregon St. 7-2
5/8/26,Monmouth,Hofstra,Home,39.70%,60.30%,Hofstra -1.28,5.6,167,178,Hofstra 7-3
5/8/26,Monmouth,Hofstra,Home,39.70%,60.30%,Hofstra -1.28,5.6,167,178,Monmouth 5-2
5/8/26,George Mason,Dayton,Home,44.00%,56.00%,Dayton -0.65,5.6,181,185,Dayton 11-6
5/8/26,SFA,UIW,Away,50.40%,49.60%,SFA -0.29,5.6,173,202,UIW 9-8
5/8/26,VMI,Mercer,Home,17.90%,82.10%,Mercer -5.44,5.5,196,41,Mercer 13-2
5/8/26,Middle Tenn.,FIU,Home,51.00%,49.00%,Middle Tenn. -0.11,5.4,179,211,Middle Tenn. 11-9
5/8/26,Southern Ind.,Southeast Mo. St.,Home,23.70%,76.30%,Southeast Mo. St. -4.03,5.4,204,75,Southeast Mo. St. 7-5
5/8/26,A&M-Corpus Christi,New Orleans,Away,42.90%,57.10%,New Orleans -1.12,5.3,199,188,New Orleans 6-4
5/8/26,Ball St.,NIU,Away,30.10%,69.90%,NIU -3.04,5.3,212,99,NIU 5-2
5/8/26,Little Rock,UT Martin,Away,63.60%,36.40%,Little Rock -2.24,5.2,113,231,Little Rock 15-4
5/8/26,Western Mich.,Bowling Green,Home,54.80%,45.20%,Western Mich. -1.01,5.1,162,234,Bowling Green 5-2
5/8/26,Rhode Island,Davidson,Home,49.80%,50.20%,Rhode Island -0.2,5,214,220,Rhode Island 17-16
5/8/26,Col. of Charleston,Elon,Away,59.90%,40.10%,Col. of Charleston -1.63,5,152,228,Col. of Charleston 6-5
5/8/26,Wright St.,Northern Ky.,Home,60.30%,39.70%,Wright St. -1.53,5,153,227,Northern Ky. 12-11
5/8/26,Georgetown,Creighton,Home,21.70%,78.30%,Creighton -4.42,4.9,219,97,Georgetown 4-3
5/8/26,Xavier,Butler,Home,72.60%,27.40%,Xavier -3.53,4.9,91,236,Xavier 5-2
5/8/26,Stony Brook,Northeastern,Home,19.80%,80.20%,Northeastern -4.86,4.9,207,102,Northeastern 12-3
5/8/26,St. John's (NY),Villanova,Away,72.30%,27.70%,St. John's (NY) -3.57,4.8,92,241,St. John's (NY) 8-1
5/8/26,Santa Clara,Seattle U,Away,62.80%,37.20%,Santa Clara -1.97,4.8,147,237,Santa Clara 7-1
5/8/26,UNLV,Fresno St.,Home,63.00%,37.00%,UNLV -2.1,4.8,136,248,UNLV 11-6
5/8/26,Rider,Quinnipiac,Home,51.80%,48.20%,Rider -0.57,4.8,184,252,Quinnipiac 9-4
5/8/26,Rider,Quinnipiac,Home,51.80%,48.20%,Rider -0.57,4.8,184,252,Rider 5-2
5/8/26,Delaware,Sam Houston,Away,29.70%,70.30%,Sam Houston -2.87,4.7,229,146,Sam Houston 13-2
5/8/26,Southern Ill.,Belmont,Home,52.60%,47.40%,Southern Ill. -0.51,4.7,218,233,Southern Ill. 8-3
5/8/26,UC Irvine,UC Riverside,Away,73.40%,26.60%,UC Irvine -3.68,4.7,93,246,UC Irvine 17-5
5/8/26,Eastern Mich.,Kent St.,Away,14.80%,85.20%,Kent St. -6.08,4.6,238,61,Kent St. 6-5
5/8/26,North Florida,Queens (NC),Away,65.20%,34.80%,North Florida -2.36,4.5,149,255,North Florida 10-6
5/8/26,Saint Mary's (CA),LMU (CA),Home,77.20%,22.80%,Saint Mary's (CA) -4.47,4.4,96,254,Saint Mary's (CA) 17-4
5/8/26,Utah Valley,Abilene Christian,Home,26.60%,73.40%,Abilene Christian -3.47,4.3,243,151,Abilene Christian 9-2
5/8/26,UConn,Seton Hall,Home,75.60%,24.40%,UConn -4.08,4.3,100,263,UConn 4-3
5/8/26,UMBC,Bryant,Home,32.50%,67.50%,Bryant -2.28,4.3,221,217,UMBC 4-2
5/8/26,Towson,William & Mary,Away,40.20%,59.80%,William & Mary -1.19,4.2,245,222,Towson 15-3
5/8/26,Massachusetts,Miami (OH),Away,14.90%,85.10%,Miami (OH) -6.05,4.1,269,76,Miami (OH) 9-8
5/8/26,Milwaukee,Youngstown St.,Away,64.00%,36.00%,Milwaukee -2.25,4,180,270,Youngstown St. 13-11
5/8/26,West Ga.,FGCU,Home,20.60%,79.40%,FGCU -4.78,4,268,118,FGCU 7-6
5/8/26,USC Upstate,Presbyterian,Home,77.50%,22.50%,USC Upstate -4.51,4,108,278,Presbyterian 6-5
5/8/26,Evansville,Valparaiso,Away,57.60%,42.40%,Evansville -1.33,4,200,276,Valparaiso 6-5
5/8/26,UMass Lowell,Maine,Home,35.00%,65.00%,Maine -2.21,4,253,216,UMass Lowell 2-0
5/8/26,Marist,Fairfield,Home,30.70%,69.30%,Fairfield -2.73,4,242,213,Fairfield 4-0
5/8/26,Marist,Fairfield,Home,30.70%,69.30%,Fairfield -2.73,4,242,213,Marist 4-3
5/8/26,Tennessee Tech,Lindenwood,Home,32.20%,67.80%,Lindenwood -2.58,4,251,195,Lindenwood 6-5
5/8/26,Western Ill.,Morehead St.,Home,32.70%,67.30%,Morehead St. -2.73,3.9,281,158,Morehead St. 10-8
5/8/26,UNC Asheville,Radford,Home,30.30%,69.70%,Radford -2.81,3.9,259,187,Radford 9-5
5/8/26,Oakland,Notre Dame,Home,6.70%,93.30%,Notre Dame -9.06,3.9,271,47,Notre Dame 2-0
5/8/26,Bellarmine,Lipscomb,Away,23.70%,76.30%,Lipscomb -4.15,3.8,260,165,Lipscomb 6-4
5/8/26,Northern Colo.,North Dakota St.,Home,37.90%,62.10%,North Dakota St. -1.51,3.8,256,244,Northern Colo. 10-4
5/8/26,St. Thomas (MN),South Dakota St.,Home,34.40%,65.60%,South Dakota St. -2.26,3.8,267,209,South Dakota St. 16-13
5/8/26,Akron,Central Mich.,Away,35.50%,64.50%,Central Mich. -2.08,3.7,265,224,Central Mich. 3-0
5/8/26,Niagara,Manhattan,Home,54.30%,45.70%,Niagara -0.85,3.7,230,291,Niagara 15-11
5/8/26,UNCW,N.C. A&T,Home,81.40%,18.60%,UNCW -5.07,3.7,131,272,UNCW 18-2
5/8/26,Saint Louis,Fordham,Home,34.50%,65.50%,Fordham -2.07,3.6,264,235,Saint Louis 7-2
5/8/26,Saint Louis,Fordham,Home,34.50%,65.50%,Fordham -2.07,3.6,264,235,Saint Louis 4-0
5/8/26,Eastern Ky.,Austin Peay,Home,23.20%,76.80%,Austin Peay -3.76,3.5,258,201,Eastern Ky. 5-2
5/8/26,Binghamton,UAlbany,Away,73.10%,26.90%,Binghamton -3.66,3.5,163,288,Binghamton 12-2
5/8/26,Dartmouth,Yale,Away,21.00%,79.00%,Yale -4.64,3.5,277,164,Yale 7-3
5/8/26,George Washington,Richmond,Away,20.90%,79.10%,Richmond -4.68,3.4,282,160,Richmond 8-5
5/8/26,Texas Southern,Southern U.,Home,33.50%,66.50%,Southern U. -2.55,3.3,285,232,Texas Southern 0-0
5/8/26,Iona,Siena,Away,42.50%,57.50%,Siena -0.92,3.2,290,279,Iona 9-1
5/8/26,Grambling,Ark.-Pine Bluff,Home,34.00%,66.00%,Ark.-Pine Bluff -2.12,3.2,273,266,Ark.-Pine Bluff 16-1
5/8/26,St. Bonaventure,La Salle,Home,38.90%,61.10%,La Salle -1.62,3.2,292,261,La Salle 11-8
5/8/26,St. Bonaventure,La Salle,Home,38.90%,61.10%,La Salle -1.62,3.2,292,261,La Salle 18-9
5/8/26,Iona,Siena,Away,42.50%,57.50%,Siena -0.92,3.2,290,279,Siena 12-11
5/8/26,Bradley,Gardner-Webb,Away,23.60%,76.40%,Gardner-Webb -4.08,3.1,289,205,Gardner-Webb 10-9
5/8/26,Toledo,Ohio,Home,79.90%,20.10%,Toledo -4.92,3.1,170,294,Ohio 4-3
5/8/26,Sacred Heart,Canisius,Home,36.80%,63.20%,Canisius -1.79,3.1,284,274,Canisius 6-3
5/8/26,Stonehill,LIU,Home,25.30%,74.70%,LIU -3.8,2.9,286,239,LIU 5-2
5/8/26,Stonehill,LIU,Home,25.30%,74.70%,LIU -3.8,2.9,286,239,LIU 6-5
5/8/26,FDU,Norfolk St.,Away,73.90%,26.10%,FDU -3.68,2.7,240,298,Norfolk St. 8-6
5/8/26,Central Conn. St.,Mercyhurst,Away,32.80%,67.20%,Mercyhurst -2.2,2.5,297,299,Central Conn. St. 5-1
5/8/26,Prairie View,Alcorn,Home,72.00%,28.00%,Prairie View -3.31,2.2,300,305,Prairie View 11-1
5/8/26,Jackson St.,Mississippi Val.,Away,79.40%,20.60%,Jackson St. -4.62,2.1,283,301,Jackson St. 11-5
5/8/26,Coppin St.,Wagner,Away,11.00%,89.00%,Wagner -7.09,2,303,247,Wagner 7-6
5/8/26,Merrimack,Saint Peter's,Away,86.70%,13.30%,Merrimack -6.53,1.9,257,308,Merrimack 16-5
5/8/26,UMES,Le Moyne,Home,9.20%,90.80%,Le Moyne -7.71,1.7,307,275,Le Moyne 14-11
5/8/26,UMES,Le Moyne,Home,9.20%,90.80%,Le Moyne -7.71,1.7,307,275,Le Moyne 6-2
5/8/26,Delaware St.,New Haven,Away,13.80%,86.20%,New Haven -5.87,1.6,306,302,Delaware St. 6-4
5/8/26,Delaware St.,New Haven,Away,13.80%,86.20%,New Haven -5.87,1.6,306,302,New Haven 5-3
5/7/26,Auburn,Mississippi St.,Away,41.20%,58.80%,Mississippi St. -1.13,9.5,8,10,Mississippi St. 10-3
5/7/26,Louisville,Miami (FL),Away,35.50%,64.50%,Miami (FL) -2.08,8.2,67,29,Miami (FL) 13-8
5/7/26,BYU,Texas Tech,Away,44.10%,55.90%,Texas Tech -0.68,8.1,62,80,Texas Tech 2-1
5/7/26,Nevada,Southern California,Away,16.20%,83.80%,Southern California -5.82,6.6,135,15,Southern California 8-0
5/7/26,Lamar University,Houston Christian,Home,58.70%,41.30%,Lamar University -1.37,6.4,95,169,Lamar University 10-3
5/7/26,Northwestern St.,McNeese,Home,38.60%,61.40%,McNeese -1.72,6.1,157,139,McNeese 1-0
5/7/26,Nicholls,Southeastern La.,Away,25.30%,74.70%,Southeastern La. -3.75,5.9,166,86,Southeastern La. 12-2
5/7/26,SFA,UIW,Away,50.40%,49.60%,SFA -0.29,5.6,173,202,SFA 4-2
5/7/26,A&M-Corpus Christi,New Orleans,Away,42.90%,57.10%,New Orleans -1.12,5.3,199,188,New Orleans 9-2
5/7/26,Rider,Quinnipiac,Home,51.80%,48.20%,Rider -0.57,4.8,184,252,Rider 9-3
5/7/26,Bellarmine,Lipscomb,Away,23.70%,76.30%,Lipscomb -4.15,3.8,260,165,Lipscomb 5-4
5/7/26,Florida A&M,Alabama A&M,Home,89.90%,10.10%,Florida A&M -7.58,2.1,225,304,Florida A&M 9-8
5/6/26,Virginia Tech,Liberty,Home,36.10%,63.90%,Liberty -1.86,8.5,49,31,Virginia Tech 8-4
5/6/26,Winthrop,North Carolina,Home,10.80%,89.20%,North Carolina -7.37,6.5,129,5,Winthrop 0-0
5/6/26,Grand Canyon,Oregon,Away,15.80%,84.20%,Oregon -5.87,6.3,148,20,Grand Canyon 0-0
5/6/26,Western Mich.,Michigan St.,Home,31.90%,68.10%,Michigan St. -2.64,6,162,109,Michigan St. 8-3
5/6/26,San Francisco,Stanford,Away,24.50%,75.50%,Stanford -3.96,5.9,175,64,Stanford 12-5
5/6/26,Mercer,Ga. Southern,Home,73.80%,26.30%,Mercer -3.82,5.8,41,203,Mercer 10-7
5/6/26,Austin Peay,Southeast Mo. St.,Away,32.40%,67.60%,Southeast Mo. St. -2.79,5.8,201,75,Southeast Mo. St. 7-5
5/6/26,Omaha,Kansas St.,Home,17.20%,82.80%,Kansas St. -5.41,5.6,189,44,Omaha 0-0
5/6/26,Rider,Rutgers,Away,29.80%,70.20%,Rutgers -2.66,5.5,184,124,Rider 0-0
5/6/26,FGCU,FIU,Away,61.10%,38.90%,FGCU -1.64,5.5,118,211,FGCU 9-8
5/6/26,Wofford,Gardner-Webb,Home,66.80%,33.20%,Wofford -2.54,5.4,122,205,Wofford 0-0
5/6/26,Milwaukee,UIC,Away,37.20%,62.80%,UIC -1.62,5.3,180,190,Milwaukee 12-6
5/6/26,New Mexico St.,Arizona,Home,20.30%,79.70%,Arizona -4.63,5.1,186,130,Arizona 8-6
5/6/26,UT Martin,Murray St.,Home,26.40%,73.60%,Murray St. -3.38,4.4,231,159,UT Martin 5-1
5/6/26,FDU,Monmouth,Away,26.60%,73.40%,Monmouth -3.39,4.2,240,167,FDU 0-0
5/6/26,Towson,Villanova,Away,43.50%,56.50%,Villanova -0.85,4.2,245,241,Villanova 14-1
5/6/26,Butler,Toledo,Away,22.40%,77.60%,Toledo -4.2,4.1,236,170,Toledo 12-1
5/6/26,Eastern Mich.,Youngstown St.,Away,55.90%,44.10%,Eastern Mich. -0.84,3.9,238,270,Eastern Mich. 15-5
5/6/26,Eastern Ky.,Western Ky.,Away,11.30%,88.70%,Western Ky. -6.88,3.8,258,110,Eastern Ky. 5-3
5/6/26,Saint Louis,Lindenwood,Home,30.10%,69.90%,Lindenwood -2.9,3.8,264,195,Lindenwood 10-1
5/6/26,Western Ill.,Indiana St.,Home,21.60%,78.40%,Indiana St. -4.37,3.6,281,138,Western Ill. 13-3
5/6/26,Morehead St.,Ohio,Away,69.50%,30.50%,Morehead St. -3.19,3.6,158,294,Morehead St. 5-1
5/6/26,Bradley,Illinois,Away,8.30%,91.70%,Illinois -8.15,3.4,289,94,Illinois 10-2
5/6/26,Iona,Yale,Away,14.10%,85.90%,Yale -6.18,3,290,164,Yale 12-1
5/6/26,Hofstra,New Haven,Away,80.50%,19.50%,Hofstra -5.08,2.9,178,302,Hofstra 0-0
5/5/26,Kansas St.,Missouri St.,Away,47.10%,52.90%,Missouri St. -0.38,9,44,35,Kansas St. 0-0
5/5/26,Alabama,Troy,Away,57.50%,42.50%,Alabama -1.14,8.8,9,57,Troy 6-1
5/5/26,Clemson,Coastal Carolina,Away,45.90%,54.10%,Coastal Carolina -0.46,8.7,55,40,Clemson 8-4
5/5/26,Baylor,Texas St.,Away,44.40%,55.60%,Texas St. -0.77,8.4,60,59,Texas St. 9-6
5/5/26,DBU,Texas Tech,Away,52.00%,48.00%,DBU -0.4,8.2,71,80,Texas Tech 9-7
5/5/26,Michigan,Xavier,Away,52.10%,47.90%,Michigan -0.31,8.2,50,91,Michigan 0-0
5/5/26,UTSA,Texas,Home,22.20%,77.80%,Texas -4.45,8.2,46,3,Texas 11-8
5/5/26,Louisville,Vanderbilt,Away,33.20%,66.80%,Vanderbilt -2.3,8.1,67,38,Vanderbilt 12-6
5/5/26,Miami (OH),Ohio St.,Away,45.50%,54.50%,Ohio St. -0.56,8.1,76,78,Miami (OH) 0-0
5/5/26,San Diego St.,UC San Diego,Away,47.70%,52.30%,UC San Diego -0.28,8.1,73,85,UC San Diego 8-4
5/5/26,Auburn,UAB,Away,73.80%,26.20%,Auburn -3.78,8,8,68,Auburn 10-2
5/5/26,Campbell,Charlotte,Away,55.00%,45.00%,Campbell -0.87,8,53,98,Campbell 15-7
5/5/26,Arizona St.,Missouri,Away,69.80%,30.20%,Arizona St. -3.0,7.8,23,87,Arizona St. 0-0
5/5/26,Kansas,Creighton,Home,70.10%,29.90%,Kansas -3.23,7.7,12,97,Creighton 9-8
5/5/26,UCF,Fla. Atlantic,Home,61.50%,38.50%,UCF -1.73,7.6,33,115,Fla. Atlantic 6-5
5/5/26,Cincinnati,Oral Roberts,Away,63.90%,36.10%,Cincinnati -2.24,7.6,24,116,Cincinnati 15-4
5/5/26,BYU,UNLV,Away,50.30%,49.70%,BYU -0.31,7.5,62,136,BYU 5-2
5/5/26,Arkansas St.,Little Rock,Away,53.70%,46.30%,Arkansas St. -0.25,7.5,83,113,Arkansas St. 12-0
5/5/26,Sacramento St.,UC Davis,Away,49.90%,50.10%,Sacramento St. -0.14,7.4,120,111,UC Davis 3-1
5/5/26,High Point,UNCW,Away,47.50%,52.50%,UNCW -0.13,7.4,77,131,High Point 2-1
5/5/26,California Baptist,CSUN,Home,63.70%,36.30%,California Baptist -2.21,7,42,144,California Baptist 9-7
5/5/26,Cal Poly,Santa Clara,Away,61.50%,38.50%,Cal Poly -1.84,7,52,147,Santa Clara 11-4
5/5/26,Cal St. Fullerton,Southern California,Away,19.20%,80.80%,Southern California -5.1,6.9,119,15,Southern California 13-4
5/5/26,Lamar University,Sam Houston,Away,58.20%,41.80%,Lamar University -1.32,6.8,95,146,Lamar University 15-14
5/5/26,Georgia St.,Kennesaw St.,Away,36.10%,63.90%,Kennesaw St. -1.86,6.7,143,88,Kennesaw St. 10-9
5/5/26,Oregon St.,Portland,Neutral,82.50%,17.50%,Oregon St. -5.47,6.7,18,127,Oregon St. 6-4
5/5/26,Illinois St.,Northwestern,Away,46.90%,53.10%,Northwestern -0.45,6.6,145,141,Northwestern 7-1
5/5/26,UTRGV,Abilene Christian,Home,45.10%,54.90%,Abilene Christian -0.4,6.6,126,151,UTRGV 13-7
5/5/26,Richmond,Old Dominion,Home,45.20%,54.80%,Old Dominion -0.75,6.5,160,125,Old Dominion 7-5
5/5/26,Jacksonville,Florida St.,Home,14.50%,85.50%,Florida St. -6.05,6.5,132,19,Florida St. 5-2
5/5/26,Tulane,LSU,Home,20.30%,79.70%,LSU -4.66,6.5,137,45,LSU 13-6
5/5/26,Samford,North Ala.,Home,58.50%,41.50%,Samford -1.44,6.4,89,176,Samford 8-2
5/5/26,Northwestern St.,Louisiana Tech,Home,34.00%,66.00%,Louisiana Tech -2.46,6.4,157,81,Louisiana Tech 12-1
5/5/26,UC Irvine,San Diego,Home,57.40%,42.60%,UC Irvine -1.22,6.4,93,177,UC Irvine 9-4
5/5/26,Col. of Charleston,Charleston So.,Home,46.30%,53.70%,Charleston So. -0.35,6.4,152,154,Charleston So. 9-6
5/5/26,Grand Canyon,Oregon,Away,15.80%,84.20%,Oregon -5.87,6.3,148,20,Grand Canyon 0-0
5/5/26,North Florida,Florida,Home,12.40%,87.60%,Florida -6.73,6.2,149,14,Florida 11-1
5/5/26,Central Ark.,Memphis,Away,41.30%,58.70%,Memphis -1.32,6.2,161,134,Memphis 8-3
5/5/26,Marshall,West Virginia,Neutral,16.40%,83.60%,West Virginia -5.84,6.1,174,6,West Virginia 7-2
5/5/26,California,Pacific,Away,68.00%,32.00%,California -2.87,6,56,193,California 2-1
5/5/26,Nicholls,Mississippi St.,Home,8.10%,91.90%,Mississippi St. -8.27,5.8,166,10,Mississippi St. 21-6
5/5/26,Middle Tenn.,Lipscomb,Home,44.50%,55.50%,Lipscomb -0.86,5.8,179,165,Middle Tenn. 0-0
5/5/26,New Orleans,Louisiana,Home,19.70%,80.30%,Louisiana -4.79,5.7,188,39,New Orleans 9-6
5/5/26,Dayton,Wright St.,Away,37.20%,62.80%,Wright St. -1.49,5.6,185,153,Dayton 0-0
5/5/26,Alabama St.,South Alabama,Away,20.40%,79.60%,South Alabama -4.56,5.5,194,66,Alabama St. 0-0
5/5/26,Pepperdine,UC Santa Barbara,Away,17.20%,82.80%,UC Santa Barbara -5.49,5.5,198,32,UC Santa Barbara 13-3
5/5/26,Bethune-Cookman,Stetson,Away,38.60%,61.40%,Stetson -1.4,5.5,171,183,Stetson 15-2
5/5/26,A&M-Corpus Christi,Houston,Away,22.40%,77.60%,Houston -4.18,5.3,199,90,Houston 10-1
5/5/26,Stony Brook,St. John's (NY),Home,27.00%,73.00%,St. John's (NY) -3.6,5.3,207,92,Stony Brook 7-4
5/5/26,Ball St.,Purdue,Away,19.60%,80.40%,Purdue -4.97,5.3,212,54,Ball St. 0-0
5/5/26,FIU,Miami (FL),Away,12.10%,87.90%,Miami (FL) -6.8,5.2,211,29,FIU 0-0
5/5/26,Radford,ETSU,Home,24.10%,75.90%,ETSU -3.77,5.2,187,123,Radford 12-10
5/5/26,Elon,USC Upstate,Neutral,31.80%,68.20%,USC Upstate -2.88,5.1,228,108,USC Upstate 18-4
5/5/26,Southern Ind.,Evansville,Home,42.00%,58.00%,Evansville -0.89,5.1,204,200,Southern Ind. 0-0
5/5/26,George Mason,William & Mary,Away,58.10%,41.90%,George Mason -1.41,5,181,222,George Mason 15-14
5/5/26,Washington,Seattle U,Home,67.50%,32.50%,Washington -2.68,4.8,128,237,Seattle U 4-3
5/5/26,Utah Valley,Utah,Home,23.50%,76.50%,Utah -4.23,4.8,243,70,Utah 9-5
5/5/26,Maryland,Towson,Away,72.30%,27.70%,Maryland -3.37,4.7,101,245,Maryland 23-11
5/5/26,Bowling Green,Michigan St.,Away,23.00%,77.00%,Michigan St. -4.37,4.6,234,109,Michigan St. 12-4
5/5/26,UCLA,LMU (CA),Home,93.80%,6.20%,UCLA -9.34,4.5,1,254,UCLA 8-4
5/5/26,Fresno St.,CSU Bakersfield,Home,40.40%,59.60%,CSU Bakersfield -1.52,4.4,248,191,CSU Bakersfield 6-2
5/5/26,Queens (NC),Duke,Home,17.30%,82.70%,Duke -5.46,4.3,255,82,Queens (NC) 11-7
5/5/26,UNC Asheville,Western Caro.,Away,15.20%,84.80%,Western Caro. -5.9,4.2,259,84,Western Caro. 4-1
5/5/26,St. Thomas (MN),Iowa,Home,12.90%,87.10%,Iowa -6.65,4.1,267,63,Iowa 14-4
5/5/26,James Madison,George Washington,Home,59.00%,41.00%,James Madison -1.48,4,182,282,George Washington 5-4
5/5/26,Presbyterian,Tennessee,Away,4.90%,95.10%,Tennessee -10.08,3.9,278,26,Tennessee 8-1
5/5/26,Bryant,Merrimack,Away,64.10%,35.90%,Bryant -1.85,3.9,217,257,Bryant 20-10
5/5/26,N.C. A&T,NC State,Away,6.90%,93.20%,NC State -8.84,3.9,272,51,N.C. A&T 0-0
5/5/26,UMass Lowell,Massachusetts,Home,43.20%,56.80%,Massachusetts -0.82,3.7,253,269,Massachusetts 11-10
5/5/26,Valparaiso,Milwaukee,Home,29.30%,70.70%,Milwaukee -3.34,3.7,276,180,Milwaukee 6-4
5/5/26,Prairie View,Texas A&M,Away,1.00%,99.00%,Texas A&M -15.22,3.6,300,7,Texas A&M 16-7
5/5/26,Jackson St.,Southern U.,Away,39.10%,60.90%,Southern U. -1.68,3.6,283,232,Jackson St. 0-0
5/5/26,Mercyhurst,Pittsburgh,Away,4.60%,95.40%,Pittsburgh -10.3,3.5,299,36,Mercyhurst 0-0
5/5/26,Le Moyne,Niagara,Away,34.70%,65.30%,Niagara -2.23,3.5,275,230,Le Moyne 0-0
5/5/26,Cornell,Binghamton,Home,24.20%,75.80%,Binghamton -4.0,3.5,287,163,Cornell 0-0
5/5/26,Bellarmine,Southern Ill.,Away,23.20%,76.80%,Southern Ill. -4.12,3.4,260,218,Bellarmine 0-0
5/5/26,Oakland,Central Mich.,Home,30.00%,70.00%,Central Mich. -3.03,3.4,271,224,Central Mich. 6-4
5/5/26,UAlbany,Marist,Home,32.00%,68.00%,Marist -2.75,3.1,288,242,Marist 12-10
5/5/26,St. Bonaventure,Canisius,Home,39.90%,60.10%,Canisius -1.51,3.1,292,274,St. Bonaventure 0-0
5/5/26,VCU,Norfolk St.,Home,92.40%,7.60%,VCU -8.53,3,117,298,VCU 14-3
5/5/26,Manhattan,NJIT,Away,36.70%,63.30%,NJIT -1.66,2.8,291,293,Manhattan 7-2
5/5/26,Mississippi Val.,ULM,Away,4.10%,95.90%,ULM -10.49,2.6,301,150,ULM 10-5
5/5/26,Central Conn. St.,Sacred Heart,Away,26.10%,73.90%,Sacred Heart -3.49,2.4,297,284,Central Conn. St. 13-1
5/5/26,Coppin St.,UMBC,Away,5.30%,94.70%,UMBC -9.6,2,303,221,UMBC 9-8
5/5/26,Delaware St.,Georgetown,Away,3.60%,96.40%,Georgetown -10.92,1.9,306,219,Georgetown 17-11
5/5/26,Saint Peter's,Seton Hall,Away,7.00%,93.00%,Seton Hall -8.66,1.6,308,263,Seton Hall 4-2
5/5/26,UMES,Mount St. Mary's,Home,7.30%,92.70%,Mount St. Mary's -8.52,1.5,307,280,Mount St. Mary's 16-10
5/4/26,Washington St.,Gonzaga,Home,35.60%,64.40%,Gonzaga -2.04,7.9,79,48,Gonzaga 10-5
5/4/26,Alcorn,Jackson St.,Away,6.80%,93.20%,Jackson St. -8.75,1.5,305,283,Jackson St. 6-2
5/3/26,Florida,Oklahoma,Away,46.70%,53.30%,Oklahoma -0.47,9.6,14,13,Florida 13-2
5/3/26,Ole Miss,Arkansas,Home,48.90%,51.10%,Arkansas -0.12,9.6,11,17,Arkansas 5-4
5/3/26,Auburn,Texas A&M,Away,41.70%,58.30%,Texas A&M -1.02,9.5,8,7,Texas A&M 4-3
5/3/26,Mississippi St.,Texas,Away,38.20%,61.80%,Texas -1.71,9.4,10,3,Texas 11-6
5/3/26,Tennessee,Kentucky,Home,53.00%,47.00%,Tennessee -0.49,9.3,26,28,Tennessee 10-9
5/3/26,Arizona St.,UCF,Away,54.40%,45.60%,Arizona St. -0.7,9.2,23,33,UCF 4-2
5/3/26,Arizona St.,UCF,Away,54.40%,45.60%,Arizona St. -0.7,9.2,23,33,Arizona St. 6-3
5/3/26,Jacksonville St.,Missouri St.,Away,56.30%,43.70%,Jacksonville St. -1.09,9.1,22,35,Jacksonville St. 11-4
5/3/26,TCU,Oklahoma St.,Home,38.60%,61.40%,Oklahoma St. -1.48,8.9,30,27,Oklahoma St. 11-10
5/3/26,Virginia Tech,California,Home,45.70%,54.30%,California -0.47,8.6,49,56,California 9-4
5/3/26,Pittsburgh,Florida St.,Home,29.70%,70.30%,Florida St. -2.89,8.5,36,19,Florida St. 6-4
5/3/26,Kansas St.,West Virginia,Away,25.30%,74.70%,West Virginia -3.91,8.3,44,6,West Virginia 13-6
5/3/26,Boston College,Clemson,Away,33.90%,66.10%,Clemson -2.1,8.3,37,55,Clemson 4-3
5/3/26,Nebraska,Ohio St.,Away,63.00%,37.00%,Nebraska -2.02,8.2,16,78,Ohio St. 10-1
5/3/26,South Alabama,Texas St.,Away,36.90%,63.10%,Texas St. -1.71,8.1,66,59,South Alabama 7-4
5/3/26,Mercer,Samford,Away,56.40%,43.60%,Mercer -0.98,8.1,41,89,Samford 5-0
5/3/26,Cincinnati,Houston,Away,59.70%,40.30%,Cincinnati -1.53,8.1,24,90,Cincinnati 4-3
5/3/26,Stanford,Notre Dame,Home,34.20%,65.80%,Notre Dame -2.14,8.1,64,47,Notre Dame 18-13
5/3/26,UAB,Rice,Home,41.10%,58.90%,Rice -1.27,8.1,68,65,Rice 10-3
5/3/26,Tarleton St.,Utah Tech,Away,49.70%,50.30%,Tarleton St. -0.28,8,58,105,Tarleton St. 10-8
5/3/26,Cal Poly,UC Irvine,Away,55.30%,44.70%,Cal Poly -0.97,8,52,93,Cal Poly 8-6
5/3/26,Michigan,Maryland,Home,52.40%,47.60%,Michigan -0.52,8,50,101,Michigan 8-7
5/3/26,Texas Tech,Baylor,Home,38.20%,61.80%,Baylor -1.62,7.9,80,60,Texas Tech 8-3
5/3/26,Illinois,Iowa,Away,39.80%,60.30%,Iowa -1.5,7.7,94,63,Illinois 6-2
5/3/26,Southeastern La.,Lamar University,Home,43.60%,56.40%,Lamar University -0.79,7.7,86,95,Lamar University 8-2
5/3/26,Creighton,St. John's (NY),Away,46.40%,53.60%,St. John's (NY) -0.68,7.7,97,92,Creighton 6-5
5/3/26,Louisiana Tech,DBU,Home,34.30%,65.70%,DBU -2.1,7.6,81,71,DBU 9-7
5/3/26,Western Caro.,Wofford,Away,48.10%,51.90%,Wofford -0.07,7.5,84,122,Western Caro. 7-5
5/3/26,Duke,North Carolina,Away,14.70%,85.30%,North Carolina -6.14,7.4,82,5,North Carolina 13-0
5/3/26,Arkansas St.,Old Dominion,Away,55.90%,44.10%,Arkansas St. -0.64,7.3,83,125,Old Dominion 5-4
5/3/26,Southeast Mo. St.,Eastern Ill.,Home,56.00%,44.00%,Southeast Mo. St. -0.87,7.2,75,133,Eastern Ill. 8-3
5/3/26,South Carolina,LSU,Home,25.50%,74.50%,LSU -3.76,7.2,104,45,LSU 7-0
5/3/26,Oregon,Washington,Away,70.10%,29.90%,Oregon -3.21,7.2,20,128,Washington 9-5
5/3/26,App State,Troy,Away,29.90%,70.10%,Troy -3.15,7.2,106,57,Troy 10-3
5/3/26,UCLA,Michigan St.,Home,82.90%,17.10%,UCLA -5.6,7.1,1,109,UCLA 13-11
5/3/26,ETSU,UConn,Away,43.30%,56.70%,UConn -0.92,7.1,123,100,UConn 4-3
5/3/26,Missouri,Georgia,Home,9.90%,90.10%,Georgia -7.64,7.1,87,2,Georgia 14-4
5/3/26,Fla. Atlantic,South Fla.,Away,34.80%,65.30%,South Fla. -2.02,7.1,115,74,South Fla. 11-6
5/3/26,Xavier,Georgia Tech,Home,10.30%,89.70%,Georgia Tech -7.43,7.1,91,4,Georgia Tech 14-6
5/3/26,Indiana,Northwestern,Away,53.40%,46.60%,Indiana -0.58,7,103,141,Northwestern 9-6
5/3/26,UC Davis,Cal St. Fullerton,Home,39.90%,60.10%,Cal St. Fullerton -1.17,7,111,119,UC Davis 6-2
5/3/26,Nevada,San Diego St.,Away,36.40%,63.60%,San Diego St. -2.09,6.9,135,73,San Diego St. 8-2
5/3/26,Santa Clara,Gonzaga,Home,34.50%,65.50%,Gonzaga -2.29,6.9,147,48,Santa Clara 12-4
5/3/26,Arizona,Kansas,Away,22.20%,77.80%,Kansas -4.49,6.9,130,12,Kansas 11-5
5/3/26,Wichita St.,UTSA,Home,24.10%,75.90%,UTSA -3.89,6.9,114,46,UTSA 6-3
5/3/26,East Carolina,Memphis,Away,73.90%,26.10%,East Carolina -3.66,6.8,43,134,Memphis 9-4
5/3/26,Rutgers,Southern California,Away,15.60%,84.40%,Southern California -5.88,6.7,124,15,Southern California 12-2
5/3/26,Georgia St.,Louisiana,Away,24.40%,75.60%,Louisiana -3.94,6.6,143,39,Louisiana 4-3
5/3/26,Tulane,Charlotte,Home,35.50%,64.50%,Charlotte -2.05,6.6,137,98,Charlotte 6-3
5/3/26,Sam Houston,Kennesaw St.,Home,37.00%,63.00%,Kennesaw St. -1.85,6.6,146,88,Kennesaw St. 12-1
5/3/26,Air Force,New Mexico,Away,43.20%,56.80%,New Mexico -0.72,6.5,121,155,Air Force 8-4
5/3/26,Miami (OH),Western Mich.,Away,62.20%,37.80%,Miami (OH) -1.89,6.5,76,162,Western Mich. 11-10
5/3/26,Grand Canyon,San Jose St.,Away,44.50%,55.50%,San Jose St. -0.73,6.5,148,142,San Jose St. 6-1
5/3/26,CSUN,Oregon St.,Away,15.00%,85.00%,Oregon St. -6.06,6.4,144,18,Oregon St. 5-2
5/3/26,Murray St.,Purdue,Away,27.60%,72.40%,Purdue -3.38,6.4,159,54,Purdue 17-8
5/3/26,Jacksonville,North Florida,Away,41.30%,58.70%,North Florida -1.02,6.4,132,149,North Florida 10-0
5/3/26,Abilene Christian,Sacramento St.,Away,36.80%,63.20%,Sacramento St. -2.03,6.3,151,120,Abilene Christian 13-11
5/3/26,ULM,Southern Miss.,Home,16.20%,83.80%,Southern Miss. -5.71,6.3,150,21,Southern Miss. 7-3
5/3/26,FGCU,Stetson,Away,54.30%,45.70%,FGCU -0.72,6.2,118,183,FGCU 2-1
5/3/26,Col. of Charleston,UNCW,Away,36.50%,63.50%,UNCW -1.68,6.2,152,131,Col. of Charleston 5-0
5/3/26,McNeese,SFA,Away,56.10%,43.90%,McNeese -0.97,6.1,139,173,McNeese 7-1
5/3/26,Longwood,High Point,Home,24.80%,75.20%,High Point -3.68,6.1,156,77,Longwood 7-2
5/3/26,UC Santa Barbara,CSU Bakersfield,Home,74.80%,25.10%,UC Santa Barbara -3.96,6,32,191,UC Santa Barbara 19-9
5/3/26,UC San Diego,Long Beach St.,Home,57.00%,43.00%,UC San Diego -1.25,6,85,210,Long Beach St. 6-4
5/3/26,Morehead St.,Little Rock,Home,30.20%,69.80%,Little Rock -2.89,6,158,113,Little Rock 4-0
5/3/26,Western Ky.,Middle Tenn.,Home,65.10%,34.90%,Western Ky. -2.21,5.9,110,179,Western Ky. 9-8
5/3/26,Minnesota,Penn St.,Away,67.70%,32.30%,Minnesota -2.58,5.9,72,192,Penn St. 4-3
5/3/26,Northeastern,Monmouth,Home,73.50%,26.50%,Northeastern -3.59,5.8,102,167,Monmouth 5-4
5/3/26,Liberty,New Mexico St.,Away,80.80%,19.20%,Liberty -5.13,5.8,31,186,Liberty 7-4
5/3/26,Houston Christian,A&M-Corpus Christi,Home,51.70%,48.30%,Houston Christian -0.33,5.7,169,199,A&M-Corpus Christi 3-2
5/3/26,Indiana St.,Southern Ill.,Away,49.70%,50.30%,Southern Ill. -0.03,5.7,138,218,Indiana St. 14-3
5/3/26,Coastal Carolina,Ga. Southern,Away,75.90%,24.10%,Coastal Carolina -4.02,5.7,40,203,Ga. Southern 7-4
5/3/26,Coastal Carolina,Ga. Southern,Away,75.90%,24.10%,Coastal Carolina -4.02,5.7,40,203,Coastal Carolina 14-4
5/3/26,Marshall,James Madison,Home,56.00%,44.00%,Marshall -0.77,5.7,174,182,James Madison 5-3
5/3/26,New Orleans,Nicholls,Away,41.90%,58.10%,Nicholls -0.84,5.6,188,166,New Orleans 12-10
5/3/26,Radford,Virginia,Away,13.10%,86.90%,Virginia -6.41,5.5,187,34,Virginia 11-1
5/3/26,San Francisco,Pepperdine,Home,45.90%,54.10%,Pepperdine -0.35,5.5,175,198,San Francisco 2-0
5/3/26,Lindenwood,SIUE,Away,37.40%,62.60%,SIUE -1.91,5.5,195,140,SIUE 11-8
5/3/26,UIC,Evansville,Home,51.90%,48.10%,UIC -0.51,5.5,190,200,UIC 11-5
5/3/26,Radford,Virginia,Away,13.10%,86.90%,Virginia -6.41,5.5,187,34,Virginia 14-5
5/3/26,Milwaukee,UNLV,Away,27.80%,72.20%,UNLV -2.96,5.4,180,136,UNLV 8-7
5/3/26,Central Ark.,Austin Peay,Home,38.70%,61.30%,Austin Peay -1.21,5.3,161,201,Central Ark. 8-7
5/3/26,VMI,UNC Greensboro,Home,38.80%,61.20%,UNC Greensboro -1.71,5.3,196,168,UNC Greensboro 7-4
5/3/26,NIU,Central Mich.,Home,67.70%,32.30%,NIU -2.73,5.2,99,224,NIU 8-2
5/3/26,UIW,UTRGV,Away,26.70%,73.30%,UTRGV -3.56,5.1,202,126,UTRGV 5-0
5/3/26,Richmond,Davidson,Home,60.40%,39.60%,Richmond -1.62,5.1,160,220,Richmond 10-9
5/3/26,California Baptist,Utah Valley,Away,75.80%,24.20%,California Baptist -4.21,5.1,42,243,California Baptist 2-1
5/3/26,Gardner-Webb,USC Upstate,Away,23.10%,76.90%,USC Upstate -4.22,5.1,205,108,USC Upstate 13-2
5/3/26,Maine,Binghamton,Home,37.20%,62.80%,Binghamton -1.8,5,216,163,Maine 7-3
5/3/26,Army West Point,Navy,Away,44.00%,56.00%,Navy -0.71,5,197,215,Navy 7-4
5/3/26,Army West Point,Navy,Away,44.00%,56.00%,Navy -0.71,5,197,215,Army West Point 16-4
5/3/26,FIU,Delaware,Home,49.50%,50.50%,Delaware -0.01,4.9,211,229,Delaware 13-9
5/3/26,Elon,William & Mary,Away,50.50%,49.50%,Elon -0.12,4.9,228,222,Elon 7-5
5/3/26,Ball St.,Toledo,Away,32.80%,67.30%,Toledo -2.58,4.8,212,170,Toledo 20-3
5/3/26,Rider,Niagara,Home,58.20%,41.80%,Rider -1.25,4.8,184,230,Niagara 1-0
5/3/26,Fresno St.,Washington St.,Away,26.40%,73.60%,Washington St. -3.77,4.8,248,79,Fresno St. 5-4
5/3/26,South Dakota St.,North Dakota St.,Home,48.20%,51.80%,North Dakota St. -0.07,4.7,209,244,South Dakota St. 16-10
5/3/26,Fairfield,Quinnipiac,Away,50.50%,49.50%,Fairfield -0.38,4.6,213,252,Quinnipiac 5-4
5/3/26,Fordham,Rhode Island,Away,40.90%,59.10%,Rhode Island -1.46,4.5,235,214,Rhode Island 5-1
5/3/26,Seattle U,Saint Mary's (CA),Home,18.70%,81.30%,Saint Mary's (CA) -5.04,4.5,237,96,Seattle U 5-4
5/3/26,Bowling Green,Eastern Mich.,Away,46.30%,53.80%,Eastern Mich. -0.6,4.5,234,238,Eastern Mich. 7-3
5/3/26,Omaha,Northern Colo.,Home,58.20%,41.80%,Omaha -1.22,4.4,189,256,Omaha 12-11
5/3/26,Winthrop,UNC Asheville,Home,70.50%,29.50%,Winthrop -2.95,4.4,129,259,UNC Asheville 9-0
5/3/26,Kent St.,Akron,Home,83.30%,16.70%,Kent St. -5.7,4.3,61,265,Kent St. 7-2
5/3/26,Kent St.,Akron,Home,83.30%,16.70%,Kent St. -5.7,4.3,61,265,Kent St. 12-1
5/3/26,Lipscomb,Eastern Ky.,Home,65.30%,34.80%,Lipscomb -2.34,4.3,165,258,Lipscomb 10-5
5/3/26,Towson,Hofstra,Home,31.60%,68.40%,Hofstra -2.64,4.2,245,178,Hofstra 8-0
5/3/26,Tennessee Tech,Southern Ind.,Home,39.10%,60.90%,Southern Ind. -1.6,4.2,251,204,Southern Ind. 10-5
5/3/26,Oral Roberts,St. Thomas (MN),Away,74.80%,25.20%,Oral Roberts -3.89,4.2,116,267,Oral Roberts 4-2
5/3/26,Villanova,Georgetown,Home,36.50%,63.50%,Georgetown -1.74,4.2,241,219,Georgetown 14-5
5/3/26,UC Riverside,Hawaii,Home,17.30%,82.70%,Hawaii -5.36,4.2,246,112,Hawaii 10-5
5/3/26,The Citadel,Presbyterian,Home,81.30%,18.70%,The Citadel -5.33,4.1,69,278,The Citadel 2-1
5/3/26,The Citadel,Presbyterian,Home,81.30%,18.70%,The Citadel -5.33,4.1,69,278,The Citadel 3-0
5/3/26,Saint Louis,VCU,Away,22.40%,77.60%,VCU -4.46,4.1,264,117,VCU 10-7
5/3/26,UT Martin,Western Ill.,Away,49.50%,50.50%,UT Martin -0.17,4,231,281,UT Martin 19-10
5/3/26,Seton Hall,Butler,Home,43.60%,56.40%,Butler -0.97,4,263,236,Butler 9-2
5/3/26,LMU (CA),Pacific,Away,30.60%,69.40%,Pacific -2.96,4,254,193,Pacific 6-4
5/3/26,UMass Lowell,Stony Brook,Home,31.10%,68.90%,Stony Brook -2.77,3.9,253,207,Stony Brook 8-4
5/3/26,N.C. A&T,Campbell,Home,8.10%,91.90%,Campbell -8.29,3.9,272,53,Campbell 8-2
5/3/26,Bellarmine,North Ala.,Away,24.50%,75.50%,North Ala. -3.97,3.8,260,176,Bellarmine 9-6
5/3/26,Northern Ky.,Youngstown St.,Away,59.90%,40.10%,Northern Ky. -1.32,3.8,227,270,Northern Ky. 7-4
5/3/26,Queens (NC),West Ga.,Away,43.50%,56.50%,West Ga. -0.68,3.8,255,268,West Ga. 14-4
5/3/26,Wright St.,Oakland,Home,76.80%,23.20%,Wright St. -4.23,3.7,153,271,Wright St. 16-2
5/3/26,Merrimack,Mount St. Mary's,Away,45.70%,54.30%,Mount St. Mary's -0.4,3.7,257,280,Merrimack 16-6
5/3/26,Harvard,Princeton,Away,38.40%,61.60%,Princeton -1.45,3.7,262,250,Harvard 11-6
5/3/26,Ark.-Pine Bluff,Bethune-Cookman,Away,24.20%,75.80%,Bethune-Cookman -3.9,3.7,266,171,Ark.-Pine Bluff 10-6
5/3/26,Alabama St.,Texas Southern,Away,65.80%,34.20%,Alabama St. -2.56,3.6,194,285,Alabama St. 8-3
5/3/26,Alabama St.,Texas Southern,Away,65.80%,34.20%,Alabama St. -2.56,3.6,194,285,Alabama St. 6-4
5/3/26,Valparaiso,Illinois St.,Home,19.40%,80.60%,Illinois St. -4.96,3.6,276,145,Illinois St. 9-4
5/3/26,Columbia,Cornell,Away,58.70%,41.30%,Columbia -1.42,3.6,226,287,Columbia 9-1
5/3/26,St. Bonaventure,Saint Joseph's,Home,17.20%,82.80%,Saint Joseph's -5.52,3.6,292,107,Saint Joseph's 14-9
5/3/26,Florida A&M,Grambling,Away,65.20%,34.80%,Florida A&M -2.32,3.6,225,273,Grambling 19-9
5/3/26,Bucknell,Lehigh,Away,57.60%,42.40%,Bucknell -1.29,3.6,223,296,Lehigh 10-4
5/3/26,Bucknell,Lehigh,Away,57.60%,42.40%,Bucknell -1.29,3.6,223,296,Bucknell 2-1
5/3/26,Canisius,Iona,Away,50.00%,50.00%,Canisius -0.13,3.5,274,290,Canisius 7-1
5/3/26,La Salle,Dayton,Home,21.00%,79.00%,Dayton -4.46,3.5,261,185,Dayton 21-14
5/3/26,George Washington,George Mason,Home,25.60%,74.40%,George Mason -3.84,3.4,282,181,George Mason 6-5
5/3/26,Bryant,NJIT,Away,66.50%,33.50%,Bryant -2.43,3.3,217,293,NJIT 5-3
5/3/26,Sacred Heart,Marist,Home,32.00%,68.00%,Marist -2.64,3.2,284,242,Marist 10-6
5/3/26,Holy Cross,Lafayette,Away,63.80%,36.20%,Holy Cross -2.13,3.1,249,295,Lafayette 7-4
5/3/26,Holy Cross,Lafayette,Away,63.80%,36.20%,Holy Cross -2.13,3.1,249,295,Lafayette 3-1
5/3/26,Stonehill,Le Moyne,Home,37.20%,62.80%,Le Moyne -1.77,3.1,286,275,Le Moyne 9-2
5/3/26,LIU,Mercyhurst,Away,68.40%,31.60%,LIU -2.96,3,239,299,LIU 4-2
5/3/26,UAlbany,UMBC,Away,24.80%,75.20%,UMBC -3.78,3,288,221,UMBC 12-6
5/3/26,Manhattan,Dartmouth,Home,33.70%,66.30%,Dartmouth -2.17,2.9,291,277,Dartmouth 1-0
5/3/26,Ohio,Massachusetts,Home,29.60%,70.40%,Massachusetts -2.94,2.7,294,269,Massachusetts 1-0
5/3/26,Bradley,Belmont,Home,20.80%,79.20%,Belmont -4.55,2.7,289,233,Belmont 12-11
5/3/26,Central Conn. St.,FDU,Away,21.10%,78.90%,FDU -4.54,2.6,297,240,FDU 10-2
5/3/26,Norfolk St.,UMES,Away,64.80%,35.20%,Norfolk St. -2.27,2.5,298,307,Norfolk St. 11-4
5/3/26,Alabama A&M,Prairie View,Neutral,32.80%,67.30%,Prairie View -2.6,2.4,304,300,Prairie View 8-7
5/3/26,Southern U.,Mississippi Val.,Home,82.30%,17.70%,Southern U. -5.41,2.4,232,301,Southern U. 12-8
5/3/26,New Haven,Coppin St.,Home,73.90%,26.10%,New Haven -3.36,2.2,302,303,New Haven 9-8
5/3/26,Wagner,Delaware St.,Home,86.50%,13.50%,Wagner -6.39,2.1,247,306,Wagner 15-5
5/3/26,Saint Peter's,Siena,Away,12.10%,87.90%,Siena -6.72,1.7,308,279,Siena 5-2
5/3/26,Alcorn,Jackson St.,Away,6.80%,93.20%,Jackson St. -8.75,1.5,305,283,Jackson St. 14-1
5/2/26,Ole Miss,Arkansas,Home,48.90%,51.10%,Arkansas -0.12,9.6,11,17,Ole Miss 11-4
5/2/26,Florida,Oklahoma,Away,46.70%,53.30%,Oklahoma -0.47,9.6,14,13,Florida 10-5
5/2/26,Auburn,Texas A&M,Away,41.70%,58.30%,Texas A&M -1.02,9.5,8,7,Auburn 18-5
5/2/26,Auburn,Texas A&M,Away,41.70%,58.30%,Texas A&M -1.02,9.5,8,7,Auburn 5-4
5/2/26,Mississippi St.,Texas,Away,38.20%,61.80%,Texas -1.71,9.4,10,3,Mississippi St. 7-4
5/2/26,Tennessee,Kentucky,Home,53.00%,47.00%,Tennessee -0.49,9.3,26,28,Kentucky 12-2
5/2/26,Jacksonville St.,Missouri St.,Away,56.30%,43.70%,Jacksonville St. -1.09,9.1,22,35,Jacksonville St. 10-2
5/2/26,Miami (FL),NC State,Away,48.60%,51.40%,NC State -0.03,9,29,51,NC State 12-7
5/2/26,Vanderbilt,Alabama,Home,40.40%,59.60%,Alabama -1.56,9,38,9,Alabama 8-5
5/2/26,TCU,Oklahoma St.,Home,38.60%,61.40%,Oklahoma St. -1.48,8.9,30,27,Oklahoma St. 9-2
5/2/26,Virginia Tech,California,Home,45.70%,54.30%,California -0.47,8.6,49,56,Virginia Tech 6-2
5/2/26,Pittsburgh,Florida St.,Home,29.70%,70.30%,Florida St. -2.89,8.5,36,19,Florida St. 10-1
5/2/26,Pittsburgh,Florida St.,Home,29.70%,70.30%,Florida St. -2.89,8.5,36,19,Florida St. 8-5
5/2/26,Kansas St.,West Virginia,Away,25.30%,74.70%,West Virginia -3.91,8.3,44,6,West Virginia 9-1
5/2/26,Boston College,Clemson,Away,33.90%,66.10%,Clemson -2.1,8.3,37,55,Clemson 14-4
5/2/26,Nebraska,Ohio St.,Away,63.00%,37.00%,Nebraska -2.02,8.2,16,78,Ohio St. 7-3
5/2/26,Louisville,Wake Forest,Away,33.30%,66.70%,Wake Forest -2.42,8.2,67,25,Wake Forest 7-5
5/2/26,Utah,BYU,Home,39.20%,60.80%,BYU -1.44,8.1,70,62,Utah 8-3
5/2/26,Mercer,Samford,Away,56.40%,43.60%,Mercer -0.98,8.1,41,89,Mercer 16-8
5/2/26,Cincinnati,Houston,Away,59.70%,40.30%,Cincinnati -1.53,8.1,24,90,Cincinnati 3-2
5/2/26,South Alabama,Texas St.,Away,36.90%,63.10%,Texas St. -1.71,8.1,66,59,South Alabama 6-4
5/2/26,Cincinnati,Houston,Away,59.70%,40.30%,Cincinnati -1.53,8.1,24,90,Cincinnati 8-1
5/2/26,Stanford,Notre Dame,Home,34.20%,65.80%,Notre Dame -2.14,8.1,64,47,Notre Dame 10-7
5/2/26,UAB,Rice,Home,41.10%,58.90%,Rice -1.27,8.1,68,65,Rice 12-2
5/2/26,UAB,Rice,Home,41.10%,58.90%,Rice -1.27,8.1,68,65,Rice 16-9
5/2/26,Tarleton St.,Utah Tech,Away,49.70%,50.30%,Tarleton St. -0.28,8,58,105,Tarleton St. 8-4
5/2/26,Cal Poly,UC Irvine,Away,55.30%,44.70%,Cal Poly -0.97,8,52,93,Cal Poly 11-2
5/2/26,Michigan,Maryland,Home,52.40%,47.60%,Michigan -0.52,8,50,101,Michigan 17-5
5/2/26,Texas Tech,Baylor,Home,38.20%,61.80%,Baylor -1.62,7.9,80,60,Baylor 8-1
5/2/26,Texas Tech,Baylor,Home,38.20%,61.80%,Baylor -1.62,7.9,80,60,Baylor 10-9
5/2/26,Illinois,Iowa,Away,39.80%,60.30%,Iowa -1.5,7.7,94,63,Iowa 6-5
5/2/26,Southeastern La.,Lamar University,Home,43.60%,56.40%,Lamar University -0.79,7.7,86,95,Southeastern La. 6-2
5/2/26,Creighton,St. John's (NY),Away,46.40%,53.60%,St. John's (NY) -0.68,7.7,97,92,St. John's (NY) 11-3
5/2/26,Southeastern La.,Lamar University,Home,43.60%,56.40%,Lamar University -0.79,7.7,86,95,Southeastern La. 10-0
5/2/26,Louisiana Tech,DBU,Home,34.30%,65.70%,DBU -2.1,7.6,81,71,Louisiana Tech 5-4
5/2/26,Western Caro.,Wofford,Away,48.10%,51.90%,Wofford -0.07,7.5,84,122,Western Caro. 3-2
5/2/26,App State,Troy,Away,29.90%,70.10%,Troy -3.15,7.2,106,57,App State 13-7
5/2/26,Southeast Mo. St.,Eastern Ill.,Home,56.00%,44.00%,Southeast Mo. St. -0.87,7.2,75,133,Eastern Ill. 11-1
5/2/26,Oregon,Washington,Away,70.10%,29.90%,Oregon -3.21,7.2,20,128,Oregon 10-4
5/2/26,South Carolina,LSU,Home,25.50%,74.50%,LSU -3.76,7.2,104,45,LSU 6-1
5/2/26,South Carolina,LSU,Home,25.50%,74.50%,LSU -3.76,7.2,104,45,LSU 7-3
5/2/26,App State,Troy,Away,29.90%,70.10%,Troy -3.15,7.2,106,57,App State 5-0
5/2/26,UCLA,Michigan St.,Home,82.90%,17.10%,UCLA -5.6,7.1,1,109,UCLA 4-3
5/2/26,ETSU,UConn,Away,43.30%,56.70%,UConn -0.92,7.1,123,100,ETSU 6-1
5/2/26,Missouri,Georgia,Home,9.90%,90.10%,Georgia -7.64,7.1,87,2,Georgia 13-3
5/2/26,Fla. Atlantic,South Fla.,Away,34.80%,65.30%,South Fla. -2.02,7.1,115,74,Fla. Atlantic 6-5
5/2/26,Xavier,Georgia Tech,Home,10.30%,89.70%,Georgia Tech -7.43,7.1,91,4,Georgia Tech 7-5
5/2/26,Indiana,Northwestern,Away,53.40%,46.60%,Indiana -0.58,7,103,141,Northwestern 7-4
5/2/26,UC Davis,Cal St. Fullerton,Home,39.90%,60.10%,Cal St. Fullerton -1.17,7,111,119,UC Davis 11-5
5/2/26,Nevada,San Diego St.,Away,36.40%,63.60%,San Diego St. -2.09,6.9,135,73,San Diego St. 8-5
5/2/26,Santa Clara,Gonzaga,Home,34.50%,65.50%,Gonzaga -2.29,6.9,147,48,Gonzaga 7-6
5/2/26,Arizona,Kansas,Away,22.20%,77.80%,Kansas -4.49,6.9,130,12,Kansas 7-2
5/2/26,Wichita St.,UTSA,Home,24.10%,75.90%,UTSA -3.89,6.9,114,46,UTSA 8-1
5/2/26,Wichita St.,UTSA,Home,24.10%,75.90%,UTSA -3.89,6.9,114,46,UTSA 13-7
5/2/26,East Carolina,Memphis,Away,73.90%,26.10%,East Carolina -3.66,6.8,43,134,Memphis 5-3
5/2/26,Rutgers,Southern California,Away,15.60%,84.40%,Southern California -5.88,6.7,124,15,Southern California 11-1
5/2/26,Georgia St.,Louisiana,Away,24.40%,75.60%,Louisiana -3.94,6.6,143,39,Louisiana 5-1
5/2/26,Georgia St.,Louisiana,Away,24.40%,75.60%,Louisiana -3.94,6.6,143,39,Louisiana 14-1
5/2/26,Tulane,Charlotte,Home,35.50%,64.50%,Charlotte -2.05,6.6,137,98,Charlotte 8-2
5/2/26,Sam Houston,Kennesaw St.,Home,37.00%,63.00%,Kennesaw St. -1.85,6.6,146,88,Kennesaw St. 7-6
5/2/26,Air Force,New Mexico,Away,43.20%,56.80%,New Mexico -0.72,6.5,121,155,Air Force 11-1
5/2/26,Miami (OH),Western Mich.,Away,62.20%,37.80%,Miami (OH) -1.89,6.5,76,162,Miami (OH) 12-8
5/2/26,Grand Canyon,San Jose St.,Away,44.50%,55.50%,San Jose St. -0.73,6.5,148,142,Grand Canyon 5-4
5/2/26,CSUN,Oregon St.,Away,15.00%,85.00%,Oregon St. -6.06,6.4,144,18,Oregon St. 6-5
5/2/26,Murray St.,Purdue,Away,27.60%,72.40%,Purdue -3.38,6.4,159,54,Purdue 11-4
5/2/26,Jacksonville,North Florida,Away,41.30%,58.70%,North Florida -1.02,6.4,132,149,Jacksonville 4-3
5/2/26,Abilene Christian,Sacramento St.,Away,36.80%,63.20%,Sacramento St. -2.03,6.3,151,120,Sacramento St. 4-3
5/2/26,ULM,Southern Miss.,Home,16.20%,83.80%,Southern Miss. -5.71,6.3,150,21,Southern Miss. 2-1
5/2/26,ULM,Southern Miss.,Home,16.20%,83.80%,Southern Miss. -5.71,6.3,150,21,Southern Miss. 3-1
5/2/26,FGCU,Stetson,Away,54.30%,45.70%,FGCU -0.72,6.2,118,183,FGCU 6-2
5/2/26,Col. of Charleston,UNCW,Away,36.50%,63.50%,UNCW -1.68,6.2,152,131,UNCW 7-5
5/2/26,San Diego,Portland,Home,42.70%,57.30%,Portland -0.97,6.1,177,127,Portland 9-5
5/2/26,McNeese,SFA,Away,56.10%,43.90%,McNeese -0.97,6.1,139,173,McNeese 6-1
5/2/26,McNeese,SFA,Away,56.10%,43.90%,McNeese -0.97,6.1,139,173,SFA 7-4
5/2/26,Longwood,High Point,Home,24.80%,75.20%,High Point -3.68,6.1,156,77,High Point 10-0
5/2/26,UC Santa Barbara,CSU Bakersfield,Home,74.80%,25.10%,UC Santa Barbara -3.96,6,32,191,UC Santa Barbara 4-3
5/2/26,UC San Diego,Long Beach St.,Home,57.00%,43.00%,UC San Diego -1.25,6,85,210,Long Beach St. 11-1
5/2/26,Morehead St.,Little Rock,Home,30.20%,69.80%,Little Rock -2.89,6,158,113,Little Rock 8-5
5/2/26,Western Ky.,Middle Tenn.,Home,65.10%,34.90%,Western Ky. -2.21,5.9,110,179,Western Ky. 11-0
5/2/26,Minnesota,Penn St.,Away,67.70%,32.30%,Minnesota -2.58,5.9,72,192,Minnesota 5-4
5/2/26,Minnesota,Penn St.,Away,67.70%,32.30%,Minnesota -2.58,5.9,72,192,Minnesota 5-3
5/2/26,Northeastern,Monmouth,Home,73.50%,26.50%,Northeastern -3.59,5.8,102,167,Northeastern 10-1
5/2/26,Liberty,New Mexico St.,Away,80.80%,19.20%,Liberty -5.13,5.8,31,186,Liberty 9-7
5/2/26,Liberty,New Mexico St.,Away,80.80%,19.20%,Liberty -5.13,5.8,31,186,Liberty 15-4
5/2/26,Houston Christian,A&M-Corpus Christi,Home,51.70%,48.30%,Houston Christian -0.33,5.7,169,199,Houston Christian 5-4
5/2/26,Houston Christian,A&M-Corpus Christi,Home,51.70%,48.30%,Houston Christian -0.33,5.7,169,199,Houston Christian 15-4
5/2/26,Indiana St.,Southern Ill.,Away,49.70%,50.30%,Southern Ill. -0.03,5.7,138,218,Southern Ill. 2-1
5/2/26,Marshall,James Madison,Home,56.00%,44.00%,Marshall -0.77,5.7,174,182,Marshall 9-0
5/2/26,New Orleans,Nicholls,Away,41.90%,58.10%,Nicholls -0.84,5.6,188,166,New Orleans 10-4
5/2/26,New Orleans,Nicholls,Away,41.90%,58.10%,Nicholls -0.84,5.6,188,166,Nicholls 11-10
5/2/26,San Francisco,Pepperdine,Home,45.90%,54.10%,Pepperdine -0.35,5.5,175,198,Pepperdine 4-0
5/2/26,Lindenwood,SIUE,Away,37.40%,62.60%,SIUE -1.91,5.5,195,140,SIUE 2-1
5/2/26,UIC,Evansville,Home,51.90%,48.10%,UIC -0.51,5.5,190,200,UIC 2-1
5/2/26,Milwaukee,UNLV,Away,27.80%,72.20%,UNLV -2.96,5.4,180,136,Milwaukee 4-1
5/2/26,Central Ark.,Austin Peay,Home,38.70%,61.30%,Austin Peay -1.21,5.3,161,201,Austin Peay 2-1
5/2/26,VMI,UNC Greensboro,Home,38.80%,61.20%,UNC Greensboro -1.71,5.3,196,168,UNC Greensboro 9-6
5/2/26,NIU,Central Mich.,Home,67.70%,32.30%,NIU -2.73,5.2,99,224,NIU 10-5
5/2/26,UIW,UTRGV,Away,26.70%,73.30%,UTRGV -3.56,5.1,202,126,UTRGV 7-5
5/2/26,Richmond,Davidson,Home,60.40%,39.60%,Richmond -1.62,5.1,160,220,Richmond 8-3
5/2/26,Gardner-Webb,USC Upstate,Away,23.10%,76.90%,USC Upstate -4.22,5.1,205,108,USC Upstate 12-4
5/2/26,California Baptist,Utah Valley,Away,75.80%,24.20%,California Baptist -4.21,5.1,42,243,California Baptist 14-8
5/2/26,Maine,Binghamton,Home,37.20%,62.80%,Binghamton -1.8,5,216,163,Binghamton 8-7
5/2/26,Army West Point,Navy,Away,44.00%,56.00%,Navy -0.71,5,197,215,Army West Point 5-4
5/2/26,Brown,Penn,Away,39.40%,60.60%,Penn -1.32,4.9,208,206,Penn 11-3
5/2/26,Brown,Penn,Away,39.40%,60.60%,Penn -1.32,4.9,208,206,Penn 7-3
5/2/26,FIU,Delaware,Home,49.50%,50.50%,Delaware -0.01,4.9,211,229,Delaware 8-3
5/2/26,Elon,William & Mary,Away,50.50%,49.50%,Elon -0.12,4.9,228,222,Elon 5-2
5/2/26,Ball St.,Toledo,Away,32.80%,67.30%,Toledo -2.58,4.8,212,170,Toledo 5-4
5/2/26,Rider,Niagara,Home,58.20%,41.80%,Rider -1.25,4.8,184,230,Rider 26-2
5/2/26,Fresno St.,Washington St.,Away,26.40%,73.60%,Washington St. -3.77,4.8,248,79,Washington St. 17-0
5/2/26,South Dakota St.,North Dakota St.,Home,48.20%,51.80%,North Dakota St. -0.07,4.7,209,244,South Dakota St. 5-4
5/2/26,Fairfield,Quinnipiac,Away,50.50%,49.50%,Fairfield -0.38,4.6,213,252,Fairfield 11-2
5/2/26,Fordham,Rhode Island,Away,40.90%,59.10%,Rhode Island -1.46,4.5,235,214,Rhode Island 6-5
5/2/26,Seattle U,Saint Mary's (CA),Home,18.70%,81.30%,Saint Mary's (CA) -5.04,4.5,237,96,Seattle U 8-7
5/2/26,Bowling Green,Eastern Mich.,Away,46.30%,53.80%,Eastern Mich. -0.6,4.5,234,238,Bowling Green 2-1
5/2/26,Omaha,Northern Colo.,Home,58.20%,41.80%,Omaha -1.22,4.4,189,256,Omaha 6-3
5/2/26,Winthrop,UNC Asheville,Home,70.50%,29.50%,Winthrop -2.95,4.4,129,259,Winthrop 10-6
5/2/26,Kent St.,Akron,Home,83.30%,16.70%,Kent St. -5.7,4.3,61,265,Kent St. 8-4
5/2/26,Lipscomb,Eastern Ky.,Home,65.30%,34.80%,Lipscomb -2.34,4.3,165,258,Eastern Ky. 2-0
5/2/26,Towson,Hofstra,Home,31.60%,68.40%,Hofstra -2.64,4.2,245,178,Towson 6-5
5/2/26,Tennessee Tech,Southern Ind.,Home,39.10%,60.90%,Southern Ind. -1.6,4.2,251,204,Southern Ind. 8-6
5/2/26,Oral Roberts,St. Thomas (MN),Away,74.80%,25.20%,Oral Roberts -3.89,4.2,116,267,Oral Roberts 18-14
5/2/26,Villanova,Georgetown,Home,36.50%,63.50%,Georgetown -1.74,4.2,241,219,Villanova 9-3
5/2/26,UC Riverside,Hawaii,Home,17.30%,82.70%,Hawaii -5.36,4.2,246,112,Hawaii 9-1
5/2/26,UT Martin,Western Ill.,Away,49.50%,50.50%,UT Martin -0.17,4,231,281,UT Martin 14-2
5/2/26,Seton Hall,Butler,Home,43.60%,56.40%,Butler -0.97,4,263,236,Butler 15-6
5/2/26,LMU (CA),Pacific,Away,30.60%,69.40%,Pacific -2.96,4,254,193,Pacific 15-9
5/2/26,UMass Lowell,Stony Brook,Home,31.10%,68.90%,Stony Brook -2.77,3.9,253,207,Stony Brook 11-1
5/2/26,N.C. A&T,Campbell,Home,8.10%,91.90%,Campbell -8.29,3.9,272,53,Campbell 8-0
5/2/26,Queens (NC),West Ga.,Away,43.50%,56.50%,West Ga. -0.68,3.8,255,268,Queens (NC) 7-2
5/2/26,Bellarmine,North Ala.,Away,24.50%,75.50%,North Ala. -3.97,3.8,260,176,Bellarmine 15-8
5/2/26,Northern Ky.,Youngstown St.,Away,59.90%,40.10%,Northern Ky. -1.32,3.8,227,270,Northern Ky. 13-1
5/2/26,Wright St.,Oakland,Home,76.80%,23.20%,Wright St. -4.23,3.7,153,271,Wright St. 6-1
5/2/26,Merrimack,Mount St. Mary's,Away,45.70%,54.30%,Mount St. Mary's -0.4,3.7,257,280,Merrimack 12-4
5/2/26,Harvard,Princeton,Away,38.40%,61.60%,Princeton -1.45,3.7,262,250,Harvard 10-3
5/2/26,Harvard,Princeton,Away,38.40%,61.60%,Princeton -1.45,3.7,262,250,Harvard 7-5
5/2/26,Alabama St.,Texas Southern,Away,65.80%,34.20%,Alabama St. -2.56,3.6,194,285,Alabama St. 7-2
5/2/26,Valparaiso,Illinois St.,Home,19.40%,80.60%,Illinois St. -4.96,3.6,276,145,Illinois St. 14-2
5/2/26,Columbia,Cornell,Away,58.70%,41.30%,Columbia -1.42,3.6,226,287,Columbia 2-0
5/2/26,Columbia,Cornell,Away,58.70%,41.30%,Columbia -1.42,3.6,226,287,Cornell 7-2
5/2/26,St. Bonaventure,Saint Joseph's,Home,17.20%,82.80%,Saint Joseph's -5.52,3.6,292,107,Saint Joseph's 3-0
5/2/26,Florida A&M,Grambling,Away,65.20%,34.80%,Florida A&M -2.32,3.6,225,273,Grambling 6-4
5/2/26,Florida A&M,Grambling,Away,65.20%,34.80%,Florida A&M -2.32,3.6,225,273,Grambling 12-11
5/2/26,Bucknell,Lehigh,Away,57.60%,42.40%,Bucknell -1.29,3.6,223,296,Bucknell 4-0
5/2/26,Canisius,Iona,Away,50.00%,50.00%,Canisius -0.13,3.5,274,290,Iona 4-2
5/2/26,La Salle,Dayton,Home,21.00%,79.00%,Dayton -4.46,3.5,261,185,La Salle 6-5
5/2/26,George Washington,George Mason,Home,25.60%,74.40%,George Mason -3.84,3.4,282,181,George Mason 8-5
5/2/26,Bryant,NJIT,Away,66.50%,33.50%,Bryant -2.43,3.3,217,293,Bryant 5-2
5/2/26,Sacred Heart,Marist,Home,32.00%,68.00%,Marist -2.64,3.2,284,242,Sacred Heart 15-1
5/2/26,Stonehill,Le Moyne,Home,37.20%,62.80%,Le Moyne -1.77,3.1,286,275,Stonehill 12-2
5/2/26,Holy Cross,Lafayette,Away,63.80%,36.20%,Holy Cross -2.13,3.1,249,295,Holy Cross 4-2
5/2/26,LIU,Mercyhurst,Away,68.40%,31.60%,LIU -2.96,3,239,299,LIU 6-5
5/2/26,UAlbany,UMBC,Away,24.80%,75.20%,UMBC -3.78,3,288,221,UAlbany 8-4
5/2/26,Manhattan,Dartmouth,Home,33.70%,66.30%,Dartmouth -2.17,2.9,291,277,Dartmouth 13-2
5/2/26,Manhattan,Dartmouth,Home,33.70%,66.30%,Dartmouth -2.17,2.9,291,277,Manhattan 11-3
5/2/26,Ohio,Massachusetts,Home,29.60%,70.40%,Massachusetts -2.94,2.7,294,269,Massachusetts 9-3
5/2/26,Bradley,Belmont,Home,20.80%,79.20%,Belmont -4.55,2.7,289,233,Belmont 8-0
5/2/26,Central Conn. St.,FDU,Away,21.10%,78.90%,FDU -4.54,2.6,297,240,FDU 6-2
5/2/26,Alabama A&M,Prairie View,Neutral,32.80%,67.30%,Prairie View -2.6,2.4,304,300,Alabama A&M 10-7
5/2/26,Southern U.,Mississippi Val.,Home,82.30%,17.70%,Southern U. -5.41,2.4,232,301,Southern U. 8-1
5/2/26,New Haven,Coppin St.,Home,73.90%,26.10%,New Haven -3.36,2.2,302,303,Coppin St. 6-3
5/2/26,Wagner,Delaware St.,Home,86.50%,13.50%,Wagner -6.39,2.1,247,306,Delaware St. 5-1
5/2/26,Saint Peter's,Siena,Away,12.10%,87.90%,Siena -6.72,1.7,308,279,Siena 6-3
5/2/26,Alcorn,Jackson St.,Away,6.80%,93.20%,Jackson St. -8.75,1.5,305,283,Jackson St. 9-1
5/1/26,Ole Miss,Arkansas,Home,48.90%,51.10%,Arkansas -0.12,9.6,11,17,Arkansas 12-2
5/1/26,Florida,Oklahoma,Away,46.70%,53.30%,Oklahoma -0.47,9.6,14,13,Oklahoma 4-3
5/1/26,Mississippi St.,Texas,Away,38.20%,61.80%,Texas -1.71,9.4,10,3,Texas 3-1
5/1/26,Tennessee,Kentucky,Home,53.00%,47.00%,Tennessee -0.49,9.3,26,28,Kentucky 9-2
5/1/26,Arizona St.,UCF,Away,54.40%,45.60%,Arizona St. -0.7,9.2,23,33,Arizona St. 9-4
5/1/26,Jacksonville St.,Missouri St.,Away,56.30%,43.70%,Jacksonville St. -1.09,9.1,22,35,Missouri St. 10-2
5/1/26,Miami (FL),NC State,Away,48.60%,51.40%,NC State -0.03,9,29,51,Miami (FL) 12-9
5/1/26,Miami (FL),NC State,Away,48.60%,51.40%,NC State -0.03,9,29,51,NC State 13-6
5/1/26,Vanderbilt,Alabama,Home,40.40%,59.60%,Alabama -1.56,9,38,9,Alabama 5-0
5/1/26,TCU,Oklahoma St.,Home,38.60%,61.40%,Oklahoma St. -1.48,8.9,30,27,Oklahoma St. 7-6
5/1/26,Virginia Tech,California,Home,45.70%,54.30%,California -0.47,8.6,49,56,Virginia Tech 9-1
5/1/26,Kansas St.,West Virginia,Away,25.30%,74.70%,West Virginia -3.91,8.3,44,6,West Virginia 7-0
5/1/26,Boston College,Clemson,Away,33.90%,66.10%,Clemson -2.1,8.3,37,55,Boston College 8-4
5/1/26,Nebraska,Ohio St.,Away,63.00%,37.00%,Nebraska -2.02,8.2,16,78,Ohio St. 2-1
5/1/26,Louisville,Wake Forest,Away,33.30%,66.70%,Wake Forest -2.42,8.2,67,25,Wake Forest 6-5
5/1/26,Utah,BYU,Home,39.20%,60.80%,BYU -1.44,8.1,70,62,Utah 8-1
5/1/26,Mercer,Samford,Away,56.40%,43.60%,Mercer -0.98,8.1,41,89,Mercer 6-3
5/1/26,South Alabama,Texas St.,Away,36.90%,63.10%,Texas St. -1.71,8.1,66,59,South Alabama 6-2
5/1/26,Stanford,Notre Dame,Home,34.20%,65.80%,Notre Dame -2.14,8.1,64,47,Notre Dame 6-2
5/1/26,Tarleton St.,Utah Tech,Away,49.70%,50.30%,Tarleton St. -0.28,8,58,105,Tarleton St. 9-6
5/1/26,Cal Poly,UC Irvine,Away,55.30%,44.70%,Cal Poly -0.97,8,52,93,UC Irvine 11-4
5/1/26,Michigan,Maryland,Home,52.40%,47.60%,Michigan -0.52,8,50,101,Michigan 2-1
5/1/26,Illinois,Iowa,Away,39.80%,60.30%,Iowa -1.5,7.7,94,63,Iowa 9-3
5/1/26,Creighton,St. John's (NY),Away,46.40%,53.60%,St. John's (NY) -0.68,7.7,97,92,St. John's (NY) 10-3
5/1/26,Louisiana Tech,DBU,Home,34.30%,65.70%,DBU -2.1,7.6,81,71,DBU 4-1
5/1/26,Western Caro.,Wofford,Away,48.10%,51.90%,Wofford -0.07,7.5,84,122,Wofford 6-1
5/1/26,Arkansas St.,Old Dominion,Away,55.90%,44.10%,Arkansas St. -0.64,7.3,83,125,Old Dominion 8-0
5/1/26,Arkansas St.,Old Dominion,Away,55.90%,44.10%,Arkansas St. -0.64,7.3,83,125,Arkansas St. 6-0
5/1/26,Southeast Mo. St.,Eastern Ill.,Home,56.00%,44.00%,Southeast Mo. St. -0.87,7.2,75,133,Eastern Ill. 5-3
5/1/26,Oregon,Washington,Away,70.10%,29.90%,Oregon -3.21,7.2,20,128,Oregon 6-4
5/1/26,UCLA,Michigan St.,Home,82.90%,17.10%,UCLA -5.6,7.1,1,109,UCLA 4-1
5/1/26,ETSU,UConn,Away,43.30%,56.70%,UConn -0.92,7.1,123,100,ETSU 14-7
5/1/26,Missouri,Georgia,Home,9.90%,90.10%,Georgia -7.64,7.1,87,2,Georgia 4-0
5/1/26,Xavier,Georgia Tech,Home,10.30%,89.70%,Georgia Tech -7.43,7.1,91,4,Xavier 8-4
5/1/26,Fla. Atlantic,South Fla.,Away,34.80%,65.30%,South Fla. -2.02,7.1,115,74,Fla. Atlantic 12-9
5/1/26,Indiana,Northwestern,Away,53.40%,46.60%,Indiana -0.58,7,103,141,Indiana 9-2
5/1/26,UC Davis,Cal St. Fullerton,Home,39.90%,60.10%,Cal St. Fullerton -1.17,7,111,119,UC Davis 7-6
5/1/26,Nevada,San Diego St.,Away,36.40%,63.60%,San Diego St. -2.09,6.9,135,73,San Diego St. 7-3
5/1/26,Santa Clara,Gonzaga,Home,34.50%,65.50%,Gonzaga -2.29,6.9,147,48,Santa Clara 5-3
5/1/26,Arizona,Kansas,Away,22.20%,77.80%,Kansas -4.49,6.9,130,12,Kansas 4-2
5/1/26,East Carolina,Memphis,Away,73.90%,26.10%,East Carolina -3.66,6.8,43,134,East Carolina 12-0
5/1/26,Rutgers,Southern California,Away,15.60%,84.40%,Southern California -5.88,6.7,124,15,Southern California 5-1
5/1/26,Tulane,Charlotte,Home,35.50%,64.50%,Charlotte -2.05,6.6,137,98,Charlotte 10-0
5/1/26,Sam Houston,Kennesaw St.,Home,37.00%,63.00%,Kennesaw St. -1.85,6.6,146,88,Kennesaw St. 6-5
5/1/26,Air Force,New Mexico,Away,43.20%,56.80%,New Mexico -0.72,6.5,121,155,New Mexico 9-7
5/1/26,Miami (OH),Western Mich.,Away,62.20%,37.80%,Miami (OH) -1.89,6.5,76,162,Miami (OH) 11-9
5/1/26,Grand Canyon,San Jose St.,Away,44.50%,55.50%,San Jose St. -0.73,6.5,148,142,San Jose St. 8-3
5/1/26,CSUN,Oregon St.,Away,15.00%,85.00%,Oregon St. -6.06,6.4,144,18,CSUN 8-6
5/1/26,Murray St.,Purdue,Away,27.60%,72.40%,Purdue -3.38,6.4,159,54,Purdue 7-5
5/1/26,Jacksonville,North Florida,Away,41.30%,58.70%,North Florida -1.02,6.4,132,149,North Florida 5-4
5/1/26,Abilene Christian,Sacramento St.,Away,36.80%,63.20%,Sacramento St. -2.03,6.3,151,120,Abilene Christian 7-2
5/1/26,FGCU,Stetson,Away,54.30%,45.70%,FGCU -0.72,6.2,118,183,FGCU 8-1
5/1/26,Col. of Charleston,UNCW,Away,36.50%,63.50%,UNCW -1.68,6.2,152,131,Col. of Charleston 6-2
5/1/26,San Diego,Portland,Home,42.70%,57.30%,Portland -0.97,6.1,177,127,San Diego 8-4
5/1/26,Longwood,High Point,Home,24.80%,75.20%,High Point -3.68,6.1,156,77,Longwood 6-5
5/1/26,UC Santa Barbara,CSU Bakersfield,Home,74.80%,25.10%,UC Santa Barbara -3.96,6,32,191,UC Santa Barbara 18-1
5/1/26,UC San Diego,Long Beach St.,Home,57.00%,43.00%,UC San Diego -1.25,6,85,210,Long Beach St. 3-1
5/1/26,Morehead St.,Little Rock,Home,30.20%,69.80%,Little Rock -2.89,6,158,113,Morehead St. 1-0
5/1/26,Western Ky.,Middle Tenn.,Home,65.10%,34.90%,Western Ky. -2.21,5.9,110,179,Middle Tenn. 7-1
5/1/26,Northeastern,Monmouth,Home,73.50%,26.50%,Northeastern -3.59,5.8,102,167,Northeastern 13-10
5/1/26,Indiana St.,Southern Ill.,Away,49.70%,50.30%,Southern Ill. -0.03,5.7,138,218,Indiana St. 8-5
5/1/26,Coastal Carolina,Ga. Southern,Away,75.90%,24.10%,Coastal Carolina -4.02,5.7,40,203,Coastal Carolina 8-7
5/1/26,Marshall,James Madison,Home,56.00%,44.00%,Marshall -0.77,5.7,174,182,James Madison 4-3
5/1/26,San Francisco,Pepperdine,Home,45.90%,54.10%,Pepperdine -0.35,5.5,175,198,San Francisco 10-4
5/1/26,Lindenwood,SIUE,Away,37.40%,62.60%,SIUE -1.91,5.5,195,140,SIUE 4-0
5/1/26,UIC,Evansville,Home,51.90%,48.10%,UIC -0.51,5.5,190,200,Evansville 2-1
5/1/26,Milwaukee,UNLV,Away,27.80%,72.20%,UNLV -2.96,5.4,180,136,UNLV 14-4
5/1/26,Central Ark.,Austin Peay,Home,38.70%,61.30%,Austin Peay -1.21,5.3,161,201,Austin Peay 5-2
5/1/26,VMI,UNC Greensboro,Home,38.80%,61.20%,UNC Greensboro -1.71,5.3,196,168,UNC Greensboro 7-6
5/1/26,NIU,Central Mich.,Home,67.70%,32.30%,NIU -2.73,5.2,99,224,NIU 12-1
5/1/26,UIW,UTRGV,Away,26.70%,73.30%,UTRGV -3.56,5.1,202,126,UTRGV 4-3
5/1/26,Richmond,Davidson,Home,60.40%,39.60%,Richmond -1.62,5.1,160,220,Davidson 6-5
5/1/26,California Baptist,Utah Valley,Away,75.80%,24.20%,California Baptist -4.21,5.1,42,243,California Baptist 14-10
5/1/26,Gardner-Webb,USC Upstate,Away,23.10%,76.90%,USC Upstate -4.22,5.1,205,108,USC Upstate 16-8
5/1/26,Maine,Binghamton,Home,37.20%,62.80%,Binghamton -1.8,5,216,163,Maine 9-2
5/1/26,Brown,Penn,Away,39.40%,60.60%,Penn -1.32,4.9,208,206,Brown 13-9
5/1/26,FIU,Delaware,Home,49.50%,50.50%,Delaware -0.01,4.9,211,229,Delaware 9-8
5/1/26,Elon,William & Mary,Away,50.50%,49.50%,Elon -0.12,4.9,228,222,William & Mary 5-4
5/1/26,Ball St.,Toledo,Away,32.80%,67.30%,Toledo -2.58,4.8,212,170,Toledo 8-3
5/1/26,Rider,Niagara,Home,58.20%,41.80%,Rider -1.25,4.8,184,230,Niagara 12-3
5/1/26,Fresno St.,Washington St.,Away,26.40%,73.60%,Washington St. -3.77,4.8,248,79,Washington St. 5-1
5/1/26,South Dakota St.,North Dakota St.,Home,48.20%,51.80%,North Dakota St. -0.07,4.7,209,244,North Dakota St. 8-1
5/1/26,Fairfield,Quinnipiac,Away,50.50%,49.50%,Fairfield -0.38,4.6,213,252,Quinnipiac 7-0
5/1/26,Fordham,Rhode Island,Away,40.90%,59.10%,Rhode Island -1.46,4.5,235,214,Fordham 8-5
5/1/26,Bowling Green,Eastern Mich.,Away,46.30%,53.80%,Eastern Mich. -0.6,4.5,234,238,Eastern Mich. 6-1
5/1/26,Seattle U,Saint Mary's (CA),Home,18.70%,81.30%,Saint Mary's (CA) -5.04,4.5,237,96,Saint Mary's (CA) 11-1
5/1/26,Omaha,Northern Colo.,Home,58.20%,41.80%,Omaha -1.22,4.4,189,256,Northern Colo. 11-7
5/1/26,Winthrop,UNC Asheville,Home,70.50%,29.50%,Winthrop -2.95,4.4,129,259,Winthrop 5-1
5/1/26,Lipscomb,Eastern Ky.,Home,65.30%,34.80%,Lipscomb -2.34,4.3,165,258,Lipscomb 9-3
5/1/26,Towson,Hofstra,Home,31.60%,68.40%,Hofstra -2.64,4.2,245,178,Hofstra 12-1
5/1/26,Tennessee Tech,Southern Ind.,Home,39.10%,60.90%,Southern Ind. -1.6,4.2,251,204,Tennessee Tech 13-3
5/1/26,Oral Roberts,St. Thomas (MN),Away,74.80%,25.20%,Oral Roberts -3.89,4.2,116,267,Oral Roberts 7-4
5/1/26,Villanova,Georgetown,Home,36.50%,63.50%,Georgetown -1.74,4.2,241,219,Villanova 11-7
5/1/26,UC Riverside,Hawaii,Home,17.30%,82.70%,Hawaii -5.36,4.2,246,112,Hawaii 1-0
5/1/26,Saint Louis,VCU,Away,22.40%,77.60%,VCU -4.46,4.1,264,117,VCU 12-1
5/1/26,The Citadel,Presbyterian,Home,81.30%,18.70%,The Citadel -5.33,4.1,69,278,The Citadel 7-2
5/1/26,Saint Louis,VCU,Away,22.40%,77.60%,VCU -4.46,4.1,264,117,VCU 5-1
5/1/26,UT Martin,Western Ill.,Away,49.50%,50.50%,UT Martin -0.17,4,231,281,Western Ill. 9-3
5/1/26,Seton Hall,Butler,Home,43.60%,56.40%,Butler -0.97,4,263,236,Butler 8-3
5/1/26,LMU (CA),Pacific,Away,30.60%,69.40%,Pacific -2.96,4,254,193,Pacific 8-0
5/1/26,N.C. A&T,Campbell,Home,8.10%,91.90%,Campbell -8.29,3.9,272,53,Campbell 11-1
5/1/26,Northern Ky.,Youngstown St.,Away,59.90%,40.10%,Northern Ky. -1.32,3.8,227,270,Youngstown St. 11-6
5/1/26,Queens (NC),West Ga.,Away,43.50%,56.50%,West Ga. -0.68,3.8,255,268,West Ga. 14-9
5/1/26,Bellarmine,North Ala.,Away,24.50%,75.50%,North Ala. -3.97,3.8,260,176,North Ala. 13-3
5/1/26,Wright St.,Oakland,Home,76.80%,23.20%,Wright St. -4.23,3.7,153,271,Wright St. 8-4
5/1/26,Merrimack,Mount St. Mary's,Away,45.70%,54.30%,Mount St. Mary's -0.4,3.7,257,280,Merrimack 4-2
5/1/26,Ark.-Pine Bluff,Bethune-Cookman,Away,24.20%,75.80%,Bethune-Cookman -3.9,3.7,266,171,Bethune-Cookman 16-9
5/1/26,Ark.-Pine Bluff,Bethune-Cookman,Away,24.20%,75.80%,Bethune-Cookman -3.9,3.7,266,171,Bethune-Cookman 6-4
5/1/26,Valparaiso,Illinois St.,Home,19.40%,80.60%,Illinois St. -4.96,3.6,276,145,Illinois St. 6-5
5/1/26,St. Bonaventure,Saint Joseph's,Home,17.20%,82.80%,Saint Joseph's -5.52,3.6,292,107,Saint Joseph's 11-10
5/1/26,Canisius,Iona,Away,50.00%,50.00%,Canisius -0.13,3.5,274,290,Canisius 3-1
5/1/26,La Salle,Dayton,Home,21.00%,79.00%,Dayton -4.46,3.5,261,185,Dayton 12-9
5/1/26,George Washington,George Mason,Home,25.60%,74.40%,George Mason -3.84,3.4,282,181,George Mason 16-1
5/1/26,Bryant,NJIT,Away,66.50%,33.50%,Bryant -2.43,3.3,217,293,Bryant 4-0
5/1/26,Sacred Heart,Marist,Home,32.00%,68.00%,Marist -2.64,3.2,284,242,Marist 9-1
5/1/26,Stonehill,Le Moyne,Home,37.20%,62.80%,Le Moyne -1.77,3.1,286,275,Le Moyne 5-4
5/1/26,LIU,Mercyhurst,Away,68.40%,31.60%,LIU -2.96,3,239,299,LIU 13-3
5/1/26,UAlbany,UMBC,Away,24.80%,75.20%,UMBC -3.78,3,288,221,UMBC 11-5
5/1/26,Ohio,Massachusetts,Home,29.60%,70.40%,Massachusetts -2.94,2.7,294,269,Ohio 5-3
5/1/26,Bradley,Belmont,Home,20.80%,79.20%,Belmont -4.55,2.7,289,233,Bradley 13-8
5/1/26,Central Conn. St.,FDU,Away,21.10%,78.90%,FDU -4.54,2.6,297,240,FDU 14-4
5/1/26,Norfolk St.,UMES,Away,64.80%,35.20%,Norfolk St. -2.27,2.5,298,307,Norfolk St. 15-8
5/1/26,Norfolk St.,UMES,Away,64.80%,35.20%,Norfolk St. -2.27,2.5,298,307,UMES 9-3
5/1/26,Alabama A&M,Prairie View,Neutral,32.80%,67.30%,Prairie View -2.6,2.4,304,300,Prairie View 15-11
5/1/26,Southern U.,Mississippi Val.,Home,82.30%,17.70%,Southern U. -5.41,2.4,232,301,Southern U. 12-2
5/1/26,New Haven,Coppin St.,Home,73.90%,26.10%,New Haven -3.36,2.2,302,303,New Haven 7-6
5/1/26,Wagner,Delaware St.,Home,86.50%,13.50%,Wagner -6.39,2.1,247,306,Wagner 15-1
5/1/26,Saint Peter's,Siena,Away,12.10%,87.90%,Siena -6.72,1.7,308,279,Saint Peter's 14-10
4/30/26,Vanderbilt,Alabama,Home,40.40%,59.60%,Alabama -1.56,9,38,9,Alabama 5-4
4/30/26,Louisville,Wake Forest,Away,33.30%,66.70%,Wake Forest -2.42,8.2,67,25,Wake Forest 9-8
4/30/26,Utah,BYU,Home,39.20%,60.80%,BYU -1.44,8.1,70,62,BYU 6-4
4/30/26,San Diego,Portland,Home,42.70%,57.30%,Portland -0.97,6.1,177,127,Portland 9-6
4/29/26,Kent St.,Pittsburgh,Away,40.30%,59.70%,Pittsburgh -1.37,8.4,61,36,Kent St. 13-5
4/29/26,South Fla.,Florida St.,Home,25.40%,74.60%,Florida St. -3.82,7.8,74,19,Florida St. 9-1
4/29/26,UC Davis,California,Home,31.80%,68.20%,California -2.68,7.2,111,56,UC Davis 6-1
4/29/26,Miami (OH),Wright St.,Away,55.30%,44.70%,Miami (OH) -1.1,6.9,76,153,Miami (OH) 14-7
4/29/26,UTRGV,Oregon St.,Home,18.30%,81.70%,Oregon St. -5.18,6.8,126,18,UTRGV 9-7
4/29/26,Col. of Charleston,The Citadel,Away,35.50%,64.50%,The Citadel -2.19,6.7,152,69,Col. of Charleston 0-0
4/29/26,McNeese,Houston,Home,36.10%,63.90%,Houston -1.82,6.7,139,90,Houston 4-2
4/29/26,South Alabama,New Orleans,Home,63.60%,36.40%,South Alabama -1.98,6.2,66,188,South Alabama 4-2
4/29/26,Northwestern St.,Arkansas,Home,15.00%,85.00%,Arkansas -6.15,6.2,157,17,Arkansas 5-2
4/29/26,Nicholls,Louisiana,Home,20.90%,79.10%,Louisiana -4.7,6.1,166,39,Louisiana 7-1
4/29/26,Stetson,UCF,Neutral,23.80%,76.20%,UCF -4.08,6,183,33,UCF 6-5
4/29/26,UT Arlington,TCU,Home,17.10%,82.90%,TCU -5.57,5.9,172,30,TCU 12-1
4/29/26,West Virginia,Penn St.,Home,84.60%,15.40%,West Virginia -6.05,5.8,6,192,West Virginia 0-0
4/29/26,Milwaukee,Notre Dame,Away,15.60%,84.40%,Notre Dame -5.74,5.6,180,47,Notre Dame 16-2
4/29/26,Ga. Southern,Mercer,Away,17.60%,82.40%,Mercer -5.42,5.4,203,41,Mercer 10-9
4/29/26,Stony Brook,Rider,Home,45.10%,54.90%,Rider -0.79,5.3,207,184,Rider 11-5
4/29/26,Southern Ind.,Purdue,Home,17.00%,83.00%,Purdue -5.43,5.3,204,54,Purdue 5-1
4/29/26,Northeastern,Maine,Home,74.40%,25.60%,Northeastern -3.82,5,102,216,Northeastern 5-1
4/29/26,Columbia,Brown,Home,46.20%,53.80%,Brown -0.45,4.9,226,208,Brown 16-8
4/29/26,Morehead St.,Bellarmine,Home,59.00%,41.00%,Morehead St. -1.64,4.6,158,260,Morehead St. 0-0
4/29/26,Fresno St.,CSUN,Home,31.40%,68.60%,CSUN -2.81,4.5,248,144,CSUN 7-4
4/29/26,Queens (NC),North Carolina,Home,4.40%,95.60%,North Carolina -10.43,4.4,255,5,Queens (NC) 0-0
4/29/26,Bryant,Holy Cross,Away,59.10%,40.90%,Bryant -1.11,4.2,217,249,Holy Cross 7-6
4/29/26,Merrimack,Dartmouth,Home,43.00%,57.00%,Dartmouth -0.73,3.6,257,277,Dartmouth 4-3
4/29/26,La Salle,Iona,Home,51.00%,49.00%,La Salle -0.23,3.6,261,290,La Salle 8-0
4/29/26,Eastern Ill.,Bradley,Home,76.70%,23.30%,Eastern Ill. -4.37,3.6,133,289,Eastern Ill. 12-4
4/29/26,FDU,NJIT,Away,41.10%,58.90%,NJIT -0.84,3.4,240,293,FDU 11-11
4/29/26,Norfolk St.,Virginia,Away,1.70%,98.30%,Virginia -13.53,3.4,298,34,Norfolk St. 0-0
4/29/26,Siena,Princeton,Home,29.90%,70.10%,Princeton -2.75,3.1,279,250,Princeton 5-1
4/29/26,Marshall,Ohio,Away,80.60%,19.40%,Marshall -4.94,3.1,174,294,Marshall 5-2
4/29/26,Manhattan,Navy,Away,23.30%,76.70%,Navy -4.05,2.9,291,215,Manhattan 0-0
4/29/26,Lehigh,Seton Hall,Away,28.00%,72.00%,Seton Hall -3.03,2.7,296,263,Seton Hall 10-5
4/29/26,Georgia St.,Alcorn,Home,96.60%,3.40%,Georgia St. -11.22,2.5,143,305,Georgia St. 0-0
4/29/26,Saint Peter's,Lafayette,Home,14.40%,85.60%,Lafayette -6.04,1.7,308,295,Lafayette 14-4
4/28/26,Ole Miss,Mississippi St.,Neutral,47.20%,52.80%,Mississippi St. -0.32,9.7,11,10,Mississippi St. 7-3
4/28/26,Kansas St.,Nebraska,Away,35.70%,64.30%,Nebraska -2.12,8.7,44,16,Nebraska 7-6
4/28/26,UCLA,UC Santa Barbara,Home,71.30%,28.70%,UCLA -3.34,8.7,1,32,UCLA 15-3
4/28/26,East Carolina,NC State,Away,43.10%,56.90%,NC State -0.75,8.6,43,51,NC State 12-2
4/28/26,Coastal Carolina,North Carolina,Away,22.40%,77.60%,North Carolina -4.48,8.3,40,5,Coastal Carolina 12-2
4/28/26,Gonzaga,Oregon,Away,23.40%,76.60%,Oregon -4.09,8.1,48,20,Oregon 4-3
4/28/26,California,Saint Mary's (CA),Away,46.00%,54.00%,Saint Mary's (CA) -0.3,8,56,96,California 6-5
4/28/26,Missouri,Southeast Mo. St.,Away,43.30%,56.70%,Southeast Mo. St. -0.91,7.9,87,75,Missouri 0-0
4/28/26,High Point,Campbell,Home,36.80%,63.20%,Campbell -1.91,7.9,77,53,Campbell 5-4
4/28/26,Troy,Georgia,Home,17.00%,83.00%,Georgia -5.45,7.9,57,2,Georgia 11-1
4/28/26,Jacksonville St.,Samford,Away,66.00%,34.00%,Jacksonville St. -2.35,7.9,22,89,Jacksonville St. 0-0
4/28/26,The Citadel,South Carolina,Home,46.20%,53.80%,South Carolina -0.07,7.8,69,104,The Citadel 4-0
4/28/26,Lamar University,Rice,Away,42.30%,57.70%,Rice -1.02,7.8,95,65,Rice 6-5
4/28/26,Southern California,UC Irvine,Away,69.90%,30.10%,Southern California -3.15,7.7,15,93,UC Irvine 4-1
4/28/26,Tarleton St.,Texas A&M,Away,15.60%,84.40%,Texas A&M -5.62,7.7,58,7,Texas A&M 9-7
4/28/26,Texas Tech,Oklahoma,Neutral,24.80%,75.20%,Oklahoma -4.02,7.7,80,13,Texas Tech 0-0
4/28/26,Xavier,Miami (OH),Home,38.30%,61.70%,Miami (OH) -1.5,7.6,91,76,Xavier 10-7
4/28/26,Southeastern La.,LSU,Home,27.70%,72.30%,LSU -3.14,7.5,86,45,LSU 12-4
4/28/26,Oklahoma St.,Oral Roberts,Away,66.00%,34.00%,Oklahoma St. -2.62,7.5,27,116,Oral Roberts 11-6
4/28/26,Charlotte,Liberty,Away,28.30%,71.70%,Liberty -3.23,7.5,98,31,Liberty 12-2
4/28/26,UConn,Rutgers,Home,52.60%,47.40%,UConn -0.46,7.3,100,124,UConn 5-4
4/28/26,App State,Wake Forest,Neutral,26.60%,73.40%,Wake Forest -3.65,7.3,106,25,Wake Forest 3-2
4/28/26,Kansas,Wichita St.,Away,74.70%,25.30%,Kansas -3.98,7.3,12,114,Kansas 14-1
4/28/26,Georgia Tech,Kennesaw St.,Away,85.40%,14.60%,Georgia Tech -6.21,7.3,4,88,Georgia Tech 10-7
4/28/26,Cal St. Fullerton,San Diego St.,Away,41.20%,58.80%,San Diego St. -1.3,7.3,119,73,San Diego St. 5-3
4/28/26,Indiana,Louisville,Away,30.40%,69.60%,Louisville -2.87,7.2,103,67,Indiana 10-6
4/28/26,Little Rock,Arkansas St.,Home,34.10%,65.90%,Arkansas St. -1.85,7.1,113,83,Little Rock 0-0
4/28/26,VCU,Old Dominion,Home,46.70%,53.30%,Old Dominion -0.35,7.1,117,125,Old Dominion 7-6
4/28/26,Fla. Atlantic,FGCU,Home,44.00%,56.00%,FGCU -0.75,7.1,115,118,Fla. Atlantic 8-1
4/28/26,UNLV,Utah Tech,Away,46.20%,53.80%,Utah Tech -0.58,7,136,105,Utah Tech 8-3
4/28/26,Sacramento St.,Nevada,Home,51.20%,48.80%,Sacramento St. -0.55,7,120,135,Sacramento St. 13-7
4/28/26,Louisiana Tech,ULM,Away,56.40%,43.60%,Louisiana Tech -1.11,6.9,81,150,ULM 16-5
4/28/26,Southern Miss.,Tulane,Away,72.60%,27.40%,Southern Miss. -3.55,6.9,21,137,Tulane 7-6
4/28/26,UTRGV,Oregon St.,Home,18.30%,81.70%,Oregon St. -5.18,6.8,126,18,Oregon St. 4-2
4/28/26,DBU,Abilene Christian,Home,60.20%,39.80%,DBU -1.7,6.8,71,151,DBU 16-4
4/28/26,Arizona,Grand Canyon,Away,54.60%,45.40%,Arizona -0.75,6.6,130,148,Grand Canyon 9-8
4/28/26,Illinois St.,Iowa,Away,29.90%,70.10%,Iowa -3.08,6.6,145,63,Illinois St. 13-6
4/28/26,Santa Clara,Cal Poly,Home,27.30%,72.70%,Cal Poly -3.44,6.5,147,52,Cal Poly 7-0
4/28/26,Houston,SFA,Away,63.60%,36.40%,Houston -1.99,6.2,90,173,SFA 5-2
4/28/26,St. John's (NY),Hofstra,Home,61.10%,38.90%,St. John's (NY) -1.85,6.2,92,178,St. John's (NY) 12-10
4/28/26,Sam Houston,Texas,Away,8.20%,91.80%,Texas -8.28,6.2,146,3,Texas 15-14
4/28/26,San Jose St.,San Francisco,Home,51.70%,48.30%,San Jose St. -0.29,6.2,142,175,San Jose St. 12-0
4/28/26,Northwestern St.,Arkansas,Home,15.00%,85.00%,Arkansas -6.15,6.2,157,17,Northwestern St. 0-0
4/28/26,Memphis,Murray St.,Away,36.50%,63.50%,Murray St. -1.55,6.1,134,159,Murray St. 9-5
4/28/26,UT Arlington,Baylor,Home,22.90%,77.10%,Baylor -4.24,5.9,172,60,Baylor 6-2
4/28/26,Longwood,VMI,Away,47.40%,52.60%,Longwood -0.0,5.8,156,196,VMI 3-0
4/28/26,Marshall,Morehead St.,Away,58.50%,41.50%,Marshall -0.87,5.8,174,158,Morehead St. 9-6
4/28/26,James Madison,Virginia Tech,Away,19.20%,80.80%,Virginia Tech -5.05,5.7,182,49,Virginia Tech 14-1
4/28/26,George Mason,Virginia,Away,16.10%,83.90%,Virginia -5.52,5.7,181,34,Virginia 5-1
4/28/26,Georgia St.,Alabama St.,Home,57.70%,42.30%,Georgia St. -1.04,5.7,143,194,Georgia St. 0-0
4/28/26,Middle Tenn.,Vanderbilt,Away,14.30%,85.70%,Vanderbilt -6.14,5.7,179,38,Vanderbilt 9-1
4/28/26,SIUE,Evansville,Home,55.90%,44.10%,SIUE -1.18,5.7,140,200,SIUE 6-4
4/28/26,Western Ky.,Austin Peay,Home,64.70%,35.30%,Western Ky. -2.32,5.6,110,201,Western Ky. 0-0
4/28/26,Charleston So.,Ga. Southern,Away,55.20%,44.80%,Charleston So. -0.78,5.6,154,203,Ga. Southern 18-4
4/28/26,Milwaukee,Northwestern,Away,34.00%,66.00%,Northwestern -2.02,5.6,180,141,Northwestern 10-8
4/28/26,Bethune-Cookman,FIU,Away,45.40%,54.60%,FIU -0.48,5.4,171,211,FIU 8-6
4/28/26,A&M-Corpus Christi,Texas St.,Away,20.10%,79.90%,Texas St. -4.77,5.4,199,59,A&M-Corpus Christi 7-2
4/28/26,Maryland,Georgetown,Home,65.80%,34.20%,Maryland -2.38,5.4,101,219,Maryland 11-2
4/28/26,CSU Bakersfield,Pacific,Away,41.10%,58.90%,Pacific -1.11,5.3,191,193,CSU Bakersfield 17-4
4/28/26,UIW,UTSA,Away,13.50%,86.50%,UTSA -6.41,5.2,202,46,UTSA 22-10
4/28/26,Stony Brook,Fairfield,Home,46.30%,53.70%,Fairfield -0.61,5.1,207,213,Stony Brook 12-10
4/28/26,Saint Joseph's,Villanova,Away,62.30%,37.70%,Saint Joseph's -1.93,5.1,107,241,Villanova 8-7
4/28/26,Southern Ill.,Lindenwood,Home,46.30%,53.80%,Lindenwood -0.45,5.1,218,195,Lindenwood 12-2
4/28/26,New Mexico St.,New Mexico,Home,24.50%,75.50%,New Mexico -3.64,5,186,155,New Mexico St. 16-15
4/28/26,California Baptist,UC Riverside,Away,80.10%,19.90%,California Baptist -4.98,4.9,42,246,California Baptist 18-6
4/28/26,Gardner-Webb,Wofford,Away,22.90%,77.10%,Wofford -4.14,4.9,205,122,Gardner-Webb 6-0
4/28/26,Davidson,UNC Greensboro,Away,33.90%,66.10%,UNC Greensboro -2.3,4.8,220,168,UNC Greensboro 16-3
4/28/26,Boston College,UMass Lowell,Away,80.00%,20.00%,Boston College -4.97,4.8,37,253,Boston College 7-6
4/28/26,Central Mich.,Notre Dame,Away,11.40%,88.60%,Notre Dame -7.07,4.8,224,47,Notre Dame 5-3
4/28/26,Missouri St.,Saint Louis,Away,79.80%,20.20%,Missouri St. -4.91,4.7,35,264,Missouri St. 0-0
4/28/26,Southern U.,Louisiana,Home,10.20%,89.80%,Louisiana -7.37,4.7,232,39,Louisiana 15-5
4/28/26,Bowling Green,Butler,Away,49.80%,50.20%,Butler -0.25,4.6,234,236,Butler 3-0
4/28/26,Washington,Eastern Mich.,Home,71.50%,28.50%,Washington -3.34,4.6,128,238,Washington 6-4
4/28/26,Air Force,Northern Colo.,Away,73.00%,27.00%,Air Force -3.55,4.4,121,256,Northern Colo. 5-4
4/28/26,North Dakota St.,Creighton,Home,19.50%,80.50%,Creighton -4.99,4.4,244,97,North Dakota St. 13-6
4/28/26,LMU (CA),UC San Diego,Away,19.70%,80.30%,UC San Diego -5.04,4.4,254,85,UC San Diego 10-0
4/28/26,LIU,Army West Point,Home,35.50%,64.50%,Army West Point -1.87,4.3,239,197,Army West Point 7-0
4/28/26,UT Martin,Belmont,Home,38.90%,61.10%,Belmont -1.33,4.3,231,233,Belmont 8-5
4/28/26,West Ga.,Tennessee,Home,7.00%,93.00%,Tennessee -8.84,4.2,268,26,Tennessee 13-0
4/28/26,Tennessee Tech,Lipscomb,Home,30.50%,69.50%,Lipscomb -2.97,4.2,251,165,Tennessee Tech 15-5
4/28/26,UMBC,La Salle,Home,56.70%,43.30%,UMBC -0.97,4.1,221,261,La Salle 9-2
4/28/26,St. Thomas (MN),Minnesota,Home,12.00%,88.00%,Minnesota -6.83,4,267,72,Minnesota 12-1
4/28/26,Valparaiso,NIU,Home,18.10%,82.00%,NIU -5.38,3.9,276,99,NIU 11-5
4/28/26,Binghamton,Le Moyne,Away,70.20%,29.80%,Binghamton -3.1,3.9,163,275,Binghamton 24-13
4/28/26,Bucknell,Cornell,Away,48.20%,51.80%,Bucknell -0.02,3.9,223,287,Bucknell 0-0
4/28/26,UNC Asheville,ETSU,Home,15.10%,84.90%,ETSU -5.76,3.8,259,123,ETSU 10-7
4/28/26,Niagara,St. Bonaventure,Away,53.40%,46.60%,Niagara -0.81,3.7,230,292,Niagara 7-6
4/28/26,Harvard,Holy Cross,Away,37.80%,62.20%,Holy Cross -1.75,3.7,262,249,Holy Cross 12-9
4/28/26,Eastern Ky.,Northern Ky.,Away,32.80%,67.30%,Northern Ky. -2.17,3.7,258,227,Eastern Ky. 16-6
4/28/26,Akron,Dayton,Away,23.30%,76.70%,Dayton -4.18,3.6,265,185,Dayton 11-4
4/28/26,Marist,UAlbany,Away,56.00%,44.00%,Marist -1.15,3.6,242,288,Marist 10-5
4/28/26,George Washington,Towson,Away,41.50%,58.50%,Towson -1.29,3.6,282,245,Towson 12-0
4/28/26,N.C. A&T,Winthrop,Away,16.10%,83.90%,Winthrop -5.49,3.6,272,129,N.C. A&T 9-3
4/28/26,Illinois,Bradley,Home,86.80%,13.20%,Illinois -6.55,3.5,94,289,Illinois 0-0
4/28/26,Massachusetts,Siena,Away,57.80%,42.20%,Massachusetts -1.04,3.4,269,279,Siena 7-4
4/28/26,Oakland,Toledo,Away,15.20%,84.80%,Toledo -6.0,3.3,271,170,Toledo 18-8
4/28/26,Stonehill,Merrimack,Home,29.60%,70.40%,Merrimack -2.98,2.9,286,257,Stonehill 14-9
4/28/26,Yale,Central Conn. St.,Home,89.20%,10.80%,Yale -7.25,2.8,164,297,Yale 0-0
4/28/26,Houston Christian,Prairie View,Away,89.60%,10.30%,Houston Christian -7.34,2.7,169,300,Houston Christian 12-2
4/28/26,Sacred Heart,Fordham,Home,20.00%,80.00%,Fordham -4.47,2.7,284,235,Sacred Heart 13-10
4/28/26,Rhode Island,New Haven,Home,81.20%,18.80%,Rhode Island -5.24,2.6,214,302,Rhode Island 13-3
4/28/26,Saint Peter's,Wagner,Away,12.30%,87.70%,Wagner -6.79,2,308,247,Wagner 12-9
4/28/26,Delaware,Delaware St.,Away,93.80%,6.20%,Delaware -9.13,1.9,229,306,Delaware 7-5
4/28/26,Coppin St.,Mount St. Mary's,Away,8.10%,91.90%,Mount St. Mary's -8.09,1.6,303,280,Mount St. Mary's 6-2
4/27/26,UC Davis,Stanford,Home,34.50%,65.50%,Stanford -2.32,7.3,111,64,Stanford 6-5
4/27/26,BYU,Grand Canyon,Away,54.60%,45.40%,BYU -0.84,7.2,62,148,Grand Canyon 10-3
4/27/26,Lafayette,Army West Point,Home,19.50%,80.50%,Army West Point -4.89,2.9,295,197,Army West Point 9-8
4/27/26,Grambling,Alcorn,Home,85.60%,14.40%,Grambling -6.15,1.9,273,305,Alcorn 12-11
4/26/26,Texas A&M,Florida,Home,45.90%,54.10%,Florida -0.52,9.6,7,14,Texas A&M 5-1
4/26/26,Georgia,Ole Miss,Away,57.10%,42.90%,Georgia -1.24,9.6,2,11,Georgia 5-1
4/26/26,West Virginia,Cincinnati,Home,56.80%,43.30%,West Virginia -1.25,9.4,6,24,Cincinnati 7-5
4/26/26,Oklahoma,Auburn,Home,40.40%,59.60%,Auburn -1.19,9.4,13,8,Auburn 14-4
4/26/26,Virginia,Pittsburgh,Home,52.20%,47.80%,Virginia -0.25,9.1,34,36,Pittsburgh 7-3
4/26/26,Texas,Vanderbilt,Away,60.90%,39.10%,Texas -1.86,9,3,38,Texas 4-3
4/26/26,Kansas,Kansas St.,Away,58.80%,41.20%,Kansas -1.57,8.9,12,44,Kansas 9-7
4/26/26,NC State,Virginia Tech,Away,50.50%,49.50%,NC State -0.04,8.9,51,49,Virginia Tech 5-4
4/26/26,Wake Forest,Georgia Tech,Home,24.90%,75.10%,Georgia Tech -3.86,8.6,25,4,Georgia Tech 6-5
4/26/26,Boston College,Notre Dame,Away,35.80%,64.20%,Notre Dame -1.97,8.5,37,47,Boston College 7-6
4/26/26,Missouri St.,Louisiana Tech,Home,51.70%,48.30%,Missouri St. -0.29,8.5,35,81,Louisiana Tech 9-8
4/26/26,Louisiana,Arkansas St.,Home,50.10%,49.90%,Louisiana -0.39,8.5,39,83,Arkansas St. 8-3
4/26/26,Clemson,Louisville,Away,47.20%,52.80%,Louisville -0.35,8.5,55,67,Louisville 7-5
4/26/26,LSU,Mississippi St.,Away,29.00%,71.00%,Mississippi St. -3.16,8.4,45,10,Mississippi St. 13-8
4/26/26,Southern Miss.,South Alabama,Home,65.70%,34.30%,Southern Miss. -2.29,8.3,21,66,South Alabama 4-3
4/26/26,Florida St.,Stanford,Away,64.90%,35.10%,Florida St. -2.15,8.3,19,64,Stanford 7-4
4/26/26,Texas St.,Coastal Carolina,Home,36.90%,63.10%,Coastal Carolina -1.65,8.3,59,40,Texas St. 10-6
4/26/26,California,Miami (FL),Away,30.70%,69.30%,Miami (FL) -2.74,8.2,56,29,Miami (FL) 4-1
4/26/26,Purdue,Southern California,Away,26.20%,73.80%,Southern California -3.61,8.2,54,15,Southern California 11-4
4/26/26,Oklahoma St.,Texas Tech,Away,63.30%,36.70%,Oklahoma St. -2.1,8.1,27,80,Oklahoma St. 11-2
4/26/26,Baylor,Arizona St.,Home,28.00%,72.00%,Arizona St. -3.21,8.1,60,23,Arizona St. 11-4
4/26/26,Nebraska,Illinois,Home,61.10%,38.90%,Nebraska -1.86,8.1,16,94,Nebraska 3-0
4/26/26,UC Irvine,UC San Diego,Away,47.20%,52.80%,UC San Diego -0.37,7.9,93,85,UC Irvine 9-7
4/26/26,South Fla.,East Carolina,Home,34.00%,66.00%,East Carolina -2.45,7.9,74,43,East Carolina 12-2
4/26/26,Iowa,Indiana,Home,52.10%,47.90%,Iowa -0.48,7.9,63,103,Iowa 7-4
4/26/26,Kentucky,South Carolina,Away,61.40%,38.60%,Kentucky -1.9,7.8,28,104,Kentucky 9-5
4/26/26,St. John's (NY),Xavier,Away,43.50%,56.50%,Xavier -0.67,7.7,92,91,Xavier 16-6
4/26/26,Rice,Wichita St.,Away,53.00%,47.00%,Rice -0.6,7.7,65,114,Wichita St. 13-3
4/26/26,Houston,TCU,Away,31.20%,68.80%,TCU -2.86,7.7,90,30,TCU 14-2
4/26/26,Charlotte,Fla. Atlantic,Away,47.80%,52.20%,Fla. Atlantic -0.18,7.5,98,115,Charlotte 5-4
4/26/26,Ohio St.,Rutgers,Away,52.30%,47.70%,Ohio St. -0.52,7.5,78,124,Rutgers 11-5
4/26/26,USC Upstate,Samford,Home,41.20%,58.80%,Samford -1.24,7.4,108,89,Samford 9-6
4/26/26,Maryland,Michigan St.,Away,44.10%,55.90%,Michigan St. -0.85,7.4,101,109,Michigan St. 13-1
4/26/26,Utah Tech,California Baptist,Home,28.60%,71.40%,California Baptist -3.15,7.3,105,42,California Baptist 6-0
4/26/26,ETSU,Western Caro.,Away,43.80%,56.20%,Western Caro. -0.99,7.3,123,84,Western Caro. 13-2
4/26/26,Cal St. Fullerton,UC Santa Barbara,Away,30.10%,69.90%,UC Santa Barbara -3.08,7.2,119,32,Cal St. Fullerton 6-1
4/26/26,Washington,Michigan,Home,37.50%,62.50%,Michigan -1.77,7.2,128,50,Washington 7-5
4/26/26,Wofford,Mercer,Home,29.80%,70.20%,Mercer -3.1,7.1,122,41,Mercer 13-8
4/26/26,Hawaii,Oregon St.,Away,22.30%,77.70%,Oregon St. -4.42,7.1,112,18,Oregon St. 3-1
4/26/26,Kennesaw St.,Western Ky.,Away,31.40%,68.60%,Western Ky. -2.41,7,88,110,Kennesaw St. 9-6
4/26/26,Campbell,Col. of Charleston,Away,61.80%,38.20%,Campbell -1.86,6.9,53,152,Campbell 6-4
4/26/26,New Mexico,Washington St.,Away,44.70%,55.30%,Washington St. -0.9,6.9,155,79,Washington St. 13-3
4/26/26,UTSA,Tulane,Home,67.30%,32.70%,UTSA -2.63,6.9,46,137,Tulane 12-7
4/26/26,UNLV,Nevada,Home,46.20%,53.80%,Nevada -0.33,6.8,136,135,Nevada 9-1
4/26/26,Old Dominion,Georgia St.,Home,46.70%,53.30%,Georgia St. -0.29,6.8,125,143,Georgia St. 8-7
4/26/26,Sacramento St.,UCLA,Away,12.90%,87.10%,UCLA -6.6,6.8,120,1,Sacramento St. 9-6
4/26/26,SIUE,Southeast Mo. St.,Away,35.30%,64.70%,Southeast Mo. St. -1.95,6.8,140,75,SIUE 9-2
4/26/26,UTRGV,McNeese,Home,43.20%,56.80%,McNeese -0.88,6.7,126,139,UTRGV 10-7
4/26/26,Memphis,UAB,Away,27.70%,72.30%,UAB -3.05,6.6,134,68,UAB 11-2
4/26/26,VCU,Richmond,Home,45.10%,54.90%,Richmond -0.41,6.5,117,160,VCU 2-1
4/26/26,Kent St.,Western Mich.,Away,66.50%,33.50%,Kent St. -2.53,6.5,61,162,Western Mich. 4-3
4/26/26,San Jose St.,Air Force,Home,38.50%,61.50%,Air Force -1.5,6.5,142,121,Air Force 11-5
4/26/26,North Florida,FGCU,Home,38.40%,61.60%,FGCU -1.56,6.4,149,118,FGCU 13-3
4/26/26,Troy,Marshall,Home,64.10%,35.90%,Troy -2.47,6.4,57,174,Troy 1-0
4/26/26,Northwestern,Minnesota,Home,25.60%,74.40%,Minnesota -3.56,6.4,141,72,Minnesota 7-2
4/26/26,CSUN,Cal Poly,Away,23.70%,76.30%,Cal Poly -4.17,6.4,144,52,Cal Poly 5-2
4/26/26,Portland,Santa Clara,Away,37.30%,62.70%,Santa Clara -1.77,6.3,127,147,Portland 3-1
4/26/26,Saint Mary's (CA),San Diego,Away,61.70%,38.30%,Saint Mary's (CA) -1.82,6.2,96,177,San Diego 16-6
4/26/26,Longwood,Binghamton,Home,46.30%,53.80%,Binghamton -0.48,6.2,156,163,Longwood 9-7
4/26/26,UNC Greensboro,The Citadel,Home,28.00%,72.00%,The Citadel -3.39,6.1,168,69,UNC Greensboro 9-4
4/26/26,Little Rock,Lindenwood,Home,52.70%,47.30%,Little Rock -0.77,6.1,113,195,Lindenwood 3-0
4/26/26,Houston Christian,Southeastern La.,Away,29.70%,70.30%,Southeastern La. -2.98,6,169,86,Southeastern La. 4-1
4/26/26,Wright St.,Milwaukee,Home,56.00%,44.00%,Wright St. -0.56,5.9,153,180,Wright St. 13-2
4/26/26,Middle Tenn.,Sam Houston,Away,41.80%,58.20%,Sam Houston -1.17,5.9,179,146,Sam Houston 9-4
4/26/26,Lamar University,New Orleans,Away,65.50%,34.50%,Lamar University -2.19,5.9,95,188,Lamar University 20-1
4/26/26,Rider,Monmouth,Home,45.50%,54.50%,Monmouth -0.5,5.8,184,167,Monmouth 12-2
4/26/26,SFA,Northwestern St.,Home,36.60%,63.40%,Northwestern St. -1.64,5.7,173,157,SFA 11-8
4/26/26,James Madison,ULM,Away,36.00%,64.00%,ULM -1.92,5.6,182,150,James Madison 10-2
4/26/26,UT Arlington,Abilene Christian,Home,34.20%,65.80%,Abilene Christian -2.13,5.6,172,151,Abilene Christian 14-4
4/26/26,Austin Peay,Lipscomb,Away,45.00%,55.00%,Lipscomb -0.98,5.5,201,165,Austin Peay 6-2
4/26/26,Penn St.,Oregon,Home,12.20%,87.80%,Oregon -6.85,5.5,192,20,Oregon 5-0
4/26/26,Pacific,San Francisco,Away,43.20%,56.80%,San Francisco -0.99,5.5,193,175,Pacific 8-2
4/26/26,Murray St.,Southern Ill.,Away,49.00%,51.00%,Southern Ill. -0.06,5.5,159,218,Murray St. 7-5
4/26/26,New Mexico St.,Jacksonville St.,Home,10.70%,89.30%,Jacksonville St. -7.31,5.5,186,22,Jacksonville St. 10-0
4/26/26,Hofstra,Northeastern,Away,20.30%,79.70%,Northeastern -4.71,5.4,178,102,Hofstra 13-2
4/26/26,DBU,FIU,Away,73.90%,26.10%,DBU -3.67,5.4,71,211,FIU 13-10
4/26/26,VMI,High Point,Home,22.10%,77.90%,High Point -4.44,5.4,196,77,High Point 12-6
4/26/26,Long Beach St.,UC Davis,Away,33.10%,66.90%,UC Davis -2.51,5.4,210,111,UC Davis 3-0
4/26/26,Southern Ind.,Morehead St.,Home,41.60%,58.40%,Morehead St. -1.29,5.4,204,158,Morehead St. 17-13
4/26/26,VMI,High Point,Home,22.10%,77.90%,High Point -4.44,5.4,196,77,High Point 5-2
4/26/26,Winthrop,Gardner-Webb,Home,63.30%,36.70%,Winthrop -1.86,5.4,129,205,Gardner-Webb 7-6
4/26/26,A&M-Corpus Christi,UIW,Away,46.10%,53.90%,UIW -0.3,5.3,199,202,A&M-Corpus Christi 11-4
4/26/26,Eastern Ill.,UT Martin,Away,57.60%,42.40%,Eastern Ill. -1.28,5.2,133,231,UT Martin 11-8
4/26/26,Evansville,Indiana St.,Away,30.20%,69.80%,Indiana St. -2.82,5.2,200,138,Evansville 4-3
4/26/26,Bethune-Cookman,Florida A&M,Away,53.80%,46.20%,Bethune-Cookman -0.5,5.2,171,225,Florida A&M 15-13
4/26/26,Ga. Southern,App State,Home,26.40%,73.60%,App State -3.47,5.2,203,106,App State 7-3
4/26/26,UConn,Georgetown,Home,69.60%,30.40%,UConn -2.97,5.2,100,219,UConn 3-2
4/26/26,George Mason,Fordham,Home,50.60%,49.40%,George Mason -0.43,5.1,181,235,Fordham 5-4
4/26/26,George Mason,Fordham,Home,50.60%,49.40%,George Mason -0.43,5.1,181,235,Fordham 2-1
4/26/26,San Diego St.,Fresno St.,Home,67.60%,32.40%,San Diego St. -2.87,5.1,73,248,San Diego St. 6-2
4/26/26,Yale,Columbia,Home,58.60%,41.40%,Yale -1.31,5,164,226,Columbia 9-8
4/26/26,Yale,Columbia,Home,58.60%,41.40%,Yale -1.31,5,164,226,Yale 15-15
4/26/26,UNCW,Elon,Home,66.80%,33.20%,UNCW -2.52,4.9,131,228,UNCW 8-1
4/26/26,Delaware,Liberty,Away,11.30%,88.70%,Liberty -7.03,4.9,229,31,Liberty 14-4
4/26/26,Pepperdine,Seattle U,Away,49.30%,50.70%,Seattle U -0.02,4.9,198,237,Pepperdine 4-2
4/26/26,Utah Valley,Tarleton St.,Home,22.50%,77.50%,Tarleton St. -4.53,4.9,243,58,Tarleton St. 13-9
4/26/26,Navy,Bucknell,Home,55.40%,44.60%,Navy -0.71,4.8,215,223,Bucknell 5-4
4/26/26,Navy,Bucknell,Home,55.40%,44.60%,Navy -0.71,4.8,215,223,Navy 5-3
4/26/26,Central Mich.,Miami (OH),Away,16.90%,83.00%,Miami (OH) -5.49,4.8,224,76,Miami (OH) 5-2
4/26/26,Toledo,Bowling Green,Home,61.90%,38.10%,Toledo -2.01,4.7,170,234,Toledo 6-4
4/26/26,CSU Bakersfield,UC Riverside,Away,54.50%,45.50%,CSU Bakersfield -0.78,4.7,191,246,CSU Bakersfield 14-1
4/26/26,UMBC,Maine,Home,40.30%,59.70%,Maine -1.35,4.6,221,216,Maine 11-1
4/26/26,Eastern Mich.,NIU,Away,22.70%,77.30%,NIU -4.3,4.6,238,99,Eastern Mich. 9-7
4/26/26,LMU (CA),Gonzaga,Home,15.60%,84.40%,Gonzaga -5.99,4.5,254,48,Gonzaga 14-8
4/26/26,Butler,Creighton,Away,16.90%,83.00%,Creighton -5.4,4.5,236,97,Creighton 12-2
4/26/26,Stony Brook,Towson,Away,55.60%,44.40%,Stony Brook -0.87,4.5,207,245,Stony Brook 10-0
4/26/26,Saint Joseph's,La Salle,Home,70.40%,29.60%,Saint Joseph's -3.17,4.5,107,261,Saint Joseph's 12-2
4/26/26,Central Ark.,Bellarmine,Home,62.50%,37.50%,Central Ark. -1.98,4.4,161,260,Central Ark. 6-3
4/26/26,Queens (NC),Jacksonville,Home,26.10%,73.90%,Jacksonville -3.72,4.3,255,132,Jacksonville 6-2
4/26/26,North Dakota St.,Oral Roberts,Away,19.90%,80.10%,Oral Roberts -4.78,4.3,244,116,North Dakota St. 11-3
4/26/26,Charleston So.,UNC Asheville,Away,69.10%,30.90%,Charleston So. -2.81,4.2,154,259,Charleston So. 19-16
4/26/26,Charleston So.,UNC Asheville,Away,69.10%,30.90%,Charleston So. -2.81,4.2,154,259,UNC Asheville 13-8
4/26/26,Penn,Harvard,Home,58.40%,41.60%,Penn -1.29,4.2,206,262,Penn 7-6
4/26/26,Rhode Island,Saint Louis,Away,56.00%,44.00%,Rhode Island -1.12,4.2,214,264,Rhode Island 7-5
4/26/26,North Ala.,Eastern Ky.,Home,64.20%,35.80%,North Ala. -2.14,4.2,176,258,North Ala. 15-3
4/26/26,Stetson,West Ga.,Away,60.10%,39.90%,Stetson -1.71,4.2,183,268,Stetson 13-11
4/26/26,Bryant,UMass Lowell,Away,60.90%,39.10%,Bryant -1.54,4.1,217,253,Bryant 4-2
4/26/26,William & Mary,N.C. A&T,Home,56.10%,43.90%,William & Mary -0.86,4,222,272,William & Mary 21-7
4/26/26,Marist,Merrimack,Away,44.00%,56.00%,Merrimack -0.65,4,242,257,Merrimack 13-7
4/26/26,Villanova,Seton Hall,Home,43.80%,56.20%,Seton Hall -0.58,4,241,263,Villanova 11-6
4/26/26,Villanova,Seton Hall,Home,43.80%,56.20%,Seton Hall -0.58,4,241,263,Seton Hall 3-2
4/26/26,William & Mary,N.C. A&T,Home,56.10%,43.90%,William & Mary -0.86,4,222,272,William & Mary 9-0
4/26/26,Davidson,George Washington,Away,53.50%,46.50%,Davidson -0.71,4,220,282,Davidson 8-5
4/26/26,Radford,Presbyterian,Home,63.20%,36.80%,Radford -2.1,3.9,187,278,Radford 10-6
4/26/26,Ark.-Pine Bluff,Southern U.,Away,41.10%,58.90%,Southern U. -1.36,3.9,266,232,Southern U. 16-15
4/26/26,Northern Colo.,South Dakota St.,Away,33.70%,66.30%,South Dakota St. -2.23,3.9,256,209,Northern Colo. 0-0
4/26/26,St. Thomas (MN),Omaha,Home,30.80%,69.20%,Omaha -2.84,3.8,267,189,St. Thomas (MN) 18-12
4/26/26,Princeton,Dartmouth,Home,47.70%,52.30%,Dartmouth -0.28,3.8,250,277,Princeton 9-2
4/26/26,Belmont,Valparaiso,Away,57.10%,42.90%,Belmont -1.27,3.8,233,276,Valparaiso 5-2
4/26/26,Massachusetts,Ball St.,Home,30.60%,69.40%,Ball St. -2.71,3.6,269,212,Massachusetts 8-6
4/26/26,Canisius,Manhattan,Away,48.40%,51.60%,Manhattan -0.06,3.5,274,291,Canisius 8-5
4/26/26,Western Ill.,Tennessee Tech,Home,38.90%,61.10%,Tennessee Tech -1.48,3.4,281,251,Western Ill. 4-3
4/26/26,Cornell,Brown,Home,31.80%,68.20%,Brown -2.67,3.4,287,208,Cornell 2-1
4/26/26,Cornell,Brown,Home,31.80%,68.20%,Brown -2.67,3.4,287,208,Cornell 8-3
4/26/26,Siena,Sacred Heart,Home,45.50%,54.50%,Sacred Heart -0.62,3.4,279,284,Siena 10-2
4/26/26,Akron,Ohio,Away,54.10%,45.90%,Akron -0.67,3.4,265,294,Akron 9-8
4/26/26,Mount St. Mary's,Quinnipiac,Away,34.60%,65.40%,Quinnipiac -2.09,3.3,280,252,Quinnipiac 3-2
4/26/26,NJIT,UAlbany,Away,53.10%,46.90%,NJIT -0.43,3.3,293,288,NJIT 6-0
4/26/26,Youngstown St.,UIC,Home,20.50%,79.50%,UIC -4.67,3.3,270,190,UIC 5-0
4/26/26,FDU,Mercyhurst,Away,58.60%,41.40%,FDU -1.53,3.3,240,299,FDU 10-9
4/26/26,Dayton,St. Bonaventure,Away,73.30%,26.80%,Dayton -3.64,3.3,185,292,Dayton 8-0
4/26/26,Dayton,St. Bonaventure,Away,73.30%,26.80%,Dayton -3.64,3.3,185,292,Dayton 7-6
4/26/26,Oakland,Northern Ky.,Home,26.20%,73.80%,Northern Ky. -3.53,3.2,271,227,Northern Ky. 9-3
4/26/26,Bradley,Illinois St.,Away,12.30%,87.70%,Illinois St. -6.64,3.1,289,145,Illinois St. 8-5
4/26/26,New Haven,Central Conn. St.,Home,51.40%,48.60%,New Haven -0.01,3.1,302,297,Central Conn. St. 10-6
4/26/26,Iona,Fairfield,Home,21.70%,78.30%,Fairfield -4.48,2.9,290,213,Fairfield 5-1
4/26/26,Iona,Fairfield,Home,21.70%,78.30%,Fairfield -4.48,2.9,290,213,Iona 5-4
4/26/26,Lafayette,Army West Point,Home,19.50%,80.50%,Army West Point -4.89,2.9,295,197,Army West Point 6-3
4/26/26,Lafayette,Army West Point,Home,19.50%,80.50%,Army West Point -4.89,2.9,295,197,Army West Point 10-9
4/26/26,Lehigh,Holy Cross,Home,27.60%,72.40%,Holy Cross -3.32,2.8,296,249,Lehigh 14-2
4/26/26,Texas Southern,Prairie View,Home,66.00%,34.00%,Texas Southern -2.23,2.7,285,300,Prairie View 12-7
4/26/26,Mississippi Val.,Alabama St.,Home,7.40%,92.60%,Alabama St. -8.58,2.3,301,194,Alabama St. 7-2
4/26/26,Niagara,Saint Peter's,Away,87.10%,12.90%,Niagara -6.69,2.1,230,308,Niagara 18-5
4/26/26,Wagner,UMES,Home,84.50%,15.50%,Wagner -5.92,2.1,247,307,Wagner 15-3
4/26/26,Jackson St.,Alabama A&M,Home,83.60%,16.40%,Jackson St. -5.64,1.9,283,304,Jackson St. 13-5
4/26/26,Coppin St.,Stonehill,Away,12.90%,87.10%,Stonehill -6.33,1.8,303,286,Coppin St. 10-5
4/25/26,Texas A&M,Florida,Home,45.90%,54.10%,Florida -0.52,9.6,7,14,Texas A&M 8-4
4/25/26,Georgia,Ole Miss,Away,57.10%,42.90%,Georgia -1.24,9.6,2,11,Georgia 9-7
4/25/26,Georgia,Ole Miss,Away,57.10%,42.90%,Georgia -1.24,9.6,2,11,Ole Miss 10-8
4/25/26,West Virginia,Cincinnati,Home,56.80%,43.30%,West Virginia -1.25,9.4,6,24,Cincinnati 5-2
4/25/26,West Virginia,Cincinnati,Home,56.80%,43.30%,West Virginia -1.25,9.4,6,24,West Virginia 9-5
4/25/26,Oklahoma,Auburn,Home,40.40%,59.60%,Auburn -1.19,9.4,13,8,Oklahoma 2-1
4/25/26,Virginia,Pittsburgh,Home,52.20%,47.80%,Virginia -0.25,9.1,34,36,Pittsburgh 11-0
4/25/26,Texas,Vanderbilt,Away,60.90%,39.10%,Texas -1.86,9,3,38,Vanderbilt 6-0
4/25/26,Kansas,Kansas St.,Away,58.80%,41.20%,Kansas -1.57,8.9,12,44,Kansas 10-8
4/25/26,NC State,Virginia Tech,Away,50.50%,49.50%,NC State -0.04,8.9,51,49,NC State 14-7
4/25/26,Wake Forest,Georgia Tech,Home,24.90%,75.10%,Georgia Tech -3.86,8.6,25,4,Georgia Tech 14-11
4/25/26,Boston College,Notre Dame,Away,35.80%,64.20%,Notre Dame -1.97,8.5,37,47,Boston College 16-1
4/25/26,Missouri St.,Louisiana Tech,Home,51.70%,48.30%,Missouri St. -0.29,8.5,35,81,Louisiana Tech 9-2
4/25/26,Missouri St.,Louisiana Tech,Home,51.70%,48.30%,Missouri St. -0.29,8.5,35,81,Louisiana Tech 6-5
4/25/26,Clemson,Louisville,Away,47.20%,52.80%,Louisville -0.35,8.5,55,67,Louisville 11-6
4/25/26,Louisiana,Arkansas St.,Home,50.10%,49.90%,Louisiana -0.39,8.5,39,83,Louisiana 11-5
4/25/26,LSU,Mississippi St.,Away,29.00%,71.00%,Mississippi St. -3.16,8.4,45,10,Mississippi St. 9-8
4/25/26,UCF,Utah,Away,59.60%,40.40%,UCF -1.44,8.3,33,70,UCF 12-4
4/25/26,UCF,Utah,Away,59.60%,40.40%,UCF -1.44,8.3,33,70,UCF 10-0
4/25/26,Southern Miss.,South Alabama,Home,65.70%,34.30%,Southern Miss. -2.29,8.3,21,66,Southern Miss. 16-7
4/25/26,Florida St.,Stanford,Away,64.90%,35.10%,Florida St. -2.15,8.3,19,64,Stanford 8-7
4/25/26,Texas St.,Coastal Carolina,Home,36.90%,63.10%,Coastal Carolina -1.65,8.3,59,40,Coastal Carolina 2-1
4/25/26,California,Miami (FL),Away,30.70%,69.30%,Miami (FL) -2.74,8.2,56,29,Miami (FL) 4-3
4/25/26,Purdue,Southern California,Away,26.20%,73.80%,Southern California -3.61,8.2,54,15,Southern California 6-1
4/25/26,Oklahoma St.,Texas Tech,Away,63.30%,36.70%,Oklahoma St. -2.1,8.1,27,80,Oklahoma St. 9-8
4/25/26,Baylor,Arizona St.,Home,28.00%,72.00%,Arizona St. -3.21,8.1,60,23,Arizona St. 4-2
4/25/26,Nebraska,Illinois,Home,61.10%,38.90%,Nebraska -1.86,8.1,16,94,Nebraska 12-5
4/25/26,UC Irvine,UC San Diego,Away,47.20%,52.80%,UC San Diego -0.37,7.9,93,85,UC San Diego 9-4
4/25/26,South Fla.,East Carolina,Home,34.00%,66.00%,East Carolina -2.45,7.9,74,43,East Carolina 12-4
4/25/26,Iowa,Indiana,Home,52.10%,47.90%,Iowa -0.48,7.9,63,103,Iowa 9-2
4/25/26,Kentucky,South Carolina,Away,61.40%,38.60%,Kentucky -1.9,7.8,28,104,South Carolina 9-4
4/25/26,Rice,Wichita St.,Away,53.00%,47.00%,Rice -0.6,7.7,65,114,Rice 3-2
4/25/26,Houston,TCU,Away,31.20%,68.80%,TCU -2.86,7.7,90,30,TCU 4-2
4/25/26,Arkansas,Missouri,Away,71.90%,28.10%,Arkansas -3.52,7.7,17,87,Missouri 6-1
4/25/26,North Carolina,Duke,Home,77.70%,22.30%,North Carolina -4.54,7.7,5,82,North Carolina 22-5
4/25/26,St. John's (NY),Xavier,Away,43.50%,56.50%,Xavier -0.67,7.7,92,91,St. John's (NY) 8-6
4/25/26,Charlotte,Fla. Atlantic,Away,47.80%,52.20%,Fla. Atlantic -0.18,7.5,98,115,Fla. Atlantic 9-4
4/25/26,BYU,Arizona,Home,43.60%,56.40%,Arizona -0.71,7.4,62,130,BYU 8-4
4/25/26,Maryland,Michigan St.,Away,44.10%,55.90%,Michigan St. -0.85,7.4,101,109,Michigan St. 12-4
4/25/26,Utah Tech,California Baptist,Home,28.60%,71.40%,California Baptist -3.15,7.3,105,42,Utah Tech 10-1
4/25/26,Washington,Michigan,Home,37.50%,62.50%,Michigan -1.77,7.2,128,50,Michigan 4-3
4/25/26,Cal St. Fullerton,UC Santa Barbara,Away,30.10%,69.90%,UC Santa Barbara -3.08,7.2,119,32,Cal St. Fullerton 9-7
4/25/26,Wofford,Mercer,Home,29.80%,70.20%,Mercer -3.1,7.1,122,41,Mercer 5-1
4/25/26,Hawaii,Oregon St.,Away,22.30%,77.70%,Oregon St. -4.42,7.1,112,18,Oregon St. 8-1
4/25/26,Kennesaw St.,Western Ky.,Away,31.40%,68.60%,Western Ky. -2.41,7,88,110,Western Ky. 8-6
4/25/26,Campbell,Col. of Charleston,Away,61.80%,38.20%,Campbell -1.86,6.9,53,152,Campbell 12-8
4/25/26,New Mexico,Washington St.,Away,44.70%,55.30%,Washington St. -0.9,6.9,155,79,New Mexico 4-3
4/25/26,UTSA,Tulane,Home,67.30%,32.70%,UTSA -2.63,6.9,46,137,UTSA 8-2
4/25/26,Old Dominion,Georgia St.,Home,46.70%,53.30%,Georgia St. -0.29,6.8,125,143,Georgia St. 10-4
4/25/26,Sacramento St.,UCLA,Away,12.90%,87.10%,UCLA -6.6,6.8,120,1,UCLA 5-3
4/25/26,SIUE,Southeast Mo. St.,Away,35.30%,64.70%,Southeast Mo. St. -1.95,6.8,140,75,Southeast Mo. St. 5-1
4/25/26,UNLV,Nevada,Home,46.20%,53.80%,Nevada -0.33,6.8,136,135,UNLV 8-7
4/25/26,UTRGV,McNeese,Home,43.20%,56.80%,McNeese -0.88,6.7,126,139,McNeese 5-3
4/25/26,Memphis,UAB,Away,27.70%,72.30%,UAB -3.05,6.6,134,68,Memphis 13-9
4/25/26,VCU,Richmond,Home,45.10%,54.90%,Richmond -0.41,6.5,117,160,Richmond 8-4
4/25/26,Kent St.,Western Mich.,Away,66.50%,33.50%,Kent St. -2.53,6.5,61,162,Kent St. 9-1
4/25/26,San Jose St.,Air Force,Home,38.50%,61.50%,Air Force -1.5,6.5,142,121,Air Force 16-6
4/25/26,North Florida,FGCU,Home,38.40%,61.60%,FGCU -1.56,6.4,149,118,FGCU 5-3
4/25/26,Troy,Marshall,Home,64.10%,35.90%,Troy -2.47,6.4,57,174,Troy 8-2
4/25/26,Northwestern,Minnesota,Home,25.60%,74.40%,Minnesota -3.56,6.4,141,72,Minnesota 7-3
4/25/26,CSUN,Cal Poly,Away,23.70%,76.30%,Cal Poly -4.17,6.4,144,52,Cal Poly 5-4
4/25/26,Portland,Santa Clara,Away,37.30%,62.70%,Santa Clara -1.77,6.3,127,147,Santa Clara 3-1
4/25/26,Saint Mary's (CA),San Diego,Away,61.70%,38.30%,Saint Mary's (CA) -1.82,6.2,96,177,Saint Mary's (CA) 14-3
4/25/26,Little Rock,Lindenwood,Home,52.70%,47.30%,Little Rock -0.77,6.1,113,195,Lindenwood 3-2
4/25/26,UNC Greensboro,The Citadel,Home,28.00%,72.00%,The Citadel -3.39,6.1,168,69,The Citadel 10-1
4/25/26,Houston Christian,Southeastern La.,Away,29.70%,70.30%,Southeastern La. -2.98,6,169,86,Southeastern La. 12-1
4/25/26,Wright St.,Milwaukee,Home,56.00%,44.00%,Wright St. -0.56,5.9,153,180,Milwaukee 4-0
4/25/26,Middle Tenn.,Sam Houston,Away,41.80%,58.20%,Sam Houston -1.17,5.9,179,146,Middle Tenn. 12-8
4/25/26,Lamar University,New Orleans,Away,65.50%,34.50%,Lamar University -2.19,5.9,95,188,Lamar University 7-2
4/25/26,Rider,Monmouth,Home,45.50%,54.50%,Monmouth -0.5,5.8,184,167,Rider 0-0
4/25/26,SFA,Northwestern St.,Home,36.60%,63.40%,Northwestern St. -1.64,5.7,173,157,Northwestern St. 2-1
4/25/26,James Madison,ULM,Away,36.00%,64.00%,ULM -1.92,5.6,182,150,ULM 6-4
4/25/26,UT Arlington,Abilene Christian,Home,34.20%,65.80%,Abilene Christian -2.13,5.6,172,151,Abilene Christian 9-8
4/25/26,Austin Peay,Lipscomb,Away,45.00%,55.00%,Lipscomb -0.98,5.5,201,165,Lipscomb 11-10
4/25/26,Penn St.,Oregon,Home,12.20%,87.80%,Oregon -6.85,5.5,192,20,Oregon 5-4
4/25/26,Pacific,San Francisco,Away,43.20%,56.80%,San Francisco -0.99,5.5,193,175,San Francisco 5-3
4/25/26,Murray St.,Southern Ill.,Away,49.00%,51.00%,Southern Ill. -0.06,5.5,159,218,Southern Ill. 7-6
4/25/26,New Mexico St.,Jacksonville St.,Home,10.70%,89.30%,Jacksonville St. -7.31,5.5,186,22,Jacksonville St. 4-0
4/25/26,Hofstra,Northeastern,Away,20.30%,79.70%,Northeastern -4.71,5.4,178,102,Northeastern 8-6
4/25/26,DBU,FIU,Away,73.90%,26.10%,DBU -3.67,5.4,71,211,DBU 14-10
4/25/26,Long Beach St.,UC Davis,Away,33.10%,66.90%,UC Davis -2.51,5.4,210,111,Long Beach St. 5-3
4/25/26,Southern Ind.,Morehead St.,Home,41.60%,58.40%,Morehead St. -1.29,5.4,204,158,Morehead St. 6-5
4/25/26,Winthrop,Gardner-Webb,Home,63.30%,36.70%,Winthrop -1.86,5.4,129,205,Winthrop 9-7
4/25/26,A&M-Corpus Christi,UIW,Away,46.10%,53.90%,UIW -0.3,5.3,199,202,A&M-Corpus Christi 6-4
4/25/26,Eastern Ill.,UT Martin,Away,57.60%,42.40%,Eastern Ill. -1.28,5.2,133,231,Eastern Ill. 10-6
4/25/26,Evansville,Indiana St.,Away,30.20%,69.80%,Indiana St. -2.82,5.2,200,138,Indiana St. 8-5
4/25/26,Bethune-Cookman,Florida A&M,Away,53.80%,46.20%,Bethune-Cookman -0.5,5.2,171,225,Bethune-Cookman 10-4
4/25/26,Ga. Southern,App State,Home,26.40%,73.60%,App State -3.47,5.2,203,106,App State 11-5
4/25/26,UConn,Georgetown,Home,69.60%,30.40%,UConn -2.97,5.2,100,219,UConn 22-4
4/25/26,San Diego St.,Fresno St.,Home,67.60%,32.40%,San Diego St. -2.87,5.1,73,248,San Diego St. 8-5
4/25/26,UNCW,Elon,Home,66.80%,33.20%,UNCW -2.52,4.9,131,228,UNCW 5-1
4/25/26,Delaware,Liberty,Away,11.30%,88.70%,Liberty -7.03,4.9,229,31,Liberty 10-5
4/25/26,Pepperdine,Seattle U,Away,49.30%,50.70%,Seattle U -0.02,4.9,198,237,Pepperdine 7-6
4/25/26,Utah Valley,Tarleton St.,Home,22.50%,77.50%,Tarleton St. -4.53,4.9,243,58,Tarleton St. 8-2
4/25/26,Navy,Bucknell,Home,55.40%,44.60%,Navy -0.71,4.8,215,223,Navy 9-4
4/25/26,Central Mich.,Miami (OH),Away,16.90%,83.00%,Miami (OH) -5.49,4.8,224,76,Miami (OH) 6-1
4/25/26,Toledo,Bowling Green,Home,61.90%,38.10%,Toledo -2.01,4.7,170,234,Toledo 3-1
4/25/26,CSU Bakersfield,UC Riverside,Away,54.50%,45.50%,CSU Bakersfield -0.78,4.7,191,246,CSU Bakersfield 10-0
4/25/26,UMBC,Maine,Home,40.30%,59.70%,Maine -1.35,4.6,221,216,Maine 8-5
4/25/26,Eastern Mich.,NIU,Away,22.70%,77.30%,NIU -4.3,4.6,238,99,NIU 11-8
4/25/26,LMU (CA),Gonzaga,Home,15.60%,84.40%,Gonzaga -5.99,4.5,254,48,Gonzaga 7-1
4/25/26,Butler,Creighton,Away,16.90%,83.00%,Creighton -5.4,4.5,236,97,Creighton 6-5
4/25/26,Stony Brook,Towson,Away,55.60%,44.40%,Stony Brook -0.87,4.5,207,245,Towson 9-7
4/25/26,Central Ark.,Bellarmine,Home,62.50%,37.50%,Central Ark. -1.98,4.4,161,260,Central Ark. 14-7
4/25/26,Queens (NC),Jacksonville,Home,26.10%,73.90%,Jacksonville -3.72,4.3,255,132,Jacksonville 6-2
4/25/26,North Dakota St.,Oral Roberts,Away,19.90%,80.10%,Oral Roberts -4.78,4.3,244,116,Oral Roberts 3-2
4/25/26,Penn,Harvard,Home,58.40%,41.60%,Penn -1.29,4.2,206,262,Penn 10-2
4/25/26,Penn,Harvard,Home,58.40%,41.60%,Penn -1.29,4.2,206,262,Penn 13-7
4/25/26,Rhode Island,Saint Louis,Away,56.00%,44.00%,Rhode Island -1.12,4.2,214,264,Saint Louis 11-7
4/25/26,North Ala.,Eastern Ky.,Home,64.20%,35.80%,North Ala. -2.14,4.2,176,258,North Ala. 11-8
4/25/26,Stetson,West Ga.,Away,60.10%,39.90%,Stetson -1.71,4.2,183,268,Stetson 13-10
4/25/26,Bryant,UMass Lowell,Away,60.90%,39.10%,Bryant -1.54,4.1,217,253,Bryant 5-3
4/25/26,Marist,Merrimack,Away,44.00%,56.00%,Merrimack -0.65,4,242,257,Marist 18-3
4/25/26,Davidson,George Washington,Away,53.50%,46.50%,Davidson -0.71,4,220,282,Davidson 5-4
4/25/26,Radford,Presbyterian,Home,63.20%,36.80%,Radford -2.1,3.9,187,278,Radford 21-2
4/25/26,Ark.-Pine Bluff,Southern U.,Away,41.10%,58.90%,Southern U. -1.36,3.9,266,232,Southern U. 10-8
4/25/26,Northern Colo.,South Dakota St.,Away,33.70%,66.30%,South Dakota St. -2.23,3.9,256,209,Northern Colo. 19-2
4/25/26,St. Thomas (MN),Omaha,Home,30.80%,69.20%,Omaha -2.84,3.8,267,189,St. Thomas (MN) 11-5
4/25/26,Belmont,Valparaiso,Away,57.10%,42.90%,Belmont -1.27,3.8,233,276,Belmont 2-0
4/25/26,Princeton,Dartmouth,Home,47.70%,52.30%,Dartmouth -0.28,3.8,250,277,Dartmouth 8-2
4/25/26,Princeton,Dartmouth,Home,47.70%,52.30%,Dartmouth -0.28,3.8,250,277,Princeton 6-1
4/25/26,Massachusetts,Ball St.,Home,30.60%,69.40%,Ball St. -2.71,3.6,269,212,Massachusetts 9-8
4/25/26,Massachusetts,Ball St.,Home,30.60%,69.40%,Ball St. -2.71,3.6,269,212,Ball St. 10-9
4/25/26,Western Ill.,Tennessee Tech,Home,38.90%,61.10%,Tennessee Tech -1.48,3.4,281,251,Tennessee Tech 10-2
4/25/26,Cornell,Brown,Home,31.80%,68.20%,Brown -2.67,3.4,287,208,Brown 16-4
4/25/26,Siena,Sacred Heart,Home,45.50%,54.50%,Sacred Heart -0.62,3.4,279,284,Siena 20-11
4/25/26,Akron,Ohio,Away,54.10%,45.90%,Akron -0.67,3.4,265,294,Akron 9-6
4/25/26,Mount St. Mary's,Quinnipiac,Away,34.60%,65.40%,Quinnipiac -2.09,3.3,280,252,Quinnipiac 4-3
4/25/26,NJIT,UAlbany,Away,53.10%,46.90%,NJIT -0.43,3.3,293,288,UAlbany 1-0
4/25/26,Youngstown St.,UIC,Home,20.50%,79.50%,UIC -4.67,3.3,270,190,UIC 6-3
4/25/26,FDU,Mercyhurst,Away,58.60%,41.40%,FDU -1.53,3.3,240,299,FDU 4-1
4/25/26,Oakland,Northern Ky.,Home,26.20%,73.80%,Northern Ky. -3.53,3.2,271,227,Northern Ky. 10-0
4/25/26,Bradley,Illinois St.,Away,12.30%,87.70%,Illinois St. -6.64,3.1,289,145,Illinois St. 1-0
4/25/26,New Haven,Central Conn. St.,Home,51.40%,48.60%,New Haven -0.01,3.1,302,297,New Haven 7-6
4/25/26,Lehigh,Holy Cross,Home,27.60%,72.40%,Holy Cross -3.32,2.8,296,249,Holy Cross 9-0
4/25/26,Lehigh,Holy Cross,Home,27.60%,72.40%,Holy Cross -3.32,2.8,296,249,Holy Cross 3-2
4/25/26,Texas Southern,Prairie View,Home,66.00%,34.00%,Texas Southern -2.23,2.7,285,300,Texas Southern 14-12
4/25/26,Le Moyne,Norfolk St.,Away,71.30%,28.70%,Le Moyne -3.11,2.6,275,298,Le Moyne 15-4
4/25/26,Le Moyne,Norfolk St.,Away,71.30%,28.70%,Le Moyne -3.11,2.6,275,298,Le Moyne 10-4
4/25/26,Mississippi Val.,Alabama St.,Home,7.40%,92.60%,Alabama St. -8.58,2.3,301,194,Alabama St. 11-9
4/25/26,Wagner,UMES,Home,84.50%,15.50%,Wagner -5.92,2.1,247,307,Wagner 9-3
4/25/26,Grambling,Alcorn,Home,85.60%,14.40%,Grambling -6.15,1.9,273,305,Grambling 20-8
4/25/26,Jackson St.,Alabama A&M,Home,83.60%,16.40%,Jackson St. -5.64,1.9,283,304,Alabama A&M 11-6
4/25/26,Coppin St.,Stonehill,Away,12.90%,87.10%,Stonehill -6.33,1.8,303,286,Stonehill 13-3
4/25/26,Delaware St.,LIU,Away,4.70%,95.30%,LIU -10.1,1.8,306,239,LIU 13-2
4/24/26,Texas A&M,Florida,Home,45.90%,54.10%,Florida -0.52,9.6,7,14,Florida 9-2
4/24/26,Oklahoma,Auburn,Home,40.40%,59.60%,Auburn -1.19,9.4,13,8,Auburn 6-4
4/24/26,Alabama,Tennessee,Away,44.20%,55.80%,Tennessee -0.5,9.3,9,26,Tennessee 10-0
4/24/26,Alabama,Tennessee,Away,44.20%,55.80%,Tennessee -0.5,9.3,9,26,Tennessee 11-4
4/24/26,Virginia,Pittsburgh,Home,52.20%,47.80%,Virginia -0.25,9.1,34,36,Pittsburgh 7-5
4/24/26,Texas,Vanderbilt,Away,60.90%,39.10%,Texas -1.86,9,3,38,Texas 11-4
4/24/26,Kansas,Kansas St.,Away,58.80%,41.20%,Kansas -1.57,8.9,12,44,Kansas 18-6
4/24/26,NC State,Virginia Tech,Away,50.50%,49.50%,NC State -0.04,8.9,51,49,Virginia Tech 4-0
4/24/26,Wake Forest,Georgia Tech,Home,24.90%,75.10%,Georgia Tech -3.86,8.6,25,4,Georgia Tech 6-5
4/24/26,Boston College,Notre Dame,Away,35.80%,64.20%,Notre Dame -1.97,8.5,37,47,Notre Dame 12-2
4/24/26,Clemson,Louisville,Away,47.20%,52.80%,Louisville -0.35,8.5,55,67,Louisville 13-10
4/24/26,Louisiana,Arkansas St.,Home,50.10%,49.90%,Louisiana -0.39,8.5,39,83,Louisiana 3-2
4/24/26,LSU,Mississippi St.,Away,29.00%,71.00%,Mississippi St. -3.16,8.4,45,10,Mississippi St. 10-8
4/24/26,Texas St.,Coastal Carolina,Home,36.90%,63.10%,Coastal Carolina -1.65,8.3,59,40,Coastal Carolina 6-2
4/24/26,UCF,Utah,Away,59.60%,40.40%,UCF -1.44,8.3,33,70,UCF 12-2
4/24/26,Southern Miss.,South Alabama,Home,65.70%,34.30%,Southern Miss. -2.29,8.3,21,66,Southern Miss. 4-3
4/24/26,Florida St.,Stanford,Away,64.90%,35.10%,Florida St. -2.15,8.3,19,64,Stanford 4-3
4/24/26,California,Miami (FL),Away,30.70%,69.30%,Miami (FL) -2.74,8.2,56,29,California 9-2
4/24/26,Purdue,Southern California,Away,26.20%,73.80%,Southern California -3.61,8.2,54,15,Southern California 4-3
4/24/26,Oklahoma St.,Texas Tech,Away,63.30%,36.70%,Oklahoma St. -2.1,8.1,27,80,Oklahoma St. 16-6
4/24/26,Baylor,Arizona St.,Home,28.00%,72.00%,Arizona St. -3.21,8.1,60,23,Arizona St. 11-2
4/24/26,Nebraska,Illinois,Home,61.10%,38.90%,Nebraska -1.86,8.1,16,94,Illinois 10-5
4/24/26,UC Irvine,UC San Diego,Away,47.20%,52.80%,UC San Diego -0.37,7.9,93,85,UC San Diego 11-9
4/24/26,South Fla.,East Carolina,Home,34.00%,66.00%,East Carolina -2.45,7.9,74,43,East Carolina 11-1
4/24/26,Iowa,Indiana,Home,52.10%,47.90%,Iowa -0.48,7.9,63,103,Iowa 12-2
4/24/26,Kentucky,South Carolina,Away,61.40%,38.60%,Kentucky -1.9,7.8,28,104,South Carolina 10-9
4/24/26,Rice,Wichita St.,Away,53.00%,47.00%,Rice -0.6,7.7,65,114,Wichita St. 5-1
4/24/26,Houston,TCU,Away,31.20%,68.80%,TCU -2.86,7.7,90,30,TCU 8-3
4/24/26,Arkansas,Missouri,Away,71.90%,28.10%,Arkansas -3.52,7.7,17,87,Arkansas 6-0
4/24/26,North Carolina,Duke,Home,77.70%,22.30%,North Carolina -4.54,7.7,5,82,Duke 3-1
4/24/26,St. John's (NY),Xavier,Away,43.50%,56.50%,Xavier -0.67,7.7,92,91,St. John's (NY) 12-7
4/24/26,Ohio St.,Rutgers,Away,52.30%,47.70%,Ohio St. -0.52,7.5,78,124,Ohio St. 8-0
4/24/26,Charlotte,Fla. Atlantic,Away,47.80%,52.20%,Fla. Atlantic -0.18,7.5,98,115,Fla. Atlantic 3-1
4/24/26,Ohio St.,Rutgers,Away,52.30%,47.70%,Ohio St. -0.52,7.5,78,124,Rutgers 3-0
4/24/26,USC Upstate,Samford,Home,41.20%,58.80%,Samford -1.24,7.4,108,89,Samford 7-5
4/24/26,USC Upstate,Samford,Home,41.20%,58.80%,Samford -1.24,7.4,108,89,Samford 6-1
4/24/26,BYU,Arizona,Home,43.60%,56.40%,Arizona -0.71,7.4,62,130,BYU 5-1
4/24/26,Maryland,Michigan St.,Away,44.10%,55.90%,Michigan St. -0.85,7.4,101,109,Maryland 18-10
4/24/26,Utah Tech,California Baptist,Home,28.60%,71.40%,California Baptist -3.15,7.3,105,42,California Baptist 7-3
4/24/26,ETSU,Western Caro.,Away,43.80%,56.20%,Western Caro. -0.99,7.3,123,84,Western Caro. 14-10
4/24/26,ETSU,Western Caro.,Away,43.80%,56.20%,Western Caro. -0.99,7.3,123,84,ETSU 4-3
4/24/26,Washington,Michigan,Home,37.50%,62.50%,Michigan -1.77,7.2,128,50,Michigan 8-7
4/24/26,Cal St. Fullerton,UC Santa Barbara,Away,30.10%,69.90%,UC Santa Barbara -3.08,7.2,119,32,UC Santa Barbara 8-3
4/24/26,Wofford,Mercer,Home,29.80%,70.20%,Mercer -3.1,7.1,122,41,Mercer 9-8
4/24/26,Hawaii,Oregon St.,Away,22.30%,77.70%,Oregon St. -4.42,7.1,112,18,Oregon St. 12-4
4/24/26,Kennesaw St.,Western Ky.,Away,31.40%,68.60%,Western Ky. -2.41,7,88,110,Western Ky. 9-8
4/24/26,Campbell,Col. of Charleston,Away,61.80%,38.20%,Campbell -1.86,6.9,53,152,Campbell 16-1
4/24/26,New Mexico,Washington St.,Away,44.70%,55.30%,Washington St. -0.9,6.9,155,79,Washington St. 10-3
4/24/26,UTSA,Tulane,Home,67.30%,32.70%,UTSA -2.63,6.9,46,137,UTSA 7-3
4/24/26,Sacramento St.,UCLA,Away,12.90%,87.10%,UCLA -6.6,6.8,120,1,UCLA 6-5
4/24/26,Old Dominion,Georgia St.,Home,46.70%,53.30%,Georgia St. -0.29,6.8,125,143,Old Dominion 10-2
4/24/26,SIUE,Southeast Mo. St.,Away,35.30%,64.70%,Southeast Mo. St. -1.95,6.8,140,75,Southeast Mo. St. 10-3
4/24/26,UNLV,Nevada,Home,46.20%,53.80%,Nevada -0.33,6.8,136,135,Nevada 13-3
4/24/26,UTRGV,McNeese,Home,43.20%,56.80%,McNeese -0.88,6.7,126,139,UTRGV 8-7
4/24/26,Memphis,UAB,Away,27.70%,72.30%,UAB -3.05,6.6,134,68,UAB 7-6
4/24/26,VCU,Richmond,Home,45.10%,54.90%,Richmond -0.41,6.5,117,160,Richmond 2-1
4/24/26,Kent St.,Western Mich.,Away,66.50%,33.50%,Kent St. -2.53,6.5,61,162,Kent St. 8-7
4/24/26,San Jose St.,Air Force,Home,38.50%,61.50%,Air Force -1.5,6.5,142,121,Air Force 20-10
4/24/26,Troy,Marshall,Home,64.10%,35.90%,Troy -2.47,6.4,57,174,Marshall 7-4
4/24/26,North Florida,FGCU,Home,38.40%,61.60%,FGCU -1.56,6.4,149,118,North Florida 5-3
4/24/26,CSUN,Cal Poly,Away,23.70%,76.30%,Cal Poly -4.17,6.4,144,52,Cal Poly 8-5
4/24/26,Northwestern,Minnesota,Home,25.60%,74.40%,Minnesota -3.56,6.4,141,72,Minnesota 13-1
4/24/26,Portland,Santa Clara,Away,37.30%,62.70%,Santa Clara -1.77,6.3,127,147,Santa Clara 6-3
4/24/26,Longwood,Binghamton,Home,46.30%,53.80%,Binghamton -0.48,6.2,156,163,Binghamton 10-8
4/24/26,Longwood,Binghamton,Home,46.30%,53.80%,Binghamton -0.48,6.2,156,163,Longwood 7-3
4/24/26,Saint Mary's (CA),San Diego,Away,61.70%,38.30%,Saint Mary's (CA) -1.82,6.2,96,177,Saint Mary's (CA) 10-4
4/24/26,Little Rock,Lindenwood,Home,52.70%,47.30%,Little Rock -0.77,6.1,113,195,Little Rock 2-0
4/24/26,UNC Greensboro,The Citadel,Home,28.00%,72.00%,The Citadel -3.39,6.1,168,69,The Citadel 2-1
4/24/26,Houston Christian,Southeastern La.,Away,29.70%,70.30%,Southeastern La. -2.98,6,169,86,Southeastern La. 12-2
4/24/26,Wright St.,Milwaukee,Home,56.00%,44.00%,Wright St. -0.56,5.9,153,180,Milwaukee 10-7
4/24/26,Middle Tenn.,Sam Houston,Away,41.80%,58.20%,Sam Houston -1.17,5.9,179,146,Sam Houston 6-3
4/24/26,Lamar University,New Orleans,Away,65.50%,34.50%,Lamar University -2.19,5.9,95,188,New Orleans 11-7
4/24/26,Rider,Monmouth,Home,45.50%,54.50%,Monmouth -0.5,5.8,184,167,Rider 14-4
4/24/26,SFA,Northwestern St.,Home,36.60%,63.40%,Northwestern St. -1.64,5.7,173,157,Northwestern St. 11-8
4/24/26,UT Arlington,Abilene Christian,Home,34.20%,65.80%,Abilene Christian -2.13,5.6,172,151,UT Arlington 11-6
4/24/26,James Madison,ULM,Away,36.00%,64.00%,ULM -1.92,5.6,182,150,James Madison 11-3
4/24/26,Austin Peay,Lipscomb,Away,45.00%,55.00%,Lipscomb -0.98,5.5,201,165,Lipscomb 6-5
4/24/26,Penn St.,Oregon,Home,12.20%,87.80%,Oregon -6.85,5.5,192,20,Oregon 5-4
4/24/26,Pacific,San Francisco,Away,43.20%,56.80%,San Francisco -0.99,5.5,193,175,Pacific 10-5
4/24/26,Murray St.,Southern Ill.,Away,49.00%,51.00%,Southern Ill. -0.06,5.5,159,218,Murray St. 13-1
4/24/26,New Mexico St.,Jacksonville St.,Home,10.70%,89.30%,Jacksonville St. -7.31,5.5,186,22,New Mexico St. 6-3
4/24/26,Hofstra,Northeastern,Away,20.30%,79.70%,Northeastern -4.71,5.4,178,102,Northeastern 8-0
4/24/26,DBU,FIU,Away,73.90%,26.10%,DBU -3.67,5.4,71,211,DBU 10-5
4/24/26,VMI,High Point,Home,22.10%,77.90%,High Point -4.44,5.4,196,77,High Point 7-5
4/24/26,Long Beach St.,UC Davis,Away,33.10%,66.90%,UC Davis -2.51,5.4,210,111,Long Beach St. 5-3
4/24/26,Southern Ind.,Morehead St.,Home,41.60%,58.40%,Morehead St. -1.29,5.4,204,158,Morehead St. 4-3
4/24/26,Winthrop,Gardner-Webb,Home,63.30%,36.70%,Winthrop -1.86,5.4,129,205,Gardner-Webb 3-0
4/24/26,A&M-Corpus Christi,UIW,Away,46.10%,53.90%,UIW -0.3,5.3,199,202,A&M-Corpus Christi 14-3
4/24/26,Eastern Ill.,UT Martin,Away,57.60%,42.40%,Eastern Ill. -1.28,5.2,133,231,Eastern Ill. 9-7
4/24/26,Bethune-Cookman,Florida A&M,Away,53.80%,46.20%,Bethune-Cookman -0.5,5.2,171,225,Bethune-Cookman 4-3
4/24/26,Evansville,Indiana St.,Away,30.20%,69.80%,Indiana St. -2.82,5.2,200,138,Indiana St. 4-3
4/24/26,Ga. Southern,App State,Home,26.40%,73.60%,App State -3.47,5.2,203,106,App State 16-3
4/24/26,UConn,Georgetown,Home,69.60%,30.40%,UConn -2.97,5.2,100,219,UConn 14-2
4/24/26,George Mason,Fordham,Home,50.60%,49.40%,George Mason -0.43,5.1,181,235,Fordham 11-4
4/24/26,San Diego St.,Fresno St.,Home,67.60%,32.40%,San Diego St. -2.87,5.1,73,248,San Diego St. 4-3
4/24/26,Yale,Columbia,Home,58.60%,41.40%,Yale -1.31,5,164,226,Columbia 6-4
4/24/26,Utah Valley,Tarleton St.,Home,22.50%,77.50%,Tarleton St. -4.53,4.9,243,58,Tarleton St. 12-2
4/24/26,UNCW,Elon,Home,66.80%,33.20%,UNCW -2.52,4.9,131,228,UNCW 9-8
4/24/26,Delaware,Liberty,Away,11.30%,88.70%,Liberty -7.03,4.9,229,31,Delaware 5-4
4/24/26,Pepperdine,Seattle U,Away,49.30%,50.70%,Seattle U -0.02,4.9,198,237,Pepperdine 3-1
4/24/26,Central Mich.,Miami (OH),Away,16.90%,83.00%,Miami (OH) -5.49,4.8,224,76,Miami (OH) 12-5
4/24/26,Toledo,Bowling Green,Home,61.90%,38.10%,Toledo -2.01,4.7,170,234,Bowling Green 9-5
4/24/26,CSU Bakersfield,UC Riverside,Away,54.50%,45.50%,CSU Bakersfield -0.78,4.7,191,246,UC Riverside 11-5
4/24/26,Oral Roberts,North Dakota St.,Away,70.70%,29.30%,Oral Roberts -3.18,4.7,116,244,North Dakota St. 3-2
4/24/26,UMBC,Maine,Home,40.30%,59.70%,Maine -1.35,4.6,221,216,UMBC 3-2
4/24/26,Eastern Mich.,NIU,Away,22.70%,77.30%,NIU -4.3,4.6,238,99,NIU 15-9
4/24/26,Saint Joseph's,La Salle,Home,70.40%,29.60%,Saint Joseph's -3.17,4.5,107,261,Saint Joseph's 6-5
4/24/26,Saint Joseph's,La Salle,Home,70.40%,29.60%,Saint Joseph's -3.17,4.5,107,261,Saint Joseph's 15-6
4/24/26,LMU (CA),Gonzaga,Home,15.60%,84.40%,Gonzaga -5.99,4.5,254,48,Gonzaga 4-3
4/24/26,Butler,Creighton,Away,16.90%,83.00%,Creighton -5.4,4.5,236,97,Creighton 6-0
4/24/26,Stony Brook,Towson,Away,55.60%,44.40%,Stony Brook -0.87,4.5,207,245,Stony Brook 15-5
4/24/26,Central Ark.,Bellarmine,Home,62.50%,37.50%,Central Ark. -1.98,4.4,161,260,Central Ark. 13-2
4/24/26,North Dakota St.,Oral Roberts,Away,19.90%,80.10%,Oral Roberts -4.78,4.3,244,116,Oral Roberts 14-3
4/24/26,Queens (NC),Jacksonville,Home,26.10%,73.90%,Jacksonville -3.72,4.3,255,132,Jacksonville 10-1
4/24/26,North Ala.,Eastern Ky.,Home,64.20%,35.80%,North Ala. -2.14,4.2,176,258,North Ala. 10-6
4/24/26,Charleston So.,UNC Asheville,Away,69.10%,30.90%,Charleston So. -2.81,4.2,154,259,Charleston So. 12-2
4/24/26,Stetson,West Ga.,Away,60.10%,39.90%,Stetson -1.71,4.2,183,268,Stetson 13-10
4/24/26,Rhode Island,Saint Louis,Away,56.00%,44.00%,Rhode Island -1.12,4.2,214,264,Rhode Island 12-2
4/24/26,Bryant,UMass Lowell,Away,60.90%,39.10%,Bryant -1.54,4.1,217,253,Bryant 8-5
4/24/26,William & Mary,N.C. A&T,Home,56.10%,43.90%,William & Mary -0.86,4,222,272,William & Mary 14-5
4/24/26,Marist,Merrimack,Away,44.00%,56.00%,Merrimack -0.65,4,242,257,Merrimack 8-0
4/24/26,Villanova,Seton Hall,Home,43.80%,56.20%,Seton Hall -0.58,4,241,263,Seton Hall 9-3
4/24/26,Davidson,George Washington,Away,53.50%,46.50%,Davidson -0.71,4,220,282,Davidson 10-5
4/24/26,Radford,Presbyterian,Home,63.20%,36.80%,Radford -2.1,3.9,187,278,Presbyterian 6-5
4/24/26,Ark.-Pine Bluff,Southern U.,Away,41.10%,58.90%,Southern U. -1.36,3.9,266,232,Southern U. 11-7
4/24/26,Northern Colo.,South Dakota St.,Away,33.70%,66.30%,South Dakota St. -2.23,3.9,256,209,South Dakota St. 7-6
4/24/26,St. Thomas (MN),Omaha,Home,30.80%,69.20%,Omaha -2.84,3.8,267,189,Omaha 9-1
4/24/26,Belmont,Valparaiso,Away,57.10%,42.90%,Belmont -1.27,3.8,233,276,Belmont 8-7
4/24/26,Canisius,Manhattan,Away,48.40%,51.60%,Manhattan -0.06,3.5,274,291,Manhattan 7-5
4/24/26,Canisius,Manhattan,Away,48.40%,51.60%,Manhattan -0.06,3.5,274,291,Canisius 5-4
4/24/26,Western Ill.,Tennessee Tech,Home,38.90%,61.10%,Tennessee Tech -1.48,3.4,281,251,Western Ill. 8-6
4/24/26,Siena,Sacred Heart,Home,45.50%,54.50%,Sacred Heart -0.62,3.4,279,284,Sacred Heart 11-4
4/24/26,Akron,Ohio,Away,54.10%,45.90%,Akron -0.67,3.4,265,294,Akron 21-7
4/24/26,Mount St. Mary's,Quinnipiac,Away,34.60%,65.40%,Quinnipiac -2.09,3.3,280,252,Mount St. Mary's 11-1
4/24/26,NJIT,UAlbany,Away,53.10%,46.90%,NJIT -0.43,3.3,293,288,UAlbany 7-5
4/24/26,Youngstown St.,UIC,Home,20.50%,79.50%,UIC -4.67,3.3,270,190,UIC 10-7
4/24/26,FDU,Mercyhurst,Away,58.60%,41.40%,FDU -1.53,3.3,240,299,FDU 20-6
4/24/26,Dayton,St. Bonaventure,Away,73.30%,26.80%,Dayton -3.64,3.3,185,292,Dayton 6-3
4/24/26,Oakland,Northern Ky.,Home,26.20%,73.80%,Northern Ky. -3.53,3.2,271,227,Northern Ky. 30-9
4/24/26,Bradley,Illinois St.,Away,12.30%,87.70%,Illinois St. -6.64,3.1,289,145,Illinois St. 16-6
4/24/26,New Haven,Central Conn. St.,Home,51.40%,48.60%,New Haven -0.01,3.1,302,297,New Haven 6-2
4/24/26,Iona,Fairfield,Home,21.70%,78.30%,Fairfield -4.48,2.9,290,213,Fairfield 21-6
4/24/26,Texas Southern,Prairie View,Home,66.00%,34.00%,Texas Southern -2.23,2.7,285,300,Texas Southern 13-0
4/24/26,Le Moyne,Norfolk St.,Away,71.30%,28.70%,Le Moyne -3.11,2.6,275,298,Norfolk St. 9-7
4/24/26,Mississippi Val.,Alabama St.,Home,7.40%,92.60%,Alabama St. -8.58,2.3,301,194,Alabama St. 11-3
4/24/26,Niagara,Saint Peter's,Away,87.10%,12.90%,Niagara -6.69,2.1,230,308,Niagara 12-8
4/24/26,Niagara,Saint Peter's,Away,87.10%,12.90%,Niagara -6.69,2.1,230,308,Niagara 11-9
4/24/26,Wagner,UMES,Home,84.50%,15.50%,Wagner -5.92,2.1,247,307,Wagner 11-6
4/24/26,Grambling,Alcorn,Home,85.60%,14.40%,Grambling -6.15,1.9,273,305,Grambling 11-4
4/24/26,Jackson St.,Alabama A&M,Home,83.60%,16.40%,Jackson St. -5.64,1.9,283,304,Jackson St. 18-1
4/24/26,Coppin St.,Stonehill,Away,12.90%,87.10%,Stonehill -6.33,1.8,303,286,Stonehill 18-5
4/24/26,Delaware St.,LIU,Away,4.70%,95.30%,LIU -10.1,1.8,306,239,LIU 6-4
4/24/26,Delaware St.,LIU,Away,4.70%,95.30%,LIU -10.1,1.8,306,239,LIU 11-1
4/23/26,Alabama,Tennessee,Away,44.20%,55.80%,Tennessee -0.5,9.3,9,26,Alabama 12-8
4/23/26,Arkansas,Missouri,Away,71.90%,28.10%,Arkansas -3.52,7.7,17,87,Arkansas 5-4
4/23/26,North Carolina,Duke,Home,77.70%,22.30%,North Carolina -4.54,7.7,5,82,North Carolina 3-1
4/23/26,BYU,Arizona,Home,43.60%,56.40%,Arizona -0.71,7.4,62,130,Arizona 6-0
4/22/26,Oregon,Oregon St.,Away,44.40%,55.60%,Oregon St. -0.62,9.4,20,18,Oregon 7-3
4/22/26,Liberty,Virginia,Away,41.40%,58.60%,Virginia -0.97,8.9,31,34,Virginia 5-4
4/22/26,Lamar University,South Alabama,Away,45.80%,54.20%,South Alabama -0.58,7.9,95,66,South Alabama 6-1
4/22/26,Notre Dame,Michigan St.,Home,61.20%,38.80%,Notre Dame -1.74,7.6,47,109,Notre Dame 3-2
4/22/26,Sacramento St.,UC Davis,Away,49.90%,50.10%,Sacramento St. -0.14,7.4,120,111,Sacramento St. 7-1
4/22/26,Miami (FL),Fla. Atlantic,Home,68.00%,32.00%,Miami (FL) -2.78,7.4,29,115,Miami (FL) 5-4
4/22/26,Stanford,Santa Clara,Home,53.80%,46.30%,Stanford -0.82,7.2,64,147,Stanford 6-4
4/22/26,Texas Tech,Abilene Christian,Home,51.90%,48.10%,Texas Tech -0.52,7.1,80,151,Texas Tech 9-1
4/22/26,UTRGV,Little Rock,Home,47.00%,53.00%,Little Rock -0.58,7.1,126,113,Little Rock 15-10
4/22/26,San Francisco,California,Home,22.40%,77.60%,California -4.32,5.9,175,56,California 4-3
4/22/26,Creighton,Omaha,Away,63.60%,36.40%,Creighton -2.14,5.9,97,189,Creighton 15-10
4/22/26,The Citadel,Ga. Southern,Home,65.80%,34.20%,The Citadel -2.57,5.9,69,203,The Citadel 10-3
4/22/26,UIC,Iowa,Home,24.50%,75.50%,Iowa -3.85,5.7,190,63,Iowa 6-4
4/22/26,Nicholls,A&M-Corpus Christi,Home,46.20%,53.80%,A&M-Corpus Christi -0.44,5.6,166,199,Nicholls 6-1
4/22/26,New Mexico St.,Arizona St.,Home,9.40%,90.60%,Arizona St. -7.7,5.5,186,23,New Mexico St. 10-9
4/22/26,Morehead St.,Marshall,Home,29.90%,70.10%,Marshall -2.47,5.4,158,174,Morehead St. 11-2
4/22/26,Austin Peay,Western Ky.,Away,24.70%,75.30%,Western Ky. -3.92,5.2,201,110,Western Ky. 6-4
4/22/26,Evansville,Southern Ind.,Away,45.30%,54.70%,Southern Ind. -0.71,5.2,200,204,Southern Ind. 14-4
4/22/26,Delaware,Saint Joseph's,Away,31.20%,68.80%,Saint Joseph's -2.76,5,229,107,Delaware 15-6
4/22/26,Stony Brook,Columbia,Home,48.30%,51.70%,Columbia -0.23,5,207,226,Columbia 8-4
4/22/26,Bowling Green,Michigan,Away,17.10%,82.90%,Michigan -5.59,4.9,234,50,Michigan 9-6
4/22/26,North Ala.,Tennessee Tech,Away,56.60%,43.40%,North Ala. -1.18,4.6,176,251,North Ala. 10-7
4/22/26,Northwestern St.,Southern U.,Away,72.10%,27.90%,Northwestern St. -2.96,4.5,157,232,Northwestern St. 0-0
4/22/26,Fairfield,FDU,Home,62.80%,37.20%,Fairfield -1.9,4.3,213,240,Fairfield 0-0
4/22/26,Seton Hall,Monmouth,Home,35.30%,64.70%,Monmouth -2.3,4.2,263,167,Monmouth 6-5
4/22/26,St. Thomas (MN),Northwestern,Home,23.50%,76.50%,Northwestern -4.14,3.9,267,141,Northwestern 15-5
4/22/26,Merrimack,UMass Lowell,Away,40.20%,59.80%,UMass Lowell -1.1,3.8,257,253,UMass Lowell 10-8
4/22/26,Eastern Mich.,Oakland,Away,58.90%,41.10%,Eastern Mich. -1.45,3.8,238,271,Eastern Mich. 11-10
4/22/26,Ark.-Pine Bluff,Central Ark.,Away,23.50%,76.50%,Central Ark. -3.96,3.8,266,161,Central Ark. 10-9
4/22/26,Toledo,Youngstown St.,Away,74.70%,25.30%,Toledo -3.86,3.7,170,270,Toledo 21-0
4/22/26,Saint Louis,Western Ill.,Away,46.00%,54.00%,Western Ill. -0.43,3.6,264,281,Western Ill. 8-6
4/22/26,Wagner,Princeton,Home,29.60%,70.40%,Princeton -2.6,3.5,247,250,Wagner 16-11
4/22/26,George Washington,Georgetown,Away,34.40%,65.60%,Georgetown -2.27,3.5,282,219,George Washington 9-7
4/22/26,Mercyhurst,Kent St.,Home,5.20%,94.80%,Kent St. -9.83,3.4,299,61,Kent St. 13-2
4/22/26,Yale,Sacred Heart,Home,79.00%,21.00%,Yale -4.66,3.4,164,284,Yale 14-5
4/22/26,Fordham,Iona,Away,69.90%,30.10%,Fordham -2.81,3.1,235,290,Fordham 6-5
4/22/26,Texas Southern,Houston Christian,Home,14.80%,85.20%,Houston Christian -5.97,3.1,285,169,Texas Southern 0-0
4/22/26,Alcorn,Southeastern La.,Away,1.10%,98.90%,Southeastern La. -14.81,2.9,305,86,Southeastern La. 11-1
4/22/26,Stonehill,Massachusetts,Home,26.40%,73.60%,Massachusetts -3.31,2.7,286,269,Stonehill 12-5
4/22/26,Central Conn. St.,Quinnipiac,Away,13.90%,86.10%,Quinnipiac -6.07,2.2,297,252,Quinnipiac 10-3
4/22/26,Lehigh,Saint Peter's,Away,80.00%,20.00%,Lehigh -4.85,1.9,296,308,Lehigh 11-5
4/22/26,UMES,Navy,Home,4.00%,96.00%,Navy -10.61,1.9,307,215,Navy 7-3
4/21/26,Georgia,Georgia Tech,Neutral,51.40%,48.60%,Georgia -0.33,9.9,2,4,Georgia Tech 14-4
4/21/26,Nebraska,Kansas,Home,37.00%,63.00%,Kansas -1.88,9.2,16,12,Kansas 9-7
4/21/26,Jacksonville St.,Troy,Away,51.90%,48.10%,Jacksonville St. -0.23,8.9,22,57,Jacksonville St. 5-4
4/21/26,Kentucky,Louisville,Away,48.10%,51.90%,Louisville -0.13,8.7,28,67,Louisville 14-10
4/21/26,Michigan,Miami (OH),Home,46.60%,53.40%,Miami (OH) -0.39,8.4,50,76,Miami (OH) 12-10
4/21/26,Pittsburgh,West Virginia,Away,24.20%,75.80%,West Virginia -3.98,8.4,36,6,Pittsburgh 23-1
4/21/26,Gonzaga,Washington St.,Away,52.00%,48.00%,Gonzaga -0.44,8.4,48,79,Gonzaga 16-8
4/21/26,UTSA,Texas A&M,Home,26.70%,73.30%,Texas A&M -3.49,8.4,46,7,UTSA 0-0
4/21/26,Missouri St.,Arkansas,Home,26.70%,73.30%,Arkansas -3.6,8.4,35,17,Arkansas 12-4
4/21/26,DBU,TCU,Away,37.40%,62.60%,TCU -1.85,8.2,71,30,TCU 6-5
4/21/26,Tarleton St.,Texas Tech,Away,41.00%,59.00%,Texas Tech -0.92,8,58,80,Texas Tech 13-3
4/21/26,Campbell,Charlotte,Away,55.00%,45.00%,Campbell -0.87,8,53,98,Campbell 5-4
4/21/26,Houston,Rice,Away,43.70%,56.30%,Rice -0.94,7.9,90,65,Houston 4-3
4/21/26,UAB,Alabama,Home,21.30%,78.70%,Alabama -4.66,7.8,68,9,UAB 11-2
4/21/26,Duke,Liberty,Away,28.90%,71.10%,Liberty -3.09,7.7,82,31,Liberty 13-10
4/21/26,Coastal Carolina,UNCW,Away,56.80%,43.20%,Coastal Carolina -1.14,7.5,40,131,UNCW 2-1
4/21/26,Auburn,Samford,Neutral,80.00%,20.00%,Auburn -4.75,7.5,8,89,Auburn 14-2
4/21/26,High Point,North Carolina,Away,16.60%,83.40%,North Carolina -5.7,7.5,77,5,North Carolina 9-2
4/21/26,Virginia Tech,VCU,Home,60.20%,39.80%,Virginia Tech -1.48,7.5,49,117,Virginia Tech 8-6
4/21/26,St. John's (NY),Rutgers,Home,48.50%,51.50%,St. John's (NY) -0.18,7.4,92,124,St. John's (NY) 10-5
4/21/26,Southern California,Cal St. Fullerton,Home,71.60%,28.40%,Southern California -3.5,7.3,15,119,Southern California 9-2
4/21/26,Louisiana Tech,McNeese,Away,48.60%,51.40%,McNeese -0.05,7.3,81,139,McNeese 4-3
4/21/26,ETSU,App State,Home,46.20%,53.80%,App State -0.53,7.2,123,106,App State 3-1
4/21/26,Xavier,Vanderbilt,Home,21.10%,78.90%,Vanderbilt -4.38,7.2,91,38,Vanderbilt 11-1
4/21/26,Saint Mary's (CA),Nevada,Home,55.20%,44.80%,Saint Mary's (CA) -1.01,7.1,96,135,Saint Mary's (CA) 11-5
4/21/26,San Diego St.,CSUN,Home,55.20%,44.80%,San Diego St. -0.94,7.1,73,144,San Diego St. 4-3
4/21/26,UTRGV,Little Rock,Home,47.00%,53.00%,Little Rock -0.58,7.1,126,113,Little Rock 5-4
4/21/26,East Carolina,Old Dominion,Away,68.80%,31.20%,East Carolina -2.81,7.1,43,125,East Carolina 19-9
4/21/26,Oral Roberts,Oklahoma,Home,18.50%,81.50%,Oklahoma -5.3,7,116,13,Oklahoma 7-6
4/21/26,USC Upstate,Clemson,Home,25.50%,74.50%,Clemson -3.49,7,108,55,Clemson 7-2
4/21/26,Kansas St.,Grand Canyon,Home,63.90%,36.10%,Kansas St. -2.12,6.9,44,148,Kansas St. 8-3
4/21/26,Hawaii,UCLA,Away,13.10%,86.90%,UCLA -6.61,6.9,112,1,UCLA 12-7
4/21/26,Wichita St.,Oklahoma St.,Home,20.10%,79.90%,Oklahoma St. -4.77,6.9,114,27,Oklahoma St. 14-4
4/21/26,Baylor,Sam Houston,Away,63.60%,36.40%,Baylor -2.04,6.8,60,146,Sam Houston 7-5
4/21/26,SIUE,Missouri,Home,35.50%,64.50%,Missouri -1.83,6.7,140,87,SIUE 11-5
4/21/26,Air Force,Texas,Away,11.30%,88.80%,Texas -7.18,6.7,121,3,Air Force 0-0
4/21/26,Indiana St.,Purdue,Away,28.20%,71.80%,Purdue -3.34,6.7,138,54,Indiana St. 6-5
4/21/26,Washington,Portland,Neutral,61.50%,38.50%,Washington -1.69,6.7,128,127,Washington 8-1
4/21/26,Cincinnati,Wright St.,Away,71.10%,28.90%,Cincinnati -3.39,6.7,24,153,Wright St. 12-7
4/21/26,UC San Diego,San Diego,Home,53.80%,46.20%,UC San Diego -0.79,6.6,85,177,San Diego 6-5
4/21/26,Florida St.,North Florida,Away,76.30%,23.70%,Florida St. -4.2,6.6,19,149,Florida St. 4-1
4/21/26,Tulane,Southern Miss.,Home,18.50%,81.50%,Southern Miss. -5.15,6.6,137,21,Southern Miss. 5-4
4/21/26,Illinois St.,Illinois,Home,33.30%,66.70%,Illinois -2.41,6.5,145,94,Illinois St. 13-6
4/21/26,Jacksonville,Florida,Home,11.40%,88.60%,Florida -6.99,6.4,132,14,Jacksonville 7-5
4/21/26,Memphis,Mississippi St.,Away,8.70%,91.30%,Mississippi St. -7.93,6.3,134,10,Mississippi St. 6-2
4/21/26,NIU,UIC,Away,52.60%,47.40%,NIU -0.48,6.3,99,190,NIU 9-8
4/21/26,UCF,Bethune-Cookman,Home,75.30%,24.70%,UCF -3.89,6.2,33,171,UCF 5-4
4/21/26,South Fla.,Stetson,Away,63.60%,36.40%,South Fla. -1.99,6.2,74,183,South Fla. 6-5
4/21/26,Charleston So.,Col. of Charleston,Away,41.00%,59.00%,Col. of Charleston -1.25,6.2,154,152,Col. of Charleston 7-5
4/21/26,Murray St.,Ole Miss,Away,12.50%,87.50%,Ole Miss -6.76,6.1,159,11,Ole Miss 19-2
4/21/26,ULM,Northwestern St.,Home,41.00%,59.00%,Northwestern St. -1.03,6.1,150,157,ULM 4-1
4/21/26,San Jose St.,Pacific,Home,52.20%,47.80%,San Jose St. -0.48,6,142,193,San Jose St. 0-0
4/21/26,Central Ark.,Arkansas St.,Home,25.00%,75.00%,Arkansas St. -3.64,6,161,83,Arkansas St. 20-10
4/21/26,Lipscomb,Tennessee,Away,12.60%,87.40%,Tennessee -6.56,5.9,165,26,Tennessee 14-4
4/21/26,UT Arlington,SFA,Home,44.40%,55.60%,SFA -0.84,5.9,172,173,UT Arlington 0-0
4/21/26,UNC Greensboro,Wake Forest,Away,13.90%,86.10%,Wake Forest -6.27,5.9,168,25,Wake Forest 14-3
4/21/26,Cal Poly,Pepperdine,Away,73.50%,26.50%,Cal Poly -3.77,5.8,52,198,Pepperdine 6-3
4/21/26,Saint Joseph's,Penn,Neutral,59.80%,40.20%,Saint Joseph's -1.53,5.7,107,206,Saint Joseph's 8-2
4/21/26,Indiana,Ball St.,Home,62.20%,37.80%,Indiana -1.95,5.6,103,212,Indiana 20-10
4/21/26,Western Caro.,Gardner-Webb,Home,70.70%,29.30%,Western Caro. -3.23,5.5,84,205,Western Caro. 11-1
4/21/26,Southern Ill.,Southeast Mo. St.,Home,31.80%,68.20%,Southeast Mo. St. -2.7,5.5,218,75,Southeast Mo. St. 5-1
4/21/26,VMI,Longwood,Home,39.90%,60.10%,Longwood -1.6,5.5,196,156,Longwood 10-4
4/21/26,Alabama St.,Mercer,Away,14.00%,86.00%,Mercer -6.15,5.4,194,41,Mercer 14-4
4/21/26,New Orleans,LSU,Home,13.50%,86.50%,LSU -6.13,5.4,188,45,LSU 10-7
4/21/26,James Madison,George Mason,Home,39.10%,60.90%,George Mason -1.61,5.4,182,181,George Mason 7-4
4/21/26,Maine,Boston College,Home,17.70%,82.30%,Boston College -5.27,5.3,216,37,Maine 6-4
4/21/26,UIW,Texas St.,Home,18.50%,81.50%,Texas St. -5.21,5.3,202,59,Texas St. 3-1
4/21/26,Rhode Island,UConn,Neutral,30.30%,69.70%,UConn -2.75,5.3,214,100,UConn 9-5
4/21/26,Radford,Davidson,Home,47.90%,52.10%,Davidson -0.14,5.2,187,220,Radford 18-2
4/21/26,Monmouth,LIU,Home,51.90%,48.10%,Monmouth -0.33,5.1,167,239,Monmouth 10-6
4/21/26,FIU,FGCU,Home,27.60%,72.40%,FGCU -3.24,5.1,211,118,FGCU 10-9
4/21/26,Elon,Winthrop,Away,29.40%,70.60%,Winthrop -2.93,4.8,228,129,Elon 10-8
4/21/26,Utah Valley,Utah,Home,23.50%,76.50%,Utah -4.23,4.8,243,70,Utah 16-9
4/21/26,Belmont,UT Martin,Away,48.50%,51.50%,UT Martin -0.27,4.7,233,231,UT Martin 9-8
4/21/26,Kennesaw St.,West Ga.,Away,68.60%,31.40%,Kennesaw St. -3.03,4.6,88,268,Kennesaw St. 3-2
4/21/26,Middle Tenn.,Tennessee Tech,Away,58.60%,41.40%,Middle Tenn. -1.33,4.5,179,251,Tennessee Tech 12-6
4/21/26,Butler,Eastern Ill.,Away,26.50%,73.50%,Eastern Ill. -3.57,4.5,236,133,Eastern Ill. 11-6
4/21/26,Brown,Bryant,Away,33.10%,66.90%,Bryant -2.09,4.5,208,217,Brown 0-0
4/21/26,Fairfield,Fordham,Away,41.90%,58.10%,Fordham -0.7,4.5,213,235,Fairfield 12-6
4/21/26,William & Mary,Richmond,Home,24.90%,75.10%,Richmond -3.84,4.5,222,160,Richmond 12-11
4/21/26,North Dakota St.,Minnesota,Home,14.30%,85.70%,Minnesota -6.13,4.4,244,72,Minnesota 12-3
4/21/26,Brown,Harvard,Away,54.10%,45.90%,Brown -0.76,4.3,208,262,Brown 6-3
4/21/26,Towson,UMBC,Away,39.60%,60.40%,UMBC -1.36,4.2,245,221,UMBC 6-5
4/21/26,Bucknell,Penn St.,Away,25.20%,74.80%,Penn St. -3.49,4.2,223,192,Penn St. 9-7
4/21/26,Fresno St.,Long Beach St.,Away,36.70%,63.30%,Long Beach St. -1.98,4.1,248,210,Fresno St. 5-2
4/21/26,Western Mich.,Valparaiso,Home,64.20%,35.80%,Western Mich. -2.36,4.1,162,276,Western Mich. 13-8
4/21/26,UC Riverside,LMU (CA),Home,44.20%,55.80%,LMU (CA) -0.51,4.1,246,254,LMU (CA) 4-2
4/21/26,Marist,Army West Point,Home,31.00%,69.00%,Army West Point -2.56,4.1,242,197,Marist 5-4
4/21/26,Queens (NC),Wofford,Away,20.20%,79.80%,Wofford -4.75,4.1,255,122,Wofford 20-1
4/21/26,Maryland,Mount St. Mary's,Away,77.60%,22.40%,Maryland -4.34,4,101,280,Maryland 19-8
4/21/26,Akron,Ohio St.,Away,13.50%,86.50%,Ohio St. -6.45,4,265,78,Ohio St. 19-7
4/21/26,Grambling,Louisiana,Away,6.40%,93.60%,Louisiana -9.11,4,273,39,Louisiana 15-7
4/21/26,Western Ky.,Eastern Ky.,Home,82.40%,17.60%,Western Ky. -5.28,4,110,258,Western Ky. 13-0
4/21/26,UNC Asheville,N.C. A&T,Home,50.30%,49.70%,UNC Asheville -0.15,3.9,259,272,N.C. A&T 4-1
4/21/26,Western Ill.,Iowa,Home,12.90%,87.10%,Iowa -6.6,3.9,281,63,Iowa 22-3
4/21/26,Holy Cross,Dartmouth,Home,48.30%,51.70%,Holy Cross -0.01,3.9,249,277,Dartmouth 4-3
4/21/26,St. Thomas (MN),Milwaukee,Home,31.60%,68.40%,Milwaukee -2.91,3.9,267,180,Milwaukee 9-8
4/21/26,Central Mich.,Oakland,Away,58.30%,41.70%,Central Mich. -1.43,3.9,224,271,Central Mich. 11-6
4/21/26,Nicholls,Jackson St.,Home,68.40%,31.60%,Nicholls -2.76,3.8,166,283,Nicholls 0-0
4/21/26,Hofstra,NJIT,Away,63.70%,36.30%,Hofstra -2.2,3.7,178,293,Hofstra 11-5
4/21/26,Bellarmine,Dayton,Away,24.00%,76.00%,Dayton -4.04,3.7,260,185,Bellarmine 8-6
4/21/26,Canisius,Le Moyne,Away,47.10%,52.90%,Le Moyne -0.29,3.6,274,275,Canisius 24-11
4/21/26,Presbyterian,South Carolina,Away,13.20%,86.80%,South Carolina -6.38,3.6,278,104,South Carolina 9-3
4/21/26,Wagner,Lafayette,Home,48.20%,51.80%,Wagner -0.05,3.6,247,295,Wagner 15-11
4/21/26,Cornell,Binghamton,Home,24.20%,75.80%,Binghamton -4.0,3.5,287,163,Cornell 10-6
4/21/26,Youngstown St.,Toledo,Home,16.90%,83.10%,Toledo -5.46,3.4,270,170,Youngstown St. 11-10
4/21/26,Bradley,Northwestern,Away,13.80%,86.20%,Northwestern -6.26,3.2,289,141,Northwestern 11-6
4/21/26,St. Bonaventure,Niagara,Home,34.40%,65.60%,Niagara -2.41,3.2,292,230,St. Bonaventure 4-4
4/21/26,UAlbany,Siena,Home,41.80%,58.20%,Siena -1.11,3.2,288,279,Siena 10-0
4/21/26,Northern Ky.,Ohio,Away,66.80%,33.20%,Northern Ky. -2.44,3.2,227,294,Northern Ky. 7-4
4/21/26,Manhattan,La Salle,Home,38.00%,62.00%,La Salle -1.64,3.2,291,261,La Salle 14-4
4/21/26,Quinnipiac,New Haven,Home,73.20%,26.80%,Quinnipiac -3.62,2.6,252,302,Quinnipiac 13-0
4/21/26,Prairie View,Houston Christian,Home,6.50%,93.50%,Houston Christian -8.94,2.5,300,169,Prairie View 0-0
4/21/26,Central Conn. St.,Massachusetts,Away,15.60%,84.40%,Massachusetts -5.51,2.1,297,269,Central Conn. St. 6-4
4/20/26,UC Santa Barbara,California Baptist,Home,47.00%,53.00%,California Baptist -0.29,9,32,42,UC Santa Barbara 11-6
4/20/26,Utah Tech,BYU,Home,34.80%,65.20%,BYU -2.13,7.4,105,62,Utah Tech 9-4
4/20/26,UC Davis,Fresno St.,Home,61.80%,38.20%,UC Davis -2.03,5,111,248,UC Davis 8-4
4/20/26,Seattle U,San Diego St.,Home,21.30%,78.70%,San Diego St. -4.52,4.8,237,73,San Diego St. 9-5
4/19/26,Georgia Tech,North Carolina,Away,49.80%,50.20%,Georgia Tech -0.0,9.9,4,5,Georgia Tech 5-2
4/19/26,Southern California,Nebraska,Home,51.00%,49.00%,Southern California -0.24,9.6,15,16,Nebraska 16-6
4/19/26,Kansas,Oklahoma St.,Away,49.00%,51.00%,Kansas -0.09,9.5,12,27,Kansas 9-6
4/19/26,Ole Miss,Tennessee,Away,49.80%,50.20%,Ole Miss -0.21,9.5,11,26,Tennessee 13-5
4/19/26,Cincinnati,UCF,Away,49.20%,50.80%,UCF -0.02,9.3,24,33,Cincinnati 11-9
4/19/26,Vanderbilt,Kentucky,Home,50.20%,49.80%,Vanderbilt -0.03,9.2,38,28,Vanderbilt 13-6
4/19/26,Alabama,Texas,Away,30.50%,69.50%,Texas -2.74,9.1,9,3,Alabama 2-1
4/19/26,Texas A&M,LSU,Home,59.00%,41.00%,Texas A&M -1.47,8.9,7,45,Texas A&M 5-2
4/19/26,TCU,Baylor,Home,52.80%,47.20%,TCU -0.63,8.8,30,60,TCU 5-4
4/19/26,TCU,Baylor,Home,52.80%,47.20%,TCU -0.63,8.8,30,60,TCU 10-2
4/19/26,Pittsburgh,Virginia Tech,Away,45.10%,54.90%,Virginia Tech -0.62,8.8,36,49,Virginia Tech 6-5
4/19/26,Liberty,DBU,Home,50.30%,49.70%,Liberty -0.25,8.7,31,71,Liberty 9-8
4/19/26,California Baptist,Tarleton St.,Away,54.00%,46.00%,California Baptist -0.46,8.7,42,58,Tarleton St. 7-6
4/19/26,Notre Dame,Florida St.,Home,32.50%,67.50%,Florida St. -2.42,8.5,47,19,Florida St. 6-4
4/19/26,Louisville,California,Home,49.00%,51.00%,California -0.13,8.5,67,56,Louisville 8-5
4/19/26,NC State,Wake Forest,Away,36.50%,63.50%,Wake Forest -1.92,8.5,51,25,NC State 6-5
4/19/26,Louisiana,Troy,Away,39.00%,61.00%,Troy -1.54,8.4,39,57,Troy 15-11
4/19/26,Miami (FL),Stanford,Away,60.50%,39.50%,Miami (FL) -1.5,8.4,29,64,Stanford 14-6
4/19/26,Texas St.,Southern Miss.,Home,29.30%,70.70%,Southern Miss. -2.99,8.2,59,21,Southern Miss. 5-4
4/19/26,Texas Tech,Utah,Away,47.70%,52.30%,Utah -0.28,8.2,80,70,Utah 6-3
4/19/26,UC Santa Barbara,UC Irvine,Home,56.30%,43.70%,UC Santa Barbara -1.09,8.1,32,93,UC Santa Barbara 8-4
4/19/26,Louisiana Tech,Kennesaw St.,Home,49.90%,50.10%,Louisiana Tech -0.08,8.1,81,88,Louisiana Tech 4-3
4/19/26,Cal Poly,UC San Diego,Away,58.90%,41.10%,Cal Poly -1.4,8,52,85,UC San Diego 16-15
4/19/26,Gonzaga,Saint Mary's (CA),Away,42.50%,57.50%,Saint Mary's (CA) -0.79,7.9,48,96,Gonzaga 6-5
4/19/26,UAB,South Fla.,Home,39.10%,60.90%,South Fla. -1.36,7.9,68,74,South Fla. 1-0
4/19/26,Ohio St.,Purdue,Away,36.40%,63.60%,Purdue -1.84,7.9,78,54,Purdue 6-2
4/19/26,Western Ky.,Missouri St.,Home,42.40%,57.60%,Missouri St. -1.16,7.8,110,35,Western Ky. 10-5
4/19/26,Oregon,Illinois,Home,67.00%,33.00%,Oregon -2.77,7.8,20,94,Oregon 11-5
4/19/26,Kansas St.,Arizona,Home,53.30%,46.70%,Kansas St. -0.58,7.6,44,130,Arizona 11-7
4/19/26,Minnesota,UCLA,Away,17.00%,83.00%,UCLA -5.63,7.6,72,1,UCLA 5-2
4/19/26,Maryland,Iowa,Home,34.10%,65.90%,Iowa -2.29,7.4,101,63,Maryland 16-5
4/19/26,Houston,West Virginia,Away,19.30%,80.70%,West Virginia -5.09,7.4,90,6,West Virginia 7-3
4/19/26,The Citadel,ETSU,Home,44.60%,55.40%,ETSU -0.32,7.4,69,123,ETSU 12-1
4/19/26,Charlotte,UTSA,Away,29.00%,71.00%,UTSA -3.0,7.4,98,46,Charlotte 7-5
4/19/26,Missouri,Oklahoma,Away,17.60%,82.40%,Oklahoma -5.41,7.3,87,13,Oklahoma 8-4
4/19/26,Mississippi St.,South Carolina,Away,76.80%,23.20%,Mississippi St. -4.4,7.3,10,104,Mississippi St. 4-3
4/19/26,USC Upstate,Winthrop,Away,47.20%,52.80%,Winthrop -0.02,7.1,108,129,Winthrop 6-5
4/19/26,Washington St.,UNLV,Home,43.20%,56.80%,UNLV -0.68,7.1,79,136,Washington St. 9-8
4/19/26,Wichita St.,East Carolina,Home,24.50%,75.50%,East Carolina -3.93,7,114,43,Wichita St. 13-1
4/19/26,UC Davis,CSUN,Home,48.90%,51.10%,UC Davis -0.07,7,111,144,CSUN 5-3
4/19/26,Cal St. Fullerton,Oregon St.,Away,20.30%,79.70%,Oregon St. -4.86,6.9,119,18,Oregon St. 10-2
4/19/26,Michigan St.,Washington,Away,40.80%,59.30%,Washington -1.1,6.9,109,128,Washington 8-5
4/19/26,Arkansas St.,ULM,Away,57.60%,42.40%,Arkansas St. -1.12,6.8,83,150,Arkansas St. 4-1
4/19/26,Air Force,Grand Canyon,Away,48.10%,51.90%,Grand Canyon -0.17,6.8,121,148,Grand Canyon 16-12
4/19/26,High Point,Charleston So.,Home,57.60%,42.40%,High Point -1.2,6.8,77,154,Charleston So. 4-3
4/19/26,Northwestern,Michigan,Home,28.20%,71.80%,Michigan -3.28,6.7,141,50,Michigan 2-1
4/19/26,Tulane,Fla. Atlantic,Home,39.50%,60.50%,Fla. Atlantic -1.43,6.7,137,115,Tulane 12-4
4/19/26,Eastern Ill.,Little Rock,Away,37.60%,62.40%,Little Rock -1.8,6.7,133,113,Little Rock 11-1
4/19/26,Miami (OH),Toledo,Away,55.10%,44.90%,Miami (OH) -0.87,6.7,76,170,Toledo 20-4
4/19/26,Memphis,Rice,Away,25.60%,74.40%,Rice -3.53,6.6,134,65,Memphis 6-5
4/19/26,Memphis,Rice,Away,25.60%,74.40%,Rice -3.53,6.6,134,65,Memphis 10-6
4/19/26,Abilene Christian,Indiana,Away,39.10%,60.90%,Indiana -1.58,6.5,151,103,Indiana 5-4
4/19/26,Samford,UNC Greensboro,Away,57.50%,42.50%,Samford -1.31,6.5,89,168,Samford 14-1
4/19/26,Georgia St.,Coastal Carolina,Home,20.40%,79.60%,Coastal Carolina -4.48,6.4,143,40,Georgia St. 11-5
4/19/26,Indiana St.,Wright St.,Away,44.10%,55.90%,Wright St. -0.64,6.4,138,153,Indiana St. 11-8
4/19/26,Marshall,South Alabama,Away,36.20%,63.80%,South Alabama -2.21,6.4,174,66,South Alabama 4-1
4/19/26,Northwestern St.,Lamar University,Home,32.80%,67.30%,Lamar University -2.65,6.3,157,95,Lamar University 4-3
4/19/26,Northwestern St.,Lamar University,Home,32.80%,67.30%,Lamar University -2.65,6.3,157,95,Lamar University 3-1
4/19/26,Nevada,New Mexico,Away,40.50%,59.50%,New Mexico -1.29,6.3,135,155,New Mexico 9-7
4/19/26,Illinois St.,Murray St.,Away,44.90%,55.10%,Murray St. -0.72,6.3,145,159,Murray St. 6-5
4/19/26,Rutgers,Penn St.,Home,51.70%,48.30%,Rutgers -0.34,6.1,124,192,Penn St. 14-13
4/19/26,Sacramento St.,UT Arlington,Away,60.50%,39.50%,Sacramento St. -1.74,6.1,120,172,UT Arlington 8-6
4/19/26,San Francisco,Portland,Home,38.80%,61.20%,Portland -1.39,6,175,127,Portland 11-0
4/19/26,App State,James Madison,Away,61.80%,38.20%,App State -1.79,6,106,182,App State 14-10
4/19/26,Western Caro.,VMI,Home,64.30%,35.70%,Western Caro. -2.36,5.9,84,196,Western Caro. 4-3
4/19/26,Lipscomb,North Ala.,Away,44.70%,55.30%,North Ala. -0.6,5.9,165,176,Lipscomb 6-0
4/19/26,Sam Houston,New Mexico St.,Home,56.10%,43.90%,Sam Houston -0.99,5.9,146,186,Sam Houston 12-10
4/19/26,Santa Clara,Pacific,Home,55.60%,44.40%,Santa Clara -0.95,5.8,147,193,Pacific 7-1
4/19/26,Nicholls,SFA,Away,41.90%,58.10%,SFA -1.04,5.8,166,173,Nicholls 5-0
4/19/26,Lindenwood,Morehead St.,Away,49.00%,51.00%,Morehead St. -0.31,5.8,195,158,Lindenwood 18-13
4/19/26,Hawaii,CSU Bakersfield,Home,65.00%,35.00%,Hawaii -2.21,5.7,112,191,Hawaii 14-5
4/19/26,Stetson,North Florida,Home,38.50%,61.50%,North Florida -1.57,5.7,183,149,Stetson 7-3
4/19/26,McNeese,A&M-Corpus Christi,Home,60.30%,39.70%,McNeese -1.56,5.6,139,199,A&M-Corpus Christi 9-5
4/19/26,Dayton,Richmond,Away,37.00%,63.00%,Richmond -1.79,5.5,185,160,Richmond 11-9
4/19/26,Ga. Southern,Old Dominion,Away,33.70%,66.30%,Old Dominion -2.46,5.4,203,125,Old Dominion 6-3
4/19/26,New Orleans,Houston Christian,Home,36.70%,63.30%,Houston Christian -1.61,5.4,188,169,New Orleans 11-7
4/19/26,Oral Roberts,South Dakota St.,Away,66.80%,33.20%,Oral Roberts -2.47,5.3,116,209,Oral Roberts 10-2
4/19/26,Hofstra,UNCW,Away,24.70%,75.30%,UNCW -3.6,5.3,178,131,Hofstra 6-5
4/19/26,Ball St.,Kent St.,Away,20.30%,79.70%,Kent St. -4.83,5.2,212,61,Kent St. 8-5
4/19/26,FIU,Jacksonville St.,Away,12.00%,88.00%,Jacksonville St. -6.85,5.2,211,22,Jacksonville St. 7-2
4/19/26,Utah Tech,Utah Valley,Away,61.80%,38.20%,Utah Tech -1.96,5.1,105,243,Utah Tech 13-10
4/19/26,Gardner-Webb,Radford,Away,37.60%,62.40%,Radford -1.72,5,205,187,Radford 3-0
4/19/26,Western Mich.,Eastern Mich.,Home,57.40%,42.60%,Western Mich. -1.23,4.9,162,238,Western Mich. 12-3
4/19/26,Elon,Campbell,Home,16.10%,83.90%,Campbell -5.79,4.9,228,53,Elon 10-5
4/19/26,Southeast Mo. St.,Tennessee Tech,Away,69.90%,30.10%,Southeast Mo. St. -3.17,4.9,75,251,Southeast Mo. St. 9-7
4/19/26,Col. of Charleston,William & Mary,Away,66.30%,33.70%,Col. of Charleston -2.54,4.9,152,222,Col. of Charleston 4-0
4/19/26,Omaha,North Dakota St.,Home,52.30%,47.70%,Omaha -0.51,4.8,189,244,North Dakota St. 6-1
4/19/26,Omaha,North Dakota St.,Home,52.30%,47.70%,Omaha -0.51,4.8,189,244,Omaha 6-5
4/19/26,Georgetown,Butler,Home,51.20%,48.80%,Georgetown -0.19,4.7,219,236,Georgetown 14-5
4/19/26,Evansville,Belmont,Home,44.10%,55.90%,Belmont -0.74,4.7,200,233,Evansville 6-1
4/19/26,Towson,Mercer,Home,11.40%,88.60%,Mercer -7.07,4.6,245,41,Mercer 8-6
4/19/26,UT Martin,Southern Ind.,Home,40.10%,59.90%,Southern Ind. -1.31,4.6,231,204,Southern Ind. 10-3
4/19/26,Xavier,Seton Hall,Home,72.60%,27.40%,Xavier -3.64,4.5,91,263,Xavier 3-1
4/19/26,Delaware,Middle Tenn.,Away,31.30%,68.70%,Middle Tenn. -2.51,4.5,229,179,Middle Tenn. 4-0
4/19/26,Pepperdine,LMU (CA),Home,55.80%,44.20%,Pepperdine -1.11,4.5,198,254,LMU (CA) 13-6
4/19/26,FGCU,Queens (NC),Away,69.90%,30.10%,FGCU -3.1,4.5,118,255,Queens (NC) 6-5
4/19/26,Bucknell,Army West Point,Home,32.30%,67.70%,Army West Point -2.4,4.4,223,197,Bucknell 8-0
4/19/26,Davidson,Saint Louis,Away,49.80%,50.20%,Davidson -0.14,4.4,220,264,Saint Louis 7-2
4/19/26,Seattle U,San Diego,Home,32.40%,67.60%,San Diego -2.44,4.4,237,177,San Diego 13-12
4/19/26,Marist,Niagara,Away,43.10%,56.90%,Niagara -0.86,4.3,242,230,Niagara 11-6
4/19/26,NIU,Akron,Home,74.70%,25.30%,NIU -3.95,4.3,99,265,Akron 4-3
4/19/26,SIUE,Western Ill.,Away,66.50%,33.50%,SIUE -2.7,4.1,140,281,Western Ill. 10-6
4/19/26,West Ga.,Jacksonville,Home,26.20%,73.80%,Jacksonville -3.8,4.1,268,132,Jacksonville 9-8
4/19/26,Eastern Ky.,Central Ark.,Home,27.10%,72.90%,Central Ark. -3.35,4,258,161,Central Ark. 9-6
4/19/26,UMass Lowell,UMBC,Home,38.20%,61.80%,UMBC -1.67,4,253,221,UMBC 12-11
4/19/26,Alabama St.,Jackson St.,Away,60.00%,40.00%,Alabama St. -1.71,3.9,194,283,Jackson St. 9-6
4/19/26,UNC Asheville,Wofford,Away,17.70%,82.30%,Wofford -5.22,3.9,259,122,Wofford 20-9
4/19/26,FDU,Le Moyne,Away,47.00%,53.00%,Le Moyne -0.21,3.9,240,275,Le Moyne 10-3
4/19/26,UC Riverside,Long Beach St.,Home,30.00%,70.00%,Long Beach St. -2.83,3.9,246,210,UC Riverside 7-2
4/19/26,Northeastern,N.C. A&T,Home,85.00%,15.00%,Northeastern -6.08,3.8,102,272,Northeastern 15-4
4/19/26,Wagner,Stonehill,Home,48.30%,51.70%,Wagner -0.02,3.8,247,286,Wagner 8-4
4/19/26,George Washington,VCU,Away,19.90%,80.10%,VCU -4.99,3.7,282,117,George Washington 9-3
4/19/26,Northern Colo.,St. Thomas (MN),Away,42.90%,57.10%,St. Thomas (MN) -0.77,3.7,256,267,St. Thomas (MN) 11-3
4/19/26,Northern Colo.,St. Thomas (MN),Away,42.90%,57.10%,St. Thomas (MN) -0.77,3.7,256,267,Northern Colo. 0-0
4/19/26,Northern Colo.,St. Thomas (MN),Away,42.90%,57.10%,St. Thomas (MN) -0.77,3.7,256,267,Northern Colo. 6-5
4/19/26,Quinnipiac,Canisius,Home,56.00%,44.00%,Quinnipiac -0.8,3.7,252,274,Quinnipiac 12-2
4/19/26,Presbyterian,Longwood,Home,22.30%,77.70%,Longwood -4.4,3.6,278,156,Longwood 6-5
4/19/26,Bellarmine,Austin Peay,Home,22.70%,77.30%,Austin Peay -4.01,3.5,260,201,Austin Peay 10-5
4/19/26,Valparaiso,UIC,Home,24.00%,76.00%,UIC -4.17,3.4,276,190,UIC 5-4
4/19/26,Lehigh,Lafayette,Home,46.50%,53.50%,Lafayette -0.37,3.1,296,295,Lafayette 7-3
4/19/26,Texas Southern,Ark.-Pine Bluff,Home,35.80%,64.20%,Ark.-Pine Bluff -2.01,3.1,285,266,Texas Southern 11-10
4/19/26,Texas Southern,Ark.-Pine Bluff,Home,35.80%,64.20%,Ark.-Pine Bluff -2.01,3.1,285,266,Ark.-Pine Bluff 5-4
4/19/26,New Haven,Norfolk St.,Away,57.10%,42.90%,New Haven -0.75,2.9,302,298,New Haven 15-4
4/19/26,Southern Ill.,Bradley,Home,76.60%,23.40%,Southern Ill. -4.21,2.9,218,289,Southern Ill. 13-5
4/19/26,Prairie View,Grambling,Home,25.00%,75.00%,Grambling -3.71,2.4,300,273,Grambling 7-6
4/19/26,Alabama A&M,Bethune-Cookman,Away,4.30%,95.70%,Bethune-Cookman -10.46,2.3,304,171,Bethune-Cookman 13-3
4/19/26,Mississippi Val.,Florida A&M,Home,8.20%,91.80%,Florida A&M -8.22,2.1,301,225,Florida A&M 14-8
4/19/26,LIU,Coppin St.,Home,90.20%,9.80%,LIU -7.61,2,239,303,LIU 13-1
4/19/26,Southern U.,Alcorn,Home,90.90%,9.10%,Southern U. -7.89,2,232,305,Southern U. 14-5
4/19/26,Mercyhurst,UMES,Away,78.70%,21.30%,Mercyhurst -4.41,1.9,299,307,Mercyhurst 14-1
4/19/26,Iona,Saint Peter's,Home,80.50%,19.50%,Iona -4.99,1.9,290,308,Iona 8-5
4/18/26,Georgia Tech,North Carolina,Away,49.80%,50.20%,Georgia Tech -0.0,9.9,4,5,North Carolina 14-4
4/18/26,Southern California,Nebraska,Home,51.00%,49.00%,Southern California -0.24,9.6,15,16,Nebraska 12-2
4/18/26,Kansas,Oklahoma St.,Away,49.00%,51.00%,Kansas -0.09,9.5,12,27,Kansas 13-3
4/18/26,Ole Miss,Tennessee,Away,49.80%,50.20%,Ole Miss -0.21,9.5,11,26,Ole Miss 8-1
4/18/26,Kansas,Oklahoma St.,Away,49.00%,51.00%,Kansas -0.09,9.5,12,27,Oklahoma St. 13-2
4/18/26,Auburn,Florida,Away,43.90%,56.10%,Florida -0.74,9.5,8,14,Auburn 8-5
4/18/26,Georgia,Arkansas,Home,62.10%,37.90%,Georgia -1.92,9.3,2,17,Georgia 26-14
4/18/26,Cincinnati,UCF,Away,49.20%,50.80%,UCF -0.02,9.3,24,33,Cincinnati 9-3
4/18/26,Vanderbilt,Kentucky,Home,50.20%,49.80%,Vanderbilt -0.03,9.2,38,28,Vanderbilt 8-7
4/18/26,Alabama,Texas,Away,30.50%,69.50%,Texas -2.74,9.1,9,3,Texas 3-1
4/18/26,Texas A&M,LSU,Home,59.00%,41.00%,Texas A&M -1.47,8.9,7,45,Texas A&M 7-2
4/18/26,Pittsburgh,Virginia Tech,Away,45.10%,54.90%,Virginia Tech -0.62,8.8,36,49,Pittsburgh 5-4
4/18/26,Liberty,DBU,Home,50.30%,49.70%,Liberty -0.25,8.7,31,71,DBU 7-6
4/18/26,California Baptist,Tarleton St.,Away,54.00%,46.00%,California Baptist -0.46,8.7,42,58,Tarleton St. 3-2
4/18/26,Clemson,Virginia,Away,40.60%,59.40%,Virginia -1.24,8.6,55,34,Virginia 5-4
4/18/26,Louisville,California,Home,49.00%,51.00%,California -0.13,8.5,67,56,California 6-5
4/18/26,Notre Dame,Florida St.,Home,32.50%,67.50%,Florida St. -2.42,8.5,47,19,Florida St. 9-7
4/18/26,NC State,Wake Forest,Away,36.50%,63.50%,Wake Forest -1.92,8.5,51,25,Wake Forest 18-7
4/18/26,Louisiana,Troy,Away,39.00%,61.00%,Troy -1.54,8.4,39,57,Louisiana 7-6
4/18/26,Miami (FL),Stanford,Away,60.50%,39.50%,Miami (FL) -1.5,8.4,29,64,Miami (FL) 4-3
4/18/26,Arizona St.,BYU,Away,65.50%,34.50%,Arizona St. -2.3,8.3,23,62,Arizona St. 12-8
4/18/26,Texas St.,Southern Miss.,Home,29.30%,70.70%,Southern Miss. -2.99,8.2,59,21,Southern Miss. 6-3
4/18/26,Texas Tech,Utah,Away,47.70%,52.30%,Utah -0.28,8.2,80,70,Utah 12-2
4/18/26,Louisiana Tech,Kennesaw St.,Home,49.90%,50.10%,Louisiana Tech -0.08,8.1,81,88,Kennesaw St. 6-5
4/18/26,Duke,Boston College,Home,38.80%,61.20%,Boston College -1.53,8.1,82,37,Boston College 4-2
4/18/26,Duke,Boston College,Home,38.80%,61.20%,Boston College -1.53,8.1,82,37,Boston College 14-6
4/18/26,UC Santa Barbara,UC Irvine,Home,56.30%,43.70%,UC Santa Barbara -1.09,8.1,32,93,UC Irvine 6-3
4/18/26,Cal Poly,UC San Diego,Away,58.90%,41.10%,Cal Poly -1.4,8,52,85,Cal Poly 5-3
4/18/26,Gonzaga,Saint Mary's (CA),Away,42.50%,57.50%,Saint Mary's (CA) -0.79,7.9,48,96,Gonzaga 14-4
4/18/26,UAB,South Fla.,Home,39.10%,60.90%,South Fla. -1.36,7.9,68,74,UAB 12-6
4/18/26,Ohio St.,Purdue,Away,36.40%,63.60%,Purdue -1.84,7.9,78,54,Purdue 12-7
4/18/26,Western Ky.,Missouri St.,Home,42.40%,57.60%,Missouri St. -1.16,7.8,110,35,Missouri St. 8-6
4/18/26,Oregon,Illinois,Home,67.00%,33.00%,Oregon -2.77,7.8,20,94,Illinois 16-13
4/18/26,Kansas St.,Arizona,Home,53.30%,46.70%,Kansas St. -0.58,7.6,44,130,Kansas St. 11-1
4/18/26,Minnesota,UCLA,Away,17.00%,83.00%,UCLA -5.63,7.6,72,1,UCLA 6-4
4/18/26,Southeastern La.,UTRGV,Away,50.40%,49.60%,Southeastern La. -0.23,7.5,86,126,Southeastern La. 11-6
4/18/26,Southeastern La.,UTRGV,Away,50.40%,49.60%,Southeastern La. -0.23,7.5,86,126,UTRGV 10-1
4/18/26,Maryland,Iowa,Home,34.10%,65.90%,Iowa -2.29,7.4,101,63,Iowa 5-2
4/18/26,Maryland,Iowa,Home,34.10%,65.90%,Iowa -2.29,7.4,101,63,Iowa 13-4
4/18/26,St. John's (NY),UConn,Away,39.60%,60.40%,UConn -1.07,7.4,92,100,UConn 10-0
4/18/26,St. John's (NY),UConn,Away,39.60%,60.40%,UConn -1.07,7.4,92,100,St. John's (NY) 6-5
4/18/26,Houston,West Virginia,Away,19.30%,80.70%,West Virginia -5.09,7.4,90,6,West Virginia 7-1
4/18/26,Charlotte,UTSA,Away,29.00%,71.00%,UTSA -3.0,7.4,98,46,UTSA 8-3
4/18/26,The Citadel,ETSU,Home,44.60%,55.40%,ETSU -0.32,7.4,69,123,ETSU 5-4
4/18/26,Missouri,Oklahoma,Away,17.60%,82.40%,Oklahoma -5.41,7.3,87,13,Oklahoma 4-0
4/18/26,Mississippi St.,South Carolina,Away,76.80%,23.20%,Mississippi St. -4.4,7.3,10,104,Mississippi St. 9-0
4/18/26,USC Upstate,Winthrop,Away,47.20%,52.80%,Winthrop -0.02,7.1,108,129,Winthrop 4-3
4/18/26,Washington St.,UNLV,Home,43.20%,56.80%,UNLV -0.68,7.1,79,136,UNLV 12-3
4/18/26,Wichita St.,East Carolina,Home,24.50%,75.50%,East Carolina -3.93,7,114,43,East Carolina 7-1
4/18/26,UC Davis,CSUN,Home,48.90%,51.10%,UC Davis -0.07,7,111,144,CSUN 11-2
4/18/26,Cal St. Fullerton,Oregon St.,Away,20.30%,79.70%,Oregon St. -4.86,6.9,119,18,Oregon St. 6-1
4/18/26,Michigan St.,Washington,Away,40.80%,59.30%,Washington -1.1,6.9,109,128,Michigan St. 13-8
4/18/26,Arkansas St.,ULM,Away,57.60%,42.40%,Arkansas St. -1.12,6.8,83,150,ULM 3-2
4/18/26,Air Force,Grand Canyon,Away,48.10%,51.90%,Grand Canyon -0.17,6.8,121,148,Air Force 5-4
4/18/26,High Point,Charleston So.,Home,57.60%,42.40%,High Point -1.2,6.8,77,154,High Point 14-3
4/18/26,Northwestern,Michigan,Home,28.20%,71.80%,Michigan -3.28,6.7,141,50,Michigan 8-3
4/18/26,Eastern Ill.,Little Rock,Away,37.60%,62.40%,Little Rock -1.8,6.7,133,113,Little Rock 11-7
4/18/26,Tulane,Fla. Atlantic,Home,39.50%,60.50%,Fla. Atlantic -1.43,6.7,137,115,Fla. Atlantic 10-9
4/18/26,Miami (OH),Toledo,Away,55.10%,44.90%,Miami (OH) -0.87,6.7,76,170,Miami (OH) 6-3
4/18/26,Abilene Christian,Indiana,Away,39.10%,60.90%,Indiana -1.58,6.5,151,103,Abilene Christian 8-4
4/18/26,Samford,UNC Greensboro,Away,57.50%,42.50%,Samford -1.31,6.5,89,168,Samford 9-4
4/18/26,Georgia St.,Coastal Carolina,Home,20.40%,79.60%,Coastal Carolina -4.48,6.4,143,40,Coastal Carolina 7-2
4/18/26,Marshall,South Alabama,Away,36.20%,63.80%,South Alabama -2.21,6.4,174,66,South Alabama 7-3
4/18/26,Nevada,New Mexico,Away,40.50%,59.50%,New Mexico -1.29,6.3,135,155,Nevada 15-2
4/18/26,Illinois St.,Murray St.,Away,44.90%,55.10%,Murray St. -0.72,6.3,145,159,Murray St. 1-0
4/18/26,Illinois St.,Murray St.,Away,44.90%,55.10%,Murray St. -0.72,6.3,145,159,Murray St. 6-1
4/18/26,George Mason,Saint Joseph's,Away,42.60%,57.40%,Saint Joseph's -0.99,6.2,181,107,Saint Joseph's 15-6
4/18/26,George Mason,Saint Joseph's,Away,42.60%,57.40%,Saint Joseph's -0.99,6.2,181,107,Saint Joseph's 17-9
4/18/26,Rutgers,Penn St.,Home,51.70%,48.30%,Rutgers -0.34,6.1,124,192,Rutgers 4-1
4/18/26,Sacramento St.,UT Arlington,Away,60.50%,39.50%,Sacramento St. -1.74,6.1,120,172,Sacramento St. 11-1
4/18/26,San Francisco,Portland,Home,38.80%,61.20%,Portland -1.39,6,175,127,San Francisco 5-4
4/18/26,App State,James Madison,Away,61.80%,38.20%,App State -1.79,6,106,182,App State 19-10
4/18/26,Western Caro.,VMI,Home,64.30%,35.70%,Western Caro. -2.36,5.9,84,196,Western Caro. 18-5
4/18/26,Lipscomb,North Ala.,Away,44.70%,55.30%,North Ala. -0.6,5.9,165,176,North Ala. 6-2
4/18/26,Sam Houston,New Mexico St.,Home,56.10%,43.90%,Sam Houston -0.99,5.9,146,186,Sam Houston 4-3
4/18/26,Lindenwood,Morehead St.,Away,49.00%,51.00%,Morehead St. -0.31,5.8,195,158,Lindenwood 15-2
4/18/26,Santa Clara,Pacific,Home,55.60%,44.40%,Santa Clara -0.95,5.8,147,193,Pacific 6-3
4/18/26,Nicholls,SFA,Away,41.90%,58.10%,SFA -1.04,5.8,166,173,Nicholls 24-3
4/18/26,Hawaii,CSU Bakersfield,Home,65.00%,35.00%,Hawaii -2.21,5.7,112,191,Hawaii 5-3
4/18/26,Stetson,North Florida,Home,38.50%,61.50%,North Florida -1.57,5.7,183,149,North Florida 2-1
4/18/26,McNeese,A&M-Corpus Christi,Home,60.30%,39.70%,McNeese -1.56,5.6,139,199,A&M-Corpus Christi 7-6
4/18/26,Dayton,Richmond,Away,37.00%,63.00%,Richmond -1.79,5.5,185,160,Richmond 16-6
4/18/26,Ga. Southern,Old Dominion,Away,33.70%,66.30%,Old Dominion -2.46,5.4,203,125,Old Dominion 7-6
4/18/26,New Orleans,Houston Christian,Home,36.70%,63.30%,Houston Christian -1.61,5.4,188,169,Houston Christian 2-1
4/18/26,Oral Roberts,South Dakota St.,Away,66.80%,33.20%,Oral Roberts -2.47,5.3,116,209,Oral Roberts 18-2
4/18/26,Bryant,Binghamton,Home,45.30%,54.70%,Binghamton -0.86,5.3,217,163,Binghamton 8-7
4/18/26,Bryant,Binghamton,Home,45.30%,54.70%,Binghamton -0.86,5.3,217,163,Binghamton 13-9
4/18/26,Hofstra,UNCW,Away,24.70%,75.30%,UNCW -3.6,5.3,178,131,UNCW 12-0
4/18/26,FIU,Jacksonville St.,Away,12.00%,88.00%,Jacksonville St. -6.85,5.2,211,22,Jacksonville St. 13-1
4/18/26,Ball St.,Kent St.,Away,20.30%,79.70%,Kent St. -4.83,5.2,212,61,Kent St. 5-1
4/18/26,Monmouth,Stony Brook,Away,40.40%,59.60%,Stony Brook -1.11,5.2,167,207,Stony Brook 5-2
4/18/26,Monmouth,Stony Brook,Away,40.40%,59.60%,Stony Brook -1.11,5.2,167,207,Stony Brook 3-1
4/18/26,Utah Tech,Utah Valley,Away,61.80%,38.20%,Utah Tech -1.96,5.1,105,243,Utah Tech 6-5
4/18/26,Gardner-Webb,Radford,Away,37.60%,62.40%,Radford -1.72,5,205,187,Gardner-Webb 15-10
4/18/26,Columbia,Brown,Home,46.20%,53.80%,Brown -0.45,4.9,226,208,Columbia 11-2
4/18/26,Columbia,Brown,Home,46.20%,53.80%,Brown -0.45,4.9,226,208,Brown 6-1
4/18/26,Western Mich.,Eastern Mich.,Home,57.40%,42.60%,Western Mich. -1.23,4.9,162,238,Western Mich. 12-7
4/18/26,San Jose St.,Fresno St.,Home,58.10%,41.90%,San Jose St. -1.48,4.9,142,248,San Jose St. 10-2
4/18/26,Elon,Campbell,Home,16.10%,83.90%,Campbell -5.79,4.9,228,53,Campbell 7-1
4/18/26,Southeast Mo. St.,Tennessee Tech,Away,69.90%,30.10%,Southeast Mo. St. -3.17,4.9,75,251,Tennessee Tech 10-4
4/18/26,Col. of Charleston,William & Mary,Away,66.30%,33.70%,Col. of Charleston -2.54,4.9,152,222,William & Mary 7-5
4/18/26,Northern Ky.,Milwaukee,Home,39.40%,60.60%,Milwaukee -1.74,4.8,227,180,Milwaukee 14-4
4/18/26,Northern Ky.,Milwaukee,Home,39.40%,60.60%,Milwaukee -1.74,4.8,227,180,Milwaukee 15-9
4/18/26,Georgetown,Butler,Home,51.20%,48.80%,Georgetown -0.19,4.7,219,236,Butler 6-0
4/18/26,Evansville,Belmont,Home,44.10%,55.90%,Belmont -0.74,4.7,200,233,Belmont 11-7
4/18/26,Creighton,Villanova,Away,74.50%,25.50%,Creighton -3.76,4.7,97,241,Creighton 20-2
4/18/26,Creighton,Villanova,Away,74.50%,25.50%,Creighton -3.76,4.7,97,241,Creighton 14-3
4/18/26,Towson,Mercer,Home,11.40%,88.60%,Mercer -7.07,4.6,245,41,Mercer 6-4
4/18/26,Penn,Princeton,Away,53.00%,47.00%,Penn -0.63,4.6,206,250,Princeton 7-4
4/18/26,UT Martin,Southern Ind.,Home,40.10%,59.90%,Southern Ind. -1.31,4.6,231,204,Southern Ind. 4-2
4/18/26,Penn,Princeton,Away,53.00%,47.00%,Penn -0.63,4.6,206,250,Penn 12-0
4/18/26,Navy,Holy Cross,Home,51.80%,48.20%,Navy -0.28,4.5,215,249,Navy 9-5
4/18/26,Navy,Holy Cross,Home,51.80%,48.20%,Navy -0.28,4.5,215,249,Navy 10-5
4/18/26,Xavier,Seton Hall,Home,72.60%,27.40%,Xavier -3.64,4.5,91,263,Xavier 6-3
4/18/26,Delaware,Middle Tenn.,Away,31.30%,68.70%,Middle Tenn. -2.51,4.5,229,179,Middle Tenn. 4-3
4/18/26,Pepperdine,LMU (CA),Home,55.80%,44.20%,Pepperdine -1.11,4.5,198,254,Pepperdine 10-7
4/18/26,FGCU,Queens (NC),Away,69.90%,30.10%,FGCU -3.1,4.5,118,255,FGCU 5-0
4/18/26,Bucknell,Army West Point,Home,32.30%,67.70%,Army West Point -2.4,4.4,223,197,Army West Point 2-1
4/18/26,Bucknell,Army West Point,Home,32.30%,67.70%,Army West Point -2.4,4.4,223,197,Army West Point 5-1
4/18/26,Davidson,Saint Louis,Away,49.80%,50.20%,Davidson -0.14,4.4,220,264,Davidson 18-3
4/18/26,Seattle U,San Diego,Home,32.40%,67.60%,San Diego -2.44,4.4,237,177,Seattle U 11-6
4/18/26,Marist,Niagara,Away,43.10%,56.90%,Niagara -0.86,4.3,242,230,Niagara 8-3
4/18/26,NIU,Akron,Home,74.70%,25.30%,NIU -3.95,4.3,99,265,NIU 8-6
4/18/26,SIUE,Western Ill.,Away,66.50%,33.50%,SIUE -2.7,4.1,140,281,Western Ill. 10-1
4/18/26,West Ga.,Jacksonville,Home,26.20%,73.80%,Jacksonville -3.8,4.1,268,132,Jacksonville 13-7
4/18/26,Bowling Green,Massachusetts,Away,50.70%,49.30%,Bowling Green -0.03,4.1,234,269,Massachusetts 2-1
4/18/26,Bowling Green,Massachusetts,Away,50.70%,49.30%,Bowling Green -0.03,4.1,234,269,Massachusetts 6-5
4/18/26,Eastern Ky.,Central Ark.,Home,27.10%,72.90%,Central Ark. -3.35,4,258,161,Central Ark. 8-3
4/18/26,UMass Lowell,UMBC,Home,38.20%,61.80%,UMBC -1.67,4,253,221,UMass Lowell 9-7
4/18/26,Alabama St.,Jackson St.,Away,60.00%,40.00%,Alabama St. -1.71,3.9,194,283,Alabama St. 8-7
4/18/26,UNC Asheville,Wofford,Away,17.70%,82.30%,Wofford -5.22,3.9,259,122,Wofford 11-0
4/18/26,FDU,Le Moyne,Away,47.00%,53.00%,Le Moyne -0.21,3.9,240,275,FDU 19-13
4/18/26,UC Riverside,Long Beach St.,Home,30.00%,70.00%,Long Beach St. -2.83,3.9,246,210,UC Riverside 4-1
4/18/26,St. Thomas (MN),Northern Colo.,Home,44.40%,55.60%,Northern Colo. -0.83,3.8,267,256,Northern Colo. 8-7
4/18/26,Northeastern,N.C. A&T,Home,85.00%,15.00%,Northeastern -6.08,3.8,102,272,Northeastern 12-5
4/18/26,Wagner,Stonehill,Home,48.30%,51.70%,Wagner -0.02,3.8,247,286,Stonehill 5-3
4/18/26,Wagner,Stonehill,Home,48.30%,51.70%,Wagner -0.02,3.8,247,286,Wagner 12-5
4/18/26,Youngstown St.,Oakland,Home,46.70%,53.30%,Oakland -0.18,3.7,270,271,Youngstown St. 6-4
4/18/26,George Washington,VCU,Away,19.90%,80.10%,VCU -4.99,3.7,282,117,George Washington 8-7
4/18/26,Fordham,La Salle,Away,63.30%,36.70%,Fordham -1.78,3.7,235,261,Fordham 10-3
4/18/26,Fordham,La Salle,Away,63.30%,36.70%,Fordham -1.78,3.7,235,261,Fordham 5-4
4/18/26,Presbyterian,Longwood,Home,22.30%,77.70%,Longwood -4.4,3.6,278,156,Longwood 11-10
4/18/26,Maine,NJIT,Away,58.70%,41.30%,Maine -1.48,3.6,216,293,NJIT 6-3
4/18/26,Maine,NJIT,Away,58.70%,41.30%,Maine -1.48,3.6,216,293,Maine 4-2
4/18/26,Yale,Cornell,Home,72.20%,27.80%,Yale -3.48,3.6,164,287,Yale 6-3
4/18/26,Yale,Cornell,Home,72.20%,27.80%,Yale -3.48,3.6,164,287,Yale 16-5
4/18/26,Dartmouth,Harvard,Away,45.00%,55.00%,Harvard -0.66,3.6,277,262,Harvard 7-6
4/18/26,Dartmouth,Harvard,Away,45.00%,55.00%,Harvard -0.66,3.6,277,262,Dartmouth 6-4
4/18/26,Merrimack,Sacred Heart,Away,55.70%,44.30%,Merrimack -0.89,3.5,257,284,Merrimack 7-2
4/18/26,Valparaiso,UIC,Home,24.00%,76.00%,UIC -4.17,3.4,276,190,UIC 10-0
4/18/26,Siena,UAlbany,Away,45.50%,54.50%,UAlbany -0.49,3.4,279,288,Siena 10-9
4/18/26,Siena,UAlbany,Away,45.50%,54.50%,UAlbany -0.49,3.4,279,288,Siena 10-4
4/18/26,Mount St. Mary's,Fairfield,Home,28.70%,71.30%,Fairfield -3.25,3.3,280,213,Fairfield 5-4
4/18/26,Mount St. Mary's,Fairfield,Home,28.70%,71.30%,Fairfield -3.25,3.3,280,213,Fairfield 11-7
4/18/26,Rhode Island,St. Bonaventure,Away,70.10%,29.90%,Rhode Island -3.19,3.2,214,292,St. Bonaventure 5-4
4/18/26,Lehigh,Lafayette,Home,46.50%,53.50%,Lafayette -0.37,3.1,296,295,Lehigh 8-7
4/18/26,Lehigh,Lafayette,Home,46.50%,53.50%,Lafayette -0.37,3.1,296,295,Lehigh 3-2
4/18/26,Manhattan,Rider,Away,21.90%,78.10%,Rider -4.46,3.1,291,184,Rider 13-9
4/18/26,Manhattan,Rider,Away,21.90%,78.10%,Rider -4.46,3.1,291,184,Manhattan 6-4
4/18/26,Ohio,Central Mich.,Home,26.50%,73.50%,Central Mich. -3.54,2.9,294,224,Ohio 16-6
4/18/26,New Haven,Norfolk St.,Away,57.10%,42.90%,New Haven -0.75,2.9,302,298,Norfolk St. 10-8
4/18/26,Southern Ill.,Bradley,Home,76.60%,23.40%,Southern Ill. -4.21,2.9,218,289,Southern Ill. 10-1
4/18/26,Southern Ill.,Bradley,Home,76.60%,23.40%,Southern Ill. -4.21,2.9,218,289,Southern Ill. 6-2
4/18/26,Prairie View,Grambling,Home,25.00%,75.00%,Grambling -3.71,2.4,300,273,Grambling 8-6
4/18/26,Alabama A&M,Bethune-Cookman,Away,4.30%,95.70%,Bethune-Cookman -10.46,2.3,304,171,Bethune-Cookman 15-5
4/18/26,Mississippi Val.,Florida A&M,Home,8.20%,91.80%,Florida A&M -8.22,2.1,301,225,Florida A&M 14-4
4/18/26,LIU,Coppin St.,Home,90.20%,9.80%,LIU -7.61,2,239,303,LIU 12-8
4/18/26,Southern U.,Alcorn,Home,90.90%,9.10%,Southern U. -7.89,2,232,305,Southern U. 17-5
4/18/26,Mercyhurst,UMES,Away,78.70%,21.30%,Mercyhurst -4.41,1.9,299,307,Mercyhurst 6-5
4/18/26,Iona,Saint Peter's,Away,80.50%,19.50%,Iona -4.99,1.9,290,308,Iona 9-6
4/18/26,Iona,Saint Peter's,Away,80.50%,19.50%,Iona -4.99,1.9,290,308,Iona 16-7
4/18/26,Delaware St.,Central Conn. St.,Home,17.90%,82.10%,Central Conn. St. -5.05,1.8,306,297,Central Conn. St. 14-2
4/18/26,Delaware St.,Central Conn. St.,Home,17.90%,82.10%,Central Conn. St. -5.05,1.8,306,297,Central Conn. St. 13-2
4/17/26,Georgia Tech,North Carolina,Away,49.80%,50.20%,Georgia Tech -0.0,9.9,4,5,North Carolina 5-2
4/17/26,Southern California,Nebraska,Home,51.00%,49.00%,Southern California -0.24,9.6,15,16,Nebraska 8-7
4/17/26,Ole Miss,Tennessee,Away,49.80%,50.20%,Ole Miss -0.21,9.5,11,26,Ole Miss 7-4
4/17/26,Auburn,Florida,Away,43.90%,56.10%,Florida -0.74,9.5,8,14,Auburn 5-3
4/17/26,Georgia,Arkansas,Home,62.10%,37.90%,Georgia -1.92,9.3,2,17,Georgia 5-3
4/17/26,Cincinnati,UCF,Away,49.20%,50.80%,UCF -0.02,9.3,24,33,UCF 7-1
4/17/26,Vanderbilt,Kentucky,Home,50.20%,49.80%,Vanderbilt -0.03,9.2,38,28,Kentucky 5-2
4/17/26,Alabama,Texas,Away,30.50%,69.50%,Texas -2.74,9.1,9,3,Texas 10-2
4/17/26,Texas A&M,LSU,Home,59.00%,41.00%,Texas A&M -1.47,8.9,7,45,Texas A&M 10-4
4/17/26,TCU,Baylor,Home,52.80%,47.20%,TCU -0.63,8.8,30,60,Baylor 11-4
4/17/26,Pittsburgh,Virginia Tech,Away,45.10%,54.90%,Virginia Tech -0.62,8.8,36,49,Virginia Tech 11-6
4/17/26,Liberty,DBU,Home,50.30%,49.70%,Liberty -0.25,8.7,31,71,Liberty 17-3
4/17/26,California Baptist,Tarleton St.,Away,54.00%,46.00%,California Baptist -0.46,8.7,42,58,California Baptist 12-1
4/17/26,Clemson,Virginia,Away,40.60%,59.40%,Virginia -1.24,8.6,55,34,Clemson 5-1
4/17/26,Louisville,California,Home,49.00%,51.00%,California -0.13,8.5,67,56,California 8-5
4/17/26,Notre Dame,Florida St.,Home,32.50%,67.50%,Florida St. -2.42,8.5,47,19,Florida St. 11-0
4/17/26,NC State,Wake Forest,Away,36.50%,63.50%,Wake Forest -1.92,8.5,51,25,Wake Forest 22-1
4/17/26,Louisiana,Troy,Away,39.00%,61.00%,Troy -1.54,8.4,39,57,Troy 7-6
4/17/26,Miami (FL),Stanford,Away,60.50%,39.50%,Miami (FL) -1.5,8.4,29,64,Miami (FL) 6-3
4/17/26,Arizona St.,BYU,Away,65.50%,34.50%,Arizona St. -2.3,8.3,23,62,Arizona St. 13-0
4/17/26,Texas St.,Southern Miss.,Home,29.30%,70.70%,Southern Miss. -2.99,8.2,59,21,Southern Miss. 8-2
4/17/26,Texas Tech,Utah,Away,47.70%,52.30%,Utah -0.28,8.2,80,70,Utah 10-3
4/17/26,Louisiana Tech,Kennesaw St.,Home,49.90%,50.10%,Louisiana Tech -0.08,8.1,81,88,Louisiana Tech 6-3
4/17/26,Duke,Boston College,Home,38.80%,61.20%,Boston College -1.53,8.1,82,37,Boston College 11-1
4/17/26,UC Santa Barbara,UC Irvine,Home,56.30%,43.70%,UC Santa Barbara -1.09,8.1,32,93,UC Santa Barbara 7-3
4/17/26,Cal Poly,UC San Diego,Away,58.90%,41.10%,Cal Poly -1.4,8,52,85,Cal Poly 11-3
4/17/26,Gonzaga,Saint Mary's (CA),Away,42.50%,57.50%,Saint Mary's (CA) -0.79,7.9,48,96,Gonzaga 7-2
4/17/26,UAB,South Fla.,Home,39.10%,60.90%,South Fla. -1.36,7.9,68,74,UAB 8-4
4/17/26,Ohio St.,Purdue,Away,36.40%,63.60%,Purdue -1.84,7.9,78,54,Purdue 10-9
4/17/26,Western Ky.,Missouri St.,Home,42.40%,57.60%,Missouri St. -1.16,7.8,110,35,Missouri St. 15-10
4/17/26,Oregon,Illinois,Home,67.00%,33.00%,Oregon -2.77,7.8,20,94,Oregon 16-6
4/17/26,Kansas St.,Arizona,Home,53.30%,46.70%,Kansas St. -0.58,7.6,44,130,Kansas St. 2-1
4/17/26,Minnesota,UCLA,Away,17.00%,83.00%,UCLA -5.63,7.6,72,1,UCLA 4-2
4/17/26,Southeastern La.,UTRGV,Away,50.40%,49.60%,Southeastern La. -0.23,7.5,86,126,UTRGV 8-6
4/17/26,St. John's (NY),UConn,Away,39.60%,60.40%,UConn -1.07,7.4,92,100,St. John's (NY) 4-0
4/17/26,Houston,West Virginia,Away,19.30%,80.70%,West Virginia -5.09,7.4,90,6,Houston 10-7
4/17/26,Charlotte,UTSA,Away,29.00%,71.00%,UTSA -3.0,7.4,98,46,UTSA 11-5
4/17/26,The Citadel,ETSU,Home,44.60%,55.40%,ETSU -0.32,7.4,69,123,The Citadel 11-8
4/17/26,Missouri,Oklahoma,Away,17.60%,82.40%,Oklahoma -5.41,7.3,87,13,Oklahoma 9-6
4/17/26,Mississippi St.,South Carolina,Away,76.80%,23.20%,Mississippi St. -4.4,7.3,10,104,Mississippi St. 5-3
4/17/26,USC Upstate,Winthrop,Away,47.20%,52.80%,Winthrop -0.02,7.1,108,129,Winthrop 3-1
4/17/26,Washington St.,UNLV,Home,43.20%,56.80%,UNLV -0.68,7.1,79,136,Washington St. 13-2
4/17/26,Wichita St.,East Carolina,Home,24.50%,75.50%,East Carolina -3.93,7,114,43,East Carolina 7-1
4/17/26,UC Davis,CSUN,Home,48.90%,51.10%,UC Davis -0.07,7,111,144,UC Davis 11-3
4/17/26,Cal St. Fullerton,Oregon St.,Away,20.30%,79.70%,Oregon St. -4.86,6.9,119,18,Cal St. Fullerton 2-1
4/17/26,Michigan St.,Washington,Away,40.80%,59.30%,Washington -1.1,6.9,109,128,Michigan St. 6-4
4/17/26,Arkansas St.,ULM,Away,57.60%,42.40%,Arkansas St. -1.12,6.8,83,150,Arkansas St. 3-2
4/17/26,High Point,Charleston So.,Home,57.60%,42.40%,High Point -1.2,6.8,77,154,High Point 14-11
4/17/26,Air Force,Grand Canyon,Away,48.10%,51.90%,Grand Canyon -0.17,6.8,121,148,Grand Canyon 8-1
4/17/26,Miami (OH),Toledo,Away,55.10%,44.90%,Miami (OH) -0.87,6.7,76,170,Miami (OH) 7-2
4/17/26,Tulane,Fla. Atlantic,Home,39.50%,60.50%,Fla. Atlantic -1.43,6.7,137,115,Fla. Atlantic 11-3
4/17/26,Eastern Ill.,Little Rock,Away,37.60%,62.40%,Little Rock -1.8,6.7,133,113,Little Rock 7-6
4/17/26,Northwestern,Michigan,Home,28.20%,71.80%,Michigan -3.28,6.7,141,50,Michigan 7-6
4/17/26,Memphis,Rice,Away,25.60%,74.40%,Rice -3.53,6.6,134,65,Memphis 4-1
4/17/26,Abilene Christian,Indiana,Away,39.10%,60.90%,Indiana -1.58,6.5,151,103,Indiana 13-3
4/17/26,Samford,UNC Greensboro,Away,57.50%,42.50%,Samford -1.31,6.5,89,168,Samford 11-5
4/17/26,Georgia St.,Coastal Carolina,Home,20.40%,79.60%,Coastal Carolina -4.48,6.4,143,40,Coastal Carolina 15-7
4/17/26,Marshall,South Alabama,Away,36.20%,63.80%,South Alabama -2.21,6.4,174,66,Marshall 6-2
4/17/26,Indiana St.,Wright St.,Away,44.10%,55.90%,Wright St. -0.64,6.4,138,153,Indiana St. 8-7
4/17/26,Indiana St.,Wright St.,Away,44.10%,55.90%,Wright St. -0.64,6.4,138,153,Indiana St. 6-3
4/17/26,Northwestern St.,Lamar University,Home,32.80%,67.30%,Lamar University -2.65,6.3,157,95,Lamar University 5-0
4/17/26,Nevada,New Mexico,Away,40.50%,59.50%,New Mexico -1.29,6.3,135,155,Nevada 3-2
4/17/26,George Mason,Saint Joseph's,Away,42.60%,57.40%,Saint Joseph's -0.99,6.2,181,107,George Mason 9-6
4/17/26,Rutgers,Penn St.,Home,51.70%,48.30%,Rutgers -0.34,6.1,124,192,Rutgers 13-11
4/17/26,Sacramento St.,UT Arlington,Away,60.50%,39.50%,Sacramento St. -1.74,6.1,120,172,Sacramento St. 2-1
4/17/26,San Francisco,Portland,Home,38.80%,61.20%,Portland -1.39,6,175,127,Portland 5-3
4/17/26,App State,James Madison,Away,61.80%,38.20%,App State -1.79,6,106,182,App State 10-0
4/17/26,Sam Houston,New Mexico St.,Home,56.10%,43.90%,Sam Houston -0.99,5.9,146,186,Sam Houston 8-7
4/17/26,Western Caro.,VMI,Home,64.30%,35.70%,Western Caro. -2.36,5.9,84,196,VMI 10-8
4/17/26,Lipscomb,North Ala.,Away,44.70%,55.30%,North Ala. -0.6,5.9,165,176,Lipscomb 6-4
4/17/26,Santa Clara,Pacific,Home,55.60%,44.40%,Santa Clara -0.95,5.8,147,193,Pacific 3-1
4/17/26,Nicholls,SFA,Away,41.90%,58.10%,SFA -1.04,5.8,166,173,Nicholls 9-4
4/17/26,Lindenwood,Morehead St.,Away,49.00%,51.00%,Morehead St. -0.31,5.8,195,158,Lindenwood 5-4
4/17/26,Hawaii,CSU Bakersfield,Home,65.00%,35.00%,Hawaii -2.21,5.7,112,191,CSU Bakersfield 2-0
4/17/26,Stetson,North Florida,Home,38.50%,61.50%,North Florida -1.57,5.7,183,149,North Florida 3-1
4/17/26,McNeese,A&M-Corpus Christi,Home,60.30%,39.70%,McNeese -1.56,5.6,139,199,McNeese 9-4
4/17/26,Dayton,Richmond,Away,37.00%,63.00%,Richmond -1.79,5.5,185,160,Dayton 10-2
4/17/26,Ga. Southern,Old Dominion,Away,33.70%,66.30%,Old Dominion -2.46,5.4,203,125,Old Dominion 8-3
4/17/26,New Orleans,Houston Christian,Home,36.70%,63.30%,Houston Christian -1.61,5.4,188,169,Houston Christian 15-1
4/17/26,Oral Roberts,South Dakota St.,Away,66.80%,33.20%,Oral Roberts -2.47,5.3,116,209,Oral Roberts 8-4
4/17/26,Bryant,Binghamton,Home,45.30%,54.70%,Binghamton -0.86,5.3,217,163,Binghamton 4-2
4/17/26,Hofstra,UNCW,Away,24.70%,75.30%,UNCW -3.6,5.3,178,131,Hofstra 10-1
4/17/26,Monmouth,Stony Brook,Away,40.40%,59.60%,Stony Brook -1.11,5.2,167,207,Monmouth 8-4
4/17/26,FIU,Jacksonville St.,Away,12.00%,88.00%,Jacksonville St. -6.85,5.2,211,22,Jacksonville St. 4-2
4/17/26,Ball St.,Kent St.,Away,20.30%,79.70%,Kent St. -4.83,5.2,212,61,Ball St. 11-3
4/17/26,Utah Tech,Utah Valley,Away,61.80%,38.20%,Utah Tech -1.96,5.1,105,243,Utah Tech 7-4
4/17/26,Gardner-Webb,Radford,Away,37.60%,62.40%,Radford -1.72,5,205,187,Radford 8-4
4/17/26,San Jose St.,Fresno St.,Home,58.10%,41.90%,San Jose St. -1.48,4.9,142,248,San Jose St. 6-3
4/17/26,Elon,Campbell,Home,16.10%,83.90%,Campbell -5.79,4.9,228,53,Elon 10-6
4/17/26,Southeast Mo. St.,Tennessee Tech,Away,69.90%,30.10%,Southeast Mo. St. -3.17,4.9,75,251,Southeast Mo. St. 13-11
4/17/26,Col. of Charleston,William & Mary,Away,66.30%,33.70%,Col. of Charleston -2.54,4.9,152,222,Col. of Charleston 16-10
4/17/26,Western Mich.,Eastern Mich.,Home,57.40%,42.60%,Western Mich. -1.23,4.9,162,238,Eastern Mich. 4-3
4/17/26,Omaha,North Dakota St.,Home,52.30%,47.70%,Omaha -0.51,4.8,189,244,Omaha 0-0
4/17/26,Georgetown,Butler,Home,51.20%,48.80%,Georgetown -0.19,4.7,219,236,Georgetown 12-11
4/17/26,Evansville,Belmont,Home,44.10%,55.90%,Belmont -0.74,4.7,200,233,Evansville 11-2
4/17/26,Creighton,Villanova,Away,74.50%,25.50%,Creighton -3.76,4.7,97,241,Creighton 9-4
4/17/26,Towson,Mercer,Home,11.40%,88.60%,Mercer -7.07,4.6,245,41,Mercer 9-1
4/17/26,UT Martin,Southern Ind.,Home,40.10%,59.90%,Southern Ind. -1.31,4.6,231,204,UT Martin 10-1
4/17/26,Penn,Princeton,Away,53.00%,47.00%,Penn -0.63,4.6,206,250,Princeton 8-6
4/17/26,Navy,Holy Cross,Home,51.80%,48.20%,Navy -0.28,4.5,215,249,Navy 3-2
4/17/26,Navy,Holy Cross,Home,51.80%,48.20%,Navy -0.28,4.5,215,249,Navy 10-4
4/17/26,Xavier,Seton Hall,Home,72.60%,27.40%,Xavier -3.64,4.5,91,263,Xavier 10-1
4/17/26,Delaware,Middle Tenn.,Away,31.30%,68.70%,Middle Tenn. -2.51,4.5,229,179,Middle Tenn. 8-7
4/17/26,Pepperdine,LMU (CA),Home,55.80%,44.20%,Pepperdine -1.11,4.5,198,254,Pepperdine 14-3
4/17/26,FGCU,Queens (NC),Away,69.90%,30.10%,FGCU -3.1,4.5,118,255,Queens (NC) 6-5
4/17/26,Bucknell,Army West Point,Home,32.30%,67.70%,Army West Point -2.4,4.4,223,197,Army West Point 14-3
4/17/26,Davidson,Saint Louis,Away,49.80%,50.20%,Davidson -0.14,4.4,220,264,Davidson 9-5
4/17/26,Seattle U,San Diego,Home,32.40%,67.60%,San Diego -2.44,4.4,237,177,Seattle U 7-4
4/17/26,NIU,Akron,Home,74.70%,25.30%,NIU -3.95,4.3,99,265,NIU 10-8
4/17/26,Marist,Niagara,Away,43.10%,56.90%,Niagara -0.86,4.3,242,230,Niagara 10-6
4/17/26,Wofford,UNC Asheville,Home,73.60%,26.40%,Wofford -3.62,4.3,122,259,Wofford 16-1
4/17/26,SIUE,Western Ill.,Away,66.50%,33.50%,SIUE -2.7,4.1,140,281,SIUE 4-2
4/17/26,West Ga.,Jacksonville,Home,26.20%,73.80%,Jacksonville -3.8,4.1,268,132,Jacksonville 13-7
4/17/26,Bowling Green,Massachusetts,Away,50.70%,49.30%,Bowling Green -0.03,4.1,234,269,Massachusetts 5-4
4/17/26,Eastern Ky.,Central Ark.,Home,27.10%,72.90%,Central Ark. -3.35,4,258,161,Central Ark. 12-2
4/17/26,UMass Lowell,UMBC,Home,38.20%,61.80%,UMBC -1.67,4,253,221,UMBC 13-0
4/17/26,Alabama St.,Jackson St.,Away,60.00%,40.00%,Alabama St. -1.71,3.9,194,283,Alabama St. 3-2
4/17/26,FDU,Le Moyne,Away,47.00%,53.00%,Le Moyne -0.21,3.9,240,275,Le Moyne 4-3
4/17/26,UC Riverside,Long Beach St.,Home,30.00%,70.00%,Long Beach St. -2.83,3.9,246,210,UC Riverside 5-3
4/17/26,Northeastern,N.C. A&T,Home,85.00%,15.00%,Northeastern -6.08,3.8,102,272,Northeastern 15-0
4/17/26,Youngstown St.,Oakland,Home,46.70%,53.30%,Oakland -0.18,3.7,270,271,Youngstown St. 16-2
4/17/26,George Washington,VCU,Away,19.90%,80.10%,VCU -4.99,3.7,282,117,George Washington 4-3
4/17/26,Youngstown St.,Oakland,Home,46.70%,53.30%,Oakland -0.18,3.7,270,271,Youngstown St. 13-12
4/17/26,Fordham,La Salle,Away,63.30%,36.70%,Fordham -1.78,3.7,235,261,Fordham 9-7
4/17/26,Quinnipiac,Canisius,Home,56.00%,44.00%,Quinnipiac -0.8,3.7,252,274,Canisius 10-3
4/17/26,Quinnipiac,Canisius,Home,56.00%,44.00%,Quinnipiac -0.8,3.7,252,274,Quinnipiac 3-0
4/17/26,Presbyterian,Longwood,Home,22.30%,77.70%,Longwood -4.4,3.6,278,156,Presbyterian 3-2
4/17/26,Maine,NJIT,Away,58.70%,41.30%,Maine -1.48,3.6,216,293,Maine 5-3
4/17/26,Yale,Cornell,Home,72.20%,27.80%,Yale -3.48,3.6,164,287,Cornell 5-3
4/17/26,Dartmouth,Harvard,Away,45.00%,55.00%,Harvard -0.66,3.6,277,262,Dartmouth 5-3
4/17/26,Merrimack,Sacred Heart,Away,55.70%,44.30%,Merrimack -0.89,3.5,257,284,Sacred Heart 6-1
4/17/26,Merrimack,Sacred Heart,Away,55.70%,44.30%,Merrimack -0.89,3.5,257,284,Sacred Heart 3-2
4/17/26,Bellarmine,Austin Peay,Home,22.70%,77.30%,Austin Peay -4.01,3.5,260,201,Austin Peay 16-6
4/17/26,Bellarmine,Austin Peay,Home,22.70%,77.30%,Austin Peay -4.01,3.5,260,201,Austin Peay 5-2
4/17/26,Valparaiso,UIC,Home,24.00%,76.00%,UIC -4.17,3.4,276,190,UIC 4-3
4/17/26,Mount St. Mary's,Fairfield,Home,28.70%,71.30%,Fairfield -3.25,3.3,280,213,Fairfield 2-1
4/17/26,Rhode Island,St. Bonaventure,Away,70.10%,29.90%,Rhode Island -3.19,3.2,214,292,St. Bonaventure 7-4
4/17/26,UAlbany,Siena,Home,41.80%,58.20%,Siena -1.11,3.2,288,279,UAlbany 13-10
4/17/26,Rhode Island,St. Bonaventure,Away,70.10%,29.90%,Rhode Island -3.19,3.2,214,292,St. Bonaventure 15-13
4/17/26,Lehigh,Lafayette,Home,46.50%,53.50%,Lafayette -0.37,3.1,296,295,Lafayette 4-2
4/17/26,Manhattan,Rider,Away,21.90%,78.10%,Rider -4.46,3.1,291,184,Rider 8-2
4/17/26,Texas Southern,Ark.-Pine Bluff,Home,35.80%,64.20%,Ark.-Pine Bluff -2.01,3.1,285,266,Ark.-Pine Bluff 6-4
4/17/26,New Haven,Norfolk St.,Away,57.10%,42.90%,New Haven -0.75,2.9,302,298,Norfolk St. 9-7
4/17/26,Ohio,Central Mich.,Home,26.50%,73.50%,Central Mich. -3.54,2.9,294,224,Central Mich. 4-3
4/17/26,Ohio,Central Mich.,Home,26.50%,73.50%,Central Mich. -3.54,2.9,294,224,Central Mich. 15-5
4/17/26,Prairie View,Grambling,Home,25.00%,75.00%,Grambling -3.71,2.4,300,273,Grambling 12-2
4/17/26,Alabama A&M,Bethune-Cookman,Away,4.30%,95.70%,Bethune-Cookman -10.46,2.3,304,171,Bethune-Cookman 15-4
4/17/26,Mississippi Val.,Florida A&M,Home,8.20%,91.80%,Florida A&M -8.22,2.1,301,225,Florida A&M 6-5
4/17/26,LIU,Coppin St.,Home,90.20%,9.80%,LIU -7.61,2,239,303,LIU 16-7
4/17/26,Southern U.,Alcorn,Home,90.90%,9.10%,Southern U. -7.89,2,232,305,Southern U. 8-4
4/17/26,Mercyhurst,UMES,Away,78.70%,21.30%,Mercyhurst -4.41,1.9,299,307,Mercyhurst 14-0
4/17/26,Delaware St.,Central Conn. St.,Home,17.90%,82.10%,Central Conn. St. -5.05,1.8,306,297,Central Conn. St. 5-4
4/16/26,Auburn,Florida,Away,43.90%,56.10%,Florida -0.74,9.5,8,14,Florida 6-3
4/16/26,Georgia,Arkansas,Home,62.10%,37.90%,Georgia -1.92,9.3,2,17,Arkansas 6-3
4/16/26,Clemson,Virginia,Away,40.60%,59.40%,Virginia -1.24,8.6,55,34,Virginia 6-4
4/16/26,Arizona St.,BYU,Away,65.50%,34.50%,Arizona St. -2.3,8.3,23,62,BYU 19-9
4/16/26,Northern Ky.,Milwaukee,Home,39.40%,60.60%,Milwaukee -1.74,4.8,227,180,Milwaukee 6-5
4/15/26,South Fla.,Miami (FL),Home,29.10%,70.90%,Miami (FL) -3.17,7.9,74,29,South Fla. 4-2
4/15/26,Missouri,Missouri St.,Away,33.20%,66.80%,Missouri St. -2.38,7.8,87,35,Missouri 0-0
4/15/26,UConn,Boston College,Home,38.90%,61.10%,Boston College -1.63,7.8,100,37,Boston College 8-5
4/15/26,Washington St.,Utah Tech,Home,45.70%,54.30%,Utah Tech -0.46,7.7,79,105,Utah Tech 18-8
4/15/26,Rutgers,Saint Joseph's,Away,50.20%,49.80%,Saint Joseph's -0.08,7.3,124,107,Rutgers 11-1
4/15/26,Santa Clara,Stanford,Away,34.00%,66.00%,Stanford -2.42,6.7,147,64,Santa Clara 2-1
4/15/26,San Jose St.,California,Home,28.50%,71.50%,California -3.24,6.6,142,56,San Jose St. 10-7
4/15/26,Richmond,Old Dominion,Home,45.20%,54.80%,Old Dominion -0.75,6.5,160,125,Old Dominion 10-9
4/15/26,Sam Houston,Rice,Home,28.90%,71.10%,Rice -3.13,6.5,146,65,Rice 5-3
4/15/26,Marshall,Ohio St.,Away,35.40%,64.60%,Ohio St. -2.26,6.3,174,78,Marshall 11-7
4/15/26,Michigan St.,Western Mich.,Neutral,62.30%,37.70%,Michigan St. -1.84,6.3,109,162,Michigan St. 0-0
4/15/26,Wright St.,Dayton,Home,50.30%,49.70%,Dayton -0.11,6.1,153,185,Dayton 9-5
4/15/26,San Diego St.,Long Beach St.,Home,60.90%,39.10%,San Diego St. -1.77,5.9,73,210,San Diego St. 7-5
4/15/26,Penn St.,West Virginia,Neutral,12.40%,87.60%,West Virginia -6.85,5.7,192,6,West Virginia 3-1
4/15/26,Penn,Monmouth,Home,44.00%,56.00%,Monmouth -0.89,5.4,206,167,Monmouth 5-3
4/15/26,UIW,Texas Tech,Home,21.70%,78.30%,Texas Tech -4.48,5.3,202,80,UIW 13-8
4/15/26,Evansville,Indiana,Away,24.60%,75.40%,Indiana -3.88,5.2,200,103,Indiana 8-6
4/15/26,Eastern Mich.,Michigan,Away,15.70%,84.30%,Michigan -5.85,4.8,238,50,Eastern Mich. 0-0
4/15/26,Southern Ind.,Ball St.,Home,39.40%,60.60%,Ball St. -1.21,4.8,204,212,Southern Ind. 0-0
4/15/26,Rider,Princeton,Home,54.50%,45.50%,Rider -1.0,4.7,184,250,Princeton 10-9
4/15/26,Akron,Pittsburgh,Away,9.50%,90.50%,Pittsburgh -7.79,4.2,265,36,Pittsburgh 13-2
4/15/26,Quinnipiac,Yale,Away,25.90%,74.10%,Yale -3.7,4,252,164,Yale 6-5
4/15/26,Saint Louis,SIUE,Home,24.90%,75.10%,SIUE -3.96,4,264,140,SIUE 15-5
4/15/26,FDU,Hofstra,Away,23.60%,76.40%,Hofstra -3.87,4,240,178,FDU 0-0
4/15/26,Bowling Green,Canisius,Away,59.60%,40.40%,Bowling Green -1.06,3.7,234,274,Bowling Green 9-3
4/15/26,Merrimack,Rhode Island,Away,26.70%,73.30%,Rhode Island -3.44,3.6,257,214,Merrimack 5-2
4/15/26,FDU,Fordham,Away,24.80%,75.20%,Fordham -3.4,3.6,240,235,FDU 12-10
4/15/26,Youngstown St.,Central Mich.,Home,32.70%,67.30%,Central Mich. -2.43,3.5,270,224,Central Mich. 12-2
4/15/26,Western Ill.,Bradley,Home,59.70%,40.30%,Western Ill. -1.46,3.1,281,289,Western Ill. 10-4
4/15/26,Siena,Dartmouth,Home,33.40%,66.60%,Dartmouth -2.24,3,279,277,Dartmouth 5-3
4/15/26,Alcorn,SFA,Away,2.40%,97.60%,SFA -12.36,2.2,305,173,SFA 16-8
4/15/26,Lafayette,Saint Peter's,Away,78.10%,21.90%,Lafayette -4.44,2,295,308,Saint Peter's 15-5
4/14/26,Oregon,Oregon St.,Away,44.40%,55.60%,Oregon St. -0.62,9.4,20,18,Oregon 0-0
4/14/26,Southern Miss.,Ole Miss,Neutral,39.90%,60.10%,Ole Miss -1.53,9.2,21,11,Ole Miss 10-3
4/14/26,Oklahoma St.,Oklahoma,Neutral,42.40%,57.60%,Oklahoma -1.18,9.2,27,13,Oklahoma St. 7-3
4/14/26,NC State,East Carolina,Home,44.20%,55.80%,East Carolina -0.85,8.7,51,43,NC State 10-3
4/14/26,UTSA,Baylor,Home,52.20%,47.80%,UTSA -0.4,8.7,46,60,Baylor 10-9
4/14/26,Coastal Carolina,Wake Forest,Away,34.50%,65.50%,Wake Forest -2.3,8.6,40,25,Wake Forest 10-5
4/14/26,UC Santa Barbara,UCLA,Away,19.50%,80.50%,UCLA -4.94,8.3,32,1,UC Santa Barbara 4-0
4/14/26,Alabama,UAB,Away,68.90%,31.10%,Alabama -3.06,8.2,9,68,Alabama 12-6
4/14/26,Liberty,Duke,Home,59.60%,40.40%,Liberty -1.49,8.2,31,82,Liberty 17-7
4/14/26,Tarleton St.,TCU,Home,27.70%,72.30%,TCU -3.16,8,58,30,TCU 12-5
4/14/26,Northeastern,Boston College,Home,44.70%,55.30%,Boston College -0.64,8,102,37,Boston College 3-1
4/14/26,Miami (OH),Purdue,Away,38.10%,61.90%,Purdue -1.59,8,76,54,Miami (OH) 5-3
4/14/26,Mercer,Kennesaw St.,Home,60.30%,39.70%,Mercer -1.68,8,41,88,Kennesaw St. 12-9
4/14/26,UC San Diego,San Diego St.,Home,39.70%,60.30%,San Diego St. -1.32,7.8,85,73,San Diego St. 9-1
4/14/26,Clemson,Charlotte,Home,59.50%,40.50%,Clemson -1.37,7.8,55,98,Clemson 7-3
4/14/26,Creighton,Nebraska,Away,25.20%,74.80%,Nebraska -3.81,7.5,97,16,Nebraska 5-4
4/14/26,Mississippi St.,Samford,Away,77.40%,22.60%,Mississippi St. -4.27,7.5,10,89,Mississippi St. 11-1
4/14/26,App State,Western Caro.,Away,41.30%,58.70%,Western Caro. -1.26,7.4,106,84,Western Caro. 14-4
4/14/26,Xavier,Cincinnati,Home,23.80%,76.20%,Cincinnati -3.86,7.4,91,24,Cincinnati 15-5
4/14/26,Western Ky.,Louisville,Home,38.50%,61.50%,Louisville -1.7,7.4,110,67,Louisville 7-3
4/14/26,Houston,Texas A&M,Away,18.00%,82.00%,Texas A&M -5.28,7.4,90,7,Texas A&M 10-2
4/14/26,Virginia,VCU,Home,69.30%,30.70%,Virginia -2.71,7.3,34,117,VCU 6-2
4/14/26,Southeastern La.,Tulane,Away,53.80%,46.30%,Southeastern La. -0.73,7.2,86,137,Tulane 8-4
4/14/26,Little Rock,Louisiana Tech,Away,35.20%,64.80%,Louisiana Tech -1.84,7.1,113,81,Louisiana Tech 9-3
4/14/26,Indiana,Indiana St.,Away,50.60%,49.40%,Indiana -0.28,7.1,103,138,Indiana 17-12
4/14/26,FGCU,Fla. Atlantic,Away,43.30%,56.70%,Fla. Atlantic -0.85,7.1,118,115,FGCU 8-6
4/14/26,Southeast Mo. St.,Murray St.,Home,50.90%,49.10%,Southeast Mo. St. -0.37,7,75,159,Southeast Mo. St. 12-1
4/14/26,UNLV,Utah Tech,Away,46.20%,53.80%,Utah Tech -0.58,7,136,105,UNLV 8-6
4/14/26,The Citadel,Charleston So.,Home,54.80%,45.20%,The Citadel -1.02,7,69,154,The Citadel 15-5
4/14/26,Wichita St.,Kansas,Home,16.90%,83.10%,Kansas -5.58,6.9,114,12,Kansas 5-2
4/14/26,NIU,Illinois St.,Home,45.90%,54.10%,Illinois St. -0.28,6.9,99,145,NIU 0-0
4/14/26,Michigan,Toledo,Away,58.00%,42.00%,Michigan -1.28,6.8,50,170,Michigan 6-4
4/14/26,UTRGV,Sam Houston,Home,51.40%,48.60%,UTRGV -0.3,6.8,126,146,UTRGV 8-5
4/14/26,USC Upstate,Col. of Charleston,Home,46.30%,53.80%,Col. of Charleston -0.32,6.8,108,152,Col. of Charleston 6-0
4/14/26,Jacksonville,UCF,Away,21.30%,78.70%,UCF -4.36,6.7,132,33,Jacksonville 5-4
4/14/26,ETSU,Georgia,Away,11.20%,88.80%,Georgia -7.27,6.6,123,2,Georgia 12-10
4/14/26,UNCW,North Carolina,Home,14.50%,85.50%,North Carolina -6.27,6.6,131,5,North Carolina 14-5
4/14/26,SIUE,Illinois,Home,30.90%,69.10%,Illinois -2.46,6.4,140,94,Illinois 16-4
4/14/26,Campbell,UNC Greensboro,Away,69.70%,30.30%,Campbell -3.05,6.3,53,168,Campbell 11-8
4/14/26,Houston Christian,Texas St.,Away,25.80%,74.20%,Texas St. -3.66,6.1,169,59,Texas St. 4-3
4/14/26,Vanderbilt,Lipscomb,Home,78.80%,21.20%,Vanderbilt -4.53,6.1,38,165,Vanderbilt 15-1
4/14/26,Nicholls,South Alabama,Away,26.90%,73.10%,South Alabama -3.52,6.1,166,66,South Alabama 4-3
4/14/26,Northwestern St.,LSU,Home,19.50%,80.50%,LSU -4.96,6.1,157,45,LSU 4-2
4/14/26,Richmond,James Madison,Home,54.90%,45.10%,Richmond -0.85,5.9,160,182,Richmond 10-2
4/14/26,Troy,New Orleans,Home,74.70%,25.30%,Troy -3.9,5.8,57,188,New Orleans 11-10
4/14/26,Hofstra,St. John's (NY),Away,27.60%,72.40%,St. John's (NY) -3.45,5.8,178,92,St. John's (NY) 10-7
4/14/26,UT Arlington,DBU,Home,21.10%,78.90%,DBU -4.6,5.8,172,71,DBU 10-5
4/14/26,Arkansas St.,Southern Ill.,Away,60.00%,40.00%,Arkansas St. -1.5,5.8,83,218,Arkansas St. 11-5
4/14/26,Central Ark.,Oral Roberts,Away,27.10%,72.90%,Oral Roberts -3.17,5.8,161,116,Central Ark. 5-3
4/14/26,San Diego,Cal St. Fullerton,Home,32.50%,67.50%,Cal St. Fullerton -2.41,5.8,177,119,Cal St. Fullerton 13-0
4/14/26,Bethune-Cookman,Florida,Away,8.50%,91.50%,Florida -8.07,5.7,171,14,Bethune-Cookman 13-7
4/14/26,Stetson,Florida St.,Home,13.10%,86.90%,Florida St. -6.53,5.7,183,19,Florida St. 9-2
4/14/26,UIC,Northwestern,Home,40.20%,59.80%,Northwestern -1.19,5.7,190,141,Northwestern 12-11
4/14/26,Omaha,Kansas St.,Home,17.20%,82.80%,Kansas St. -5.41,5.6,189,44,Omaha 12-5
4/14/26,San Francisco,Sacramento St.,Home,27.10%,72.90%,Sacramento St. -3.4,5.6,175,120,Sacramento St. 12-2
4/14/26,Radford,Virginia Tech,Away,18.40%,81.60%,Virginia Tech -5.17,5.6,187,49,Virginia Tech 14-0
4/14/26,Pacific,UC Davis,Away,32.00%,68.00%,UC Davis -2.65,5.6,193,111,UC Davis 6-5
4/14/26,Southern California,Long Beach St.,Home,82.10%,17.90%,Southern California -5.48,5.5,15,210,Long Beach St. 5-3
4/14/26,New Mexico,New Mexico St.,Away,64.80%,35.20%,New Mexico -2.04,5.4,155,186,New Mexico St. 6-1
4/14/26,Alabama St.,Auburn,Away,6.40%,93.60%,Auburn -9.04,5.4,194,8,Auburn 13-0
4/14/26,Pepperdine,Cal Poly,Home,17.80%,82.20%,Cal Poly -5.37,5.4,198,52,Cal Poly 7-3
4/14/26,Winthrop,Elon,Home,59.00%,41.00%,Winthrop -1.33,5.3,129,228,Winthrop 13-3
4/14/26,A&M-Corpus Christi,Texas,Away,6.00%,94.00%,Texas -9.38,5.3,199,3,Texas 14-7
4/14/26,Longwood,William & Mary,Away,57.00%,43.00%,Longwood -1.22,5.2,156,222,William & Mary 7-3
4/14/26,Ga. Southern,Georgia Tech,Away,5.30%,94.70%,Georgia Tech -9.83,5.2,203,4,Georgia Tech 13-9
4/14/26,Middle Tenn.,Belmont,Home,52.70%,47.30%,Middle Tenn. -0.51,5,179,233,Middle Tenn. 10-8
4/14/26,North Ala.,UT Martin,Away,55.60%,44.40%,North Ala. -0.9,5,176,231,North Ala. 21-3
4/14/26,Georgetown,UMBC,Away,47.00%,53.00%,UMBC -0.37,4.9,219,221,Georgetown 9-3
4/14/26,California Baptist,UC Riverside,Away,80.10%,19.90%,California Baptist -4.98,4.9,42,246,California Baptist 19-4
4/14/26,Dayton,Bowling Green,Home,55.20%,44.80%,Dayton -1.09,4.9,185,234,Dayton 19-6
4/14/26,Rhode Island,Bryant,Home,41.60%,58.40%,Bryant -0.81,4.8,214,217,Rhode Island 10-9
4/14/26,Washington,Seattle U,Home,67.50%,32.50%,Washington -2.68,4.8,128,237,Washington 0-0
4/14/26,Davidson,South Carolina,Away,22.20%,77.80%,South Carolina -4.17,4.8,220,104,South Carolina 8-6
4/14/26,CSU Bakersfield,Fresno St.,Away,47.00%,53.00%,Fresno St. -0.08,4.7,191,248,Fresno St. 10-6
4/14/26,Columbia,Fairfield,Away,41.70%,58.30%,Fairfield -1.18,4.6,226,213,Columbia 13-6
4/14/26,Ball St.,Butler,Away,56.70%,43.30%,Ball St. -0.82,4.6,212,236,Butler 8-5
4/14/26,Florida A&M,North Florida,Away,25.30%,74.70%,North Florida -3.47,4.5,225,149,North Florida 11-2
4/14/26,Rider,Seton Hall,Away,54.20%,45.80%,Rider -0.99,4.5,184,263,Rider 3-2
4/14/26,Utah Valley,Air Force,Home,24.90%,75.10%,Air Force -3.88,4.5,243,121,Air Force 5-4
4/14/26,Towson,Maryland,Home,18.70%,81.30%,Maryland -4.97,4.4,245,101,Maryland 15-7
4/14/26,Holy Cross,Brown,Home,39.40%,60.60%,Brown -1.42,4.3,249,208,Brown 9-1
4/14/26,Bucknell,Villanova,Away,40.40%,59.60%,Villanova -1.15,4.3,223,241,Villanova 14-2
4/14/26,Minnesota,St. Thomas (MN),Away,81.50%,18.50%,Minnesota -5.23,4.3,72,267,Minnesota 24-2
4/14/26,UNC Asheville,Tennessee,Home,6.00%,94.00%,Tennessee -9.32,4.3,259,26,Tennessee 11-1
4/14/26,Queens (NC),Gardner-Webb,Home,39.80%,60.30%,Gardner-Webb -1.43,4.2,255,205,Gardner-Webb 11-1
4/14/26,Ark.-Pine Bluff,Arkansas,Neutral,5.80%,94.20%,Arkansas -9.52,4.2,266,17,Arkansas 12-2
4/14/26,Marist,Rutgers,Away,18.70%,81.30%,Rutgers -4.78,4.2,242,124,Marist 10-3
4/14/26,Lindenwood,Saint Louis,Away,58.20%,41.80%,Lindenwood -1.3,4.2,195,264,Lindenwood 9-1
4/14/26,Bellarmine,Morehead St.,Away,29.40%,70.60%,Morehead St. -3.24,4.1,260,158,Morehead St. 13-3
4/14/26,LMU (CA),CSUN,Home,24.80%,75.20%,CSUN -3.93,4.1,254,144,CSUN 12-7
4/14/26,West Ga.,Georgia St.,Home,27.40%,72.60%,Georgia St. -3.6,4,268,143,Georgia St. 5-2
4/14/26,Valparaiso,Notre Dame,Home,9.00%,91.00%,Notre Dame -8.02,4,276,47,Notre Dame 6-1
4/14/26,Navy,George Washington,Home,54.40%,45.60%,Navy -0.88,4,215,282,George Washington 4-1
4/14/26,Fordham,FDU,Home,64.50%,35.50%,Fordham -1.8,4,235,240,Fordham 23-17
4/14/26,High Point,N.C. A&T,Neutral,86.90%,13.10%,High Point -6.48,3.9,77,272,N.C. A&T 10-4
4/14/26,Tennessee Tech,Austin Peay,Home,29.40%,70.60%,Austin Peay -2.8,3.9,251,201,Austin Peay 17-7
4/14/26,Binghamton,Cornell,Away,65.30%,34.80%,Binghamton -2.4,3.9,163,287,Binghamton 11-4
4/14/26,Harvard,Massachusetts,Neutral,45.30%,54.70%,Massachusetts -0.54,3.8,262,269,Harvard 17-12
4/14/26,Wagner,Army West Point,Home,22.50%,77.50%,Army West Point -4.07,3.7,247,197,Army West Point 18-8
4/14/26,George Mason,Mount St. Mary's,Away,67.90%,32.10%,George Mason -2.79,3.7,181,280,George Mason 15-3
4/14/26,Oakland,Michigan St.,Home,12.70%,87.30%,Michigan St. -6.73,3.7,271,109,Oakland 11-9
4/14/26,Bradley,Iowa,Away,7.20%,92.80%,Iowa -8.73,3.6,289,63,Iowa 20-1
4/14/26,Presbyterian,Wofford,Away,14.70%,85.30%,Wofford -6.07,3.5,278,122,Wofford 11-2
4/14/26,Youngstown St.,Akron,Home,40.60%,59.40%,Akron -1.14,3.5,270,265,Akron 11-1
4/14/26,NJIT,Monmouth,Home,28.70%,71.30%,Monmouth -3.31,3.5,293,167,NJIT 17-5
4/14/26,Kent St.,Mercyhurst,Away,91.60%,8.40%,Kent St. -8.23,3.5,61,299,Kent St. 14-2
4/14/26,Alabama A&M,Jacksonville St.,Away,0.80%,99.20%,Jacksonville St. -15.78,3.4,304,22,Jacksonville St. 15-11
4/14/26,Grambling,McNeese,Away,10.20%,89.80%,McNeese -7.32,3.3,273,139,McNeese 7-3
4/14/26,St. Bonaventure,Le Moyne,Home,43.30%,56.70%,Le Moyne -1.0,3.2,292,275,St. Bonaventure 0-0
4/14/26,Iona,LIU,Away,28.30%,71.70%,LIU -3.26,3,290,239,LIU 10-4
4/14/26,Manhattan,Stony Brook,Away,20.90%,79.10%,Stony Brook -4.51,2.9,291,207,Stony Brook 12-1
4/14/26,Ohio,Northern Ky.,Home,23.00%,77.00%,Northern Ky. -4.04,2.8,294,227,Northern Ky. 11-8
4/14/26,Stonehill,UMass Lowell,Away,26.70%,73.30%,UMass Lowell -3.29,2.8,286,253,UMass Lowell 20-10
4/14/26,SFA,Prairie View,Home,88.20%,11.80%,SFA -6.83,2.7,173,300,SFA 13-7
4/14/26,Mississippi Val.,Memphis,Home,4.90%,95.10%,Memphis -9.99,2.7,301,134,Memphis 11-3
4/14/26,VMI,Norfolk St.,Home,87.80%,12.20%,VMI -6.54,2.5,196,298,VMI 8-4
4/14/26,Central Conn. St.,UAlbany,Away,26.10%,73.90%,UAlbany -3.37,2.4,297,288,UAlbany 7-6
4/14/26,Lehigh,Coppin St.,Home,82.00%,18.10%,Lehigh -5.12,1.9,296,303,Lehigh 38-6
4/14/26,Delaware St.,Delaware,Home,3.80%,96.20%,Delaware -10.73,1.8,306,229,Delaware 15-8
4/13/26,BYU,Lamar University,Away,44.10%,55.90%,Lamar University -0.77,7.9,62,95,BYU 4-0
4/13/26,Portland,Washington St.,Away,36.10%,63.90%,Washington St. -2.03,7,127,79,Washington St. 9-3
4/13/26,Arizona,Arizona St.,Away,24.00%,76.00%,Arizona St. -3.98,6.9,130,23,Arizona 5-3
4/13/26,Nevada,Saint Mary's (CA),Away,32.80%,67.30%,Saint Mary's (CA) -2.61,6.6,135,96,Saint Mary's (CA) 16-10
4/13/26,Milwaukee,Central Mich.,Home,52.70%,47.30%,Milwaukee -0.65,5.2,180,224,Milwaukee 9-6
4/13/26,Utah Valley,Air Force,Home,24.90%,75.10%,Air Force -3.88,4.5,243,121,Air Force 17-7
4/12/26,Texas,Texas A&M,Away,49.80%,50.20%,Texas -0.22,9.9,3,7,Texas 0-0
4/12/26,Arkansas,Alabama,Home,44.00%,56.00%,Alabama -0.77,9.5,17,9,Arkansas 3-2
4/12/26,Jacksonville St.,Liberty,Away,47.80%,52.20%,Liberty -0.16,9.3,22,31,Liberty 4-2
4/12/26,Wake Forest,Miami (FL),Home,46.00%,54.00%,Miami (FL) -0.46,9.2,25,29,Miami (FL) 8-0
4/12/26,Nebraska,Oregon,Away,37.40%,62.60%,Oregon -1.75,9.1,16,20,Oregon 5-4
4/12/26,Florida,Georgia,Away,31.20%,68.80%,Georgia -2.9,9,14,2,Florida 13-7
4/12/26,Southern Miss.,Louisiana,Home,57.80%,42.20%,Southern Miss. -1.06,9,21,39,Louisiana 6-5
4/12/26,Virginia,Notre Dame,Home,48.90%,51.10%,Notre Dame -0.23,9,34,47,Virginia 20-5
4/12/26,Oklahoma St.,Kansas St.,Home,53.50%,46.50%,Oklahoma St. -0.71,9,27,44,Oklahoma St. 12-10
4/12/26,Tennessee,Mississippi St.,Home,35.00%,65.00%,Mississippi St. -2.13,9,26,10,Tennessee 7-2
4/12/26,Virginia Tech,Boston College,Home,47.00%,53.00%,Boston College -0.29,8.9,49,37,Boston College 6-2
4/12/26,Kentucky,Auburn,Home,29.10%,70.90%,Auburn -3.09,8.7,28,8,Auburn 11-0
4/12/26,North Carolina,Clemson,Home,65.40%,34.60%,North Carolina -2.56,8.6,5,55,North Carolina 12-5
4/12/26,California,Pittsburgh,Away,40.20%,59.80%,Pittsburgh -1.3,8.5,56,36,California 13-2
4/12/26,LSU,Ole Miss,Away,31.40%,68.60%,Ole Miss -2.84,8.5,45,11,Ole Miss 8-7
4/12/26,Coastal Carolina,Arkansas St.,Home,55.70%,44.30%,Coastal Carolina -0.94,8.3,40,83,Arkansas St. 6-3
4/12/26,Mercer,Western Caro.,Away,54.10%,45.90%,Mercer -0.79,8.3,41,84,Western Caro. 5-4
4/12/26,Cal Poly,Oregon St.,Away,30.60%,69.40%,Oregon St. -2.77,8.3,52,18,Oregon St. 3-2
4/12/26,Baylor,Cincinnati,Away,32.40%,67.60%,Cincinnati -2.49,8.2,60,24,Baylor 8-3
4/12/26,Iowa,Southern California,Away,25.00%,75.00%,Southern California -3.82,8,63,15,Southern California 8-2
4/12/26,West Virginia,Texas Tech,Home,72.70%,27.30%,West Virginia -3.66,7.9,6,80,West Virginia 10-2
4/12/26,Michigan,Michigan St.,Away,52.90%,47.10%,Michigan -0.47,7.9,50,109,Michigan St. 10-5
4/12/26,Rice,Charlotte,Home,46.70%,53.30%,Charlotte -0.29,7.9,65,98,Rice 3-2
4/12/26,Stanford,Louisville,Home,35.50%,64.50%,Louisville -1.82,7.9,64,67,Stanford 6-4
4/12/26,Kent St.,NIU,Away,56.80%,43.30%,Kent St. -1.04,7.8,61,99,NIU 5-2
4/12/26,UC San Diego,UC Santa Barbara,Away,28.70%,71.30%,UC Santa Barbara -3.12,7.7,85,32,UC Santa Barbara 3-1
4/12/26,Utah,Arizona St.,Home,20.90%,79.10%,Arizona St. -4.53,7.6,70,23,Arizona St. 5-2
4/12/26,The Citadel,Wofford,Away,49.20%,50.80%,The Citadel -0.22,7.6,69,122,Wofford 5-3
4/12/26,Duke,NC State,Away,29.70%,70.30%,NC State -2.88,7.6,82,51,Duke 3-2
4/12/26,Indiana,Maryland,Away,45.20%,54.80%,Maryland -0.59,7.5,103,101,Maryland 8-6
4/12/26,Wichita St.,UAB,Home,37.10%,62.90%,UAB -1.73,7.3,114,68,Wichita St. 10-2
4/12/26,UC Irvine,Hawaii,Home,42.70%,57.30%,Hawaii -0.86,7.3,93,112,UC Irvine 5-1
4/12/26,San Diego St.,New Mexico,Home,48.00%,52.00%,San Diego St. -0.01,7.1,73,155,New Mexico 12-8
4/12/26,UNCW,Campbell,Home,33.20%,66.80%,Campbell -2.56,7,131,53,Campbell 7-5
4/12/26,Purdue,Northwestern,Home,63.00%,37.00%,Purdue -2.05,7,54,141,Purdue 8-3
4/12/26,East Carolina,Tulane,Away,66.80%,33.20%,East Carolina -2.66,7,43,137,Tulane 6-3
4/12/26,Saint Mary's (CA),Santa Clara,Away,54.40%,45.60%,Saint Mary's (CA) -0.69,6.9,96,147,Saint Mary's (CA) 15-11
4/12/26,Portland,Gonzaga,Home,28.80%,71.20%,Gonzaga -3.24,6.9,127,48,Gonzaga 12-11
4/12/26,Fla. Atlantic,Memphis,Away,56.40%,43.60%,Fla. Atlantic -0.8,6.9,115,134,Memphis 11-6
4/12/26,Little Rock,SIUE,Away,46.30%,53.80%,SIUE -0.32,6.9,113,140,SIUE 3-2
4/12/26,UCLA,Rutgers,Home,85.20%,14.80%,UCLA -6.2,6.8,1,124,UCLA 9-2
4/12/26,UNLV,Grand Canyon,Home,47.90%,52.10%,Grand Canyon -0.27,6.7,136,148,UNLV 14-8
4/12/26,DBU,Sam Houston,Away,66.10%,33.90%,DBU -2.41,6.7,71,146,DBU 5-4
4/12/26,Jacksonville,FGCU,Home,36.10%,63.90%,FGCU -1.78,6.6,132,118,FGCU 4-1
4/12/26,Indiana St.,Illinois St.,Home,43.10%,56.90%,Illinois St. -0.84,6.5,138,145,Indiana St. 6-1
4/12/26,San Jose St.,Nevada,Home,41.10%,58.90%,Nevada -0.93,6.5,142,135,Nevada 5-4
4/12/26,Charleston So.,USC Upstate,Away,38.50%,61.50%,USC Upstate -1.72,6.4,154,108,Charleston So. 11-3
4/12/26,ULM,App State,Home,33.70%,66.30%,App State -2.27,6.3,150,106,App State 12-4
4/12/26,Lamar University,Nicholls,Away,63.90%,36.10%,Lamar University -2.14,6.3,95,166,Lamar University 11-1
4/12/26,Toledo,Western Mich.,Away,51.00%,49.00%,Toledo -0.23,6.2,170,162,Western Mich. 6-3
4/12/26,Saint Joseph's,Dayton,Home,45.00%,55.00%,Dayton -0.46,6.2,107,185,Saint Joseph's 18-5
4/12/26,UTRGV,SFA,Home,55.60%,44.40%,UTRGV -0.89,6.2,126,173,UTRGV 9-3
4/12/26,Morehead St.,Southeast Mo. St.,Away,25.30%,74.70%,Southeast Mo. St. -3.56,6.1,158,75,Morehead St. 6-5
4/12/26,Richmond,George Mason,Home,50.20%,49.80%,Richmond -0.04,6.1,160,181,George Mason 7-5
4/12/26,Old Dominion,Marshall,Home,41.10%,58.90%,Marshall -0.78,6.1,125,174,Marshall 7-5
4/12/26,Central Ark.,Lipscomb,Away,40.00%,60.00%,Lipscomb -1.4,5.9,161,165,Lipscomb 6-5
4/12/26,Middle Tenn.,Louisiana Tech,Home,29.70%,70.30%,Louisiana Tech -3.07,5.9,179,81,Louisiana Tech 5-3
4/12/26,San Diego,San Francisco,Away,47.60%,52.40%,San Francisco -0.38,5.9,177,175,San Francisco 6-1
4/12/26,Houston Christian,Northwestern St.,Away,40.10%,59.90%,Northwestern St. -1.1,5.9,169,157,Houston Christian 11-5
4/12/26,Murray St.,UIC,Away,49.10%,50.90%,UIC -0.13,5.9,159,190,UIC 10-5
4/12/26,South Alabama,Ga. Southern,Home,64.10%,35.90%,South Alabama -2.26,5.9,66,203,South Alabama 13-12
4/12/26,Kennesaw St.,FIU,Home,59.70%,40.30%,Kennesaw St. -1.52,5.8,88,211,FIU 7-1
4/12/26,Oral Roberts,Omaha,Home,63.00%,37.00%,Oral Roberts -1.89,5.8,116,189,Omaha 8-7
4/12/26,Penn St.,Ohio St.,Home,28.30%,71.70%,Ohio St. -3.24,5.7,192,78,Ohio St. 15-10
4/12/26,James Madison,Georgia St.,Home,37.30%,62.70%,Georgia St. -1.89,5.7,182,143,Georgia St. 5-4
4/12/26,Cal St. Fullerton,Long Beach St.,Away,58.60%,41.40%,Cal St. Fullerton -1.28,5.6,119,210,Cal St. Fullerton 6-2
4/12/26,VMI,Samford,Home,26.70%,73.30%,Samford -3.74,5.5,196,89,Samford 5-3
4/12/26,Radford,High Point,Home,21.40%,78.60%,High Point -4.41,5.5,187,77,High Point 4-1
4/12/26,New Orleans,Illinois,Home,23.40%,76.60%,Illinois -3.73,5.4,188,94,New Orleans 8-7
4/12/26,Pacific,Pepperdine,Away,45.50%,54.50%,Pepperdine -0.54,5.4,193,198,Pacific 9-4
4/12/26,VCU,Fordham,Home,58.60%,41.40%,VCU -1.61,5.3,117,235,VCU 7-6
4/12/26,North Ala.,Austin Peay,Home,41.20%,58.80%,Austin Peay -0.82,5.3,176,201,North Ala. 15-5
4/12/26,A&M-Corpus Christi,Southeastern La.,Away,23.50%,76.50%,Southeastern La. -4.1,5.3,199,86,Southeastern La. 5-4
4/12/26,Stony Brook,Hofstra,Home,42.90%,57.10%,Hofstra -0.97,5.3,207,178,Stony Brook 12-11
4/12/26,Missouri St.,Delaware,Home,77.00%,23.10%,Missouri St. -4.24,5.3,35,229,Missouri St. 9-6
4/12/26,Southern Ind.,Eastern Ill.,Home,33.80%,66.20%,Eastern Ill. -2.37,5.3,204,133,Eastern Ill. 9-6
4/12/26,Rider,Fairfield,Home,44.90%,55.10%,Fairfield -0.61,5.2,184,213,Rider 9-8
4/12/26,UNC Greensboro,Northern Ky.,Home,54.10%,45.90%,UNC Greensboro -0.89,5.2,168,227,Northern Ky. 4-3
4/12/26,New Mexico St.,Western Ky.,Away,17.40%,82.60%,Western Ky. -5.23,5.1,186,110,New Mexico St. 10-7
4/12/26,Southern Ill.,Evansville,Home,52.10%,47.90%,Southern Ill. -0.45,5.1,218,200,Southern Ill. 16-3
4/12/26,UIW,McNeese,Home,26.30%,73.70%,McNeese -3.64,5,202,139,McNeese 8-6
4/12/26,Georgetown,St. John's (NY),Away,23.60%,76.40%,St. John's (NY) -4.24,5,219,92,Georgetown 10-7
4/12/26,UMBC,Binghamton,Home,34.00%,66.00%,Binghamton -2.34,4.8,221,163,Binghamton 16-5
4/12/26,UConn,Butler,Home,75.60%,24.40%,UConn -3.96,4.7,100,236,UConn 13-0
4/12/26,Maine,Northeastern,Away,17.10%,82.90%,Northeastern -5.42,4.7,216,102,Northeastern 13-5
4/12/26,Towson,Monmouth,Home,35.30%,64.70%,Monmouth -2.16,4.5,245,167,Monmouth 10-8
4/12/26,Villanova,Xavier,Away,18.60%,81.40%,Xavier -5.09,4.5,241,91,Xavier 9-6
4/12/26,William & Mary,Elon,Home,37.00%,63.00%,Elon -1.72,4.4,222,228,Elon 9-4
4/12/26,Fresno St.,Air Force,Home,25.90%,74.10%,Air Force -3.78,4.4,248,121,Air Force 10-5
4/12/26,Holy Cross,Bucknell,Home,47.20%,52.80%,Bucknell -0.37,4.4,249,223,Bucknell 12-4
4/12/26,Central Mich.,Bowling Green,Home,40.40%,59.60%,Bowling Green -1.01,4.4,224,234,Central Mich. 21-13
4/12/26,North Florida,West Ga.,Away,65.00%,35.00%,North Florida -2.45,4.3,149,268,West Ga. 7-2
4/12/26,North Dakota St.,Northern Colo.,Away,49.50%,50.50%,Northern Colo. -0.09,4.3,244,256,Northern Colo. 10-5
4/12/26,Quinnipiac,Marist,Home,50.70%,49.30%,Marist -0.06,4.3,252,242,Quinnipiac 6-2
4/12/26,Tennessee Tech,UT Martin,Away,42.60%,57.40%,UT Martin -1.09,4.2,251,231,Tennessee Tech 18-16
4/12/26,Brown,Dartmouth,Away,52.70%,47.30%,Brown -0.62,4.2,208,277,Brown 7-5
4/12/26,Seton Hall,Creighton,Home,16.90%,83.00%,Creighton -5.52,4.1,263,97,Creighton 9-2
4/12/26,Princeton,Columbia,Home,36.40%,63.60%,Columbia -2.06,4,250,226,Princeton 4-2
4/12/26,Maine,Merrimack,Neutral,62.30%,37.70%,Maine -1.72,4,216,257,Maine 10-4
4/12/26,UNC Asheville,Longwood,Home,26.40%,73.60%,Longwood -3.53,4,259,156,UNC Asheville 7-5
4/12/26,Winthrop,Presbyterian,Home,74.90%,25.10%,Winthrop -3.84,3.9,129,278,Presbyterian 12-10
4/12/26,Queens (NC),Stetson,Away,28.30%,71.70%,Stetson -3.21,3.9,255,183,Stetson 13-3
4/12/26,Southern U.,Grambling,Home,56.40%,43.60%,Southern U. -1.07,3.9,232,273,Southern U. 13-11
4/12/26,LMU (CA),Seattle U,Away,37.30%,62.70%,Seattle U -1.95,3.9,254,237,Seattle U 7-6
4/12/26,Milwaukee,Oakland,Away,66.80%,33.20%,Milwaukee -2.79,3.9,180,271,Milwaukee 12-0
4/12/26,Wright St.,Youngstown St.,Away,74.60%,25.40%,Wright St. -3.64,3.8,153,270,Wright St. 20-8
4/12/26,Bellarmine,Eastern Ky.,Away,42.90%,57.10%,Eastern Ky. -1.05,3.8,260,258,Bellarmine 11-9
4/12/26,Harvard,Yale,Away,20.10%,79.90%,Yale -4.79,3.7,262,164,Yale 5-2
4/12/26,Florida A&M,Jackson St.,Away,57.50%,42.50%,Florida A&M -1.33,3.7,225,283,Florida A&M 23-8
4/12/26,Massachusetts,Eastern Mich.,Home,39.30%,60.70%,Eastern Mich. -1.43,3.7,269,238,Massachusetts 19-15
4/12/26,Saint Louis,George Washington,Home,47.30%,52.70%,George Washington -0.22,3.6,264,282,Saint Louis 3-2
4/12/26,Akron,Ball St.,Away,26.70%,73.30%,Ball St. -3.37,3.5,265,212,Akron 7-6
4/12/26,La Salle,Rhode Island,Away,23.70%,76.30%,Rhode Island -4.02,3.4,261,214,Rhode Island 9-6
4/12/26,N.C. A&T,Col. of Charleston,Home,15.50%,84.50%,Col. of Charleston -5.77,3.4,272,152,Col. of Charleston 10-5
4/12/26,Western Ill.,Lindenwood,Home,28.10%,71.90%,Lindenwood -3.26,3.4,281,195,Lindenwood 3-2
4/12/26,Ohio,Miami (OH),Home,8.70%,91.30%,Miami (OH) -8.07,3.4,294,76,Miami (OH) 17-6
4/12/26,Cornell,Penn,Away,28.20%,71.80%,Penn -3.19,3.3,287,206,Penn 6-5
4/12/26,Army West Point,Lehigh,Away,68.80%,31.10%,Army West Point -2.87,3.3,197,296,Lehigh 9-7
4/12/26,NJIT,UMass Lowell,Away,37.70%,62.30%,UMass Lowell -1.69,3.2,293,253,NJIT 14-11
4/12/26,Stonehill,FDU,Home,34.10%,65.90%,FDU -2.36,3.2,286,240,Stonehill 15-8
4/12/26,Siena,Manhattan,Home,43.30%,56.80%,Manhattan -0.87,3.2,279,291,Manhattan 16-2
4/12/26,Sacred Heart,Iona,Home,42.90%,57.10%,Iona -0.86,3.2,284,290,Sacred Heart 0-0
4/12/26,UMES,Delaware St.,Home,47.80%,52.20%,Delaware St. -0.37,2.9,307,306,UMES 7-5
4/12/26,St. Bonaventure,Davidson,Home,24.60%,75.40%,Davidson -3.84,2.9,292,220,Davidson 12-11
4/12/26,LIU,New Haven,Away,71.60%,28.40%,LIU -3.5,2.8,239,302,New Haven 12-11
4/12/26,Bradley,Valparaiso,Away,31.20%,68.80%,Valparaiso -2.48,2.8,289,276,Bradley 11-10
4/12/26,UAlbany,Bryant,Home,17.10%,82.90%,Bryant -5.25,2.7,288,217,Bryant 15-5
4/12/26,Mercyhurst,Le Moyne,Home,32.60%,67.40%,Le Moyne -2.57,2.7,299,275,Le Moyne 11-10
4/12/26,Lafayette,Navy,Away,19.70%,80.30%,Navy -4.81,2.7,295,215,Navy 10-9
4/12/26,Central Conn. St.,Coppin St.,Away,67.50%,32.50%,Central Conn. St. -2.54,2.5,297,303,Coppin St. 9-2
4/12/26,Norfolk St.,Wagner,Away,20.80%,79.30%,Wagner -4.55,2.5,298,247,Wagner 12-1
4/12/26,Ark.-Pine Bluff,Prairie View,Away,72.90%,27.10%,Ark.-Pine Bluff -3.42,2.5,266,300,Ark.-Pine Bluff 12-0
4/12/26,Alabama St.,Alabama A&M,Home,90.80%,9.20%,Alabama St. -7.93,2.4,194,304,Alabama St. 15-6
4/12/26,Saint Peter's,Mount St. Mary's,Home,9.10%,90.90%,Mount St. Mary's -7.8,1.6,308,280,Mount St. Mary's 13-3
4/12/26,Alcorn,Texas Southern,Away,8.50%,91.50%,Texas Southern -7.91,1.6,305,285,Texas Southern 18-5
4/11/26,Texas,Texas A&M,Away,49.80%,50.20%,Texas -0.22,9.9,3,7,Texas A&M 11-4
4/11/26,Arkansas,Alabama,Home,44.00%,56.00%,Alabama -0.77,9.5,17,9,Arkansas 15-6
4/11/26,Jacksonville St.,Liberty,Away,47.80%,52.20%,Liberty -0.16,9.3,22,31,Liberty 7-6
4/11/26,Oklahoma,Vanderbilt,Away,49.70%,50.30%,Oklahoma -0.27,9.3,13,38,Oklahoma 6-5
4/11/26,Wake Forest,Miami (FL),Home,46.00%,54.00%,Miami (FL) -0.46,9.2,25,29,Wake Forest 3-1
4/11/26,Nebraska,Oregon,Away,37.40%,62.60%,Oregon -1.75,9.1,16,20,Nebraska 10-8
4/11/26,Florida,Georgia,Away,31.20%,68.80%,Georgia -2.9,9,14,2,Georgia 5-1
4/11/26,Oklahoma St.,Kansas St.,Home,53.50%,46.50%,Oklahoma St. -0.71,9,27,44,Kansas St. 13-9
4/11/26,Virginia,Notre Dame,Home,48.90%,51.10%,Notre Dame -0.23,9,34,47,Notre Dame 5-3
4/11/26,Southern Miss.,Louisiana,Home,57.80%,42.20%,Southern Miss. -1.06,9,21,39,Louisiana 8-4
4/11/26,Tennessee,Mississippi St.,Home,35.00%,65.00%,Mississippi St. -2.13,9,26,10,Tennessee 6-2
4/11/26,Virginia Tech,Boston College,Home,47.00%,53.00%,Boston College -0.29,8.9,49,37,Boston College 8-7
4/11/26,Florida St.,Georgia Tech,Away,26.70%,73.30%,Georgia Tech -3.56,8.8,19,4,Georgia Tech 17-3
4/11/26,Troy,Texas St.,Home,49.80%,50.20%,Troy -0.26,8.7,57,59,Troy 12-11
4/11/26,Troy,Texas St.,Home,49.80%,50.20%,Troy -0.26,8.7,57,59,Troy 15-2
4/11/26,Kentucky,Auburn,Home,29.10%,70.90%,Auburn -3.09,8.7,28,8,Kentucky 5-4
4/11/26,UCF,Kansas,Home,31.20%,68.80%,Kansas -2.87,8.7,33,12,Kansas 6-3
4/11/26,UCF,Kansas,Home,31.20%,68.80%,Kansas -2.87,8.7,33,12,Kansas 3-1
4/11/26,North Carolina,Clemson,Home,65.40%,34.60%,North Carolina -2.56,8.6,5,55,North Carolina 6-4
4/11/26,California,Pittsburgh,Away,40.20%,59.80%,Pittsburgh -1.3,8.5,56,36,California 14-6
4/11/26,LSU,Ole Miss,Away,31.40%,68.60%,Ole Miss -2.84,8.5,45,11,Ole Miss 12-2
4/11/26,Coastal Carolina,Arkansas St.,Home,55.70%,44.30%,Coastal Carolina -0.94,8.3,40,83,Coastal Carolina 4-3
4/11/26,Mercer,Western Caro.,Away,54.10%,45.90%,Mercer -0.79,8.3,41,84,Western Caro. 17-9
4/11/26,Cal Poly,Oregon St.,Away,30.60%,69.40%,Oregon St. -2.77,8.3,52,18,Oregon St. 11-6
4/11/26,Baylor,Cincinnati,Away,32.40%,67.60%,Cincinnati -2.49,8.2,60,24,Cincinnati 8-0
4/11/26,Iowa,Southern California,Away,25.00%,75.00%,Southern California -3.82,8,63,15,Southern California 6-3
4/11/26,Stanford,Louisville,Home,35.50%,64.50%,Louisville -1.82,7.9,64,67,Louisville 10-0
4/11/26,West Virginia,Texas Tech,Home,72.70%,27.30%,West Virginia -3.66,7.9,6,80,Texas Tech 4-1
4/11/26,Michigan,Michigan St.,Away,52.90%,47.10%,Michigan -0.47,7.9,50,109,Michigan 6-4
4/11/26,Rice,Charlotte,Home,46.70%,53.30%,Charlotte -0.29,7.9,65,98,Rice 6-2
4/11/26,South Fla.,UTSA,Away,33.40%,66.60%,UTSA -2.41,7.9,74,46,South Fla. 7-1
4/11/26,South Fla.,UTSA,Away,33.40%,66.60%,UTSA -2.41,7.9,74,46,UTSA 7-3
4/11/26,BYU,Houston,Away,42.70%,57.30%,Houston -0.85,7.9,62,90,BYU 6-1
4/11/26,Kent St.,NIU,Away,56.80%,43.30%,Kent St. -1.04,7.8,61,99,Kent St. 9-8
4/11/26,UC San Diego,UC Santa Barbara,Away,28.70%,71.30%,UC Santa Barbara -3.12,7.7,85,32,UC Santa Barbara 11-10
4/11/26,Duke,NC State,Away,29.70%,70.30%,NC State -2.88,7.6,82,51,NC State 18-5
4/11/26,Utah,Arizona St.,Home,20.90%,79.10%,Arizona St. -4.53,7.6,70,23,Arizona St. 14-13
4/11/26,The Citadel,Wofford,Away,49.20%,50.80%,The Citadel -0.22,7.6,69,122,Wofford 6-5
4/11/26,South Carolina,Missouri,Home,45.20%,54.80%,Missouri -0.74,7.6,104,87,South Carolina 6-4
4/11/26,Indiana,Maryland,Away,45.20%,54.80%,Maryland -0.59,7.5,103,101,Maryland 14-4
4/11/26,Wichita St.,UAB,Home,37.10%,62.90%,UAB -1.73,7.3,114,68,Wichita St. 5-4
4/11/26,UC Irvine,Hawaii,Home,42.70%,57.30%,Hawaii -0.86,7.3,93,112,Hawaii 3-0
4/11/26,San Diego St.,New Mexico,Home,48.00%,52.00%,San Diego St. -0.01,7.1,73,155,New Mexico 11-3
4/11/26,Arizona,TCU,Away,30.30%,69.70%,TCU -2.99,7.1,130,30,Arizona 3-2
4/11/26,Arizona,TCU,Away,30.30%,69.70%,TCU -2.99,7.1,130,30,TCU 5-0
4/11/26,UNCW,Campbell,Home,33.20%,66.80%,Campbell -2.56,7,131,53,Campbell 7-3
4/11/26,Purdue,Northwestern,Home,63.00%,37.00%,Purdue -2.05,7,54,141,Purdue 3-2
4/11/26,East Carolina,Tulane,Away,66.80%,33.20%,East Carolina -2.66,7,43,137,East Carolina 9-6
4/11/26,Saint Mary's (CA),Santa Clara,Away,54.40%,45.60%,Saint Mary's (CA) -0.69,6.9,96,147,Saint Mary's (CA) 8-4
4/11/26,Fla. Atlantic,Memphis,Away,56.40%,43.60%,Fla. Atlantic -0.8,6.9,115,134,Fla. Atlantic 6-4
4/11/26,Portland,Gonzaga,Home,28.80%,71.20%,Gonzaga -3.24,6.9,127,48,Gonzaga 11-3
4/11/26,Washington,Minnesota,Home,34.50%,65.50%,Minnesota -2.04,6.9,128,72,Minnesota 5-4
4/11/26,Little Rock,SIUE,Away,46.30%,53.80%,SIUE -0.32,6.9,113,140,SIUE 6-2
4/11/26,Abilene Christian,Tarleton St.,Away,38.20%,61.80%,Tarleton St. -1.97,6.9,151,58,Tarleton St. 10-9
4/11/26,UCLA,Rutgers,Home,85.20%,14.80%,UCLA -6.2,6.8,1,124,UCLA 7-1
4/11/26,UNLV,Grand Canyon,Home,47.90%,52.10%,Grand Canyon -0.27,6.7,136,148,Grand Canyon 6-1
4/11/26,DBU,Sam Houston,Away,66.10%,33.90%,DBU -2.41,6.7,71,146,DBU 14-3
4/11/26,Jacksonville,FGCU,Home,36.10%,63.90%,FGCU -1.78,6.6,132,118,Jacksonville 4-1
4/11/26,Indiana St.,Illinois St.,Home,43.10%,56.90%,Illinois St. -0.84,6.5,138,145,Illinois St. 6-4
4/11/26,San Jose St.,Nevada,Home,41.10%,58.90%,Nevada -0.93,6.5,142,135,San Jose St. 12-6
4/11/26,Charleston So.,USC Upstate,Away,38.50%,61.50%,USC Upstate -1.72,6.4,154,108,USC Upstate 15-9
4/11/26,ULM,App State,Home,33.70%,66.30%,App State -2.27,6.3,150,106,ULM 14-9
4/11/26,Lamar University,Nicholls,Away,63.90%,36.10%,Lamar University -2.14,6.3,95,166,Nicholls 11-10
4/11/26,Toledo,Western Mich.,Away,51.00%,49.00%,Toledo -0.23,6.2,170,162,Western Mich. 8-6
4/11/26,Saint Joseph's,Dayton,Home,45.00%,55.00%,Dayton -0.46,6.2,107,185,Saint Joseph's 5-4
4/11/26,UTRGV,SFA,Home,55.60%,44.40%,UTRGV -0.89,6.2,126,173,SFA 5-3
4/11/26,Morehead St.,Southeast Mo. St.,Away,25.30%,74.70%,Southeast Mo. St. -3.56,6.1,158,75,Southeast Mo. St. 10-8
4/11/26,Richmond,George Mason,Home,50.20%,49.80%,Richmond -0.04,6.1,160,181,Richmond 11-3
4/11/26,Old Dominion,Marshall,Home,41.10%,58.90%,Marshall -0.78,6.1,125,174,Old Dominion 4-1
4/11/26,UT Arlington,California Baptist,Home,21.60%,78.50%,California Baptist -4.55,6,172,42,California Baptist 6-4
4/11/26,UT Arlington,California Baptist,Home,21.60%,78.50%,California Baptist -4.55,6,172,42,UT Arlington 19-1
4/11/26,Central Ark.,Lipscomb,Away,40.00%,60.00%,Lipscomb -1.4,5.9,161,165,Central Ark. 10-5
4/11/26,Middle Tenn.,Louisiana Tech,Home,29.70%,70.30%,Louisiana Tech -3.07,5.9,179,81,Louisiana Tech 8-2
4/11/26,San Diego,San Francisco,Away,47.60%,52.40%,San Francisco -0.38,5.9,177,175,San Francisco 7-5
4/11/26,Murray St.,UIC,Away,49.10%,50.90%,UIC -0.13,5.9,159,190,UIC 8-2
4/11/26,Houston Christian,Northwestern St.,Away,40.10%,59.90%,Northwestern St. -1.1,5.9,169,157,Northwestern St. 2-1
4/11/26,South Alabama,Ga. Southern,Home,64.10%,35.90%,South Alabama -2.26,5.9,66,203,South Alabama 13-5
4/11/26,Kennesaw St.,FIU,Home,59.70%,40.30%,Kennesaw St. -1.52,5.8,88,211,FIU 4-3
4/11/26,Oral Roberts,Omaha,Home,63.00%,37.00%,Oral Roberts -1.89,5.8,116,189,Oral Roberts 13-1
4/11/26,Penn St.,Ohio St.,Home,28.30%,71.70%,Ohio St. -3.24,5.7,192,78,Ohio St. 3-2
4/11/26,James Madison,Georgia St.,Home,37.30%,62.70%,Georgia St. -1.89,5.7,182,143,Georgia St. 10-0
4/11/26,Cal St. Fullerton,Long Beach St.,Away,58.60%,41.40%,Cal St. Fullerton -1.28,5.6,119,210,Long Beach St. 4-3
4/11/26,VMI,Samford,Home,26.70%,73.30%,Samford -3.74,5.5,196,89,Samford 8-3
4/11/26,Radford,High Point,Home,21.40%,78.60%,High Point -4.41,5.5,187,77,High Point 6-2
4/11/26,New Orleans,Illinois,Home,23.40%,76.60%,Illinois -3.73,5.4,188,94,Illinois 4-3
4/11/26,Pacific,Pepperdine,Away,45.50%,54.50%,Pepperdine -0.54,5.4,193,198,Pepperdine 10-3
4/11/26,A&M-Corpus Christi,Southeastern La.,Away,23.50%,76.50%,Southeastern La. -4.1,5.3,199,86,Southeastern La. 10-5
4/11/26,VCU,Fordham,Home,58.60%,41.40%,VCU -1.61,5.3,117,235,VCU 13-1
4/11/26,North Ala.,Austin Peay,Home,41.20%,58.80%,Austin Peay -0.82,5.3,176,201,North Ala. 13-12
4/11/26,Stony Brook,Hofstra,Home,42.90%,57.10%,Hofstra -0.97,5.3,207,178,Stony Brook 5-0
4/11/26,Missouri St.,Delaware,Home,77.00%,23.10%,Missouri St. -4.24,5.3,35,229,Missouri St. 15-10
4/11/26,Southern Ind.,Eastern Ill.,Home,33.80%,66.20%,Eastern Ill. -2.37,5.3,204,133,Eastern Ill. 3-1
4/11/26,Gardner-Webb,Washington St.,Away,23.50%,76.50%,Washington St. -4.08,5.3,205,79,Washington St. 5-3
4/11/26,Rider,Fairfield,Home,44.90%,55.10%,Fairfield -0.61,5.2,184,213,Rider 6-3
4/11/26,UNC Greensboro,Northern Ky.,Home,54.10%,45.90%,UNC Greensboro -0.89,5.2,168,227,UNC Greensboro 17-6
4/11/26,New Mexico St.,Western Ky.,Away,17.40%,82.60%,Western Ky. -5.23,5.1,186,110,Western Ky. 9-4
4/11/26,Southern Ill.,Evansville,Home,52.10%,47.90%,Southern Ill. -0.45,5.1,218,200,Evansville 7-3
4/11/26,UIW,McNeese,Home,26.30%,73.70%,McNeese -3.64,5,202,139,McNeese 8-3
4/11/26,Georgetown,St. John's (NY),Away,23.60%,76.40%,St. John's (NY) -4.24,5,219,92,St. John's (NY) 9-0
4/11/26,ETSU,Belmont,Home,67.30%,32.70%,ETSU -2.61,4.9,123,233,ETSU 8-4
4/11/26,ETSU,Belmont,Home,67.30%,32.70%,ETSU -2.61,4.9,123,233,Belmont 10-8
4/11/26,UMBC,Binghamton,Home,34.00%,66.00%,Binghamton -2.34,4.8,221,163,Binghamton 4-3
4/11/26,UConn,Butler,Home,75.60%,24.40%,UConn -3.96,4.7,100,236,UConn 3-1
4/11/26,Maine,Northeastern,Away,17.10%,82.90%,Northeastern -5.42,4.7,216,102,Maine 5-0
4/11/26,CSUN,UC Riverside,Away,63.90%,36.10%,CSUN -2.07,4.7,144,246,UC Riverside 9-8
4/11/26,Villanova,Xavier,Away,18.60%,81.40%,Xavier -5.09,4.5,241,91,Xavier 9-7
4/11/26,Towson,Monmouth,Home,35.30%,64.70%,Monmouth -2.16,4.5,245,167,Monmouth 6-5
4/11/26,William & Mary,Elon,Home,37.00%,63.00%,Elon -1.72,4.4,222,228,William & Mary 13-1
4/11/26,Fresno St.,Air Force,Home,25.90%,74.10%,Air Force -3.78,4.4,248,121,Air Force 15-13
4/11/26,Holy Cross,Bucknell,Home,47.20%,52.80%,Bucknell -0.37,4.4,249,223,Bucknell 5-4
4/11/26,Holy Cross,Bucknell,Home,47.20%,52.80%,Bucknell -0.37,4.4,249,223,Holy Cross 7-5
4/11/26,Central Mich.,Bowling Green,Home,40.40%,59.60%,Bowling Green -1.01,4.4,224,234,Central Mich. 5-0
4/11/26,South Dakota St.,St. Thomas (MN),Away,53.40%,46.60%,South Dakota St. -0.66,4.3,209,267,South Dakota St. 13-2
4/11/26,North Florida,West Ga.,Away,65.00%,35.00%,North Florida -2.45,4.3,149,268,North Florida 5-3
4/11/26,North Dakota St.,Northern Colo.,Away,49.50%,50.50%,Northern Colo. -0.09,4.3,244,256,Northern Colo. 11-10
4/11/26,Quinnipiac,Marist,Home,50.70%,49.30%,Marist -0.06,4.3,252,242,Marist 9-2
4/11/26,Utah Valley,Sacramento St.,Home,21.40%,78.60%,Sacramento St. -4.63,4.3,243,120,Sacramento St. 9-5
4/11/26,Brown,Dartmouth,Away,52.70%,47.30%,Brown -0.62,4.2,208,277,Brown 13-3
4/11/26,Brown,Dartmouth,Away,52.70%,47.30%,Brown -0.62,4.2,208,277,Dartmouth 4-0
4/11/26,Tennessee Tech,UT Martin,Away,42.60%,57.40%,UT Martin -1.09,4.2,251,231,UT Martin 8-4
4/11/26,Seton Hall,Creighton,Home,16.90%,83.00%,Creighton -5.52,4.1,263,97,Creighton 9-1
4/11/26,Princeton,Columbia,Home,36.40%,63.60%,Columbia -2.06,4,250,226,Princeton 11-7
4/11/26,Princeton,Columbia,Home,36.40%,63.60%,Columbia -2.06,4,250,226,Columbia 8-6
4/11/26,UNC Asheville,Longwood,Home,26.40%,73.60%,Longwood -3.53,4,259,156,Longwood 9-2
4/11/26,Winthrop,Presbyterian,Home,74.90%,25.10%,Winthrop -3.84,3.9,129,278,Presbyterian 5-2
4/11/26,Queens (NC),Stetson,Away,28.30%,71.70%,Stetson -3.21,3.9,255,183,Queens (NC) 8-2
4/11/26,Southern U.,Grambling,Home,56.40%,43.60%,Southern U. -1.07,3.9,232,273,Southern U. 7-6
4/11/26,LMU (CA),Seattle U,Away,37.30%,62.70%,Seattle U -1.95,3.9,254,237,Seattle U 8-6
4/11/26,Merrimack,Northeastern,Away,11.10%,88.90%,Northeastern -7.09,3.9,257,102,Northeastern 9-2
4/11/26,Milwaukee,Oakland,Away,66.80%,33.20%,Milwaukee -2.79,3.9,180,271,Oakland 6-5
4/11/26,Wright St.,Youngstown St.,Away,74.60%,25.40%,Wright St. -3.64,3.8,153,270,Wright St. 8-5
4/11/26,Bellarmine,Eastern Ky.,Away,42.90%,57.10%,Eastern Ky. -1.05,3.8,260,258,Bellarmine 14-10
4/11/26,Florida A&M,Jackson St.,Away,57.50%,42.50%,Florida A&M -1.33,3.7,225,283,Florida A&M 8-7
4/11/26,Harvard,Yale,Away,20.10%,79.90%,Yale -4.79,3.7,262,164,Harvard 5-3
4/11/26,Harvard,Yale,Away,20.10%,79.90%,Yale -4.79,3.7,262,164,Yale 9-6
4/11/26,Massachusetts,Eastern Mich.,Home,39.30%,60.70%,Eastern Mich. -1.43,3.7,269,238,Massachusetts 10-0
4/11/26,Canisius,Niagara,Away,37.90%,62.10%,Niagara -1.72,3.7,274,230,Niagara 6-5
4/11/26,Canisius,Niagara,Away,37.90%,62.10%,Niagara -1.72,3.7,274,230,Niagara 6-4
4/11/26,Saint Louis,George Washington,Home,47.30%,52.70%,George Washington -0.22,3.6,264,282,George Washington 13-4
4/11/26,Akron,Ball St.,Away,26.70%,73.30%,Ball St. -3.37,3.5,265,212,Ball St. 3-2
4/11/26,La Salle,Rhode Island,Away,23.70%,76.30%,Rhode Island -4.02,3.4,261,214,La Salle 4-3
4/11/26,Ohio,Miami (OH),Home,8.70%,91.30%,Miami (OH) -8.07,3.4,294,76,Miami (OH) 15-5
4/11/26,N.C. A&T,Col. of Charleston,Home,15.50%,84.50%,Col. of Charleston -5.77,3.4,272,152,Col. of Charleston 6-4
4/11/26,Western Ill.,Lindenwood,Home,28.10%,71.90%,Lindenwood -3.26,3.4,281,195,Lindenwood 4-1
4/11/26,Cornell,Penn,Away,28.20%,71.80%,Penn -3.19,3.3,287,206,Penn 7-3
4/11/26,Army West Point,Lehigh,Away,68.80%,31.10%,Army West Point -2.87,3.3,197,296,Army West Point 4-2
4/11/26,Army West Point,Lehigh,Away,68.80%,31.10%,Army West Point -2.87,3.3,197,296,Army West Point 13-9
4/11/26,Cornell,Penn,Away,28.20%,71.80%,Penn -3.19,3.3,287,206,Penn 14-5
4/11/26,NJIT,UMass Lowell,Away,37.70%,62.30%,UMass Lowell -1.69,3.2,293,253,UMass Lowell 4-3
4/11/26,Stonehill,FDU,Home,34.10%,65.90%,FDU -2.36,3.2,286,240,FDU 6-5
4/11/26,Sacred Heart,Iona,Home,42.90%,57.10%,Iona -0.86,3.2,284,290,Iona 6-3
4/11/26,Siena,Manhattan,Home,43.30%,56.80%,Manhattan -0.87,3.2,279,291,Manhattan 8-5
4/11/26,UMES,Delaware St.,Home,47.80%,52.20%,Delaware St. -0.37,2.9,307,306,UMES 11-4
4/11/26,St. Bonaventure,Davidson,Home,24.60%,75.40%,Davidson -3.84,2.9,292,220,Davidson 19-9
4/11/26,LIU,New Haven,Away,71.60%,28.40%,LIU -3.5,2.8,239,302,LIU 23-16
4/11/26,Bradley,Valparaiso,Away,31.20%,68.80%,Valparaiso -2.48,2.8,289,276,Bradley 9-6
4/11/26,UAlbany,Bryant,Home,17.10%,82.90%,Bryant -5.25,2.7,288,217,UAlbany 6-3
4/11/26,Mercyhurst,Le Moyne,Home,32.60%,67.40%,Le Moyne -2.57,2.7,299,275,Le Moyne 11-4
4/11/26,Mercyhurst,Le Moyne,Home,32.60%,67.40%,Le Moyne -2.57,2.7,299,275,Mercyhurst 7-5
4/11/26,Lafayette,Navy,Away,19.70%,80.30%,Navy -4.81,2.7,295,215,Navy 1-0
4/11/26,Lafayette,Navy,Away,19.70%,80.30%,Navy -4.81,2.7,295,215,Navy 7-1
4/11/26,Bethune-Cookman,Mississippi Val.,Away,91.00%,9.00%,Bethune-Cookman -7.91,2.6,171,301,Bethune-Cookman 13-2
4/11/26,Bethune-Cookman,Mississippi Val.,Away,91.00%,9.00%,Bethune-Cookman -7.91,2.6,171,301,Bethune-Cookman 15-0
4/11/26,Ark.-Pine Bluff,Prairie View,Away,72.90%,27.10%,Ark.-Pine Bluff -3.42,2.5,266,300,Ark.-Pine Bluff 22-8
4/11/26,Ark.-Pine Bluff,Prairie View,Away,72.90%,27.10%,Ark.-Pine Bluff -3.42,2.5,266,300,Prairie View 10-9
4/11/26,Norfolk St.,Wagner,Away,20.80%,79.30%,Wagner -4.55,2.5,298,247,Wagner 3-2
4/11/26,Central Conn. St.,Coppin St.,Away,67.50%,32.50%,Central Conn. St. -2.54,2.5,297,303,Coppin St. 10-5
4/11/26,Alabama St.,Alabama A&M,Home,90.80%,9.20%,Alabama St. -7.93,2.4,194,304,Alabama St. 12-1
4/11/26,Saint Peter's,Mount St. Mary's,Home,9.10%,90.90%,Mount St. Mary's -7.8,1.6,308,280,Mount St. Mary's 8-5
4/11/26,Alcorn,Texas Southern,Away,8.50%,91.50%,Texas Southern -7.91,1.6,305,285,Texas Southern 12-5
4/11/26,Alcorn,Texas Southern,Away,8.50%,91.50%,Texas Southern -7.91,1.6,305,285,Alcorn 10-6
4/10/26,Texas,Texas A&M,Away,49.80%,50.20%,Texas -0.22,9.9,3,7,Texas A&M 9-8
4/10/26,Arkansas,Alabama,Home,44.00%,56.00%,Alabama -0.77,9.5,17,9,Arkansas 7-5
4/10/26,Oklahoma,Vanderbilt,Away,49.70%,50.30%,Oklahoma -0.27,9.3,13,38,Oklahoma 13-11
4/10/26,Jacksonville St.,Liberty,Away,47.80%,52.20%,Liberty -0.16,9.3,22,31,Jacksonville St. 8-4
4/10/26,Wake Forest,Miami (FL),Home,46.00%,54.00%,Miami (FL) -0.46,9.2,25,29,Miami (FL) 3-1
4/10/26,Nebraska,Oregon,Away,37.40%,62.60%,Oregon -1.75,9.1,16,20,Oregon 7-6
4/10/26,Florida,Georgia,Away,31.20%,68.80%,Georgia -2.9,9,14,2,Florida 8-2
4/10/26,Oklahoma St.,Kansas St.,Home,53.50%,46.50%,Oklahoma St. -0.71,9,27,44,Kansas St. 11-3
4/10/26,Virginia,Notre Dame,Home,48.90%,51.10%,Notre Dame -0.23,9,34,47,Virginia 8-4
4/10/26,Southern Miss.,Louisiana,Home,57.80%,42.20%,Southern Miss. -1.06,9,21,39,Southern Miss. 8-1
4/10/26,Tennessee,Mississippi St.,Home,35.00%,65.00%,Mississippi St. -2.13,9,26,10,Tennessee 6-5
4/10/26,Virginia Tech,Boston College,Home,47.00%,53.00%,Boston College -0.29,8.9,49,37,Virginia Tech 9-8
4/10/26,Florida St.,Georgia Tech,Away,26.70%,73.30%,Georgia Tech -3.56,8.8,19,4,Georgia Tech 8-3
4/10/26,Troy,Texas St.,Home,49.80%,50.20%,Troy -0.26,8.7,57,59,Texas St. 8-5
4/10/26,Kentucky,Auburn,Home,29.10%,70.90%,Auburn -3.09,8.7,28,8,Auburn 12-5
4/10/26,UCF,Kansas,Home,31.20%,68.80%,Kansas -2.87,8.7,33,12,Kansas 4-3
4/10/26,North Carolina,Clemson,Home,65.40%,34.60%,North Carolina -2.56,8.6,5,55,Clemson 9-5
4/10/26,California,Pittsburgh,Away,40.20%,59.80%,Pittsburgh -1.3,8.5,56,36,California 12-1
4/10/26,LSU,Ole Miss,Away,31.40%,68.60%,Ole Miss -2.84,8.5,45,11,Ole Miss 6-3
4/10/26,Coastal Carolina,Arkansas St.,Home,55.70%,44.30%,Coastal Carolina -0.94,8.3,40,83,Coastal Carolina 10-7
4/10/26,Mercer,Western Caro.,Away,54.10%,45.90%,Mercer -0.79,8.3,41,84,Western Caro. 10-6
4/10/26,Cal Poly,Oregon St.,Away,30.60%,69.40%,Oregon St. -2.77,8.3,52,18,Oregon St. 6-3
4/10/26,Baylor,Cincinnati,Away,32.40%,67.60%,Cincinnati -2.49,8.2,60,24,Cincinnati 11-1
4/10/26,Iowa,Southern California,Away,25.00%,75.00%,Southern California -3.82,8,63,15,Southern California 9-2
4/10/26,West Virginia,Texas Tech,Home,72.70%,27.30%,West Virginia -3.66,7.9,6,80,West Virginia 12-8
4/10/26,Stanford,Louisville,Home,35.50%,64.50%,Louisville -1.82,7.9,64,67,Stanford 12-2
4/10/26,South Fla.,UTSA,Away,33.40%,66.60%,UTSA -2.41,7.9,74,46,UTSA 11-3
4/10/26,Michigan,Michigan St.,Away,52.90%,47.10%,Michigan -0.47,7.9,50,109,Michigan 4-2
4/10/26,Rice,Charlotte,Home,46.70%,53.30%,Charlotte -0.29,7.9,65,98,Rice 7-5
4/10/26,BYU,Houston,Away,42.70%,57.30%,Houston -0.85,7.9,62,90,BYU 6-2
4/10/26,Kent St.,NIU,Away,56.80%,43.30%,Kent St. -1.04,7.8,61,99,NIU 12-2
4/10/26,UC San Diego,UC Santa Barbara,Away,28.70%,71.30%,UC Santa Barbara -3.12,7.7,85,32,UC San Diego 4-3
4/10/26,Duke,NC State,Away,29.70%,70.30%,NC State -2.88,7.6,82,51,NC State 10-4
4/10/26,Utah,Arizona St.,Home,20.90%,79.10%,Arizona St. -4.53,7.6,70,23,Utah 10-4
4/10/26,South Carolina,Missouri,Home,45.20%,54.80%,Missouri -0.74,7.6,104,87,South Carolina 1-0
4/10/26,The Citadel,Wofford,Away,49.20%,50.80%,The Citadel -0.22,7.6,69,122,Wofford 2-0
4/10/26,Indiana,Maryland,Away,45.20%,54.80%,Maryland -0.59,7.5,103,101,Indiana 11-3
4/10/26,Wichita St.,UAB,Home,37.10%,62.90%,UAB -1.73,7.3,114,68,UAB 4-3
4/10/26,UC Irvine,Hawaii,Home,42.70%,57.30%,Hawaii -0.86,7.3,93,112,Hawaii 14-6
4/10/26,San Diego St.,New Mexico,Home,48.00%,52.00%,San Diego St. -0.01,7.1,73,155,New Mexico 5-3
4/10/26,Arizona,TCU,Away,30.30%,69.70%,TCU -2.99,7.1,130,30,Arizona 4-3
4/10/26,UNCW,Campbell,Home,33.20%,66.80%,Campbell -2.56,7,131,53,UNCW 5-3
4/10/26,Purdue,Northwestern,Home,63.00%,37.00%,Purdue -2.05,7,54,141,Purdue 11-3
4/10/26,East Carolina,Tulane,Away,66.80%,33.20%,East Carolina -2.66,7,43,137,Tulane 4-1
4/10/26,Washington,Minnesota,Home,34.50%,65.50%,Minnesota -2.04,6.9,128,72,Washington 11-7
4/10/26,Washington,Minnesota,Home,34.50%,65.50%,Minnesota -2.04,6.9,128,72,Minnesota 12-6
4/10/26,Portland,Gonzaga,Home,28.80%,71.20%,Gonzaga -3.24,6.9,127,48,Gonzaga 12-6
4/10/26,Saint Mary's (CA),Santa Clara,Away,54.40%,45.60%,Saint Mary's (CA) -0.69,6.9,96,147,Saint Mary's (CA) 8-1
4/10/26,Abilene Christian,Tarleton St.,Away,38.20%,61.80%,Tarleton St. -1.97,6.9,151,58,Abilene Christian 11-4
4/10/26,Little Rock,SIUE,Away,46.30%,53.80%,SIUE -0.32,6.9,113,140,Little Rock 3-0
4/10/26,Fla. Atlantic,Memphis,Away,56.40%,43.60%,Fla. Atlantic -0.8,6.9,115,134,Fla. Atlantic 17-4
4/10/26,UCLA,Rutgers,Home,85.20%,14.80%,UCLA -6.2,6.8,1,124,UCLA 4-1
4/10/26,UNLV,Grand Canyon,Home,47.90%,52.10%,Grand Canyon -0.27,6.7,136,148,UNLV 13-8
4/10/26,DBU,Sam Houston,Away,66.10%,33.90%,DBU -2.41,6.7,71,146,DBU 6-4
4/10/26,Jacksonville,FGCU,Home,36.10%,63.90%,FGCU -1.78,6.6,132,118,Jacksonville 6-4
4/10/26,Indiana St.,Illinois St.,Home,43.10%,56.90%,Illinois St. -0.84,6.5,138,145,Indiana St. 11-1
4/10/26,San Jose St.,Nevada,Home,41.10%,58.90%,Nevada -0.93,6.5,142,135,Nevada 11-1
4/10/26,Charleston So.,USC Upstate,Away,38.50%,61.50%,USC Upstate -1.72,6.4,154,108,USC Upstate 9-1
4/10/26,ULM,App State,Home,33.70%,66.30%,App State -2.27,6.3,150,106,App State 13-5
4/10/26,Lamar University,Nicholls,Away,63.90%,36.10%,Lamar University -2.14,6.3,95,166,Nicholls 3-0
4/10/26,Toledo,Western Mich.,Away,51.00%,49.00%,Toledo -0.23,6.2,170,162,Toledo 3-2
4/10/26,UTRGV,SFA,Home,55.60%,44.40%,UTRGV -0.89,6.2,126,173,SFA 7-2
4/10/26,Saint Joseph's,Dayton,Home,45.00%,55.00%,Dayton -0.46,6.2,107,185,Saint Joseph's 5-3
4/10/26,Morehead St.,Southeast Mo. St.,Away,25.30%,74.70%,Southeast Mo. St. -3.56,6.1,158,75,Southeast Mo. St. 3-2
4/10/26,Richmond,George Mason,Home,50.20%,49.80%,Richmond -0.04,6.1,160,181,Richmond 4-2
4/10/26,Old Dominion,Marshall,Home,41.10%,58.90%,Marshall -0.78,6.1,125,174,Marshall 8-1
4/10/26,UT Arlington,California Baptist,Home,21.60%,78.50%,California Baptist -4.55,6,172,42,California Baptist 9-1
4/10/26,Middle Tenn.,Louisiana Tech,Home,29.70%,70.30%,Louisiana Tech -3.07,5.9,179,81,Louisiana Tech 8-1
4/10/26,Central Ark.,Lipscomb,Away,40.00%,60.00%,Lipscomb -1.4,5.9,161,165,Central Ark. 12-6
4/10/26,Murray St.,UIC,Away,49.10%,50.90%,UIC -0.13,5.9,159,190,UIC 3-1
4/10/26,Houston Christian,Northwestern St.,Away,40.10%,59.90%,Northwestern St. -1.1,5.9,169,157,Houston Christian 5-2
4/10/26,San Diego,San Francisco,Away,47.60%,52.40%,San Francisco -0.38,5.9,177,175,San Diego 9-2
4/10/26,South Alabama,Ga. Southern,Home,64.10%,35.90%,South Alabama -2.26,5.9,66,203,Ga. Southern 5-3
4/10/26,Kennesaw St.,FIU,Home,59.70%,40.30%,Kennesaw St. -1.52,5.8,88,211,FIU 3-2
4/10/26,Oral Roberts,Omaha,Home,63.00%,37.00%,Oral Roberts -1.89,5.8,116,189,Oral Roberts 9-0
4/10/26,Penn St.,Ohio St.,Home,28.30%,71.70%,Ohio St. -3.24,5.7,192,78,Penn St. 10-6
4/10/26,James Madison,Georgia St.,Home,37.30%,62.70%,Georgia St. -1.89,5.7,182,143,Georgia St. 10-5
4/10/26,Cal St. Fullerton,Long Beach St.,Away,58.60%,41.40%,Cal St. Fullerton -1.28,5.6,119,210,Cal St. Fullerton 10-0
4/10/26,VMI,Samford,Home,26.70%,73.30%,Samford -3.74,5.5,196,89,Samford 10-4
4/10/26,CSU Bakersfield,UC Davis,Away,29.70%,70.30%,UC Davis -2.96,5.5,191,111,CSU Bakersfield 8-2
4/10/26,CSU Bakersfield,UC Davis,Away,29.70%,70.30%,UC Davis -2.96,5.5,191,111,UC Davis 5-3
4/10/26,Radford,High Point,Home,21.40%,78.60%,High Point -4.41,5.5,187,77,Radford 7-6
4/10/26,New Orleans,Illinois,Home,23.40%,76.60%,Illinois -3.73,5.4,188,94,Illinois 13-1
4/10/26,Pacific,Pepperdine,Away,45.50%,54.50%,Pepperdine -0.54,5.4,193,198,Pacific 8-7
4/10/26,A&M-Corpus Christi,Southeastern La.,Away,23.50%,76.50%,Southeastern La. -4.1,5.3,199,86,A&M-Corpus Christi 7-5
4/10/26,VCU,Fordham,Home,58.60%,41.40%,VCU -1.61,5.3,117,235,VCU 5-3
4/10/26,Gardner-Webb,Washington St.,Away,23.50%,76.50%,Washington St. -4.08,5.3,205,79,Washington St. 7-4
4/10/26,North Ala.,Austin Peay,Home,41.20%,58.80%,Austin Peay -0.82,5.3,176,201,North Ala. 9-3
4/10/26,Stony Brook,Hofstra,Home,42.90%,57.10%,Hofstra -0.97,5.3,207,178,Hofstra 11-5
4/10/26,Missouri St.,Delaware,Home,77.00%,23.10%,Missouri St. -4.24,5.3,35,229,Missouri St. 14-1
4/10/26,Southern Ind.,Eastern Ill.,Home,33.80%,66.20%,Eastern Ill. -2.37,5.3,204,133,Eastern Ill. 13-3
4/10/26,UNC Greensboro,Northern Ky.,Home,54.10%,45.90%,UNC Greensboro -0.89,5.2,168,227,Northern Ky. 14-8
4/10/26,Rider,Fairfield,Home,44.90%,55.10%,Fairfield -0.61,5.2,184,213,Fairfield 10-3
4/10/26,Southern Ill.,Evansville,Home,52.10%,47.90%,Southern Ill. -0.45,5.1,218,200,Evansville 6-5
4/10/26,New Mexico St.,Western Ky.,Away,17.40%,82.60%,Western Ky. -5.23,5.1,186,110,Western Ky. 7-3
4/10/26,Georgetown,St. John's (NY),Away,23.60%,76.40%,St. John's (NY) -4.24,5,219,92,St. John's (NY) 12-6
4/10/26,UIW,McNeese,Home,26.30%,73.70%,McNeese -3.64,5,202,139,UIW 6-2
4/10/26,ETSU,Belmont,Home,67.30%,32.70%,ETSU -2.61,4.9,123,233,ETSU 6-3
4/10/26,UMBC,Binghamton,Home,34.00%,66.00%,Binghamton -2.34,4.8,221,163,Binghamton 6-5
4/10/26,UConn,Butler,Home,75.60%,24.40%,UConn -3.96,4.7,100,236,Butler 5-4
4/10/26,CSUN,UC Riverside,Away,63.90%,36.10%,CSUN -2.07,4.7,144,246,UC Riverside 3-1
4/10/26,Towson,Monmouth,Home,35.30%,64.70%,Monmouth -2.16,4.5,245,167,Monmouth 8-2
4/10/26,Villanova,Xavier,Away,18.60%,81.40%,Xavier -5.09,4.5,241,91,Xavier 8-4
4/10/26,William & Mary,Elon,Home,37.00%,63.00%,Elon -1.72,4.4,222,228,William & Mary 9-6
4/10/26,Fresno St.,Air Force,Home,25.90%,74.10%,Air Force -3.78,4.4,248,121,Air Force 8-5
4/10/26,Holy Cross,Bucknell,Home,47.20%,52.80%,Bucknell -0.37,4.4,249,223,Holy Cross 14-5
4/10/26,Central Mich.,Bowling Green,Home,40.40%,59.60%,Bowling Green -1.01,4.4,224,234,Bowling Green 5-4
4/10/26,North Florida,West Ga.,Away,65.00%,35.00%,North Florida -2.45,4.3,149,268,North Florida 7-3
4/10/26,South Dakota St.,St. Thomas (MN),Away,53.40%,46.60%,South Dakota St. -0.66,4.3,209,267,St. Thomas (MN) 4-1
4/10/26,South Dakota St.,St. Thomas (MN),Away,53.40%,46.60%,South Dakota St. -0.66,4.3,209,267,South Dakota St. 7-2
4/10/26,North Dakota St.,Northern Colo.,Away,49.50%,50.50%,Northern Colo. -0.09,4.3,244,256,North Dakota St. 4-3
4/10/26,Quinnipiac,Marist,Home,50.70%,49.30%,Marist -0.06,4.3,252,242,Marist 7-5
4/10/26,Utah Valley,Sacramento St.,Home,21.40%,78.60%,Sacramento St. -4.63,4.3,243,120,Utah Valley 11-1
4/10/26,Utah Valley,Sacramento St.,Home,21.40%,78.60%,Sacramento St. -4.63,4.3,243,120,Sacramento St. 7-2
4/10/26,Tennessee Tech,UT Martin,Away,42.60%,57.40%,UT Martin -1.09,4.2,251,231,UT Martin 11-6
4/10/26,Seton Hall,Creighton,Home,16.90%,83.00%,Creighton -5.52,4.1,263,97,Creighton 5-0
4/10/26,UNC Asheville,Longwood,Home,26.40%,73.60%,Longwood -3.53,4,259,156,Longwood 8-4
4/10/26,Winthrop,Presbyterian,Home,74.90%,25.10%,Winthrop -3.84,3.9,129,278,Winthrop 4-2
4/10/26,Queens (NC),Stetson,Away,28.30%,71.70%,Stetson -3.21,3.9,255,183,Queens (NC) 2-0
4/10/26,Southern U.,Grambling,Home,56.40%,43.60%,Southern U. -1.07,3.9,232,273,Southern U. 7-5
4/10/26,LMU (CA),Seattle U,Away,37.30%,62.70%,Seattle U -1.95,3.9,254,237,Seattle U 5-4
4/10/26,Merrimack,Northeastern,Away,11.10%,88.90%,Northeastern -7.09,3.9,257,102,Northeastern 11-10
4/10/26,Milwaukee,Oakland,Away,66.80%,33.20%,Milwaukee -2.79,3.9,180,271,Milwaukee 12-4
4/10/26,Wright St.,Youngstown St.,Away,74.60%,25.40%,Wright St. -3.64,3.8,153,270,Wright St. 15-4
4/10/26,Bellarmine,Eastern Ky.,Away,42.90%,57.10%,Eastern Ky. -1.05,3.8,260,258,Bellarmine 10-5
4/10/26,Florida A&M,Jackson St.,Away,57.50%,42.50%,Florida A&M -1.33,3.7,225,283,Jackson St. 5-4
4/10/26,Massachusetts,Eastern Mich.,Home,39.30%,60.70%,Eastern Mich. -1.43,3.7,269,238,Massachusetts 4-2
4/10/26,Canisius,Niagara,Away,37.90%,62.10%,Niagara -1.72,3.7,274,230,Canisius 4-3
4/10/26,Saint Louis,George Washington,Home,47.30%,52.70%,George Washington -0.22,3.6,264,282,Saint Louis 3-0
4/10/26,Akron,Ball St.,Away,26.70%,73.30%,Ball St. -3.37,3.5,265,212,Ball St. 13-8
4/10/26,La Salle,Rhode Island,Away,23.70%,76.30%,Rhode Island -4.02,3.4,261,214,Rhode Island 7-6
4/10/26,Ohio,Miami (OH),Home,8.70%,91.30%,Miami (OH) -8.07,3.4,294,76,Ohio 7-6
4/10/26,N.C. A&T,Col. of Charleston,Home,15.50%,84.50%,Col. of Charleston -5.77,3.4,272,152,Col. of Charleston 6-5
4/10/26,Western Ill.,Lindenwood,Home,28.10%,71.90%,Lindenwood -3.26,3.4,281,195,Lindenwood 5-2
4/10/26,Army West Point,Lehigh,Away,68.80%,31.10%,Army West Point -2.87,3.3,197,296,Army West Point 20-5
4/10/26,NJIT,UMass Lowell,Away,37.70%,62.30%,UMass Lowell -1.69,3.2,293,253,UMass Lowell 11-2
4/10/26,Siena,Manhattan,Home,43.30%,56.80%,Manhattan -0.87,3.2,279,291,Siena 5-3
4/10/26,Stonehill,FDU,Home,34.10%,65.90%,FDU -2.36,3.2,286,240,FDU 14-9
4/10/26,Sacred Heart,Iona,Home,42.90%,57.10%,Iona -0.86,3.2,284,290,Iona 7-6
4/10/26,UMES,Delaware St.,Home,47.80%,52.20%,Delaware St. -0.37,2.9,307,306,Delaware St. 5-4
4/10/26,St. Bonaventure,Davidson,Home,24.60%,75.40%,Davidson -3.84,2.9,292,220,Davidson 6-5
4/10/26,LIU,New Haven,Away,71.60%,28.40%,LIU -3.5,2.8,239,302,LIU 2-1
4/10/26,Bradley,Valparaiso,Away,31.20%,68.80%,Valparaiso -2.48,2.8,289,276,Valparaiso 9-2
4/10/26,UAlbany,Bryant,Home,17.10%,82.90%,Bryant -5.25,2.7,288,217,Bryant 15-5
4/10/26,Lafayette,Navy,Away,19.70%,80.30%,Navy -4.81,2.7,295,215,Navy 9-1
4/10/26,Bethune-Cookman,Mississippi Val.,Away,91.00%,9.00%,Bethune-Cookman -7.91,2.6,171,301,Mississippi Val. 8-6
4/10/26,Central Conn. St.,Coppin St.,Away,67.50%,32.50%,Central Conn. St. -2.54,2.5,297,303,Central Conn. St. 17-4
4/10/26,Norfolk St.,Wagner,Away,20.80%,79.30%,Wagner -4.55,2.5,298,247,Wagner 15-2
4/10/26,Alabama St.,Alabama A&M,Home,90.80%,9.20%,Alabama St. -7.93,2.4,194,304,Alabama St. 10-0
4/10/26,Saint Peter's,Mount St. Mary's,Home,9.10%,90.90%,Mount St. Mary's -7.8,1.6,308,280,Mount St. Mary's 15-3
4/9/26,Oklahoma,Vanderbilt,Away,49.70%,50.30%,Oklahoma -0.27,9.3,13,38,Vanderbilt 10-5
4/9/26,Florida St.,Georgia Tech,Away,26.70%,73.30%,Georgia Tech -3.56,8.8,19,4,Georgia Tech 4-3
4/9/26,BYU,Houston,Away,42.70%,57.30%,Houston -0.85,7.9,62,90,BYU 3-2
4/9/26,South Carolina,Missouri,Home,45.20%,54.80%,Missouri -0.74,7.6,104,87,South Carolina 5-1
4/9/26,Abilene Christian,Tarleton St.,Away,38.20%,61.80%,Tarleton St. -1.97,6.9,151,58,Tarleton St. 10-5
4/9/26,CSU Bakersfield,UC Davis,Away,29.70%,70.30%,UC Davis -2.96,5.5,191,111,UC Davis 5-0
4/9/26,Gardner-Webb,Washington St.,Away,23.50%,76.50%,Washington St. -4.08,5.3,205,79,Washington St. 3-2
4/9/26,CSUN,UC Riverside,Away,63.90%,36.10%,CSUN -2.07,4.7,144,246,CSUN 9-6
4/8/26,Louisiana,Southeastern La.,Away,49.90%,50.10%,Louisiana -0.21,8.4,39,86,Southeastern La. 7-6
4/8/26,Cincinnati,Miami (OH),Neutral,66.50%,33.50%,Cincinnati -2.36,8.1,24,76,Cincinnati 8-7
4/8/26,The Citadel,Winthrop,Away,53.00%,47.00%,The Citadel -0.87,7.4,69,129,The Citadel 10-8
4/8/26,Michigan St.,Notre Dame,Away,27.50%,72.50%,Notre Dame -3.34,7.1,109,47,Michigan St. 7-4
4/8/26,Oregon,Portland,Away,79.00%,21.00%,Oregon -4.81,6.8,20,127,Portland 13-9
4/8/26,UNLV,Arizona St.,Home,19.50%,80.50%,Arizona St. -4.95,6.6,136,23,UNLV 7-5
4/8/26,SIUE,Indiana St.,Home,41.40%,58.60%,Indiana St. -0.81,6.5,140,138,SIUE 17-9
4/8/26,Northwestern,UIC,Away,47.10%,52.90%,UIC -0.41,6,141,190,Northwestern 15-4
4/8/26,SFA,Texas St.,Away,23.00%,77.00%,Texas St. -4.18,5.9,173,59,Texas St. 10-0
4/8/26,Marshall,West Virginia,Away,13.20%,86.80%,West Virginia -6.64,5.9,174,6,West Virginia 12-2
4/8/26,Rider,Saint Joseph's,Away,35.50%,64.50%,Saint Joseph's -1.94,5.9,184,107,Saint Joseph's 11-10
4/8/26,South Alabama,Alabama St.,Home,70.10%,29.90%,South Alabama -2.96,5.8,66,194,Alabama St. 7-5
4/8/26,Maryland,Navy,Away,64.90%,35.10%,Maryland -2.17,5.5,101,215,Maryland 15-2
4/8/26,Lindenwood,Evansville,Home,49.40%,50.60%,Lindenwood -0.1,5.5,195,200,Evansville 9-2
4/8/26,Dayton,Toledo,Away,37.00%,63.00%,Toledo -1.74,5.4,185,170,Dayton 9-5
4/8/26,CSU Bakersfield,Saint Mary's (CA),Away,21.90%,78.10%,Saint Mary's (CA) -4.34,5.3,191,96,Saint Mary's (CA) 14-4
4/8/26,New Mexico St.,Arizona,Home,20.30%,79.70%,Arizona -4.63,5.1,186,130,Arizona 13-3
4/8/26,South Dakota St.,Minnesota,Home,16.80%,83.20%,Minnesota -5.44,5,209,72,Minnesota 16-7
4/8/26,Monmouth,Princeton,Away,52.60%,47.40%,Monmouth -0.71,4.9,167,250,Monmouth 10-8
4/8/26,Florida A&M,Troy,Away,12.00%,88.00%,Troy -6.83,4.7,225,57,Troy 12-2
4/8/26,Fordham,Columbia,Home,47.40%,52.60%,Columbia -0.53,4.6,235,226,Columbia 11-5
4/8/26,North Dakota St.,Creighton,Home,19.50%,80.50%,Creighton -4.99,4.4,244,97,Creighton 16-4
4/8/26,Towson,George Mason,Home,27.30%,72.70%,George Mason -3.4,4.1,245,181,Towson 5-4
4/8/26,Southern U.,Northwestern St.,Home,18.80%,81.20%,Northwestern St. -4.56,4.1,232,157,Northwestern St. 9-3
4/8/26,Youngstown St.,Pittsburgh,Home,8.50%,91.50%,Pittsburgh -8.16,4.1,270,36,Pittsburgh 12-2
4/8/26,Dartmouth,Boston College,Home,11.80%,88.20%,Boston College -6.94,4.1,277,37,Boston College 13-3
4/8/26,Akron,Kent St.,Away,10.70%,89.30%,Kent St. -7.3,4.1,265,61,Kent St. 12-7
4/8/26,Northeastern,Harvard,Home,83.20%,16.80%,Northeastern -5.64,4,102,262,Northeastern 4-1
4/8/26,Northern Colo.,Air Force,Home,18.20%,81.80%,Air Force -5.15,4,256,121,Air Force 10-4
4/8/26,Quinnipiac,Rhode Island,Away,32.90%,67.10%,Rhode Island -2.54,3.9,252,214,Rhode Island 9-2
4/8/26,Merrimack,Brown,Home,34.40%,65.60%,Brown -2.16,3.9,257,208,Brown 10-0
4/8/26,FDU,Iona,Away,49.80%,50.20%,FDU -0.21,3.8,240,290,Iona 3-1
4/8/26,Mount St. Mary's,Bucknell,Home,39.90%,60.10%,Bucknell -1.5,3.7,280,223,Mount St. Mary's 14-2
4/8/26,Canisius,St. Bonaventure,Away,47.40%,52.60%,St. Bonaventure -0.09,3.4,274,292,St. Bonaventure 11-2
4/8/26,LIU,UAlbany,Away,61.00%,39.00%,LIU -1.83,3.4,239,288,UAlbany 6-5
4/8/26,Siena,Binghamton,Home,19.20%,80.80%,Binghamton -4.97,3.4,279,163,Binghamton 11-1
4/8/26,Niagara,Mercyhurst,Home,64.40%,35.60%,Niagara -2.35,3.2,230,299,Mercyhurst 12-5
4/8/26,Lafayette,Penn,Away,19.30%,80.70%,Penn -4.87,2.8,295,206,Penn 13-3
4/8/26,Stonehill,Holy Cross,Home,25.30%,74.70%,Holy Cross -3.71,2.8,286,249,Holy Cross 6-5
4/8/26,A&M-Corpus Christi,Prairie View,Away,86.20%,13.80%,A&M-Corpus Christi -6.26,2.6,199,300,A&M-Corpus Christi 13-4
4/8/26,New Haven,Yale,Away,9.00%,91.00%,Yale -7.95,2.6,302,164,Yale 20-0
4/8/26,La Salle,Saint Peter's,Away,84.80%,15.20%,La Salle -5.98,2,261,308,La Salle 19-3
4/8/26,Villanova,Delaware St.,Home,92.30%,7.70%,Villanova -8.39,1.9,241,306,Villanova 20-10
4/7/26,Kansas,Nebraska,Away,50.60%,49.40%,Kansas -0.28,9.7,12,16,Kansas 5-3
4/7/26,Florida,Florida St.,Away,50.50%,49.50%,Florida -0.18,9.6,14,19,Florida 4-3
4/7/26,Southern California,UC Santa Barbara,Away,58.30%,41.70%,Southern California -1.31,9.1,15,32,UC Santa Barbara 5-1
4/7/26,Liberty,Virginia Tech,Away,51.40%,48.60%,Liberty -0.26,9,31,49,Liberty 11-4
4/7/26,Coastal Carolina,Wake Forest,Neutral,40.40%,59.60%,Wake Forest -1.5,8.9,40,25,Coastal Carolina 2-1
4/7/26,Jacksonville St.,Auburn,Home,32.70%,67.30%,Auburn -2.42,8.9,22,8,Jacksonville St. 15-4
4/7/26,Louisville,Kentucky,Home,39.30%,60.70%,Kentucky -1.47,8.4,67,28,Kentucky 4-2
4/7/26,UTSA,Tarleton St.,Home,60.40%,39.60%,UTSA -1.33,8.4,46,58,UTSA 6-2
4/7/26,Missouri St.,Missouri,Home,54.70%,45.30%,Missouri St. -0.78,8.3,35,87,Missouri 5-2
4/7/26,Texas A&M,Texas St.,Away,70.50%,29.50%,Texas A&M -3.11,8.3,7,59,Texas St. 9-8
4/7/26,Utah,Utah Tech,Away,48.30%,51.70%,Utah Tech -0.11,7.8,70,105,Utah 0-0
4/7/26,Oregon St.,Washington St.,Away,72.70%,27.30%,Oregon St. -3.53,7.8,18,79,Washington St. 7-6
4/7/26,Gonzaga,Washington,Away,48.10%,51.90%,Washington -0.02,7.7,48,128,Gonzaga 8-5
4/7/26,Duke,East Carolina,Away,30.10%,69.90%,East Carolina -2.92,7.7,82,43,East Carolina 8-6
4/7/26,UAB,Mississippi St.,Home,16.20%,83.80%,Mississippi St. -5.7,7.6,68,10,Mississippi St. 5-3
4/7/26,Kansas St.,Wichita St.,Away,61.60%,38.40%,Kansas St. -1.69,7.5,44,114,Kansas St. 10-6
4/7/26,Samford,Alabama,Home,19.70%,80.30%,Alabama -4.84,7.4,89,9,Alabama 16-2
4/7/26,USC Upstate,Western Caro.,Away,39.10%,60.90%,Western Caro. -1.42,7.3,108,84,USC Upstate 18-11
4/7/26,Texas Tech,New Mexico,Home,49.20%,50.80%,Texas Tech -0.17,7.1,80,155,Texas Tech 10-5
4/7/26,Charlotte,North Carolina,Away,14.30%,85.70%,North Carolina -6.25,7.1,98,5,North Carolina 8-4
4/7/26,FGCU,South Fla.,Away,34.50%,65.50%,South Fla. -2.07,7.1,118,74,FGCU 0-0
4/7/26,Kennesaw St.,Georgia Tech,Home,9.30%,90.70%,Georgia Tech -7.81,7.1,88,4,Georgia Tech 11-4
4/7/26,UCLA,Cal St. Fullerton,Home,81.70%,18.30%,UCLA -5.42,7,1,119,UCLA 7-3
4/7/26,Oral Roberts,Oklahoma St.,Home,23.60%,76.40%,Oklahoma St. -4.22,7,116,27,Oral Roberts 10-9
4/7/26,TCU,Abilene Christian,Home,66.20%,33.80%,TCU -2.68,6.9,30,151,Abilene Christian 4-1
4/7/26,UNCW,NC State,Home,29.40%,70.60%,NC State -3.12,6.9,131,51,NC State 7-4
4/7/26,UC Davis,Nevada,Home,44.90%,55.10%,Nevada -0.37,6.9,111,135,UC Davis 11-9
4/7/26,Little Rock,Arkansas,Home,15.60%,84.40%,Arkansas -5.73,6.9,113,17,Arkansas 7-0
4/7/26,Louisiana Tech,Northwestern St.,Away,53.80%,46.30%,Louisiana Tech -0.86,6.9,81,157,Louisiana Tech 7-0
4/7/26,Wofford,Georgia St.,Home,53.40%,46.60%,Wofford -0.43,6.8,122,143,Wofford 7-4
4/7/26,Houston,Sam Houston,Away,59.60%,40.40%,Houston -1.4,6.8,90,146,Houston 5-4
4/7/26,Wright St.,Xavier,Neutral,43.80%,56.20%,Xavier -1.2,6.8,153,91,Xavier 4-2
4/7/26,VCU,Longwood,Home,52.90%,47.10%,VCU -0.62,6.7,117,156,VCU 6-4
4/7/26,Arizona St.,Grand Canyon,Away,74.70%,25.30%,Arizona St. -3.89,6.7,23,148,Arizona St. 12-8
4/7/26,Eastern Ill.,NIU,Away,35.40%,64.60%,NIU -1.9,6.7,133,99,Eastern Ill. 11-9
4/7/26,Tulane,Lamar University,Home,34.00%,66.00%,Lamar University -2.33,6.6,137,95,Lamar University 9-5
4/7/26,Charleston So.,The Citadel,Away,33.10%,66.90%,The Citadel -2.62,6.5,154,69,The Citadel 14-6
4/7/26,San Jose St.,Cal Poly,Home,24.70%,75.30%,Cal Poly -3.9,6.5,142,52,Cal Poly 11-4
4/7/26,Indiana St.,Illinois,Home,32.80%,67.20%,Illinois -2.46,6.5,138,94,Illinois 7-3
4/7/26,Col. of Charleston,South Carolina,Away,37.90%,62.10%,South Carolina -1.45,6.5,152,104,Col. of Charleston 6-4
4/7/26,Memphis,Arkansas St.,Home,26.90%,73.10%,Arkansas St. -3.11,6.5,134,83,Arkansas St. 12-2
4/7/26,Baylor,UT Arlington,Away,66.80%,33.20%,Baylor -2.64,6.3,60,172,Baylor 5-2
4/7/26,Southeast Mo. St.,Southern Ill.,Away,56.20%,43.80%,Southeast Mo. St. -1.1,6,75,218,Southeast Mo. St. 6-5
4/7/26,Iowa,Milwaukee,Away,70.70%,29.30%,Iowa -3.07,6,63,180,Iowa 0-0
4/7/26,UNC Greensboro,Campbell,Home,20.70%,79.30%,Campbell -4.65,6,168,53,UNC Greensboro 11-4
4/7/26,San Diego,UC Irvine,Away,30.80%,69.20%,UC Irvine -2.82,5.9,177,93,UC Irvine 13-5
4/7/26,Stetson,UCF,Away,19.50%,80.50%,UCF -4.88,5.9,183,33,Stetson 0-0
4/7/26,Lipscomb,Middle Tenn.,Away,42.80%,57.20%,Middle Tenn. -0.74,5.8,165,179,Middle Tenn. 5-3
4/7/26,Bethune-Cookman,LSU,Away,13.60%,86.40%,LSU -6.2,5.7,171,45,Bethune-Cookman 10-7
4/7/26,ETSU,Radford,Away,65.40%,34.60%,ETSU -2.17,5.7,123,187,Radford 4-3
4/7/26,James Madison,Virginia,Away,13.70%,86.30%,Virginia -6.28,5.6,182,34,James Madison 8-7
4/7/26,New Orleans,Southern Miss.,Away,12.20%,87.80%,Southern Miss. -6.63,5.6,188,21,Southern Miss. 3-2
4/7/26,UConn,Bryant,Home,62.10%,37.90%,UConn -1.93,5.5,100,217,UConn 6-2
4/7/26,A&M-Corpus Christi,Rice,Away,22.40%,77.60%,Rice -4.3,5.5,199,65,Rice 18-4
4/7/26,UIW,Texas,Home,5.40%,94.50%,Texas -9.74,5.3,202,3,Texas 16-4
4/7/26,Pepperdine,CSUN,Home,35.00%,65.00%,CSUN -2.04,5.3,198,144,CSUN 4-2
4/7/26,BYU,Utah Valley,Away,70.10%,29.90%,BYU -3.24,5.2,62,243,BYU 10-5
4/7/26,FIU,Miami (FL),Away,12.10%,87.90%,Miami (FL) -6.8,5.2,211,29,Miami (FL) 9-7
4/7/26,Maryland,UMBC,Away,68.80%,31.10%,Maryland -2.81,5.2,101,221,Maryland 11-0
4/7/26,Old Dominion,William & Mary,Away,62.90%,37.10%,Old Dominion -2.15,5.2,125,222,Old Dominion 15-3
4/7/26,Ball St.,Indiana,Away,26.70%,73.30%,Indiana -3.55,5.1,212,103,Indiana 6-4
4/7/26,Army West Point,Fairfield,Away,43.30%,56.80%,Fairfield -0.98,5,197,213,Army West Point 0-0
4/7/26,Elon,Gardner-Webb,Away,48.20%,51.80%,Gardner-Webb -0.27,4.9,228,205,Gardner-Webb 14-11
4/7/26,Central Mich.,Michigan,Away,15.30%,84.70%,Michigan -5.88,4.9,224,50,Michigan 6-4
4/7/26,Bowling Green,Ohio St.,Away,20.00%,80.00%,Ohio St. -4.96,4.8,234,78,Bowling Green 9-3
4/7/26,Southern Ind.,Butler,Home,52.30%,47.70%,Southern Ind. -0.41,4.8,204,236,Butler 14-12
4/7/26,Northern Ky.,Tennessee,Away,8.70%,91.30%,Tennessee -8.11,4.8,227,26,Tennessee 12-6
4/7/26,UC Riverside,San Diego St.,Home,17.50%,82.50%,San Diego St. -5.36,4.5,246,73,San Diego St. 1-0
4/7/26,UT Martin,North Ala.,Home,32.40%,67.60%,North Ala. -2.5,4.5,231,176,UT Martin 6-5
4/7/26,Davidson,Queens (NC),Away,49.50%,50.50%,Davidson -0.09,4.5,220,255,Davidson 8-3
4/7/26,App State,UNC Asheville,Away,75.20%,24.80%,App State -3.88,4.4,106,259,App State 18-5
4/7/26,Belmont,Western Ky.,Away,18.20%,81.80%,Western Ky. -5.1,4.4,233,110,Western Ky. 9-8
4/7/26,Rutgers,Seton Hall,Away,68.40%,31.60%,Rutgers -2.85,4.4,124,263,Rutgers 12-7
4/7/26,West Ga.,Mercer,Home,12.30%,87.70%,Mercer -6.91,4.3,268,41,Mercer 12-1
4/7/26,Austin Peay,Tennessee Tech,Away,59.00%,41.00%,Austin Peay -1.2,4.3,201,251,Tennessee Tech 7-5
4/7/26,Massachusetts,Boston College,Home,13.30%,86.70%,Boston College -6.53,4.3,269,37,Boston College 11-1
4/7/26,Fresno St.,Sacramento St.,Away,22.30%,77.70%,Sacramento St. -4.51,4.3,248,120,Fresno St. 2-1
4/7/26,Eastern Ky.,Vanderbilt,Away,6.30%,93.80%,Vanderbilt -9.14,4.2,258,38,Vanderbilt 3-0
4/7/26,Murray St.,Bellarmine,Home,71.10%,28.90%,Murray St. -3.25,4.1,159,260,Murray St. 8-7
4/7/26,Presbyterian,Georgia,Home,2.30%,97.70%,Georgia -12.64,4,278,2,Georgia 28-3
4/7/26,Saint Louis,Illinois St.,Home,22.90%,77.10%,Illinois St. -4.06,3.9,264,145,Illinois St. 5-4
4/7/26,N.C. A&T,High Point,Neutral,13.10%,86.90%,High Point -6.48,3.9,272,77,High Point 3-2
4/7/26,Ark.-Pine Bluff,Central Ark.,Away,23.50%,76.50%,Central Ark. -3.96,3.8,266,161,Central Ark. 9-6
4/7/26,FDU,Penn St.,Away,20.30%,79.70%,Penn St. -4.42,3.8,240,192,Penn St. 11-5
4/7/26,Rider,NJIT,Home,61.60%,38.40%,Rider -1.99,3.8,184,293,NJIT 11-1
4/7/26,Valparaiso,Western Mich.,Away,25.00%,75.00%,Western Mich. -3.96,3.7,276,162,Western Mich. 5-4
4/7/26,Bradley,Purdue,Away,6.80%,93.20%,Purdue -8.93,3.6,289,54,Purdue 13-6
4/7/26,Toledo,Oakland,Home,77.00%,23.00%,Toledo -4.4,3.6,170,271,Oakland 4-2
4/7/26,George Washington,VMI,Away,29.60%,70.40%,VMI -2.91,3.5,282,196,VMI 10-7
4/7/26,Alcorn,Ole Miss,Away,0.30%,99.70%,Ole Miss -18.72,3.5,305,11,Ole Miss 11-1
4/7/26,McNeese,Grambling,Home,84.20%,15.80%,McNeese -5.72,3.5,139,273,McNeese 4-1
4/7/26,Siena,Le Moyne,Home,42.00%,58.00%,Le Moyne -1.1,3.4,279,275,Siena 0-0
4/7/26,Ohio,Morehead St.,Home,20.80%,79.20%,Morehead St. -4.79,3.3,294,158,Morehead St. 10-2
4/7/26,Stony Brook,Sacred Heart,Home,71.30%,28.70%,Stony Brook -3.17,3.3,207,284,Sacred Heart 11-5
4/7/26,Delaware,Lehigh,Away,66.00%,34.00%,Delaware -2.43,3.2,229,296,Lehigh 8-3
4/7/26,St. John's (NY),Central Conn. St.,Home,92.00%,8.00%,St. John's (NY) -8.38,3.2,92,297,St. John's (NY) 9-1
4/7/26,Manhattan,Fordham,Home,21.60%,78.50%,Fordham -4.22,2.7,291,235,Manhattan 12-8
4/7/26,Mississippi Val.,ULM,Away,4.10%,95.90%,ULM -10.49,2.6,301,150,ULM 9-4
4/7/26,Towson,Coppin St.,Home,90.10%,9.90%,Towson -7.45,2,245,303,Towson 14-7
4/7/26,UMES,Georgetown,Home,4.20%,95.80%,Georgetown -10.44,1.9,307,219,Georgetown 13-9
4/6/26,Oklahoma,DBU,Home,62.70%,37.30%,Oklahoma -2.07,8.4,13,71,Oklahoma 9-3
4/6/26,Oregon St.,Washington St.,Away,72.70%,27.30%,Oregon St. -3.53,7.8,18,79,Oregon St. 18-0
4/6/26,Gonzaga,Washington,Away,48.10%,51.90%,Washington -0.02,7.7,48,128,Gonzaga 9-2
4/6/26,Saint Mary's (CA),UC Davis,Away,53.90%,46.10%,Saint Mary's (CA) -0.59,7.5,96,111,UC Davis 4-1
4/6/26,Clemson,Santa Clara,Away,65.30%,34.70%,Clemson -2.3,6.8,55,147,Clemson 6-4
4/6/26,Nevada,Sacramento St.,Away,36.40%,63.60%,Sacramento St. -2.15,6.5,135,120,Sacramento St. 11-2
4/6/26,California,San Francisco,Away,67.50%,32.50%,California -2.72,6.3,56,175,California 8-0
4/6/26,Houston Christian,UTRGV,Away,35.70%,64.30%,UTRGV -1.96,5.9,169,126,Houston Christian 0-0
4/6/26,California Baptist,Long Beach St.,Away,69.00%,31.00%,California Baptist -3.02,5.8,42,210,California Baptist 10-5
4/6/26,Pacific,CSU Bakersfield,Home,46.30%,53.80%,CSU Bakersfield -0.49,5.5,193,191,CSU Bakersfield 8-1
4/6/26,Michigan,Eastern Mich.,Home,76.30%,23.70%,Michigan -4.25,5.1,50,238,Michigan 15-4
4/6/26,Army West Point,Holy Cross,Away,52.20%,47.80%,Army West Point -0.37,4.7,197,249,Holy Cross 10-2
4/6/26,Bellarmine,Southern Ind.,Away,31.20%,68.80%,Southern Ind. -2.8,3.8,260,204,Southern Ind. 9-8
4/6/26,Bucknell,Lafayette,Away,60.40%,39.60%,Bucknell -1.7,3.5,223,295,Bucknell 13-7
4/5/26,TCU,Kansas St.,Home,48.30%,51.70%,TCU -0.04,9.1,30,44,TCU 4-0
4/5/26,Cincinnati,Oklahoma St.,Away,41.30%,58.70%,Oklahoma St. -1.22,9.1,24,27,Oklahoma St. 10-4
4/5/26,Southern California,UCLA,Away,30.40%,69.60%,UCLA -2.88,9,15,1,UCLA 10-4
4/5/26,Wake Forest,Pittsburgh,Home,56.40%,43.60%,Wake Forest -0.98,9,25,36,Pittsburgh 4-3
4/5/26,UCF,West Virginia,Away,26.70%,73.30%,West Virginia -3.61,8.6,33,6,UCF 5-1
4/5/26,LSU,Tennessee,Away,37.00%,63.00%,Tennessee -1.85,8.6,45,26,LSU 16-6
4/5/26,Clemson,Stanford,Away,55.60%,44.40%,Clemson -0.68,8.4,55,64,Clemson 12-5
4/5/26,Virginia Tech,Miami (FL),Home,32.50%,67.50%,Miami (FL) -2.42,8.4,49,29,Virginia Tech 6-3
4/5/26,Minnesota,Iowa,Home,45.70%,54.30%,Iowa -0.7,8.3,72,63,Iowa 5-4
4/5/26,Illinois,Purdue,Away,38.30%,61.70%,Purdue -1.7,7.7,94,54,Purdue 10-5
4/5/26,Missouri,Kentucky,Home,26.10%,73.90%,Kentucky -3.59,7.6,87,28,Missouri 5-2
4/5/26,Maryland,Ohio St.,Away,39.80%,60.30%,Ohio St. -1.46,7.5,101,78,Ohio St. 7-0
4/5/26,Michigan St.,Northwestern,Away,51.30%,48.70%,Michigan St. -0.42,7,109,141,Northwestern 8-6
4/5/26,Rutgers,Indiana,Home,37.50%,62.50%,Indiana -1.67,6.9,124,103,Indiana 8-2
4/5/26,Sam Houston,Missouri St.,Home,24.80%,75.20%,Missouri St. -3.8,6.6,146,35,Missouri St. 12-0
4/5/26,Penn St.,Nebraska,Home,15.20%,84.80%,Nebraska -5.97,5.7,192,16,Nebraska 8-6
4/5/26,Illinois St.,Southern Ill.,Away,50.20%,49.80%,Illinois St. -0.02,5.6,145,218,Illinois St. 10-4
4/5/26,Fordham,Dayton,Home,37.30%,62.70%,Dayton -1.9,4.6,235,185,Fordham 5-4
4/5/26,Little Rock,Western Ill.,Away,68.80%,31.10%,Little Rock -3.12,4.2,113,281,Western Ill. 8-5
4/5/26,Binghamton,NJIT,Away,65.00%,35.00%,Binghamton -2.44,3.8,163,293,Binghamton 5-4
4/5/26,Lehigh,Navy,Away,21.60%,78.50%,Navy -4.39,2.8,296,215,Lehigh 11-6
4/4/26,Georgia,Mississippi St.,Away,54.30%,45.70%,Georgia -0.92,9.7,2,10,Georgia 8-5
4/4/26,Ole Miss,Florida,Home,43.60%,56.40%,Florida -0.73,9.5,11,14,Ole Miss 5-2
4/4/26,Florida St.,Virginia,Away,50.20%,49.80%,Florida St. -0.24,9.4,19,34,Florida St. 9-3
4/4/26,Alabama,Oklahoma,Away,41.00%,59.00%,Oklahoma -1.11,9.4,9,13,Alabama 3-2
4/4/26,Arkansas,Auburn,Away,38.20%,61.80%,Auburn -1.47,9.2,17,8,Auburn 8-3
4/4/26,TCU,Kansas St.,Home,48.30%,51.70%,TCU -0.04,9.1,30,44,TCU 9-3
4/4/26,Cincinnati,Oklahoma St.,Away,41.30%,58.70%,Oklahoma St. -1.22,9.1,24,27,Oklahoma St. 11-3
4/4/26,Southern California,UCLA,Away,30.40%,69.60%,UCLA -2.88,9,15,1,UCLA 9-8
4/4/26,Wake Forest,Pittsburgh,Home,56.40%,43.60%,Wake Forest -0.98,9,25,36,Wake Forest 22-8
4/4/26,UC Santa Barbara,Cal Poly,Home,44.60%,55.40%,Cal Poly -0.68,8.8,32,52,UC Santa Barbara 12-4
4/4/26,Notre Dame,NC State,Home,41.60%,58.40%,NC State -0.99,8.6,47,51,NC State 7-6
4/4/26,UCF,West Virginia,Away,26.70%,73.30%,West Virginia -3.61,8.6,33,6,West Virginia 11-10
4/4/26,LSU,Tennessee,Away,37.00%,63.00%,Tennessee -1.85,8.6,45,26,Tennessee 4-1
4/4/26,Oregon,Michigan,Home,64.60%,35.40%,Oregon -2.29,8.5,20,50,Michigan 4-3
4/4/26,Clemson,Stanford,Away,55.60%,44.40%,Clemson -0.68,8.4,55,64,Stanford 5-4
4/4/26,UTSA,Rice,Home,56.40%,43.60%,UTSA -0.9,8.4,46,65,UTSA 13-0
4/4/26,Virginia Tech,Miami (FL),Home,32.50%,67.50%,Miami (FL) -2.42,8.4,49,29,Miami (FL) 8-6
4/4/26,Minnesota,Iowa,Home,45.70%,54.30%,Iowa -0.7,8.3,72,63,Iowa 3-2
4/4/26,BYU,Baylor,Away,38.60%,61.40%,Baylor -1.49,8.2,62,60,Baylor 3-1
4/4/26,Georgia Tech,California,Home,77.70%,22.30%,Georgia Tech -4.48,8.1,4,56,Georgia Tech 9-3
4/4/26,Boston College,North Carolina,Away,17.40%,82.60%,North Carolina -5.46,8.1,37,5,North Carolina 8-7
4/4/26,Louisville,Duke,Home,55.30%,44.70%,Louisville -0.78,8.1,67,82,Louisville 9-4
4/4/26,South Alabama,Coastal Carolina,Home,30.60%,69.40%,Coastal Carolina -2.56,8,66,40,Coastal Carolina 8-7
4/4/26,Liberty,Western Ky.,Away,53.40%,46.60%,Liberty -0.8,8,31,110,Liberty 6-5
4/4/26,Houston,Texas Tech,Away,45.10%,54.90%,Texas Tech -0.63,7.9,90,80,Texas Tech 11-2
4/4/26,Oregon St.,Lamar University,Home,67.00%,33.00%,Oregon St. -2.59,7.8,18,95,Oregon St. 10-3
4/4/26,DBU,Kennesaw St.,Away,59.60%,40.40%,DBU -1.38,7.8,71,88,Kennesaw St. 5-4
4/4/26,Illinois,Purdue,Away,38.30%,61.70%,Purdue -1.7,7.7,94,54,Illinois 7-5
4/4/26,Utah,Kansas,Home,19.20%,80.80%,Kansas -5.05,7.7,70,12,Kansas 13-9
4/4/26,Arkansas St.,Troy,Away,33.00%,67.00%,Troy -2.7,7.7,83,57,Troy 6-4
4/4/26,UAB,Fla. Atlantic,Home,48.30%,51.70%,Fla. Atlantic -0.14,7.7,68,115,UAB 10-4
4/4/26,Hawaii,UC San Diego,Away,48.20%,51.80%,UC San Diego -0.31,7.6,112,85,UC San Diego 8-0
4/4/26,Missouri,Kentucky,Home,26.10%,73.90%,Kentucky -3.59,7.6,87,28,Kentucky 9-2
4/4/26,Creighton,UConn,Away,42.30%,57.70%,UConn -0.95,7.5,97,100,UConn 11-9
4/4/26,Maryland,Ohio St.,Away,39.80%,60.30%,Ohio St. -1.46,7.5,101,78,Ohio St. 14-12
4/4/26,Charlotte,East Carolina,Away,29.50%,70.50%,East Carolina -3.05,7.4,98,43,East Carolina 15-5
4/4/26,Western Caro.,Winthrop,Away,51.90%,48.10%,Western Caro. -0.6,7.4,84,129,Western Caro. 7-6
4/4/26,Sacramento St.,Utah Tech,Away,51.20%,48.80%,Sacramento St. -0.32,7.4,120,105,Sacramento St. 13-11
4/4/26,ETSU,Samford,Away,46.00%,54.00%,Samford -0.79,7.3,123,89,ETSU 6-4
4/4/26,Arizona St.,Arizona,Home,65.50%,34.50%,Arizona St. -2.38,7.3,23,130,Arizona St. 15-6
4/4/26,Air Force,San Diego St.,Away,38.90%,61.10%,San Diego St. -1.54,7.2,121,73,San Diego St. 12-9
4/4/26,Washington St.,San Jose St.,Home,48.30%,51.70%,San Jose St. -0.07,7.2,79,142,Washington St. 6-3
4/4/26,UC Davis,UC Irvine,Away,38.00%,62.00%,UC Irvine -1.59,7.2,111,93,UC Irvine 8-4
4/4/26,Texas,South Carolina,Home,80.60%,19.40%,Texas -5.19,7.2,3,104,Texas 4-1
4/4/26,California Baptist,Abilene Christian,Home,59.50%,40.50%,California Baptist -1.64,7.1,42,151,Abilene Christian 9-8
4/4/26,Southern Miss.,Old Dominion,Home,74.40%,25.60%,Southern Miss. -3.7,7,21,125,Southern Miss. 8-7
4/4/26,Michigan St.,Northwestern,Away,51.30%,48.70%,Michigan St. -0.42,7,109,141,Northwestern 10-9
4/4/26,High Point,Col. of Charleston,Home,54.90%,45.10%,High Point -0.76,7,77,152,Col. of Charleston 6-5
4/4/26,Rutgers,Indiana,Home,37.50%,62.50%,Indiana -1.67,6.9,124,103,Rutgers 9-6
4/4/26,Tarleton St.,UT Arlington,Away,59.00%,41.00%,Tarleton St. -1.67,6.7,58,172,UT Arlington 8-2
4/4/26,Tulane,Wichita St.,Away,41.50%,58.50%,Wichita St. -1.16,6.7,137,114,Tulane 8-1
4/4/26,Sam Houston,Missouri St.,Home,24.80%,75.20%,Missouri St. -3.8,6.6,146,35,Missouri St. 15-5
4/4/26,Mercer,UNC Greensboro,Away,69.30%,30.70%,Mercer -3.05,6.5,41,168,Mercer 15-4
4/4/26,New Mexico,UNLV,Away,44.30%,55.70%,UNLV -0.78,6.4,155,136,New Mexico 12-2
4/4/26,Memphis,South Fla.,Away,24.10%,75.90%,South Fla. -3.62,6.4,134,74,South Fla. 5-0
4/4/26,Longwood,The Citadel,Away,27.10%,72.90%,The Citadel -3.5,6.3,156,69,Longwood 5-1
4/4/26,Northwestern St.,UTRGV,Away,39.10%,60.90%,UTRGV -1.65,6.3,157,126,Northwestern St. 6-5
4/4/26,Santa Clara,San Diego,Home,51.10%,48.90%,Santa Clara -0.34,6.2,147,177,San Diego 13-7
4/4/26,Southeast Mo. St.,Lindenwood,Home,58.80%,41.20%,Southeast Mo. St. -1.45,6.2,75,195,Lindenwood 7-1
4/4/26,Louisiana,James Madison,Home,70.80%,29.20%,Louisiana -3.35,6.2,39,182,James Madison 5-1
4/4/26,Marshall,App State,Home,37.80%,62.20%,App State -1.82,6.1,174,106,App State 10-4
4/4/26,USC Upstate,Radford,Home,60.90%,39.10%,USC Upstate -1.72,6,108,187,Radford 10-5
4/4/26,Stetson,Jacksonville,Home,40.80%,59.20%,Jacksonville -1.34,5.9,183,132,Stetson 3-0
4/4/26,McNeese,New Orleans,Away,59.60%,40.40%,McNeese -1.25,5.8,139,188,New Orleans 10-9
4/4/26,Central Ark.,North Ala.,Away,41.10%,58.90%,North Ala. -1.2,5.8,161,176,North Ala. 16-9
4/4/26,Wofford,VMI,Home,60.10%,39.90%,Wofford -1.68,5.8,122,196,VMI 13-12
4/4/26,Middle Tenn.,Jacksonville St.,Home,15.50%,84.50%,Jacksonville St. -5.93,5.8,179,22,Jacksonville St. 3-1
4/4/26,Nicholls,Houston Christian,Home,38.30%,61.70%,Houston Christian -1.58,5.7,166,169,Nicholls 11-1
4/4/26,VCU,Rhode Island,Home,55.90%,44.10%,VCU -1.01,5.7,117,214,Rhode Island 7-5
4/4/26,Penn St.,Nebraska,Home,15.20%,84.80%,Nebraska -5.97,5.7,192,16,Nebraska 8-7
4/4/26,Penn St.,Nebraska,Home,15.20%,84.80%,Nebraska -5.97,5.7,192,16,Nebraska 13-1
4/4/26,VCU,Rhode Island,Home,55.90%,44.10%,VCU -1.01,5.7,117,214,Rhode Island 4-2
4/4/26,Pepperdine,Gonzaga,Home,23.20%,76.80%,Gonzaga -4.25,5.7,198,48,Gonzaga 4-3
4/4/26,UIC,Indiana St.,Home,37.60%,62.40%,Indiana St. -1.5,5.6,190,138,UIC 17-3
4/4/26,Illinois St.,Southern Ill.,Away,50.20%,49.80%,Illinois St. -0.02,5.6,145,218,Southern Ill. 9-1
4/4/26,Louisiana Tech,FIU,Home,65.60%,34.40%,Louisiana Tech -2.39,5.6,81,211,Louisiana Tech 4-3
4/4/26,SFA,A&M-Corpus Christi,Home,47.90%,52.10%,A&M-Corpus Christi -0.2,5.6,173,199,A&M-Corpus Christi 8-3
4/4/26,Monmouth,Northeastern,Away,17.80%,82.20%,Northeastern -5.19,5.5,167,102,Northeastern 13-1
4/4/26,Pacific,Saint Mary's (CA),Away,23.70%,76.30%,Saint Mary's (CA) -4.02,5.4,193,96,Saint Mary's (CA) 2-1
4/4/26,Xavier,Georgetown,Home,66.10%,33.90%,Xavier -2.55,5.4,91,219,Georgetown 10-9
4/4/26,Portland,Seattle U,Away,56.50%,43.50%,Portland -1.01,5.3,127,237,Portland 3-0
4/4/26,UNCW,Stony Brook,Home,65.30%,34.70%,UNCW -2.17,5.3,131,207,UNCW 8-6
4/4/26,Long Beach St.,CSUN,Home,37.90%,62.10%,CSUN -1.64,5.3,210,144,CSUN 18-4
4/4/26,Ball St.,Miami (OH),Away,23.50%,76.50%,Miami (OH) -4.2,5.2,212,76,Miami (OH) 7-6
4/4/26,Campbell,William & Mary,Away,80.50%,19.50%,Campbell -5.08,5.1,53,222,Campbell 8-6
4/4/26,Bryant,Maine,Away,52.00%,48.00%,Bryant -0.13,5,217,216,Maine 5-2
4/4/26,UT Martin,Morehead St.,Home,38.10%,61.90%,Morehead St. -1.79,4.9,231,158,Morehead St. 12-8
4/4/26,Penn,Columbia,Home,45.50%,54.50%,Columbia -0.63,4.9,206,226,Penn 9-8
4/4/26,Penn,Columbia,Home,45.50%,54.50%,Columbia -0.63,4.9,206,226,Penn 9-5
4/4/26,Penn,Columbia,Home,45.50%,54.50%,Columbia -0.63,4.9,206,226,Columbia 21-11
4/4/26,Eastern Ill.,Tennessee Tech,Away,58.60%,41.40%,Eastern Ill. -1.54,4.9,133,251,Eastern Ill. 9-6
4/4/26,Delaware,New Mexico St.,Away,41.10%,58.90%,New Mexico St. -1.08,4.8,229,186,New Mexico St. 7-2
4/4/26,Grand Canyon,Fresno St.,Home,58.90%,41.10%,Grand Canyon -1.57,4.8,148,248,Grand Canyon 7-5
4/4/26,Army West Point,Holy Cross,Away,52.20%,47.80%,Army West Point -0.37,4.7,197,249,Holy Cross 16-6
4/4/26,Army West Point,Holy Cross,Away,52.20%,47.80%,Army West Point -0.37,4.7,197,249,Holy Cross 11-5
4/4/26,Hofstra,Towson,Away,56.40%,43.60%,Hofstra -1.04,4.7,178,245,Towson 8-6
4/4/26,Bethune-Cookman,Southern U.,Away,62.80%,37.20%,Bethune-Cookman -1.76,4.7,171,232,Bethune-Cookman 6-3
4/4/26,Bethune-Cookman,Southern U.,Away,62.80%,37.20%,Bethune-Cookman -1.76,4.7,171,232,Bethune-Cookman 12-7
4/4/26,Davidson,George Mason,Away,33.90%,66.10%,George Mason -2.38,4.7,220,181,Davidson 7-4
4/4/26,Davidson,George Mason,Away,33.90%,66.10%,George Mason -2.38,4.7,220,181,Davidson 4-0
4/4/26,Fordham,Dayton,Home,37.30%,62.70%,Dayton -1.9,4.6,235,185,Dayton 17-9
4/4/26,San Francisco,LMU (CA),Home,58.10%,41.90%,San Francisco -1.52,4.6,175,254,LMU (CA) 10-7
4/4/26,Northern Ky.,Wright St.,Away,28.30%,71.70%,Wright St. -3.13,4.6,227,153,Wright St. 6-1
4/4/26,St. John's (NY),Seton Hall,Home,72.40%,27.60%,St. John's (NY) -3.7,4.5,92,263,St. John's (NY) 15-3
4/4/26,St. John's (NY),Seton Hall,Home,72.40%,27.60%,St. John's (NY) -3.7,4.5,92,263,St. John's (NY) 13-12
4/4/26,Gardner-Webb,UNC Asheville,Away,51.80%,48.20%,Gardner-Webb -0.29,4.5,205,259,UNC Asheville 12-9
4/4/26,Utah Valley,CSU Bakersfield,Home,39.10%,60.90%,CSU Bakersfield -1.62,4.5,243,191,CSU Bakersfield 8-2
4/4/26,NIU,Massachusetts,Home,70.90%,29.10%,NIU -3.31,4.4,99,269,NIU 6-0
4/4/26,Yale,Princeton,Home,65.70%,34.30%,Yale -2.53,4.4,164,250,Yale 12-7
4/4/26,Yale,Princeton,Home,65.70%,34.30%,Yale -2.53,4.4,164,250,Yale 5-4
4/4/26,Saint Louis,Saint Joseph's,Home,27.70%,72.30%,Saint Joseph's -3.47,4.4,264,107,Saint Joseph's 7-3
4/4/26,Butler,Villanova,Away,43.50%,56.50%,Villanova -0.85,4.3,236,241,Butler 10-1
4/4/26,Brown,Harvard,Away,54.10%,45.90%,Brown -0.76,4.3,208,262,Harvard 2-1
4/4/26,Brown,Harvard,Away,54.10%,45.90%,Brown -0.76,4.3,208,262,Brown 4-0
4/4/26,FGCU,West Ga.,Away,69.80%,30.20%,FGCU -3.18,4.3,118,268,FGCU 6-2
4/4/26,UC Riverside,Cal St. Fullerton,Home,19.00%,81.00%,Cal St. Fullerton -4.9,4.2,246,119,Cal St. Fullerton 9-3
4/4/26,Fairfield,Merrimack,Away,57.90%,42.10%,Fairfield -1.28,4.2,213,257,Fairfield 7-6
4/4/26,Little Rock,Western Ill.,Away,68.80%,31.10%,Little Rock -3.12,4.2,113,281,Little Rock 6-5
4/4/26,Little Rock,Western Ill.,Away,68.80%,31.10%,Little Rock -3.12,4.2,113,281,Little Rock 8-5
4/4/26,Marist,Rider,Away,29.60%,70.40%,Rider -2.92,4.2,242,184,Rider 9-3
4/4/26,Queens (NC),North Florida,Home,24.30%,75.70%,North Florida -3.96,4,255,149,North Florida 10-6
4/4/26,Northern Colo.,Oral Roberts,Away,16.40%,83.60%,Oral Roberts -5.49,4,256,116,Oral Roberts 3-2
4/4/26,Niagara,Quinnipiac,Away,37.30%,62.70%,Quinnipiac -1.47,3.9,230,252,Quinnipiac 4-3
4/4/26,Austin Peay,Eastern Ky.,Away,66.50%,33.50%,Austin Peay -2.16,3.9,201,258,Austin Peay 12-9
4/4/26,Richmond,La Salle,Home,74.80%,25.10%,Richmond -3.83,3.9,160,261,Richmond 4-2
4/4/26,Binghamton,NJIT,Away,65.00%,35.00%,Binghamton -2.44,3.8,163,293,Binghamton 8-6
4/4/26,Ark.-Pine Bluff,Alabama St.,Home,30.20%,69.80%,Alabama St. -3.0,3.8,266,194,Ark.-Pine Bluff 26-1
4/4/26,St. Thomas (MN),North Dakota St.,Home,38.70%,61.30%,North Dakota St. -1.54,3.7,267,244,St. Thomas (MN) 0-0
4/4/26,Kent St.,Ohio,Away,88.40%,11.60%,Kent St. -7.08,3.7,61,294,Kent St. 16-2
4/4/26,Elon,N.C. A&T,Away,62.70%,37.30%,Elon -1.77,3.7,228,272,Elon 11-3
4/4/26,Elon,N.C. A&T,Away,62.70%,37.30%,Elon -1.77,3.7,228,272,N.C. A&T 6-5
4/4/26,Youngstown St.,Milwaukee,Home,25.20%,74.80%,Milwaukee -3.85,3.6,270,180,Milwaukee 5-1
4/4/26,Mount St. Mary's,Siena,Away,51.80%,48.20%,Mount St. Mary's -0.32,3.6,280,279,Mount St. Mary's 3-2
4/4/26,Valparaiso,Washington,Away,15.20%,84.80%,Washington -6.02,3.5,276,128,Valparaiso 4-2
4/4/26,Bucknell,Lafayette,Away,60.40%,39.60%,Bucknell -1.7,3.5,223,295,Bucknell 3-1
4/4/26,Bucknell,Lafayette,Away,60.40%,39.60%,Bucknell -1.7,3.5,223,295,Bucknell 10-8
4/4/26,Dartmouth,Cornell,Home,47.10%,52.90%,Cornell -0.36,3.4,277,287,Dartmouth 15-0
4/4/26,Dartmouth,Cornell,Home,47.10%,52.90%,Cornell -0.36,3.4,277,287,Cornell 8-1
4/4/26,Dartmouth,Cornell,Home,47.10%,52.90%,Cornell -0.36,3.4,277,287,Cornell 4-2
4/4/26,Evansville,Bradley,Home,69.90%,30.10%,Evansville -3.01,3.4,200,289,Evansville 9-4
4/4/26,Evansville,Bradley,Home,69.90%,30.10%,Evansville -3.01,3.4,200,289,Evansville 12-3
4/4/26,UMass Lowell,UAlbany,Away,59.20%,40.80%,UMass Lowell -1.32,3.4,253,288,UAlbany 4-2
4/4/26,Presbyterian,Charleston So.,Home,17.70%,82.30%,Charleston So. -5.29,3.4,278,154,Charleston So. 15-11
4/4/26,Le Moyne,LIU,Home,30.70%,69.30%,LIU -2.85,3.3,275,239,LIU 12-9
4/4/26,George Washington,St. Bonaventure,Away,55.30%,44.70%,George Washington -0.74,3.2,282,292,St. Bonaventure 5-3
4/4/26,Sacred Heart,Manhattan,Home,41.40%,58.60%,Manhattan -1.05,3.1,284,291,Sacred Heart 4-3
4/4/26,Wagner,Central Conn. St.,Home,64.50%,35.50%,Wagner -2.21,3.1,247,297,Wagner 16-13
4/4/26,Iona,UMBC,Away,25.40%,74.60%,UMBC -3.6,3,290,221,Iona 4-3
4/4/26,Lehigh,Navy,Away,21.60%,78.50%,Navy -4.39,2.8,296,215,Navy 8-0
4/4/26,Lehigh,Navy,Away,21.60%,78.50%,Navy -4.39,2.8,296,215,Navy 8-3
4/4/26,Florida A&M,Prairie View,Away,81.30%,18.70%,Florida A&M -5.16,2.5,225,300,Florida A&M 14-4
4/4/26,Coppin St.,Norfolk St.,Away,26.70%,73.30%,Norfolk St. -3.4,2.2,303,298,Coppin St. 9-6
4/4/26,Texas Southern,Alabama A&M,Home,80.00%,20.00%,Texas Southern -4.79,2,285,304,Texas Southern 5-2
4/4/26,UMES,FDU,Home,8.20%,91.80%,FDU -8.22,1.9,307,240,FDU 13-9
4/4/26,Stonehill,Delaware St.,Home,84.20%,15.80%,Stonehill -5.63,1.8,286,306,Stonehill 13-5
4/3/26,Georgia,Mississippi St.,Away,54.30%,45.70%,Georgia -0.92,9.7,2,10,Georgia 3-1
4/3/26,Ole Miss,Florida,Home,43.60%,56.40%,Florida -0.73,9.5,11,14,Florida 2-0
4/3/26,Florida St.,Virginia,Away,50.20%,49.80%,Florida St. -0.24,9.4,19,34,Florida St. 5-2
4/3/26,Alabama,Oklahoma,Away,41.00%,59.00%,Oklahoma -1.11,9.4,9,13,Oklahoma 4-2
4/3/26,Arkansas,Auburn,Away,38.20%,61.80%,Auburn -1.47,9.2,17,8,Arkansas 3-2
4/3/26,TCU,Kansas St.,Home,48.30%,51.70%,TCU -0.04,9.1,30,44,Kansas St. 13-12
4/3/26,Cincinnati,Oklahoma St.,Away,41.30%,58.70%,Oklahoma St. -1.22,9.1,24,27,Oklahoma St. 12-9
4/3/26,Southern California,UCLA,Away,30.40%,69.60%,UCLA -2.88,9,15,1,UCLA 12-4
4/3/26,Wake Forest,Pittsburgh,Home,56.40%,43.60%,Wake Forest -0.98,9,25,36,Wake Forest 8-2
4/3/26,UC Santa Barbara,Cal Poly,Home,44.60%,55.40%,Cal Poly -0.68,8.8,32,52,UC Santa Barbara 4-2
4/3/26,Vanderbilt,Texas A&M,Home,33.00%,67.00%,Texas A&M -2.49,8.7,38,7,Texas A&M 8-4
4/3/26,Vanderbilt,Texas A&M,Home,33.00%,67.00%,Texas A&M -2.49,8.7,38,7,Texas A&M 12-0
4/3/26,UCF,West Virginia,Away,26.70%,73.30%,West Virginia -3.61,8.6,33,6,UCF 5-0
4/3/26,LSU,Tennessee,Away,37.00%,63.00%,Tennessee -1.85,8.6,45,26,LSU 7-5
4/3/26,Notre Dame,NC State,Home,41.60%,58.40%,NC State -0.99,8.6,47,51,NC State 7-3
4/3/26,Oregon,Michigan,Home,64.60%,35.40%,Oregon -2.29,8.5,20,50,Oregon 5-2
4/3/26,UTSA,Rice,Home,56.40%,43.60%,UTSA -0.9,8.4,46,65,UTSA 8-0
4/3/26,Clemson,Stanford,Away,55.60%,44.40%,Clemson -0.68,8.4,55,64,Clemson 9-3
4/3/26,Virginia Tech,Miami (FL),Home,32.50%,67.50%,Miami (FL) -2.42,8.4,49,29,Miami (FL) 19-1
4/3/26,Minnesota,Iowa,Home,45.70%,54.30%,Iowa -0.7,8.3,72,63,Minnesota 9-4
4/3/26,BYU,Baylor,Away,38.60%,61.40%,Baylor -1.49,8.2,62,60,BYU 10-4
4/3/26,Georgia Tech,California,Home,77.70%,22.30%,Georgia Tech -4.48,8.1,4,56,Georgia Tech 7-2
4/3/26,Boston College,North Carolina,Away,17.40%,82.60%,North Carolina -5.46,8.1,37,5,North Carolina 5-2
4/3/26,Louisville,Duke,Home,55.30%,44.70%,Louisville -0.78,8.1,67,82,Duke 10-8
4/3/26,South Alabama,Coastal Carolina,Home,30.60%,69.40%,Coastal Carolina -2.56,8,66,40,South Alabama 15-2
4/3/26,Liberty,Western Ky.,Away,53.40%,46.60%,Liberty -0.8,8,31,110,Liberty 6-2
4/3/26,Houston,Texas Tech,Away,45.10%,54.90%,Texas Tech -0.63,7.9,90,80,Houston 13-10
4/3/26,DBU,Kennesaw St.,Away,59.60%,40.40%,DBU -1.38,7.8,71,88,DBU 7-5
4/3/26,Oregon St.,Lamar University,Home,67.00%,33.00%,Oregon St. -2.59,7.8,18,95,Oregon St. 8-0
4/3/26,Illinois,Purdue,Away,38.30%,61.70%,Purdue -1.7,7.7,94,54,Purdue 6-1
4/3/26,UAB,Fla. Atlantic,Home,48.30%,51.70%,Fla. Atlantic -0.14,7.7,68,115,UAB 11-8
4/3/26,Utah,Kansas,Home,19.20%,80.80%,Kansas -5.05,7.7,70,12,Kansas 14-9
4/3/26,Arkansas St.,Troy,Away,33.00%,67.00%,Troy -2.7,7.7,83,57,Arkansas St. 6-4
4/3/26,Hawaii,UC San Diego,Away,48.20%,51.80%,UC San Diego -0.31,7.6,112,85,Hawaii 6-3
4/3/26,Missouri,Kentucky,Home,26.10%,73.90%,Kentucky -3.59,7.6,87,28,Missouri 5-4
4/3/26,Creighton,UConn,Away,42.30%,57.70%,UConn -0.95,7.5,97,100,UConn 11-2
4/3/26,Maryland,Ohio St.,Away,39.80%,60.30%,Ohio St. -1.46,7.5,101,78,Ohio St. 10-8
4/3/26,Charlotte,East Carolina,Away,29.50%,70.50%,East Carolina -3.05,7.4,98,43,East Carolina 12-9
4/3/26,Western Caro.,Winthrop,Away,51.90%,48.10%,Western Caro. -0.6,7.4,84,129,Winthrop 6-4
4/3/26,Sacramento St.,Utah Tech,Away,51.20%,48.80%,Sacramento St. -0.32,7.4,120,105,Utah Tech 13-3
4/3/26,ETSU,Samford,Away,46.00%,54.00%,Samford -0.79,7.3,123,89,ETSU 4-3
4/3/26,Arizona St.,Arizona,Home,65.50%,34.50%,Arizona St. -2.38,7.3,23,130,Arizona 7-4
4/3/26,Air Force,San Diego St.,Away,38.90%,61.10%,San Diego St. -1.54,7.2,121,73,San Diego St. 11-2
4/3/26,Washington St.,San Jose St.,Home,48.30%,51.70%,San Jose St. -0.07,7.2,79,142,Washington St. 5-3
4/3/26,Texas,South Carolina,Home,80.60%,19.40%,Texas -5.19,7.2,3,104,Texas 5-3
4/3/26,UC Davis,UC Irvine,Away,38.00%,62.00%,UC Irvine -1.59,7.2,111,93,UC Irvine 7-2
4/3/26,California Baptist,Abilene Christian,Home,59.50%,40.50%,California Baptist -1.64,7.1,42,151,California Baptist 3-2
4/3/26,Southern Miss.,Old Dominion,Home,74.40%,25.60%,Southern Miss. -3.7,7,21,125,Old Dominion 10-8
4/3/26,Michigan St.,Northwestern,Away,51.30%,48.70%,Michigan St. -0.42,7,109,141,Michigan St. 5-1
4/3/26,High Point,Col. of Charleston,Home,54.90%,45.10%,High Point -0.76,7,77,152,High Point 14-0
4/3/26,Rutgers,Indiana,Home,37.50%,62.50%,Indiana -1.67,6.9,124,103,Indiana 11-0
4/3/26,Tarleton St.,UT Arlington,Away,59.00%,41.00%,Tarleton St. -1.67,6.7,58,172,UT Arlington 6-3
4/3/26,Tulane,Wichita St.,Away,41.50%,58.50%,Wichita St. -1.16,6.7,137,114,Wichita St. 7-4
4/3/26,Sam Houston,Missouri St.,Home,24.80%,75.20%,Missouri St. -3.8,6.6,146,35,Missouri St. 9-8
4/3/26,Mercer,UNC Greensboro,Away,69.30%,30.70%,Mercer -3.05,6.5,41,168,Mercer 9-7
4/3/26,New Mexico,UNLV,Away,44.30%,55.70%,UNLV -0.78,6.4,155,136,New Mexico 7-6
4/3/26,Memphis,South Fla.,Away,24.10%,75.90%,South Fla. -3.62,6.4,134,74,Memphis 7-4
4/3/26,Georgia St.,ULM,Away,42.30%,57.70%,ULM -0.83,6.4,143,150,ULM 10-9
4/3/26,Georgia St.,ULM,Away,42.30%,57.70%,ULM -0.83,6.4,143,150,Georgia St. 12-3
4/3/26,Longwood,The Citadel,Away,27.10%,72.90%,The Citadel -3.5,6.3,156,69,The Citadel 8-4
4/3/26,Northwestern St.,UTRGV,Away,39.10%,60.90%,UTRGV -1.65,6.3,157,126,Northwestern St. 9-6
4/3/26,Santa Clara,San Diego,Home,51.10%,48.90%,Santa Clara -0.34,6.2,147,177,San Diego 6-1
4/3/26,Louisiana,James Madison,Home,70.80%,29.20%,Louisiana -3.35,6.2,39,182,James Madison 6-5
4/3/26,Southeast Mo. St.,Lindenwood,Home,58.80%,41.20%,Southeast Mo. St. -1.45,6.2,75,195,Southeast Mo. St. 8-0
4/3/26,Marshall,App State,Home,37.80%,62.20%,App State -1.82,6.1,174,106,App State 5-4
4/3/26,USC Upstate,Radford,Home,60.90%,39.10%,USC Upstate -1.72,6,108,187,USC Upstate 13-9
4/3/26,Stetson,Jacksonville,Home,40.80%,59.20%,Jacksonville -1.34,5.9,183,132,Jacksonville 4-3
4/3/26,McNeese,New Orleans,Away,59.60%,40.40%,McNeese -1.25,5.8,139,188,New Orleans 5-2
4/3/26,Central Ark.,North Ala.,Away,41.10%,58.90%,North Ala. -1.2,5.8,161,176,Central Ark. 4-2
4/3/26,Wofford,VMI,Home,60.10%,39.90%,Wofford -1.68,5.8,122,196,Wofford 9-2
4/3/26,Middle Tenn.,Jacksonville St.,Home,15.50%,84.50%,Jacksonville St. -5.93,5.8,179,22,Jacksonville St. 7-6
4/3/26,Nicholls,Houston Christian,Home,38.30%,61.70%,Houston Christian -1.58,5.7,166,169,Nicholls 10-6
4/3/26,VCU,Rhode Island,Home,55.90%,44.10%,VCU -1.01,5.7,117,214,Rhode Island 5-1
4/3/26,Pepperdine,Gonzaga,Home,23.20%,76.80%,Gonzaga -4.25,5.7,198,48,Gonzaga 9-2
4/3/26,UIC,Indiana St.,Home,37.60%,62.40%,Indiana St. -1.5,5.6,190,138,Indiana St. 10-3
4/3/26,Illinois St.,Southern Ill.,Away,50.20%,49.80%,Illinois St. -0.02,5.6,145,218,Southern Ill. 4-3
4/3/26,SIUE,Southern Ind.,Away,57.50%,42.50%,SIUE -1.29,5.6,140,204,SIUE 9-7
4/3/26,SIUE,Southern Ind.,Away,57.50%,42.50%,SIUE -1.29,5.6,140,204,Southern Ind. 7-6
4/3/26,Louisiana Tech,FIU,Home,65.60%,34.40%,Louisiana Tech -2.39,5.6,81,211,Louisiana Tech 6-2
4/3/26,Southeastern La.,UIW,Away,68.40%,31.60%,Southeastern La. -2.95,5.6,86,202,Southeastern La. 13-11
4/3/26,Southeastern La.,UIW,Away,68.40%,31.60%,Southeastern La. -2.95,5.6,86,202,UIW 13-2
4/3/26,SFA,A&M-Corpus Christi,Home,47.90%,52.10%,A&M-Corpus Christi -0.2,5.6,173,199,SFA 13-9
4/3/26,Monmouth,Northeastern,Away,17.80%,82.20%,Northeastern -5.19,5.5,167,102,Monmouth 8-6
4/3/26,Ga. Southern,Texas St.,Away,20.20%,79.80%,Texas St. -4.76,5.4,203,59,Ga. Southern 9-8
4/3/26,Ga. Southern,Texas St.,Away,20.20%,79.80%,Texas St. -4.76,5.4,203,59,Texas St. 15-5
4/3/26,Pacific,Saint Mary's (CA),Away,23.70%,76.30%,Saint Mary's (CA) -4.02,5.4,193,96,Saint Mary's (CA) 6-4
4/3/26,Pacific,Saint Mary's (CA),Away,23.70%,76.30%,Saint Mary's (CA) -4.02,5.4,193,96,Saint Mary's (CA) 11-4
4/3/26,Xavier,Georgetown,Home,66.10%,33.90%,Xavier -2.55,5.4,91,219,Xavier 11-6
4/3/26,Portland,Seattle U,Away,56.50%,43.50%,Portland -1.01,5.3,127,237,Seattle U 6-2
4/3/26,Omaha,South Dakota St.,Away,47.70%,52.30%,South Dakota St. -0.22,5.3,189,209,Omaha 0-0
4/3/26,UNCW,Stony Brook,Home,65.30%,34.70%,UNCW -2.17,5.3,131,207,Stony Brook 4-2
4/3/26,Long Beach St.,CSUN,Home,37.90%,62.10%,CSUN -1.64,5.3,210,144,Long Beach St. 17-4
4/3/26,Ball St.,Miami (OH),Away,23.50%,76.50%,Miami (OH) -4.2,5.2,212,76,Miami (OH) 20-4
4/3/26,Western Mich.,Central Mich.,Home,58.00%,42.00%,Western Mich. -1.25,5.1,162,224,Central Mich. 8-7
4/3/26,Western Mich.,Central Mich.,Home,58.00%,42.00%,Western Mich. -1.25,5.1,162,224,Central Mich. 6-3
4/3/26,Western Mich.,Central Mich.,Home,58.00%,42.00%,Western Mich. -1.25,5.1,162,224,Western Mich. 9-8
4/3/26,Campbell,William & Mary,Away,80.50%,19.50%,Campbell -5.08,5.1,53,222,Campbell 12-2
4/3/26,Bryant,Maine,Away,52.00%,48.00%,Bryant -0.13,5,217,216,Maine 11-5
4/3/26,Eastern Ill.,Tennessee Tech,Away,58.60%,41.40%,Eastern Ill. -1.54,4.9,133,251,Eastern Ill. 13-1
4/3/26,UT Martin,Morehead St.,Home,38.10%,61.90%,Morehead St. -1.79,4.9,231,158,Morehead St. 13-4
4/3/26,Delaware,New Mexico St.,Away,41.10%,58.90%,New Mexico St. -1.08,4.8,229,186,New Mexico St. 15-9
4/3/26,Grand Canyon,Fresno St.,Home,58.90%,41.10%,Grand Canyon -1.57,4.8,148,248,Grand Canyon 3-0
4/3/26,Hofstra,Towson,Away,56.40%,43.60%,Hofstra -1.04,4.7,178,245,Hofstra 9-6
4/3/26,Bethune-Cookman,Southern U.,Away,62.80%,37.20%,Bethune-Cookman -1.76,4.7,171,232,Southern U. 7-3
4/3/26,Davidson,George Mason,Away,33.90%,66.10%,George Mason -2.38,4.7,220,181,George Mason 3-2
4/3/26,Fordham,Dayton,Home,37.30%,62.70%,Dayton -1.9,4.6,235,185,Dayton 5-3
4/3/26,San Francisco,LMU (CA),Home,58.10%,41.90%,San Francisco -1.52,4.6,175,254,San Francisco 6-4
4/3/26,Northern Ky.,Wright St.,Away,28.30%,71.70%,Wright St. -3.13,4.6,227,153,Wright St. 14-4
4/3/26,Belmont,Murray St.,Away,30.40%,69.60%,Murray St. -2.84,4.5,233,159,Belmont 9-5
4/3/26,Belmont,Murray St.,Away,30.40%,69.60%,Murray St. -2.84,4.5,233,159,Belmont 12-1
4/3/26,Gardner-Webb,UNC Asheville,Away,51.80%,48.20%,Gardner-Webb -0.29,4.5,205,259,Gardner-Webb 6-0
4/3/26,Utah Valley,CSU Bakersfield,Home,39.10%,60.90%,CSU Bakersfield -1.62,4.5,243,191,Utah Valley 5-4
4/3/26,NIU,Massachusetts,Home,70.90%,29.10%,NIU -3.31,4.4,99,269,Massachusetts 4-0
4/3/26,NIU,Massachusetts,Home,70.90%,29.10%,NIU -3.31,4.4,99,269,NIU 6-4
4/3/26,Yale,Princeton,Home,65.70%,34.30%,Yale -2.53,4.4,164,250,Yale 7-6
4/3/26,Saint Louis,Saint Joseph's,Home,27.70%,72.30%,Saint Joseph's -3.47,4.4,264,107,Saint Joseph's 5-4
4/3/26,Butler,Villanova,Away,43.50%,56.50%,Villanova -0.85,4.3,236,241,Butler 7-5
4/3/26,FGCU,West Ga.,Away,69.80%,30.20%,FGCU -3.18,4.3,118,268,West Ga. 9-6
4/3/26,UC Riverside,Cal St. Fullerton,Home,19.00%,81.00%,Cal St. Fullerton -4.9,4.2,246,119,Cal St. Fullerton 5-2
4/3/26,Fairfield,Merrimack,Away,57.90%,42.10%,Fairfield -1.28,4.2,213,257,Merrimack 4-1
4/3/26,Marist,Rider,Away,29.60%,70.40%,Rider -2.92,4.2,242,184,Marist 8-3
4/3/26,Lipscomb,Bellarmine,Home,65.90%,34.10%,Lipscomb -2.55,4.2,165,260,Bellarmine 9-5
4/3/26,Lipscomb,Bellarmine,Home,65.90%,34.10%,Lipscomb -2.55,4.2,165,260,Bellarmine 17-10
4/3/26,Eastern Mich.,Toledo,Away,24.90%,75.10%,Toledo -3.84,4.1,238,170,Toledo 23-8
4/3/26,Eastern Mich.,Toledo,Away,24.90%,75.10%,Toledo -3.84,4.1,238,170,Toledo 6-4
4/3/26,Queens (NC),North Florida,Home,24.30%,75.70%,North Florida -3.96,4,255,149,North Florida 5-2
4/3/26,Northern Colo.,Oral Roberts,Away,16.40%,83.60%,Oral Roberts -5.49,4,256,116,Oral Roberts 3-2
4/3/26,Niagara,Quinnipiac,Away,37.30%,62.70%,Quinnipiac -1.47,3.9,230,252,Niagara 4-3
4/3/26,Austin Peay,Eastern Ky.,Away,66.50%,33.50%,Austin Peay -2.16,3.9,201,258,Eastern Ky. 7-6
4/3/26,Richmond,La Salle,Home,74.80%,25.10%,Richmond -3.83,3.9,160,261,Richmond 16-7
4/3/26,Binghamton,NJIT,Away,65.00%,35.00%,Binghamton -2.44,3.8,163,293,Binghamton 6-3
4/3/26,Ark.-Pine Bluff,Alabama St.,Home,30.20%,69.80%,Alabama St. -3.0,3.8,266,194,Alabama St. 9-4
4/3/26,Kent St.,Ohio,Away,88.40%,11.60%,Kent St. -7.08,3.7,61,294,Kent St. 15-1
4/3/26,St. Thomas (MN),North Dakota St.,Home,38.70%,61.30%,North Dakota St. -1.54,3.7,267,244,St. Thomas (MN) 0-0
4/3/26,Elon,N.C. A&T,Away,62.70%,37.30%,Elon -1.77,3.7,228,272,Elon 10-3
4/3/26,Mount St. Mary's,Siena,Away,51.80%,48.20%,Mount St. Mary's -0.32,3.6,280,279,Siena 7-1
4/3/26,Mount St. Mary's,Siena,Away,51.80%,48.20%,Mount St. Mary's -0.32,3.6,280,279,Siena 3-2
4/3/26,Jackson St.,Grambling,Home,51.80%,48.20%,Jackson St. -0.19,3.6,283,273,Grambling 5-2
4/3/26,Youngstown St.,Milwaukee,Home,25.20%,74.80%,Milwaukee -3.85,3.6,270,180,Youngstown St. 7-4
4/3/26,Youngstown St.,Milwaukee,Home,25.20%,74.80%,Milwaukee -3.85,3.6,270,180,Youngstown St. 5-3
4/3/26,Jackson St.,Grambling,Home,51.80%,48.20%,Jackson St. -0.19,3.6,283,273,Jackson St. 20-10
4/3/26,Valparaiso,Washington,Away,15.20%,84.80%,Washington -6.02,3.5,276,128,Washington 6-0
4/3/26,Akron,Bowling Green,Away,32.50%,67.50%,Bowling Green -2.29,3.5,265,234,Bowling Green 9-8
4/3/26,Akron,Bowling Green,Away,32.50%,67.50%,Bowling Green -2.29,3.5,265,234,Bowling Green 9-6
4/3/26,Evansville,Bradley,Home,69.90%,30.10%,Evansville -3.01,3.4,200,289,Bradley 5-2
4/3/26,UMass Lowell,UAlbany,Away,59.20%,40.80%,UMass Lowell -1.32,3.4,253,288,UAlbany 7-2
4/3/26,Presbyterian,Charleston So.,Home,17.70%,82.30%,Charleston So. -5.29,3.4,278,154,Charleston So. 13-12
4/3/26,Le Moyne,LIU,Home,30.70%,69.30%,LIU -2.85,3.3,275,239,Le Moyne 5-4
4/3/26,Le Moyne,LIU,Home,30.70%,69.30%,LIU -2.85,3.3,275,239,Le Moyne 12-5
4/3/26,George Washington,St. Bonaventure,Away,55.30%,44.70%,George Washington -0.74,3.2,282,292,George Washington 4-3
4/3/26,Sacred Heart,Manhattan,Home,41.40%,58.60%,Manhattan -1.05,3.1,284,291,Sacred Heart 8-7
4/3/26,Sacred Heart,Manhattan,Home,41.40%,58.60%,Manhattan -1.05,3.1,284,291,Sacred Heart 22-7
4/3/26,Wagner,Central Conn. St.,Home,64.50%,35.50%,Wagner -2.21,3.1,247,297,Wagner 8-2
4/3/26,Iona,UMBC,Away,25.40%,74.60%,UMBC -3.6,3,290,221,UMBC 12-2
4/3/26,New Haven,Mercyhurst,Home,40.00%,60.00%,Mercyhurst -1.38,2.8,302,299,Mercyhurst 12-2
4/3/26,New Haven,Mercyhurst,Home,40.00%,60.00%,Mercyhurst -1.38,2.8,302,299,Mercyhurst 4-3
4/3/26,Florida A&M,Prairie View,Away,81.30%,18.70%,Florida A&M -5.16,2.5,225,300,Florida A&M 10-6
4/3/26,Coppin St.,Norfolk St.,Away,26.70%,73.30%,Norfolk St. -3.4,2.2,303,298,Norfolk St. 21-2
4/3/26,Texas Southern,Alabama A&M,Home,80.00%,20.00%,Texas Southern -4.79,2,285,304,Texas Southern 5-3
4/3/26,UMES,FDU,Home,8.20%,91.80%,FDU -8.22,1.9,307,240,FDU 12-7
4/3/26,Stonehill,Delaware St.,Home,84.20%,15.80%,Stonehill -5.63,1.8,286,306,Stonehill 7-5
4/3/26,Saint Peter's,Canisius,Home,10.10%,89.90%,Canisius -7.46,1.7,308,274,Canisius 7-3
4/3/26,Saint Peter's,Canisius,Home,10.10%,89.90%,Canisius -7.46,1.7,308,274,Canisius 7-3
4/2/26,Georgia,Mississippi St.,Away,54.30%,45.70%,Georgia -0.92,9.7,2,10,Georgia 10-9
4/2/26,Ole Miss,Florida,Home,43.60%,56.40%,Florida -0.73,9.5,11,14,Ole Miss 6-4
4/2/26,Florida St.,Virginia,Away,50.20%,49.80%,Florida St. -0.24,9.4,19,34,Virginia 4-3
4/2/26,Alabama,Oklahoma,Away,41.00%,59.00%,Oklahoma -1.11,9.4,9,13,Alabama 10-7
4/2/26,Arkansas,Auburn,Away,38.20%,61.80%,Auburn -1.47,9.2,17,8,Auburn 10-2
4/2/26,UC Santa Barbara,Cal Poly,Home,44.60%,55.40%,Cal Poly -0.68,8.8,32,52,UC Santa Barbara 6-0
4/2/26,Vanderbilt,Texas A&M,Home,33.00%,67.00%,Texas A&M -2.49,8.7,38,7,Vanderbilt 14-8
4/2/26,Notre Dame,NC State,Home,41.60%,58.40%,NC State -0.99,8.6,47,51,NC State 7-3
4/2/26,Oregon,Michigan,Home,64.60%,35.40%,Oregon -2.29,8.5,20,50,Michigan 10-0
4/2/26,UTSA,Rice,Home,56.40%,43.60%,UTSA -0.9,8.4,46,65,Rice 3-2
4/2/26,BYU,Baylor,Away,38.60%,61.40%,Baylor -1.49,8.2,62,60,Baylor 12-5
4/2/26,Georgia Tech,California,Home,77.70%,22.30%,Georgia Tech -4.48,8.1,4,56,Georgia Tech 17-2
4/2/26,Boston College,North Carolina,Away,17.40%,82.60%,North Carolina -5.46,8.1,37,5,Boston College 6-1
4/2/26,Louisville,Duke,Home,55.30%,44.70%,Louisville -0.78,8.1,67,82,Duke 6-3
4/2/26,South Alabama,Coastal Carolina,Home,30.60%,69.40%,Coastal Carolina -2.56,8,66,40,Coastal Carolina 12-2
4/2/26,Liberty,Western Ky.,Away,53.40%,46.60%,Liberty -0.8,8,31,110,Liberty 8-3
4/2/26,Houston,Texas Tech,Away,45.10%,54.90%,Texas Tech -0.63,7.9,90,80,Houston 8-6
4/2/26,DBU,Kennesaw St.,Away,59.60%,40.40%,DBU -1.38,7.8,71,88,DBU 10-5
4/2/26,Oregon St.,Lamar University,Home,67.00%,33.00%,Oregon St. -2.59,7.8,18,95,Oregon St. 2-0
4/2/26,UAB,Fla. Atlantic,Home,48.30%,51.70%,Fla. Atlantic -0.14,7.7,68,115,UAB 7-2
4/2/26,Utah,Kansas,Home,19.20%,80.80%,Kansas -5.05,7.7,70,12,Kansas 14-12
4/2/26,Arkansas St.,Troy,Away,33.00%,67.00%,Troy -2.7,7.7,83,57,Troy 6-4
4/2/26,Hawaii,UC San Diego,Away,48.20%,51.80%,UC San Diego -0.31,7.6,112,85,UC San Diego 10-9
4/2/26,Creighton,UConn,Away,42.30%,57.70%,UConn -0.95,7.5,97,100,Creighton 3-1
4/2/26,Charlotte,East Carolina,Away,29.50%,70.50%,East Carolina -3.05,7.4,98,43,East Carolina 12-2
4/2/26,Western Caro.,Winthrop,Away,51.90%,48.10%,Western Caro. -0.6,7.4,84,129,Western Caro. 15-7
4/2/26,Sacramento St.,Utah Tech,Away,51.20%,48.80%,Sacramento St. -0.32,7.4,120,105,Utah Tech 7-6
4/2/26,ETSU,Samford,Away,46.00%,54.00%,Samford -0.79,7.3,123,89,Samford 13-7
4/2/26,Arizona St.,Arizona,Home,65.50%,34.50%,Arizona St. -2.38,7.3,23,130,Arizona St. 6-4
4/2/26,Air Force,San Diego St.,Away,38.90%,61.10%,San Diego St. -1.54,7.2,121,73,San Diego St. 9-2
4/2/26,Washington St.,San Jose St.,Home,48.30%,51.70%,San Jose St. -0.07,7.2,79,142,San Jose St. 8-5
4/2/26,Texas,South Carolina,Home,80.60%,19.40%,Texas -5.19,7.2,3,104,South Carolina 9-1
4/2/26,UC Davis,UC Irvine,Away,38.00%,62.00%,UC Irvine -1.59,7.2,111,93,UC Irvine 4-1
4/2/26,California Baptist,Abilene Christian,Home,59.50%,40.50%,California Baptist -1.64,7.1,42,151,California Baptist 5-1
4/2/26,Southern Miss.,Old Dominion,Home,74.40%,25.60%,Southern Miss. -3.7,7,21,125,Southern Miss. 10-4
4/2/26,High Point,Col. of Charleston,Home,54.90%,45.10%,High Point -0.76,7,77,152,High Point 2-0
4/2/26,Tarleton St.,UT Arlington,Away,59.00%,41.00%,Tarleton St. -1.67,6.7,58,172,Tarleton St. 3-1
4/2/26,Tulane,Wichita St.,Away,41.50%,58.50%,Wichita St. -1.16,6.7,137,114,Tulane 4-2
4/2/26,Mercer,UNC Greensboro,Away,69.30%,30.70%,Mercer -3.05,6.5,41,168,UNC Greensboro 5-4
4/2/26,New Mexico,UNLV,Away,44.30%,55.70%,UNLV -0.78,6.4,155,136,UNLV 15-10
4/2/26,Memphis,South Fla.,Away,24.10%,75.90%,South Fla. -3.62,6.4,134,74,South Fla. 10-1
4/2/26,Georgia St.,ULM,Away,42.30%,57.70%,ULM -0.83,6.4,143,150,Georgia St. 10-7
4/2/26,Longwood,The Citadel,Away,27.10%,72.90%,The Citadel -3.5,6.3,156,69,The Citadel 6-3
4/2/26,Northwestern St.,UTRGV,Away,39.10%,60.90%,UTRGV -1.65,6.3,157,126,Northwestern St. 17-9
4/2/26,Santa Clara,San Diego,Home,51.10%,48.90%,Santa Clara -0.34,6.2,147,177,San Diego 5-1
4/2/26,Louisiana,James Madison,Home,70.80%,29.20%,Louisiana -3.35,6.2,39,182,Louisiana 5-4
4/2/26,Southeast Mo. St.,Lindenwood,Home,58.80%,41.20%,Southeast Mo. St. -1.45,6.2,75,195,Lindenwood 3-2
4/2/26,Marshall,App State,Home,37.80%,62.20%,App State -1.82,6.1,174,106,Marshall 12-6
4/2/26,USC Upstate,Radford,Home,60.90%,39.10%,USC Upstate -1.72,6,108,187,Radford 6-4
4/2/26,Stetson,Jacksonville,Home,40.80%,59.20%,Jacksonville -1.34,5.9,183,132,Jacksonville 5-1
4/2/26,McNeese,New Orleans,Away,59.60%,40.40%,McNeese -1.25,5.8,139,188,McNeese 4-3
4/2/26,Central Ark.,North Ala.,Away,41.10%,58.90%,North Ala. -1.2,5.8,161,176,North Ala. 4-3
4/2/26,Wofford,VMI,Home,60.10%,39.90%,Wofford -1.68,5.8,122,196,Wofford 16-5
4/2/26,Middle Tenn.,Jacksonville St.,Home,15.50%,84.50%,Jacksonville St. -5.93,5.8,179,22,Jacksonville St. 6-5
4/2/26,Nicholls,Houston Christian,Home,38.30%,61.70%,Houston Christian -1.58,5.7,166,169,Houston Christian 3-0
4/2/26,Pepperdine,Gonzaga,Home,23.20%,76.80%,Gonzaga -4.25,5.7,198,48,Pepperdine 5-2
4/2/26,UIC,Indiana St.,Home,37.60%,62.40%,Indiana St. -1.5,5.6,190,138,Indiana St. 20-10
4/2/26,SIUE,Southern Ind.,Away,57.50%,42.50%,SIUE -1.29,5.6,140,204,SIUE 4-2
4/2/26,Louisiana Tech,FIU,Home,65.60%,34.40%,Louisiana Tech -2.39,5.6,81,211,FIU 7-4
4/2/26,Southeastern La.,UIW,Away,68.40%,31.60%,Southeastern La. -2.95,5.6,86,202,Southeastern La. 9-3
4/2/26,SFA,A&M-Corpus Christi,Home,47.90%,52.10%,A&M-Corpus Christi -0.2,5.6,173,199,SFA 8-3
4/2/26,Monmouth,Northeastern,Away,17.80%,82.20%,Northeastern -5.19,5.5,167,102,Northeastern 7-1
4/2/26,Ga. Southern,Texas St.,Away,20.20%,79.80%,Texas St. -4.76,5.4,203,59,Texas St. 8-5
4/2/26,Xavier,Georgetown,Home,66.10%,33.90%,Xavier -2.55,5.4,91,219,Xavier 5-1
4/2/26,Portland,Seattle U,Away,56.50%,43.50%,Portland -1.01,5.3,127,237,Seattle U 5-1
4/2/26,Omaha,South Dakota St.,Away,47.70%,52.30%,South Dakota St. -0.22,5.3,189,209,Omaha 0-0
4/2/26,UNCW,Stony Brook,Home,65.30%,34.70%,UNCW -2.17,5.3,131,207,Stony Brook 7-6
4/2/26,Long Beach St.,CSUN,Home,37.90%,62.10%,CSUN -1.64,5.3,210,144,CSUN 7-2
4/2/26,Ball St.,Miami (OH),Away,23.50%,76.50%,Miami (OH) -4.2,5.2,212,76,Miami (OH) 14-4
4/2/26,Campbell,William & Mary,Away,80.50%,19.50%,Campbell -5.08,5.1,53,222,Campbell 5-2
4/2/26,Bryant,Maine,Away,52.00%,48.00%,Bryant -0.13,5,217,216,Bryant 4-3
4/2/26,Eastern Ill.,Tennessee Tech,Away,58.60%,41.40%,Eastern Ill. -1.54,4.9,133,251,Tennessee Tech 21-6
4/2/26,UT Martin,Morehead St.,Home,38.10%,61.90%,Morehead St. -1.79,4.9,231,158,Morehead St. 12-8
4/2/26,Delaware,New Mexico St.,Away,41.10%,58.90%,New Mexico St. -1.08,4.8,229,186,New Mexico St. 11-6
4/2/26,Grand Canyon,Fresno St.,Home,58.90%,41.10%,Grand Canyon -1.57,4.8,148,248,Fresno St. 10-8
4/2/26,Hofstra,Towson,Away,56.40%,43.60%,Hofstra -1.04,4.7,178,245,Towson 9-6
4/2/26,San Francisco,LMU (CA),Home,58.10%,41.90%,San Francisco -1.52,4.6,175,254,LMU (CA) 12-10
4/2/26,Northern Ky.,Wright St.,Away,28.30%,71.70%,Wright St. -3.13,4.6,227,153,Wright St. 9-5
4/2/26,St. John's (NY),Seton Hall,Home,72.40%,27.60%,St. John's (NY) -3.7,4.5,92,263,St. John's (NY) 8-2
4/2/26,Gardner-Webb,UNC Asheville,Away,51.80%,48.20%,Gardner-Webb -0.29,4.5,205,259,Gardner-Webb 13-6
4/2/26,Belmont,Murray St.,Away,30.40%,69.60%,Murray St. -2.84,4.5,233,159,Murray St. 9-3
4/2/26,Utah Valley,CSU Bakersfield,Home,39.10%,60.90%,CSU Bakersfield -1.62,4.5,243,191,Utah Valley 14-4
4/2/26,Saint Louis,Saint Joseph's,Home,27.70%,72.30%,Saint Joseph's -3.47,4.4,264,107,Saint Joseph's 18-4
4/2/26,Butler,Villanova,Away,43.50%,56.50%,Villanova -0.85,4.3,236,241,Butler 8-6
4/2/26,FGCU,West Ga.,Away,69.80%,30.20%,FGCU -3.18,4.3,118,268,West Ga. 9-4
4/2/26,UC Riverside,Cal St. Fullerton,Home,19.00%,81.00%,Cal St. Fullerton -4.9,4.2,246,119,Cal St. Fullerton 9-1
4/2/26,Fairfield,Merrimack,Away,57.90%,42.10%,Fairfield -1.28,4.2,213,257,Fairfield 7-6
4/2/26,Lipscomb,Bellarmine,Home,65.90%,34.10%,Lipscomb -2.55,4.2,165,260,Lipscomb 9-4
4/2/26,Marist,Rider,Away,29.60%,70.40%,Rider -2.92,4.2,242,184,Rider 9-2
4/2/26,Eastern Mich.,Toledo,Away,24.90%,75.10%,Toledo -3.84,4.1,238,170,Toledo 10-2
4/2/26,Northern Colo.,Oral Roberts,Away,16.40%,83.60%,Oral Roberts -5.49,4,256,116,Oral Roberts 3-1
4/2/26,Queens (NC),North Florida,Home,24.30%,75.70%,North Florida -3.96,4,255,149,Queens (NC) 7-3
4/2/26,Niagara,Quinnipiac,Away,37.30%,62.70%,Quinnipiac -1.47,3.9,230,252,Niagara 8-6
4/2/26,Austin Peay,Eastern Ky.,Away,66.50%,33.50%,Austin Peay -2.16,3.9,201,258,Austin Peay 5-2
4/2/26,Richmond,La Salle,Home,74.80%,25.10%,Richmond -3.83,3.9,160,261,Richmond 6-0
4/2/26,Ark.-Pine Bluff,Alabama St.,Home,30.20%,69.80%,Alabama St. -3.0,3.8,266,194,Alabama St. 14-10
4/2/26,St. Thomas (MN),North Dakota St.,Home,38.70%,61.30%,North Dakota St. -1.54,3.7,267,244,St. Thomas (MN) 0-0
4/2/26,Kent St.,Ohio,Away,88.40%,11.60%,Kent St. -7.08,3.7,61,294,Kent St. 11-5
4/2/26,Jackson St.,Grambling,Home,51.80%,48.20%,Jackson St. -0.19,3.6,283,273,Grambling 12-9
4/2/26,Valparaiso,Washington,Away,15.20%,84.80%,Washington -6.02,3.5,276,128,Washington 6-3
4/2/26,Akron,Bowling Green,Away,32.50%,67.50%,Bowling Green -2.29,3.5,265,234,Bowling Green 6-2
4/2/26,UMass Lowell,UAlbany,Away,59.20%,40.80%,UMass Lowell -1.32,3.4,253,288,UMass Lowell 4-0
4/2/26,Presbyterian,Charleston So.,Home,17.70%,82.30%,Charleston So. -5.29,3.4,278,154,Charleston So. 7-0
4/2/26,George Washington,St. Bonaventure,Away,55.30%,44.70%,George Washington -0.74,3.2,282,292,St. Bonaventure 11-0
4/2/26,Wagner,Central Conn. St.,Home,64.50%,35.50%,Wagner -2.21,3.1,247,297,Central Conn. St. 10-9
4/2/26,Iona,UMBC,Away,25.40%,74.60%,UMBC -3.6,3,290,221,UMBC 9-8
4/2/26,New Haven,Mercyhurst,Home,40.00%,60.00%,Mercyhurst -1.38,2.8,302,299,Mercyhurst 12-3
4/2/26,Mississippi Val.,Alcorn,Home,62.40%,37.60%,Mississippi Val. -1.78,2.6,301,305,Mississippi Val. 13-10
4/2/26,Florida A&M,Prairie View,Away,81.30%,18.70%,Florida A&M -5.16,2.5,225,300,Florida A&M 17-14
4/2/26,Coppin St.,Norfolk St.,Away,26.70%,73.30%,Norfolk St. -3.4,2.2,303,298,Norfolk St. 7-6
4/2/26,Texas Southern,Alabama A&M,Home,80.00%,20.00%,Texas Southern -4.79,2,285,304,Texas Southern 7-5
4/2/26,UMES,FDU,Home,8.20%,91.80%,FDU -8.22,1.9,307,240,FDU 7-3
4/2/26,Stonehill,Delaware St.,Home,84.20%,15.80%,Stonehill -5.63,1.8,286,306,Stonehill 13-2
4/2/26,Saint Peter's,Canisius,Home,10.10%,89.90%,Canisius -7.46,1.7,308,274,Canisius 11-0
4/1/26,Clemson,Wake Forest,Neutral,42.70%,57.30%,Wake Forest -1.17,8.7,55,25,Wake Forest 15-4
4/1/26,UCF,Penn St.,Home,72.10%,27.90%,UCF -3.44,6.1,33,192,UCF 0-0
4/1/26,Rhode Island,Holy Cross,Home,57.10%,42.90%,Rhode Island -1.1,4.3,214,249,Rhode Island 0-0
4/1/26,Manhattan,Lafayette,Home,49.00%,51.00%,Lafayette -0.03,3.3,291,295,Lafayette 6-5
4/1/26,Iona,La Salle,Away,36.50%,63.50%,La Salle -1.83,3.1,290,261,La Salle 18-13
4/1/26,Mississippi Val.,Alcorn,Home,62.40%,37.60%,Mississippi Val. -1.78,2.6,301,305,Mississippi Val. 6-5
4/1/26,Mississippi Val.,Alcorn,Home,62.40%,37.60%,Mississippi Val. -1.78,2.6,301,305,Mississippi Val. 15-8
3/31/26,Alabama,Jacksonville St.,Away,49.30%,50.70%,Alabama -0.11,9.6,9,22,Alabama 4-3
3/31/26,Auburn,Georgia Tech,Away,32.60%,67.40%,Georgia Tech -2.54,9.2,8,4,Georgia Tech 13-3
3/31/26,Arkansas,Missouri St.,Away,62.10%,37.90%,Arkansas -2.0,8.9,17,35,Missouri St. 15-14
3/31/26,Liberty,NC State,Away,44.60%,55.40%,NC State -0.58,8.8,31,51,Liberty 7-5
3/31/26,Kansas St.,BYU,Home,53.30%,46.70%,Kansas St. -0.49,8.6,44,62,Kansas St. 16-3
3/31/26,UC Santa Barbara,Southern California,Home,30.00%,70.00%,Southern California -2.91,8.6,32,15,Southern California 7-6
3/31/26,Oklahoma St.,DBU,Home,55.30%,44.70%,Oklahoma St. -0.92,8.6,27,71,Oklahoma St. 14-5
3/31/26,Coastal Carolina,The Citadel,Away,55.80%,44.20%,Coastal Carolina -0.62,8.5,40,69,Coastal Carolina 3-2
3/31/26,Wake Forest,High Point,Home,62.40%,37.60%,Wake Forest -1.96,8.2,25,77,High Point 1-0
3/31/26,Tarleton St.,Baylor,Home,35.60%,64.40%,Baylor -1.73,8.1,58,60,Tarleton St. 5-1
3/31/26,Campbell,North Carolina,Away,20.90%,79.10%,North Carolina -4.69,8,53,5,North Carolina 5-4
3/31/26,Nebraska,Creighton,Home,64.00%,36.00%,Nebraska -2.21,7.9,16,97,Nebraska 6-5
3/31/26,Miami (OH),Kentucky,Home,30.20%,69.80%,Kentucky -2.85,7.9,76,28,Kentucky 14-11
3/31/26,Kansas,Missouri,Away,71.90%,28.10%,Kansas -3.51,7.8,12,87,Kansas 11-8
3/31/26,Texas St.,Texas,Home,16.40%,83.60%,Texas -5.66,7.8,59,3,Texas 10-8
3/31/26,Saint Mary's (CA),California,Home,41.30%,58.70%,California -1.3,7.8,96,56,Saint Mary's (CA) 0-0
3/31/26,Southeastern La.,Southern Miss.,Away,25.40%,74.60%,Southern Miss. -3.67,7.6,86,21,Southeastern La. 5-1
3/31/26,Lamar University,TCU,Away,29.90%,70.10%,TCU -2.95,7.6,95,30,TCU 8-6
3/31/26,Kennesaw St.,Mercer,Away,28.30%,71.70%,Mercer -3.28,7.5,88,41,Mercer 14-4
3/31/26,UCLA,UC Irvine,Home,80.50%,19.50%,UCLA -5.11,7.4,1,93,UCLA 9-1
3/31/26,Louisiana,McNeese,Away,56.20%,43.80%,Louisiana -1.15,7.4,39,139,McNeese 10-7
3/31/26,Oklahoma,Oral Roberts,Away,72.60%,27.40%,Oklahoma -3.7,7.3,13,116,Oklahoma 4-0
3/31/26,West Virginia,Arizona,Home,72.30%,27.70%,West Virginia -3.62,7.2,6,130,West Virginia 7-4
3/31/26,UConn,Northeastern,Home,37.90%,62.10%,Northeastern -1.79,7.2,100,102,UConn 21-5
3/31/26,Purdue,Indiana St.,Home,60.50%,39.50%,Purdue -1.74,7.1,54,138,Indiana St. 12-4
3/31/26,UTRGV,Rice,Home,35.80%,64.20%,Rice -2.04,7.1,126,65,Rice 6-4
3/31/26,Wofford,South Carolina,Home,40.70%,59.30%,South Carolina -1.08,7,122,104,South Carolina 11-1
3/31/26,Illinois,Illinois St.,Away,54.50%,45.50%,Illinois -0.81,7,94,145,Illinois St. 4-1
3/31/26,Arkansas St.,Memphis,Away,62.00%,38.00%,Arkansas St. -1.51,6.9,83,134,Memphis 11-9
3/31/26,FGCU,Miami (FL),Away,21.80%,78.20%,Miami (FL) -4.43,6.9,118,29,Miami (FL) 12-4
3/31/26,UNCW,East Carolina,Home,29.90%,70.10%,East Carolina -3.14,6.9,131,43,East Carolina 14-8
3/31/26,Washington,Oregon St.,Home,20.90%,79.10%,Oregon St. -4.66,6.8,128,18,Washington 18-2
3/31/26,Little Rock,Ole Miss,Away,13.00%,87.00%,Ole Miss -6.41,6.8,113,11,Ole Miss 7-4
3/31/26,Old Dominion,Virginia,Away,19.00%,81.00%,Virginia -4.75,6.7,125,34,Virginia 16-2
3/31/26,Abilene Christian,Texas Tech,Away,35.70%,64.30%,Texas Tech -2.12,6.6,151,80,Texas Tech 15-4
3/31/26,Col. of Charleston,Winthrop,Away,44.60%,55.40%,Winthrop -0.48,6.5,152,129,Col. of Charleston 15-5
3/31/26,Murray St.,Southeast Mo. St.,Away,36.70%,63.30%,Southeast Mo. St. -1.97,6.5,159,75,Southeast Mo. St. 8-1
3/31/26,Portland,Oregon,Home,13.80%,86.20%,Oregon -6.41,6.5,127,20,Portland 3-0
3/31/26,Richmond,Maryland,Home,38.20%,61.80%,Maryland -1.53,6.4,160,101,Maryland 19-4
3/31/26,Jacksonville,Florida,Home,11.40%,88.60%,Florida -6.99,6.4,132,14,Jacksonville 4-3
3/31/26,Wright St.,Cincinnati,Home,19.60%,80.40%,Cincinnati -4.99,6.4,153,24,Cincinnati 8-5
3/31/26,ULM,Louisiana Tech,Home,31.60%,68.40%,Louisiana Tech -2.71,6.4,150,81,ULM 14-3
3/31/26,USC Upstate,George Mason,Home,55.00%,45.00%,USC Upstate -0.81,6.3,108,181,USC Upstate 14-10
3/31/26,Toledo,Ohio St.,Home,34.50%,65.50%,Ohio St. -2.23,6.3,170,78,Ohio St. 10-5
3/31/26,Sam Houston,Texas A&M,Away,10.30%,89.70%,Texas A&M -7.41,6.2,146,7,Texas A&M 16-2
3/31/26,Georgia St.,Georgia,Home,6.60%,93.40%,Georgia -9.06,6.2,143,2,Georgia 14-9
3/31/26,Longwood,VCU,Away,34.80%,65.20%,VCU -2.22,6.2,156,117,VCU 6-1
3/31/26,Virginia Tech,Radford,Home,72.70%,27.30%,Virginia Tech -3.57,6,49,187,Virginia Tech 13-5
3/31/26,Florida St.,Stetson,Away,79.90%,20.10%,Florida St. -4.93,6,19,183,Florida St. 6-3
3/31/26,North Ala.,UAB,Away,27.90%,72.10%,UAB -3.18,6,176,68,UAB 10-0
3/31/26,New Orleans,South Alabama,Away,25.60%,74.40%,South Alabama -3.58,5.8,188,66,New Orleans 2-1
3/31/26,CSUN,Pepperdine,Away,52.60%,47.40%,CSUN -0.44,5.8,144,198,Pepperdine 6-5
3/31/26,Nicholls,Tulane,Away,33.70%,66.30%,Tulane -2.22,5.8,166,137,Tulane 6-2
3/31/26,Bethune-Cookman,South Fla.,Away,21.80%,78.20%,South Fla. -4.19,5.8,171,74,Bethune-Cookman 6-5
3/31/26,San Francisco,UC Davis,Away,32.40%,67.60%,UC Davis -2.46,5.8,175,111,San Francisco 0-0
3/31/26,Hofstra,Rutgers,Away,31.70%,68.30%,Rutgers -2.49,5.7,178,124,Hofstra 3-2
3/31/26,Xavier,Ball St.,Home,61.00%,39.00%,Xavier -1.91,5.7,91,212,Xavier 13-12
3/31/26,Indiana,Evansville,Home,64.70%,35.30%,Indiana -2.28,5.7,103,200,Evansville 5-4
3/31/26,UTSA,UIW,Home,79.30%,20.70%,UTSA -4.81,5.5,46,202,UIW 13-11
3/31/26,Fla. Atlantic,FIU,Home,61.40%,38.60%,Fla. Atlantic -1.69,5.5,115,211,FIU 9-1
3/31/26,Austin Peay,Tennessee,Away,13.20%,86.80%,Tennessee -6.59,5.4,201,26,Tennessee 13-4
3/31/26,Washington St.,Seattle U,Home,64.00%,36.00%,Washington St. -2.22,5.3,79,237,Washington St. 10-0
3/31/26,James Madison,Georgetown,Home,49.40%,50.60%,James Madison -0.01,5.3,182,219,James Madison 12-7
3/31/26,Yale,Fairfield,Home,56.60%,43.40%,Yale -0.94,5.3,164,213,Fairfield 9-6
3/31/26,Maine,Boston College,Home,17.70%,82.30%,Boston College -5.27,5.3,216,37,Boston College 7-4
3/31/26,Milwaukee,UIC,Away,37.20%,62.80%,UIC -1.62,5.3,180,190,UIC 12-5
3/31/26,Utah,Utah Valley,Away,66.20%,33.80%,Utah -2.63,5.2,70,243,Utah 15-9
3/31/26,Alabama St.,Troy,Away,13.10%,86.90%,Troy -6.46,5.2,194,57,Troy 14-2
3/31/26,Ga. Southern,North Florida,Away,33.00%,67.00%,North Florida -2.4,5.2,203,149,Ga. Southern 3-2
3/31/26,Rider,Delaware,Home,48.50%,51.50%,Rider -0.02,5.1,184,229,Rider 10-5
3/31/26,VMI,William & Mary,Away,53.20%,46.80%,VMI -0.43,5,196,222,VMI 10-3
3/31/26,Davidson,Duke,Away,20.90%,79.10%,Duke -4.62,5,220,82,Duke 14-9
3/31/26,Bryant,Brown,Home,54.80%,45.20%,Bryant -0.49,5,217,208,Brown 10-0
3/31/26,Southern Ind.,Middle Tenn.,Home,33.90%,66.10%,Middle Tenn. -2.14,4.9,204,179,Southern Ind. 7-2
3/31/26,Cal Poly,Fresno St.,Away,76.60%,23.40%,Cal Poly -4.42,4.9,52,248,Cal Poly 10-4
3/31/26,Lindenwood,Southern Ill.,Away,41.10%,58.90%,Southern Ill. -1.15,4.9,195,218,Lindenwood 3-1
3/31/26,Central Mich.,Michigan St.,Away,20.80%,79.20%,Michigan St. -4.65,4.7,224,109,Central Mich. 0-0
3/31/26,Belmont,Vanderbilt,Away,10.40%,89.60%,Vanderbilt -7.38,4.7,233,38,Vanderbilt 11-3
3/31/26,Southern U.,LSU,Home,6.80%,93.30%,LSU -8.73,4.5,232,45,LSU 16-6
3/31/26,Samford,West Ga.,Away,72.00%,28.00%,Samford -3.64,4.5,89,268,Samford 16-1
3/31/26,Columbia,Fordham,Away,40.00%,60.00%,Fordham -1.07,4.3,226,235,Fordham 9-8
3/31/26,Louisville,Eastern Ky.,Neutral,88.20%,11.80%,Louisville -6.9,4.2,67,258,Louisville 17-7
3/31/26,Holy Cross,Merrimack,Away,49.00%,51.00%,Merrimack -0.06,4.2,249,257,Holy Cross 15-13
3/31/26,Central Ark.,Ark.-Pine Bluff,Home,66.10%,33.90%,Central Ark. -2.36,4.2,161,266,Ark.-Pine Bluff 13-3
3/31/26,Wagner,St. John's (NY),Home,10.90%,89.10%,St. John's (NY) -7.17,4.1,247,92,St. John's (NY) 11-2
3/31/26,Gardner-Webb,N.C. A&T,Away,58.40%,41.60%,Gardner-Webb -1.24,4,205,272,N.C. A&T 16-6
3/31/26,Tennessee Tech,Western Ky.,Away,15.00%,85.00%,Western Ky. -5.91,4,251,110,Western Ky. 12-0
3/31/26,Grambling,Mississippi St.,Away,2.20%,97.80%,Mississippi St. -12.61,4,273,10,Mississippi St. 12-0
3/31/26,Northern Colo.,Air Force,Home,18.20%,81.80%,Air Force -5.15,4,256,121,Air Force 18-6
3/31/26,UNC Asheville,App State,Home,16.50%,83.50%,App State -5.48,4,259,106,App State 17-7
3/31/26,La Salle,Bucknell,Home,38.10%,61.90%,Bucknell -1.71,3.9,261,223,Bucknell 7-3
3/31/26,Quinnipiac,Massachusetts,Home,47.00%,53.00%,Massachusetts -0.23,3.9,252,269,Quinnipiac 17-6
3/31/26,Queens (NC),Elon,Home,35.50%,64.50%,Elon -1.96,3.8,255,228,Elon 8-7
3/31/26,Presbyterian,Western Caro.,Away,12.60%,87.40%,Western Caro. -6.72,3.8,278,84,Presbyterian 6-5
3/31/26,Iowa,Bradley,Home,88.60%,11.40%,Iowa -7.13,3.7,63,289,Iowa 21-8
3/31/26,Valparaiso,Northwestern,Home,21.60%,78.50%,Northwestern -4.58,3.7,276,141,Northwestern 13-9
3/31/26,Bellarmine,Northern Ky.,Away,32.10%,67.90%,Northern Ky. -2.42,3.6,260,227,Bellarmine 15-12
3/31/26,Binghamton,St. Bonaventure,Away,70.50%,29.50%,Binghamton -3.25,3.6,163,292,St. Bonaventure 7-3
3/31/26,LIU,Siena,Away,59.20%,40.80%,LIU -1.53,3.6,239,279,LIU 0-0
3/31/26,George Washington,UMBC,Away,37.50%,62.50%,UMBC -1.84,3.6,282,221,UMBC 7-4
3/31/26,Dartmouth,UMass Lowell,Away,40.80%,59.20%,UMass Lowell -1.18,3.5,277,253,UMass Lowell 4-3
3/31/26,Youngstown St.,Akron,Home,40.60%,59.40%,Akron -1.14,3.5,270,265,Akron 11-10
3/31/26,Mercyhurst,Pittsburgh,Away,4.60%,95.40%,Pittsburgh -10.3,3.5,299,36,Pittsburgh 27-3
3/31/26,Le Moyne,Canisius,Home,40.20%,59.80%,Canisius -1.31,3.4,275,274,Le Moyne 0-0
3/31/26,Lehigh,Saint Joseph's,Away,15.30%,84.70%,Saint Joseph's -5.91,3.4,296,107,Saint Joseph's 16-10
3/31/26,NJIT,Marist,Home,40.80%,59.30%,Marist -1.52,3.4,293,242,NJIT 11-9
3/31/26,Cornell,Army West Point,Home,28.30%,71.70%,Army West Point -3.22,3.3,287,197,Army West Point 12-6
3/31/26,Oakland,Bowling Green,Home,27.30%,72.70%,Bowling Green -3.26,3.2,271,234,Oakland 0-0
3/31/26,Texas Southern,Houston Christian,Home,14.80%,85.20%,Houston Christian -5.97,3.1,285,169,Houston Christian 24-4
3/31/26,Stonehill,Harvard,Home,30.20%,69.80%,Harvard -2.77,2.9,286,262,Stonehill 0-0
3/31/26,Sacred Heart,Central Conn. St.,Home,63.00%,37.00%,Sacred Heart -1.89,2.8,284,297,Central Conn. St. 12-8
3/31/26,Ohio,Marshall,Home,12.60%,87.40%,Marshall -6.54,2.8,294,174,Ohio 5-3
3/31/26,Lafayette,Villanova,Away,25.60%,74.40%,Villanova -3.67,2.8,295,241,Lafayette 11-1
3/31/26,Stony Brook,New Haven,Home,80.00%,20.00%,Stony Brook -4.94,2.7,207,302,Stony Brook 15-12
3/31/26,Prairie View,SFA,Away,7.50%,92.50%,SFA -8.43,2.5,300,173,SFA 15-3
3/31/26,Saint Peter's,Monmouth,Home,5.00%,95.00%,Monmouth -9.95,2.3,308,167,Saint Peter's 19-12
3/31/26,Penn,Delaware St.,Home,94.50%,5.50%,Penn -9.56,2.1,206,306,Penn 10-5
3/31/26,Alabama A&M,UT Martin,Away,5.90%,94.10%,UT Martin -9.33,1.9,304,231,UT Martin 22-4
3/31/26,Coppin St.,Towson,Away,6.20%,93.80%,Towson -9.05,1.8,303,245,Towson 18-1
3/31/26,Mount St. Mary's,UMES,Away,88.40%,11.60%,Mount St. Mary's -6.92,1.7,280,307,Mount St. Mary's 0-0
3/30/26,San Diego St.,Arizona St.,Home,22.80%,77.20%,Arizona St. -4.16,7.7,73,23,Arizona St. 6-2
3/30/26,Nevada,Gonzaga,Home,33.70%,66.30%,Gonzaga -2.59,7,135,48,Gonzaga 7-2
3/30/26,San Jose St.,Santa Clara,Away,40.30%,59.70%,Santa Clara -1.27,6.3,142,147,Santa Clara 5-3
3/30/26,CSU Bakersfield,UNLV,Away,28.70%,71.30%,UNLV -3.0,5.3,191,136,CSU Bakersfield 17-14
3/30/26,Utah Tech,Saint Louis,Home,68.10%,31.90%,Utah Tech -2.8,4.6,105,264,Saint Louis 3-2
3/30/26,Indiana St.,Valparaiso,Away,70.90%,29.10%,Indiana St. -3.3,4,138,276,Indiana St. 10-1
3/30/26,Columbia,Dartmouth,Away,55.30%,44.70%,Columbia -0.97,3.9,226,277,Dartmouth 5-0
3/30/26,Harvard,Cornell,Home,45.80%,54.20%,Cornell -0.49,3.5,262,287,Harvard 16-3
3/29/26,Auburn,Alabama,Home,49.60%,50.40%,Alabama -0.1,9.8,8,9,Alabama 3-1
3/29/26,Florida,Arkansas,Home,49.00%,51.00%,Arkansas -0.19,9.6,14,17,Florida 7-6
3/29/26,Mississippi St.,Ole Miss,Away,46.40%,53.60%,Ole Miss -0.48,9.6,10,11,Mississippi St. 7-1
3/29/26,West Virginia,Arizona St.,Home,51.60%,48.40%,West Virginia -0.54,9.6,6,23,West Virginia 9-5
3/29/26,Kansas,Cincinnati,Home,51.40%,48.60%,Kansas -0.5,9.5,12,24,Kansas 13-6
3/29/26,Oregon,UC Santa Barbara,Away,57.50%,42.50%,Oregon -1.22,9.1,20,32,Oregon 2-0
3/29/26,Tennessee,Vanderbilt,Away,46.40%,53.60%,Vanderbilt -0.34,9.1,26,38,Vanderbilt 16-15
3/29/26,Virginia,Boston College,Home,57.00%,43.00%,Virginia -0.94,8.9,34,37,Virginia 3-1
3/29/26,Kentucky,LSU,Away,41.30%,58.70%,LSU -1.04,8.8,28,45,LSU 17-10
3/29/26,East Carolina,UTSA,Away,43.00%,57.00%,UTSA -0.74,8.7,43,46,UTSA 8-7
3/29/26,North Carolina,Notre Dame,Away,67.30%,32.70%,North Carolina -2.75,8.6,5,47,North Carolina 15-10
3/29/26,Mercer,Oregon St.,Away,29.80%,70.20%,Oregon St. -2.79,8.5,41,18,Oregon St. 3-1
3/29/26,Missouri St.,DBU,Home,41.90%,58.10%,DBU -1.01,8.4,35,71,DBU 8-5
3/29/26,Pittsburgh,Louisville,Home,41.80%,58.20%,Louisville -0.96,8.4,36,67,Pittsburgh 13-7
3/29/26,Kansas St.,Utah,Away,57.80%,42.20%,Kansas St. -1.12,8.3,44,70,Utah 16-14
3/29/26,Stanford,Virginia Tech,Away,38.70%,61.30%,Virginia Tech -1.49,8.2,64,49,Stanford 6-3
3/29/26,California,Wake Forest,Away,28.70%,71.30%,Wake Forest -3.09,8.1,56,25,California 5-3
3/29/26,Baylor,Houston,Away,47.80%,52.20%,Houston -0.16,8.1,60,90,Baylor 14-7
3/29/26,Jacksonville St.,Louisiana Tech,Away,64.00%,36.00%,Jacksonville St. -2.17,8.1,22,81,Jacksonville St. 7-4
3/29/26,California Baptist,St. John's (NY),Away,56.40%,43.60%,California Baptist -0.77,8.1,42,92,California Baptist 4-0
3/29/26,Miami (OH),Kent St.,Home,39.10%,60.90%,Kent St. -1.45,8,76,61,Miami (OH) 8-5
3/29/26,UCLA,Iowa,Home,76.10%,23.90%,UCLA -4.21,8,1,63,UCLA 14-6
3/29/26,NC State,Georgia Tech,Home,19.80%,80.20%,Georgia Tech -4.93,8,51,4,Georgia Tech 10-0
3/29/26,South Fla.,Charlotte,Home,48.70%,51.30%,Charlotte -0.21,7.9,74,98,Charlotte 10-3
3/29/26,Western Caro.,The Citadel,Home,42.50%,57.50%,The Citadel -1.1,7.9,84,69,Western Caro. 16-3
3/29/26,Texas Tech,TCU,Home,29.90%,70.10%,TCU -3.03,7.8,80,30,TCU 5-4
3/29/26,Purdue,Michigan St.,Home,55.60%,44.40%,Purdue -0.85,7.8,54,109,Purdue 11-4
3/29/26,Ohio St.,Minnesota,Home,35.80%,64.20%,Minnesota -1.72,7.7,78,72,Ohio St. 12-9
3/29/26,Texas A&M,Missouri,Home,77.60%,22.40%,Texas A&M -4.44,7.6,7,87,Texas A&M 14-3
3/29/26,Duke,Florida St.,Away,22.20%,77.80%,Florida St. -4.29,7.6,82,19,Duke 11-4
3/29/26,Southern California,Maryland,Home,72.90%,27.10%,Southern California -3.65,7.5,15,101,Southern California 14-4
3/29/26,Michigan,Rutgers,Away,57.10%,42.90%,Michigan -1.17,7.5,50,124,Michigan 6-2
3/29/26,UC San Diego,UC Davis,Home,45.90%,54.10%,UC Davis -0.44,7.5,85,111,UC San Diego 9-5
3/29/26,Air Force,Tarleton St.,Away,40.40%,59.60%,Tarleton St. -1.57,7.4,121,58,Tarleton St. 11-10
3/29/26,Xavier,UConn,Home,39.80%,60.30%,UConn -1.2,7.4,91,100,Xavier 6-1
3/29/26,Indiana,Nebraska,Away,24.20%,75.80%,Nebraska -4.04,7.4,103,16,Nebraska 12-4
3/29/26,Sacramento St.,Creighton,Home,44.70%,55.30%,Creighton -0.58,7.3,120,97,Creighton 4-3
3/29/26,Fla. Atlantic,Rice,Away,36.60%,63.40%,Rice -1.93,7.3,115,65,Rice 8-1
3/29/26,Arizona,UCF,Away,32.80%,67.30%,UCF -2.49,7.2,130,33,UCF 3-2
3/29/26,App State,Southern Miss.,Away,22.70%,77.30%,Southern Miss. -4.29,7.2,106,21,Southern Miss. 13-4
3/29/26,Nevada,Washington St.,Away,41.60%,58.40%,Washington St. -1.38,7.1,135,79,Nevada 12-5
3/29/26,San Diego St.,Grand Canyon,Home,53.00%,47.00%,San Diego St. -0.57,7.1,73,148,San Diego St. 7-2
3/29/26,Old Dominion,South Alabama,Away,33.80%,66.20%,South Alabama -2.22,7,125,66,South Alabama 12-1
3/29/26,Cal St. Fullerton,Hawaii,Away,40.80%,59.30%,Hawaii -1.28,7,119,112,Hawaii 6-5
3/29/26,Wichita St.,Memphis,Home,54.40%,45.60%,Wichita St. -0.53,7,114,134,Wichita St. 7-3
3/29/26,South Carolina,Georgia,Home,10.50%,89.50%,Georgia -7.48,6.9,104,2,Georgia 9-7
3/29/26,Tulane,UAB,Away,35.10%,64.90%,UAB -2.08,6.9,137,68,UAB 5-4
3/29/26,Texas St.,Georgia St.,Home,63.80%,36.20%,Texas St. -2.03,6.9,59,143,Texas St. 12-3
3/29/26,Saint Mary's (CA),Portland,Home,60.80%,39.20%,Saint Mary's (CA) -1.66,6.9,96,127,Portland 6-1
3/29/26,North Florida,Jacksonville,Home,46.00%,54.00%,Jacksonville -0.58,6.6,149,132,North Florida 12-6
3/29/26,Western Ky.,Sam Houston,Home,63.30%,36.70%,Western Ky. -1.85,6.5,110,146,Western Ky. 8-2
3/29/26,Coastal Carolina,Marshall,Away,65.00%,35.00%,Coastal Carolina -2.37,6.5,40,174,Coastal Carolina 5-4
3/29/26,ULM,Louisiana,Home,25.40%,74.60%,Louisiana -3.87,6.5,150,39,Louisiana 4-0
3/29/26,San Jose St.,UNLV,Away,38.60%,61.40%,UNLV -1.41,6.4,142,136,San Jose St. 18-8
3/29/26,Col. of Charleston,Campbell,Home,27.00%,73.00%,Campbell -3.46,6.4,152,53,Campbell 3-2
3/29/26,Charleston So.,Winthrop,Away,41.90%,58.10%,Winthrop -0.93,6.4,154,129,Winthrop 5-4
3/29/26,Abilene Christian,McNeese,Away,41.80%,58.20%,McNeese -1.28,6.3,151,139,McNeese 11-10
3/29/26,Northwestern,Washington,Away,33.60%,66.40%,Washington -2.32,6.3,141,128,Washington 7-2
3/29/26,Northwestern St.,Nicholls,Home,52.70%,47.30%,Northwestern St. -0.28,6.2,157,166,Northwestern St. 6-4
3/29/26,Gonzaga,Pacific,Away,64.80%,35.20%,Gonzaga -2.4,6.2,48,193,Pacific 7-4
3/29/26,Morehead St.,Eastern Ill.,Home,35.70%,64.30%,Eastern Ill. -1.89,6.1,158,133,Morehead St. 8-5
3/29/26,Longwood,Radford,Away,48.50%,51.50%,Radford -0.07,6,156,187,Longwood 6-5
3/29/26,Illinois,Penn St.,Away,62.20%,37.80%,Illinois -1.78,6,94,192,Illinois 6-0
3/29/26,Houston Christian,SFA,Away,47.40%,52.60%,SFA -0.26,6,169,173,SFA 5-2
3/29/26,Utah Tech,Southern Ill.,Home,51.60%,48.40%,Utah Tech -0.39,5.9,105,218,Utah Tech 12-4
3/29/26,UNC Greensboro,Wofford,Away,32.70%,67.30%,Wofford -2.39,5.9,168,122,Wofford 6-3
3/29/26,UC Irvine,Long Beach St.,Home,60.50%,39.50%,UC Irvine -1.68,5.8,93,210,UC Irvine 7-1
3/29/26,Northeastern,Hofstra,Home,70.20%,29.80%,Northeastern -3.11,5.8,102,178,Hofstra 11-10
3/29/26,Austin Peay,Central Ark.,Away,48.70%,51.30%,Central Ark. -0.39,5.7,201,161,Austin Peay 8-4
3/29/26,Stetson,FGCU,Home,33.50%,66.50%,FGCU -2.32,5.7,183,118,Stetson 0-0
3/29/26,Stetson,FGCU,Home,33.50%,66.50%,FGCU -2.32,5.7,183,118,FGCU 10-6
3/29/26,San Diego,Pepperdine,Home,49.90%,50.10%,San Diego -0.07,5.7,177,198,Pepperdine 7-4
3/29/26,James Madison,Arkansas St.,Home,24.30%,75.70%,Arkansas St. -3.83,5.6,182,83,Arkansas St. 2-1
3/29/26,Troy,Ga. Southern,Home,75.20%,24.80%,Troy -4.12,5.6,57,203,Troy 11-5
3/29/26,Saint Joseph's,Fordham,Home,51.60%,48.40%,Saint Joseph's -0.61,5.6,107,235,Fordham 7-6
3/29/26,Illinois St.,Evansville,Home,58.60%,41.40%,Illinois St. -1.27,5.6,145,200,Illinois St. 15-9
3/29/26,New Orleans,Southeastern La.,Away,24.00%,76.00%,Southeastern La. -3.8,5.5,188,86,Southeastern La. 7-5
3/29/26,High Point,Gardner-Webb,Home,73.90%,26.10%,High Point -3.7,5.4,77,205,High Point 15-4
3/29/26,CSU Bakersfield,CSUN,Away,34.30%,65.70%,CSUN -2.1,5.4,191,144,CSUN 9-5
3/29/26,Kennesaw St.,Delaware,Home,65.30%,34.80%,Kennesaw St. -2.3,5.3,88,229,Kennesaw St. 13-11
3/29/26,Southern Ind.,Little Rock,Home,28.50%,71.50%,Little Rock -3.34,5.3,204,113,Little Rock 9-4
3/29/26,New Mexico St.,Middle Tenn.,Home,33.60%,66.40%,Middle Tenn. -2.22,5.2,186,179,Middle Tenn. 9-6
3/29/26,UIW,Lamar University,Home,21.70%,78.30%,Lamar University -4.54,5.2,202,95,Lamar University 9-0
3/29/26,A&M-Corpus Christi,UTRGV,Away,28.70%,71.30%,UTRGV -3.09,5.2,199,126,A&M-Corpus Christi 5-2
3/29/26,FIU,Liberty,Away,14.00%,86.00%,Liberty -6.26,5.2,211,31,Liberty 13-0
3/29/26,Fairfield,Binghamton,Home,38.80%,61.20%,Binghamton -1.43,5.1,213,163,Fairfield 5-1
3/29/26,Dayton,Davidson,Home,53.60%,46.40%,Dayton -0.64,5.1,185,220,Davidson 9-8
3/29/26,Fairfield,Binghamton,Home,38.80%,61.20%,Binghamton -1.43,5.1,213,163,Binghamton 12-6
3/29/26,VMI,ETSU,Home,24.80%,75.20%,ETSU -3.83,5.1,196,123,VMI 5-4
3/29/26,Navy,Army West Point,Home,43.30%,56.70%,Army West Point -0.89,5,215,197,Army West Point 4-3
3/29/26,UIC,Belmont,Home,52.40%,47.60%,UIC -0.57,5,190,233,UIC 9-7
3/29/26,Alabama St.,Florida A&M,Away,46.30%,53.80%,Florida A&M -0.4,5,194,225,Florida A&M 7-2
3/29/26,Monmouth,Elon,Home,42.10%,57.90%,Elon -0.75,5,167,228,Monmouth 8-2
3/29/26,Rhode Island,Richmond,Away,33.50%,66.50%,Richmond -2.22,4.9,214,160,Rhode Island 2-1
3/29/26,Lindenwood,UT Martin,Away,54.80%,45.20%,Lindenwood -0.69,4.9,195,231,UT Martin 15-7
3/29/26,Penn,Yale,Away,31.40%,68.60%,Yale -2.74,4.9,206,164,Yale 4-0
3/29/26,Penn,Yale,Away,31.40%,68.60%,Yale -2.74,4.9,206,164,Yale 3-2
3/29/26,Bowling Green,NIU,Away,24.60%,75.40%,NIU -4.06,4.8,234,99,NIU 12-8
3/29/26,Cal Poly,UC Riverside,Away,81.60%,18.40%,Cal Poly -5.32,4.7,52,246,Cal Poly 12-8
3/29/26,Seattle U,San Francisco,Home,36.00%,64.00%,San Francisco -2.02,4.6,237,175,San Francisco 8-5
3/29/26,South Dakota St.,Northern Colo.,Home,54.10%,45.90%,South Dakota St. -0.63,4.4,209,256,South Dakota St. 21-2
3/29/26,Maine,UMass Lowell,Away,52.60%,47.40%,Maine -0.61,4.4,216,253,Maine 10-6
3/29/26,William & Mary,UNCW,Home,18.40%,81.60%,UNCW -5.03,4.4,222,131,William & Mary 9-8
3/29/26,Butler,Milwaukee,Away,32.40%,67.60%,Milwaukee -2.59,4.4,236,180,Butler 8-7
3/29/26,Central Mich.,Eastern Mich.,Away,43.00%,57.00%,Eastern Mich. -0.81,4.4,224,238,Eastern Mich. 13-7
3/29/26,George Mason,Saint Louis,Away,60.00%,40.00%,George Mason -1.69,4.3,181,264,George Mason 3-1
3/29/26,Omaha,St. Thomas (MN),Away,57.40%,42.60%,Omaha -1.24,4.3,189,267,Omaha 11-7
3/29/26,Southeast Mo. St.,Western Ill.,Away,73.90%,26.10%,Southeast Mo. St. -3.83,4.3,75,281,Southeast Mo. St. 19-9
3/29/26,Tennessee Tech,SIUE,Home,26.80%,73.20%,SIUE -3.64,4.3,251,140,SIUE 6-2
3/29/26,Princeton,Brown,Home,38.80%,61.20%,Brown -1.71,4.2,250,208,Brown 4-0
3/29/26,Villanova,UT Arlington,Home,28.00%,72.00%,UT Arlington -3.03,4.2,241,172,UT Arlington 2-1
3/29/26,North Ala.,Bellarmine,Home,64.90%,35.10%,North Ala. -2.37,4.2,176,260,Bellarmine 12-9
3/29/26,Fresno St.,New Mexico,Away,25.50%,74.50%,New Mexico -3.73,4.1,248,155,Fresno St. 18-18
3/29/26,UNC Asheville,USC Upstate,Away,17.80%,82.20%,USC Upstate -5.29,4.1,259,108,UNC Asheville 5-3
3/29/26,Indiana St.,Valparaiso,Away,70.90%,29.10%,Indiana St. -3.3,4,138,276,Valparaiso 10-1
3/29/26,Towson,Stony Brook,Home,32.30%,67.70%,Stony Brook -2.47,4,245,207,Towson 4-3
3/29/26,LMU (CA),Santa Clara,Away,21.40%,78.60%,Santa Clara -4.64,4,254,147,Santa Clara 10-5
3/29/26,Eastern Ky.,Lipscomb,Away,24.20%,75.80%,Lipscomb -3.94,3.9,258,165,Lipscomb 9-2
3/29/26,Toledo,Akron,Home,72.30%,27.70%,Toledo -3.5,3.9,170,265,Akron 7-4
3/29/26,Columbia,Dartmouth,Away,55.30%,44.70%,Columbia -0.97,3.9,226,277,Columbia 3-1
3/29/26,Columbia,Dartmouth,Away,55.30%,44.70%,Columbia -0.97,3.9,226,277,Dartmouth 3-2
3/29/26,Presbyterian,Samford,Away,13.60%,86.40%,Samford -6.48,3.8,278,89,Samford 5-0
3/29/26,Georgetown,N.C. A&T,Away,60.10%,39.90%,Georgetown -1.46,3.8,219,272,N.C. A&T 3-2
3/29/26,Massachusetts,Western Mich.,Away,27.10%,72.90%,Western Mich. -3.45,3.8,269,162,Western Mich. 13-4
3/29/26,West Ga.,Queens (NC),Home,43.80%,56.20%,Queens (NC) -0.92,3.8,268,255,Queens (NC) 9-8
3/29/26,Canisius,Rider,Away,25.30%,74.70%,Rider -3.76,3.5,274,184,Rider 15-7
3/29/26,Harvard,Cornell,Home,45.80%,54.20%,Cornell -0.49,3.5,262,287,Harvard 2-1
3/29/26,Harvard,Cornell,Home,45.80%,54.20%,Cornell -0.49,3.5,262,287,Cornell 9-4
3/29/26,UMBC,UAlbany,Home,64.50%,35.50%,UMBC -2.18,3.4,221,288,UMBC 8-6
3/29/26,Oakland,Wright St.,Away,15.30%,84.70%,Wright St. -5.83,3.4,271,153,Oakland 10-7
3/29/26,Youngstown St.,Northern Ky.,Home,28.70%,71.30%,Northern Ky. -2.92,3.4,270,227,Northern Ky. 5-4
3/29/26,Mount St. Mary's,Sacred Heart,Away,53.70%,46.30%,Mount St. Mary's -0.5,3.4,280,284,Mount St. Mary's 9-6
3/29/26,Jackson St.,Bethune-Cookman,Home,22.80%,77.20%,Bethune-Cookman -4.22,3.4,283,171,Bethune-Cookman 5-4
3/29/26,St. Bonaventure,VCU,Away,13.50%,86.50%,VCU -6.48,3.3,292,117,VCU 6-5
3/29/26,Grambling,Texas Southern,Away,41.70%,58.30%,Texas Southern -0.91,3.3,273,285,Texas Southern 12-1
3/29/26,Murray St.,Bradley,Home,80.20%,19.80%,Murray St. -4.93,3.3,159,289,Murray St. 14-3
3/29/26,Wagner,New Haven,Home,57.10%,42.90%,Wagner -1.37,3.3,247,302,Wagner 14-5
3/29/26,Siena,Marist,Home,33.70%,66.30%,Marist -2.45,3.3,279,242,Marist 13-6
3/29/26,La Salle,George Washington,Home,37.10%,62.90%,George Washington -1.52,3.2,261,282,La Salle 8-4
3/29/26,Iona,Niagara,Away,32.10%,67.90%,Niagara -2.64,3.2,290,230,Niagara 3-2
3/29/26,Lehigh,Bucknell,Home,30.60%,69.40%,Bucknell -2.89,3.1,296,223,Bucknell 12-11
3/29/26,Manhattan,Merrimack,Away,34.30%,65.70%,Merrimack -2.24,3,291,257,Merrimack 13-1
3/29/26,NJIT,Bryant,Home,23.20%,76.80%,Bryant -4.03,2.9,293,217,Bryant 13-9
3/29/26,NJIT,Bryant,Home,23.20%,76.80%,Bryant -4.03,2.9,293,217,Bryant 7-5
3/29/26,Ohio,Ball St.,Home,19.30%,80.70%,Ball St. -4.83,2.8,294,212,Ball St. 17-7
3/29/26,Lafayette,Holy Cross,Home,25.40%,74.60%,Holy Cross -3.73,2.7,295,249,Lafayette 13-9
3/29/26,Lafayette,Holy Cross,Home,25.40%,74.60%,Holy Cross -3.73,2.7,295,249,Lafayette 7-6
3/29/26,Alabama A&M,Mississippi Val.,Away,36.90%,63.10%,Mississippi Val. -1.86,2.6,304,301,Mississippi Val. 9-8
3/29/26,Central Conn. St.,Stonehill,Away,28.50%,71.50%,Stonehill -3.01,2.5,297,286,Stonehill 20-5
3/29/26,Prairie View,Southern U.,Away,16.70%,83.30%,Southern U. -5.54,2.4,300,232,Southern U. 9-8
3/29/26,Norfolk St.,Mercyhurst,Home,27.90%,72.10%,Mercyhurst -2.93,2.3,298,299,Norfolk St. 4-0
3/29/26,FDU,Delaware St.,Home,88.80%,11.20%,FDU -7.1,2,240,306,FDU 9-0
3/29/26,FDU,Delaware St.,Home,88.80%,11.20%,FDU -7.1,2,240,306,FDU 19-1
3/29/26,Quinnipiac,Saint Peter's,Away,89.80%,10.20%,Quinnipiac -7.44,1.9,252,308,Quinnipiac 8-4
3/29/26,LIU,UMES,Away,91.20%,8.80%,LIU -8.01,1.9,239,307,UMES 15-11
3/29/26,Coppin St.,Le Moyne,Away,10.20%,89.80%,Le Moyne -7.28,1.8,303,275,Le Moyne 10-6
3/29/26,Coppin St.,Le Moyne,Away,10.20%,89.80%,Le Moyne -7.28,1.8,303,275,Coppin St. 16-9
3/29/26,Alcorn,Ark.-Pine Bluff,Away,6.30%,93.70%,Ark.-Pine Bluff -9.05,1.6,305,266,Ark.-Pine Bluff 14-2
3/28/26,Auburn,Alabama,Home,49.60%,50.40%,Alabama -0.1,9.8,8,9,Alabama 3-2
3/28/26,Florida,Arkansas,Home,49.00%,51.00%,Arkansas -0.19,9.6,14,17,Florida 7-4
3/28/26,Mississippi St.,Ole Miss,Away,46.40%,53.60%,Ole Miss -0.48,9.6,10,11,Mississippi St. 6-1
3/28/26,West Virginia,Arizona St.,Home,51.60%,48.40%,West Virginia -0.54,9.6,6,23,West Virginia 13-7
3/28/26,Kansas,Cincinnati,Home,51.40%,48.60%,Kansas -0.5,9.5,12,24,Kansas 8-2
3/28/26,Oregon,UC Santa Barbara,Away,57.50%,42.50%,Oregon -1.22,9.1,20,32,UC Santa Barbara 8-2
3/28/26,Tennessee,Vanderbilt,Away,46.40%,53.60%,Vanderbilt -0.34,9.1,26,38,Vanderbilt 6-5
3/28/26,Oklahoma,Texas,Away,32.90%,67.10%,Texas -2.43,9.1,13,3,Texas 5-4
3/28/26,Virginia,Boston College,Home,57.00%,43.00%,Virginia -0.94,8.9,34,37,Boston College 17-0
3/28/26,Miami (FL),Clemson,Home,48.60%,51.40%,Miami (FL) -0.02,8.9,29,55,Miami (FL) 8-6
3/28/26,Kentucky,LSU,Away,41.30%,58.70%,LSU -1.04,8.8,28,45,LSU 7-0
3/28/26,East Carolina,UTSA,Away,43.00%,57.00%,UTSA -0.74,8.7,43,46,UTSA 6-1
3/28/26,North Carolina,Notre Dame,Away,67.30%,32.70%,North Carolina -2.75,8.6,5,47,North Carolina 6-5
3/28/26,North Carolina,Notre Dame,Away,67.30%,32.70%,North Carolina -2.75,8.6,5,47,North Carolina 13-7
3/28/26,Mercer,Oregon St.,Away,29.80%,70.20%,Oregon St. -2.79,8.5,41,18,Oregon St. 19-2
3/28/26,Missouri St.,DBU,Home,41.90%,58.10%,DBU -1.01,8.4,35,71,Missouri St. 8-2
3/28/26,Pittsburgh,Louisville,Home,41.80%,58.20%,Louisville -0.96,8.4,36,67,Louisville 8-5
3/28/26,Oklahoma St.,BYU,Home,62.90%,37.10%,Oklahoma St. -1.99,8.4,27,62,BYU 5-4
3/28/26,Kansas St.,Utah,Away,57.80%,42.20%,Kansas St. -1.12,8.3,44,70,Utah 13-11
3/28/26,Stanford,Virginia Tech,Away,38.70%,61.30%,Virginia Tech -1.49,8.2,64,49,Virginia Tech 10-2
3/28/26,California,Wake Forest,Away,28.70%,71.30%,Wake Forest -3.09,8.1,56,25,Wake Forest 9-5
3/28/26,California,Wake Forest,Away,28.70%,71.30%,Wake Forest -3.09,8.1,56,25,Wake Forest 4-1
3/28/26,Jacksonville St.,Louisiana Tech,Away,64.00%,36.00%,Jacksonville St. -2.17,8.1,22,81,Jacksonville St. 5-3
3/28/26,Baylor,Houston,Away,47.80%,52.20%,Houston -0.16,8.1,60,90,Baylor 10-3
3/28/26,California Baptist,St. John's (NY),Away,56.40%,43.60%,California Baptist -0.77,8.1,42,92,California Baptist 5-3
3/28/26,Miami (OH),Kent St.,Home,39.10%,60.90%,Kent St. -1.45,8,76,61,Miami (OH) 21-3
3/28/26,UCLA,Iowa,Home,76.10%,23.90%,UCLA -4.21,8,1,63,UCLA 19-0
3/28/26,NC State,Georgia Tech,Home,19.80%,80.20%,Georgia Tech -4.93,8,51,4,Georgia Tech 6-4
3/28/26,South Fla.,Charlotte,Home,48.70%,51.30%,Charlotte -0.21,7.9,74,98,South Fla. 9-5
3/28/26,Western Caro.,The Citadel,Home,42.50%,57.50%,The Citadel -1.1,7.9,84,69,The Citadel 13-9
3/28/26,Texas Tech,TCU,Home,29.90%,70.10%,TCU -3.03,7.8,80,30,TCU 10-9
3/28/26,Purdue,Michigan St.,Home,55.60%,44.40%,Purdue -0.85,7.8,54,109,Purdue 16-13
3/28/26,Ohio St.,Minnesota,Home,35.80%,64.20%,Minnesota -1.72,7.7,78,72,Ohio St. 9-3
3/28/26,Texas A&M,Missouri,Home,77.60%,22.40%,Texas A&M -4.44,7.6,7,87,Texas A&M 14-6
3/28/26,Duke,Florida St.,Away,22.20%,77.80%,Florida St. -4.29,7.6,82,19,Florida St. 12-11
3/28/26,Southern California,Maryland,Home,72.90%,27.10%,Southern California -3.65,7.5,15,101,Maryland 6-4
3/28/26,Michigan,Rutgers,Away,57.10%,42.90%,Michigan -1.17,7.5,50,124,Michigan 11-5
3/28/26,UC San Diego,UC Davis,Home,45.90%,54.10%,UC Davis -0.44,7.5,85,111,UC San Diego 3-2
3/28/26,Air Force,Tarleton St.,Away,40.40%,59.60%,Tarleton St. -1.57,7.4,121,58,Tarleton St. 7-6
3/28/26,Xavier,UConn,Home,39.80%,60.30%,UConn -1.2,7.4,91,100,UConn 8-0
3/28/26,Indiana,Nebraska,Away,24.20%,75.80%,Nebraska -4.04,7.4,103,16,Nebraska 12-7
3/28/26,Sacramento St.,Creighton,Home,44.70%,55.30%,Creighton -0.58,7.3,120,97,Sacramento St. 7-4
3/28/26,Fla. Atlantic,Rice,Away,36.60%,63.40%,Rice -1.93,7.3,115,65,Rice 5-2
3/28/26,Arizona,UCF,Away,32.80%,67.30%,UCF -2.49,7.2,130,33,UCF 13-3
3/28/26,App State,Southern Miss.,Away,22.70%,77.30%,Southern Miss. -4.29,7.2,106,21,App State 6-2
3/28/26,Nevada,Washington St.,Away,41.60%,58.40%,Washington St. -1.38,7.1,135,79,Nevada 5-4
3/28/26,San Diego St.,Grand Canyon,Home,53.00%,47.00%,San Diego St. -0.57,7.1,73,148,San Diego St. 12-11
3/28/26,Old Dominion,South Alabama,Away,33.80%,66.20%,South Alabama -2.22,7,125,66,Old Dominion 2-0
3/28/26,Cal St. Fullerton,Hawaii,Away,40.80%,59.30%,Hawaii -1.28,7,119,112,Hawaii 6-2
3/28/26,Wichita St.,Memphis,Home,54.40%,45.60%,Wichita St. -0.53,7,114,134,Memphis 11-1
3/28/26,South Carolina,Georgia,Home,10.50%,89.50%,Georgia -7.48,6.9,104,2,Georgia 3-1
3/28/26,Tulane,UAB,Away,35.10%,64.90%,UAB -2.08,6.9,137,68,UAB 7-4
3/28/26,Texas St.,Georgia St.,Home,63.80%,36.20%,Texas St. -2.03,6.9,59,143,Texas St. 1-0
3/28/26,Saint Mary's (CA),Portland,Home,60.80%,39.20%,Saint Mary's (CA) -1.66,6.9,96,127,Portland 8-5
3/28/26,North Florida,Jacksonville,Home,46.00%,54.00%,Jacksonville -0.58,6.6,149,132,North Florida 4-2
3/28/26,Western Ky.,Sam Houston,Home,63.30%,36.70%,Western Ky. -1.85,6.5,110,146,Sam Houston 11-5
3/28/26,Coastal Carolina,Marshall,Away,65.00%,35.00%,Coastal Carolina -2.37,6.5,40,174,Coastal Carolina 12-4
3/28/26,ULM,Louisiana,Home,25.40%,74.60%,Louisiana -3.87,6.5,150,39,ULM 7-3
3/28/26,San Jose St.,UNLV,Away,38.60%,61.40%,UNLV -1.41,6.4,142,136,UNLV 15-8
3/28/26,Col. of Charleston,Campbell,Home,27.00%,73.00%,Campbell -3.46,6.4,152,53,Campbell 6-3
3/28/26,Charleston So.,Winthrop,Away,41.90%,58.10%,Winthrop -0.93,6.4,154,129,Winthrop 14-4
3/28/26,Abilene Christian,McNeese,Away,41.80%,58.20%,McNeese -1.28,6.3,151,139,Abilene Christian 7-6
3/28/26,Northwestern,Washington,Away,33.60%,66.40%,Washington -2.32,6.3,141,128,Northwestern 10-9
3/28/26,Northwestern St.,Nicholls,Home,52.70%,47.30%,Northwestern St. -0.28,6.2,157,166,Nicholls 9-8
3/28/26,Gonzaga,Pacific,Away,64.80%,35.20%,Gonzaga -2.4,6.2,48,193,Gonzaga 12-5
3/28/26,Morehead St.,Eastern Ill.,Home,35.70%,64.30%,Eastern Ill. -1.89,6.1,158,133,Eastern Ill. 7-2
3/28/26,Longwood,Radford,Away,48.50%,51.50%,Radford -0.07,6,156,187,Radford 10-2
3/28/26,Illinois,Penn St.,Away,62.20%,37.80%,Illinois -1.78,6,94,192,Illinois 16-5
3/28/26,Houston Christian,SFA,Away,47.40%,52.60%,SFA -0.26,6,169,173,Houston Christian 4-3
3/28/26,Utah Tech,Southern Ill.,Home,51.60%,48.40%,Utah Tech -0.39,5.9,105,218,Utah Tech 9-4
3/28/26,UNC Greensboro,Wofford,Away,32.70%,67.30%,Wofford -2.39,5.9,168,122,Wofford 6-1
3/28/26,UC Irvine,Long Beach St.,Home,60.50%,39.50%,UC Irvine -1.68,5.8,93,210,UC Irvine 12-9
3/28/26,Northeastern,Hofstra,Home,70.20%,29.80%,Northeastern -3.11,5.8,102,178,Northeastern 12-11
3/28/26,Austin Peay,Central Ark.,Away,48.70%,51.30%,Central Ark. -0.39,5.7,201,161,Central Ark. 8-0
3/28/26,San Diego,Pepperdine,Home,49.90%,50.10%,San Diego -0.07,5.7,177,198,Pepperdine 3-0
3/28/26,James Madison,Arkansas St.,Home,24.30%,75.70%,Arkansas St. -3.83,5.6,182,83,James Madison 11-10
3/28/26,Troy,Ga. Southern,Home,75.20%,24.80%,Troy -4.12,5.6,57,203,Ga. Southern 10-0
3/28/26,Saint Joseph's,Fordham,Home,51.60%,48.40%,Saint Joseph's -0.61,5.6,107,235,Saint Joseph's 3-0
3/28/26,Illinois St.,Evansville,Home,58.60%,41.40%,Illinois St. -1.27,5.6,145,200,Evansville 4-0
3/28/26,New Orleans,Southeastern La.,Away,24.00%,76.00%,Southeastern La. -3.8,5.5,188,86,Southeastern La. 11-1
3/28/26,High Point,Gardner-Webb,Home,73.90%,26.10%,High Point -3.7,5.4,77,205,High Point 12-8
3/28/26,CSU Bakersfield,CSUN,Away,34.30%,65.70%,CSUN -2.1,5.4,191,144,CSU Bakersfield 8-6
3/28/26,Kennesaw St.,Delaware,Home,65.30%,34.80%,Kennesaw St. -2.3,5.3,88,229,Kennesaw St. 5-1
3/28/26,Southern Ind.,Little Rock,Home,28.50%,71.50%,Little Rock -3.34,5.3,204,113,Little Rock 6-0
3/28/26,New Mexico St.,Middle Tenn.,Home,33.60%,66.40%,Middle Tenn. -2.22,5.2,186,179,Middle Tenn. 8-7
3/28/26,UIW,Lamar University,Home,21.70%,78.30%,Lamar University -4.54,5.2,202,95,UIW 5-3
3/28/26,FIU,Liberty,Away,14.00%,86.00%,Liberty -6.26,5.2,211,31,Liberty 7-1
3/28/26,A&M-Corpus Christi,UTRGV,Away,28.70%,71.30%,UTRGV -3.09,5.2,199,126,UTRGV 5-1
3/28/26,Dayton,Davidson,Home,53.60%,46.40%,Dayton -0.64,5.1,185,220,Davidson 9-7
3/28/26,VMI,ETSU,Home,24.80%,75.20%,ETSU -3.83,5.1,196,123,ETSU 4-3
3/28/26,UIC,Belmont,Home,52.40%,47.60%,UIC -0.57,5,190,233,Belmont 2-1
3/28/26,Alabama St.,Florida A&M,Away,46.30%,53.80%,Florida A&M -0.4,5,194,225,Florida A&M 9-1
3/28/26,Navy,Army West Point,Home,43.30%,56.70%,Army West Point -0.89,5,215,197,Navy 5-2
3/28/26,Monmouth,Elon,Home,42.10%,57.90%,Elon -0.75,5,167,228,Monmouth 9-7
3/28/26,Rhode Island,Richmond,Away,33.50%,66.50%,Richmond -2.22,4.9,214,160,Richmond 17-2
3/28/26,Lindenwood,UT Martin,Away,54.80%,45.20%,Lindenwood -0.69,4.9,195,231,UT Martin 10-1
3/28/26,Penn,Yale,Away,31.40%,68.60%,Yale -2.74,4.9,206,164,Yale 16-14
3/28/26,Bowling Green,NIU,Away,24.60%,75.40%,NIU -4.06,4.8,234,99,NIU 5-0
3/28/26,Oral Roberts,North Dakota St.,Home,70.70%,29.30%,Oral Roberts -3.18,4.7,116,244,Oral Roberts 0-0
3/28/26,Oral Roberts,North Dakota St.,Home,70.70%,29.30%,Oral Roberts -3.18,4.7,116,244,Oral Roberts 0-0
3/28/26,Cal Poly,UC Riverside,Away,81.60%,18.40%,Cal Poly -5.32,4.7,52,246,UC Riverside 10-4
3/28/26,Seattle U,San Francisco,Home,36.00%,64.00%,San Francisco -2.02,4.6,237,175,San Francisco 6-5
3/28/26,South Dakota St.,Northern Colo.,Home,54.10%,45.90%,South Dakota St. -0.63,4.4,209,256,South Dakota St. 21-10
3/28/26,Maine,UMass Lowell,Away,52.60%,47.40%,Maine -0.61,4.4,216,253,Maine 9-5
3/28/26,William & Mary,UNCW,Home,18.40%,81.60%,UNCW -5.03,4.4,222,131,UNCW 22-1
3/28/26,Butler,Milwaukee,Away,32.40%,67.60%,Milwaukee -2.59,4.4,236,180,Butler 6-2
3/28/26,Butler,Milwaukee,Away,32.40%,67.60%,Milwaukee -2.59,4.4,236,180,Milwaukee 10-3
3/28/26,Central Mich.,Eastern Mich.,Away,43.00%,57.00%,Eastern Mich. -0.81,4.4,224,238,Eastern Mich. 12-11
3/28/26,George Mason,Saint Louis,Away,60.00%,40.00%,George Mason -1.69,4.3,181,264,George Mason 5-3
3/28/26,Fairfield,Seton Hall,Away,53.00%,47.00%,Fairfield -0.81,4.3,213,263,Fairfield 0-0
3/28/26,Omaha,St. Thomas (MN),Away,57.40%,42.60%,Omaha -1.24,4.3,189,267,St. Thomas (MN) 15-3
3/28/26,Omaha,St. Thomas (MN),Away,57.40%,42.60%,Omaha -1.24,4.3,189,267,Omaha 12-2
3/28/26,Southeast Mo. St.,Western Ill.,Away,73.90%,26.10%,Southeast Mo. St. -3.83,4.3,75,281,Southeast Mo. St. 17-4
3/28/26,Tennessee Tech,SIUE,Home,26.80%,73.20%,SIUE -3.64,4.3,251,140,SIUE 8-1
3/28/26,Princeton,Brown,Home,38.80%,61.20%,Brown -1.71,4.2,250,208,Brown 14-1
3/28/26,Princeton,Brown,Home,38.80%,61.20%,Brown -1.71,4.2,250,208,Brown 4-0
3/28/26,Villanova,UT Arlington,Home,28.00%,72.00%,UT Arlington -3.03,4.2,241,172,UT Arlington 11-3
3/28/26,North Ala.,Bellarmine,Home,64.90%,35.10%,North Ala. -2.37,4.2,176,260,North Ala. 7-4
3/28/26,Fresno St.,New Mexico,Away,25.50%,74.50%,New Mexico -3.73,4.1,248,155,New Mexico 9-8
3/28/26,Fresno St.,New Mexico,Away,25.50%,74.50%,New Mexico -3.73,4.1,248,155,New Mexico 5-2
3/28/26,UNC Asheville,USC Upstate,Away,17.80%,82.20%,USC Upstate -5.29,4.1,259,108,USC Upstate 14-1
3/28/26,Towson,Stony Brook,Home,32.30%,67.70%,Stony Brook -2.47,4,245,207,Towson 10-5
3/28/26,Indiana St.,Valparaiso,Away,70.90%,29.10%,Indiana St. -3.3,4,138,276,Indiana St. 18-2
3/28/26,LMU (CA),Santa Clara,Away,21.40%,78.60%,Santa Clara -4.64,4,254,147,Santa Clara 4-2
3/28/26,Eastern Ky.,Lipscomb,Away,24.20%,75.80%,Lipscomb -3.94,3.9,258,165,Eastern Ky. 15-3
3/28/26,Toledo,Akron,Home,72.30%,27.70%,Toledo -3.5,3.9,170,265,Toledo 7-3
3/28/26,Georgetown,N.C. A&T,Away,60.10%,39.90%,Georgetown -1.46,3.8,219,272,N.C. A&T 13-8
3/28/26,Presbyterian,Samford,Away,13.60%,86.40%,Samford -6.48,3.8,278,89,Samford 7-4
3/28/26,Massachusetts,Western Mich.,Away,27.10%,72.90%,Western Mich. -3.45,3.8,269,162,Western Mich. 3-2
3/28/26,West Ga.,Queens (NC),Home,43.80%,56.20%,Queens (NC) -0.92,3.8,268,255,West Ga. 7-1
3/28/26,Canisius,Rider,Away,25.30%,74.70%,Rider -3.76,3.5,274,184,Canisius 8-2
3/28/26,Oakland,Wright St.,Away,15.30%,84.70%,Wright St. -5.83,3.4,271,153,Wright St. 11-5
3/28/26,Youngstown St.,Northern Ky.,Home,28.70%,71.30%,Northern Ky. -2.92,3.4,270,227,Northern Ky. 5-4
3/28/26,Mount St. Mary's,Sacred Heart,Away,53.70%,46.30%,Mount St. Mary's -0.5,3.4,280,284,Sacred Heart 3-2
3/28/26,Jackson St.,Bethune-Cookman,Home,22.80%,77.20%,Bethune-Cookman -4.22,3.4,283,171,Bethune-Cookman 13-2
3/28/26,St. Bonaventure,VCU,Away,13.50%,86.50%,VCU -6.48,3.3,292,117,VCU 13-3
3/28/26,Grambling,Texas Southern,Away,41.70%,58.30%,Texas Southern -0.91,3.3,273,285,Grambling 9-5
3/28/26,Siena,Marist,Home,33.70%,66.30%,Marist -2.45,3.3,279,242,Marist 6-5
3/28/26,Wagner,New Haven,Home,57.10%,42.90%,Wagner -1.37,3.3,247,302,New Haven 9-8
3/28/26,Murray St.,Bradley,Home,80.20%,19.80%,Murray St. -4.93,3.3,159,289,Murray St. 11-0
3/28/26,La Salle,George Washington,Home,37.10%,62.90%,George Washington -1.52,3.2,261,282,George Washington 9-6
3/28/26,La Salle,George Washington,Home,37.10%,62.90%,George Washington -1.52,3.2,261,282,George Washington 9-6
3/28/26,Iona,Niagara,Away,32.10%,67.90%,Niagara -2.64,3.2,290,230,Iona 9-3
3/28/26,Lehigh,Bucknell,Home,30.60%,69.40%,Bucknell -2.89,3.1,296,223,Bucknell 6-3
3/28/26,Manhattan,Merrimack,Away,34.30%,65.70%,Merrimack -2.24,3,291,257,Merrimack 14-0
3/28/26,Ohio,Ball St.,Home,19.30%,80.70%,Ball St. -4.83,2.8,294,212,Ball St. 14-7
3/28/26,Alabama A&M,Mississippi Val.,Away,36.90%,63.10%,Mississippi Val. -1.86,2.6,304,301,Mississippi Val. 6-2
3/28/26,Central Conn. St.,Stonehill,Away,28.50%,71.50%,Stonehill -3.01,2.5,297,286,Central Conn. St. 11-10
3/28/26,Prairie View,Southern U.,Away,16.70%,83.30%,Southern U. -5.54,2.4,300,232,Prairie View 6-3
3/28/26,Norfolk St.,Mercyhurst,Home,27.90%,72.10%,Mercyhurst -2.93,2.3,298,299,Norfolk St. 3-0
3/28/26,FDU,Delaware St.,Home,88.80%,11.20%,FDU -7.1,2,240,306,Delaware St. 4-2
3/28/26,Quinnipiac,Saint Peter's,Away,89.80%,10.20%,Quinnipiac -7.44,1.9,252,308,Quinnipiac 8-6
3/28/26,LIU,UMES,Away,91.20%,8.80%,LIU -8.01,1.9,239,307,LIU 12-0
3/28/26,Coppin St.,Le Moyne,Away,10.20%,89.80%,Le Moyne -7.28,1.8,303,275,Le Moyne 11-1
3/28/26,Alcorn,Ark.-Pine Bluff,Away,6.30%,93.70%,Ark.-Pine Bluff -9.05,1.6,305,266,Ark.-Pine Bluff 18-2
3/27/26,Auburn,Alabama,Home,49.60%,50.40%,Alabama -0.1,9.8,8,9,Alabama 11-1
3/27/26,Mississippi St.,Ole Miss,Away,46.40%,53.60%,Ole Miss -0.48,9.6,10,11,Mississippi St. 5-4
3/27/26,Florida,Arkansas,Home,49.00%,51.00%,Arkansas -0.19,9.6,14,17,Florida 9-4
3/27/26,West Virginia,Arizona St.,Home,51.60%,48.40%,West Virginia -0.54,9.6,6,23,Arizona St. 14-4
3/27/26,Kansas,Cincinnati,Home,51.40%,48.60%,Kansas -0.5,9.5,12,24,Cincinnati 5-0
3/27/26,Tennessee,Vanderbilt,Away,46.40%,53.60%,Vanderbilt -0.34,9.1,26,38,Vanderbilt 3-2
3/27/26,Oregon,UC Santa Barbara,Away,57.50%,42.50%,Oregon -1.22,9.1,20,32,Oregon 4-0
3/27/26,Oklahoma,Texas,Away,32.90%,67.10%,Texas -2.43,9.1,13,3,Texas 4-3
3/27/26,Virginia,Boston College,Home,57.00%,43.00%,Virginia -0.94,8.9,34,37,Boston College 5-3
3/27/26,Miami (FL),Clemson,Home,48.60%,51.40%,Miami (FL) -0.02,8.9,29,55,Clemson 7-6
3/27/26,Kentucky,LSU,Away,41.30%,58.70%,LSU -1.04,8.8,28,45,Kentucky 7-4
3/27/26,East Carolina,UTSA,Away,43.00%,57.00%,UTSA -0.74,8.7,43,46,East Carolina 3-0
3/27/26,Mercer,Oregon St.,Away,29.80%,70.20%,Oregon St. -2.79,8.5,41,18,Oregon St. 7-5
3/27/26,Oklahoma St.,BYU,Home,62.90%,37.10%,Oklahoma St. -1.99,8.4,27,62,Oklahoma St. 12-5
3/27/26,Pittsburgh,Louisville,Home,41.80%,58.20%,Louisville -0.96,8.4,36,67,Pittsburgh 4-3
3/27/26,Missouri St.,DBU,Home,41.90%,58.10%,DBU -1.01,8.4,35,71,DBU 5-4
3/27/26,Kansas St.,Utah,Away,57.80%,42.20%,Kansas St. -1.12,8.3,44,70,Kansas St. 8-5
3/27/26,Stanford,Virginia Tech,Away,38.70%,61.30%,Virginia Tech -1.49,8.2,64,49,Stanford 9-7
3/27/26,Jacksonville St.,Louisiana Tech,Away,64.00%,36.00%,Jacksonville St. -2.17,8.1,22,81,Jacksonville St. 4-0
3/27/26,Baylor,Houston,Away,47.80%,52.20%,Houston -0.16,8.1,60,90,Baylor 6-2
3/27/26,California Baptist,St. John's (NY),Away,56.40%,43.60%,California Baptist -0.77,8.1,42,92,California Baptist 12-3
3/27/26,Miami (OH),Kent St.,Home,39.10%,60.90%,Kent St. -1.45,8,76,61,Kent St. 5-4
3/27/26,UCLA,Iowa,Home,76.10%,23.90%,UCLA -4.21,8,1,63,UCLA 5-2
3/27/26,NC State,Georgia Tech,Home,19.80%,80.20%,Georgia Tech -4.93,8,51,4,Georgia Tech 3-1
3/27/26,South Fla.,Charlotte,Home,48.70%,51.30%,Charlotte -0.21,7.9,74,98,Charlotte 11-2
3/27/26,Western Caro.,The Citadel,Home,42.50%,57.50%,The Citadel -1.1,7.9,84,69,The Citadel 4-3
3/27/26,Texas Tech,TCU,Home,29.90%,70.10%,TCU -3.03,7.8,80,30,TCU 18-8
3/27/26,Purdue,Michigan St.,Home,55.60%,44.40%,Purdue -0.85,7.8,54,109,Michigan St. 4-3
3/27/26,Ohio St.,Minnesota,Home,35.80%,64.20%,Minnesota -1.72,7.7,78,72,Ohio St. 4-3
3/27/26,Texas A&M,Missouri,Home,77.60%,22.40%,Texas A&M -4.44,7.6,7,87,Texas A&M 11-9
3/27/26,Duke,Florida St.,Away,22.20%,77.80%,Florida St. -4.29,7.6,82,19,Florida St. 3-1
3/27/26,Southern California,Maryland,Home,72.90%,27.10%,Southern California -3.65,7.5,15,101,Southern California 11-10
3/27/26,Michigan,Rutgers,Away,57.10%,42.90%,Michigan -1.17,7.5,50,124,Rutgers 4-3
3/27/26,UC San Diego,UC Davis,Home,45.90%,54.10%,UC Davis -0.44,7.5,85,111,UC San Diego 9-4
3/27/26,Xavier,UConn,Home,39.80%,60.30%,UConn -1.2,7.4,91,100,UConn 3-1
3/27/26,Air Force,Tarleton St.,Away,40.40%,59.60%,Tarleton St. -1.57,7.4,121,58,Tarleton St. 7-2
3/27/26,Indiana,Nebraska,Away,24.20%,75.80%,Nebraska -4.04,7.4,103,16,Nebraska 6-5
3/27/26,Sacramento St.,Creighton,Home,44.70%,55.30%,Creighton -0.58,7.3,120,97,Creighton 6-2
3/27/26,Fla. Atlantic,Rice,Away,36.60%,63.40%,Rice -1.93,7.3,115,65,Fla. Atlantic 6-2
3/27/26,Arizona,UCF,Away,32.80%,67.30%,UCF -2.49,7.2,130,33,UCF 11-6
3/27/26,App State,Southern Miss.,Away,22.70%,77.30%,Southern Miss. -4.29,7.2,106,21,Southern Miss. 6-5
3/27/26,Nevada,Washington St.,Away,41.60%,58.40%,Washington St. -1.38,7.1,135,79,Washington St. 12-6
3/27/26,San Diego St.,Grand Canyon,Home,53.00%,47.00%,San Diego St. -0.57,7.1,73,148,Grand Canyon 9-3
3/27/26,Old Dominion,South Alabama,Away,33.80%,66.20%,South Alabama -2.22,7,125,66,South Alabama 10-3
3/27/26,Cal St. Fullerton,Hawaii,Away,40.80%,59.30%,Hawaii -1.28,7,119,112,Cal St. Fullerton 2-0
3/27/26,Wichita St.,Memphis,Home,54.40%,45.60%,Wichita St. -0.53,7,114,134,Wichita St. 7-3
3/27/26,South Carolina,Georgia,Home,10.50%,89.50%,Georgia -7.48,6.9,104,2,Georgia 5-2
3/27/26,Tulane,UAB,Away,35.10%,64.90%,UAB -2.08,6.9,137,68,UAB 9-6
3/27/26,Texas St.,Georgia St.,Home,63.80%,36.20%,Texas St. -2.03,6.9,59,143,Texas St. 18-6
3/27/26,Saint Mary's (CA),Portland,Home,60.80%,39.20%,Saint Mary's (CA) -1.66,6.9,96,127,Saint Mary's (CA) 3-0
3/27/26,North Florida,Jacksonville,Home,46.00%,54.00%,Jacksonville -0.58,6.6,149,132,North Florida 4-2
3/27/26,Western Ky.,Sam Houston,Home,63.30%,36.70%,Western Ky. -1.85,6.5,110,146,Sam Houston 1-0
3/27/26,Coastal Carolina,Marshall,Away,65.00%,35.00%,Coastal Carolina -2.37,6.5,40,174,Coastal Carolina 11-9
3/27/26,ULM,Louisiana,Home,25.40%,74.60%,Louisiana -3.87,6.5,150,39,ULM 5-3
3/27/26,San Jose St.,UNLV,Away,38.60%,61.40%,UNLV -1.41,6.4,142,136,UNLV 18-7
3/27/26,Col. of Charleston,Campbell,Home,27.00%,73.00%,Campbell -3.46,6.4,152,53,Campbell 12-10
3/27/26,Charleston So.,Winthrop,Away,41.90%,58.10%,Winthrop -0.93,6.4,154,129,Winthrop 4-0
3/27/26,Abilene Christian,McNeese,Away,41.80%,58.20%,McNeese -1.28,6.3,151,139,Abilene Christian 6-4
3/27/26,Northwestern,Washington,Away,33.60%,66.40%,Washington -2.32,6.3,141,128,Washington 7-2
3/27/26,Northwestern St.,Nicholls,Home,52.70%,47.30%,Northwestern St. -0.28,6.2,157,166,Northwestern St. 12-2
3/27/26,Gonzaga,Pacific,Away,64.80%,35.20%,Gonzaga -2.4,6.2,48,193,Gonzaga 7-6
3/27/26,Morehead St.,Eastern Ill.,Home,35.70%,64.30%,Eastern Ill. -1.89,6.1,158,133,Eastern Ill. 16-9
3/27/26,Longwood,Radford,Away,48.50%,51.50%,Radford -0.07,6,156,187,Radford 4-3
3/27/26,Illinois,Penn St.,Away,62.20%,37.80%,Illinois -1.78,6,94,192,Penn St. 9-8
3/27/26,Houston Christian,SFA,Away,47.40%,52.60%,SFA -0.26,6,169,173,SFA 8-5
3/27/26,Utah Tech,Southern Ill.,Home,51.60%,48.40%,Utah Tech -0.39,5.9,105,218,Southern Ill. 10-0
3/27/26,UNC Greensboro,Wofford,Away,32.70%,67.30%,Wofford -2.39,5.9,168,122,Wofford 8-7
3/27/26,Northeastern,Hofstra,Home,70.20%,29.80%,Northeastern -3.11,5.8,102,178,Hofstra 5-4
3/27/26,UC Irvine,Long Beach St.,Home,60.50%,39.50%,UC Irvine -1.68,5.8,93,210,Long Beach St. 10-2
3/27/26,Austin Peay,Central Ark.,Away,48.70%,51.30%,Central Ark. -0.39,5.7,201,161,Austin Peay 4-1
3/27/26,Stetson,FGCU,Home,33.50%,66.50%,FGCU -2.32,5.7,183,118,FGCU 5-4
3/27/26,San Diego,Pepperdine,Home,49.90%,50.10%,San Diego -0.07,5.7,177,198,San Diego 5-1
3/27/26,James Madison,Arkansas St.,Home,24.30%,75.70%,Arkansas St. -3.83,5.6,182,83,Arkansas St. 11-9
3/27/26,Troy,Ga. Southern,Home,75.20%,24.80%,Troy -4.12,5.6,57,203,Ga. Southern 4-3
3/27/26,Saint Joseph's,Fordham,Home,51.60%,48.40%,Saint Joseph's -0.61,5.6,107,235,Saint Joseph's 20-0
3/27/26,Illinois St.,Evansville,Home,58.60%,41.40%,Illinois St. -1.27,5.6,145,200,Evansville 5-2
3/27/26,New Orleans,Southeastern La.,Away,24.00%,76.00%,Southeastern La. -3.8,5.5,188,86,Southeastern La. 13-11
3/27/26,High Point,Gardner-Webb,Home,73.90%,26.10%,High Point -3.7,5.4,77,205,High Point 10-3
3/27/26,CSU Bakersfield,CSUN,Away,34.30%,65.70%,CSUN -2.1,5.4,191,144,CSU Bakersfield 11-3
3/27/26,Kennesaw St.,Delaware,Home,65.30%,34.80%,Kennesaw St. -2.3,5.3,88,229,Kennesaw St. 8-1
3/27/26,Southern Ind.,Little Rock,Home,28.50%,71.50%,Little Rock -3.34,5.3,204,113,Southern Ind. 8-5
3/27/26,New Mexico St.,Middle Tenn.,Home,33.60%,66.40%,Middle Tenn. -2.22,5.2,186,179,Middle Tenn. 7-5
3/27/26,UIW,Lamar University,Home,21.70%,78.30%,Lamar University -4.54,5.2,202,95,Lamar University 5-2
3/27/26,FIU,Liberty,Away,14.00%,86.00%,Liberty -6.26,5.2,211,31,Liberty 4-3
3/27/26,A&M-Corpus Christi,UTRGV,Away,28.70%,71.30%,UTRGV -3.09,5.2,199,126,A&M-Corpus Christi 9-6
3/27/26,Dayton,Davidson,Home,53.60%,46.40%,Dayton -0.64,5.1,185,220,Dayton 20-4
3/27/26,VMI,ETSU,Home,24.80%,75.20%,ETSU -3.83,5.1,196,123,ETSU 6-5
3/27/26,UIC,Belmont,Home,52.40%,47.60%,UIC -0.57,5,190,233,Belmont 4-3
3/27/26,Alabama St.,Florida A&M,Away,46.30%,53.80%,Florida A&M -0.4,5,194,225,Florida A&M 5-1
3/27/26,Navy,Army West Point,Home,43.30%,56.70%,Army West Point -0.89,5,215,197,Army West Point 5-4
3/27/26,Monmouth,Elon,Home,42.10%,57.90%,Elon -0.75,5,167,228,Monmouth 6-3
3/27/26,Rhode Island,Richmond,Away,33.50%,66.50%,Richmond -2.22,4.9,214,160,Richmond 6-1
3/27/26,Lindenwood,UT Martin,Away,54.80%,45.20%,Lindenwood -0.69,4.9,195,231,UT Martin 7-2
3/27/26,Bowling Green,NIU,Away,24.60%,75.40%,NIU -4.06,4.8,234,99,Bowling Green 5-4
3/27/26,Cal Poly,UC Riverside,Away,81.60%,18.40%,Cal Poly -5.32,4.7,52,246,Cal Poly 22-4
3/27/26,Seattle U,San Francisco,Home,36.00%,64.00%,San Francisco -2.02,4.6,237,175,San Francisco 8-4
3/27/26,South Dakota St.,Northern Colo.,Home,54.10%,45.90%,South Dakota St. -0.63,4.4,209,256,Northern Colo. 9-6
3/27/26,Maine,UMass Lowell,Away,52.60%,47.40%,Maine -0.61,4.4,216,253,UMass Lowell 10-1
3/27/26,William & Mary,UNCW,Home,18.40%,81.60%,UNCW -5.03,4.4,222,131,UNCW 5-3
3/27/26,Central Mich.,Eastern Mich.,Away,43.00%,57.00%,Eastern Mich. -0.81,4.4,224,238,Eastern Mich. 9-8
3/27/26,George Mason,Saint Louis,Away,60.00%,40.00%,George Mason -1.69,4.3,181,264,George Mason 5-3
3/27/26,Southeast Mo. St.,Western Ill.,Away,73.90%,26.10%,Southeast Mo. St. -3.83,4.3,75,281,Western Ill. 12-2
3/27/26,Tennessee Tech,SIUE,Home,26.80%,73.20%,SIUE -3.64,4.3,251,140,SIUE 6-1
3/27/26,Villanova,UT Arlington,Home,28.00%,72.00%,UT Arlington -3.03,4.2,241,172,UT Arlington 9-2
3/27/26,North Ala.,Bellarmine,Home,64.90%,35.10%,North Ala. -2.37,4.2,176,260,Bellarmine 16-6
3/27/26,UNC Asheville,USC Upstate,Away,17.80%,82.20%,USC Upstate -5.29,4.1,259,108,USC Upstate 11-10
3/27/26,Towson,Stony Brook,Home,32.30%,67.70%,Stony Brook -2.47,4,245,207,Stony Brook 3-1
3/27/26,LMU (CA),Santa Clara,Away,21.40%,78.60%,Santa Clara -4.64,4,254,147,Santa Clara 17-2
3/27/26,Eastern Ky.,Lipscomb,Away,24.20%,75.80%,Lipscomb -3.94,3.9,258,165,Lipscomb 3-2
3/27/26,Toledo,Akron,Home,72.30%,27.70%,Toledo -3.5,3.9,170,265,Toledo 13-1
3/27/26,Georgetown,N.C. A&T,Away,60.10%,39.90%,Georgetown -1.46,3.8,219,272,Georgetown 17-6
3/27/26,Presbyterian,Samford,Away,13.60%,86.40%,Samford -6.48,3.8,278,89,Presbyterian 7-5
3/27/26,West Ga.,Queens (NC),Home,43.80%,56.20%,Queens (NC) -0.92,3.8,268,255,West Ga. 10-9
3/27/26,Massachusetts,Western Mich.,Away,27.10%,72.90%,Western Mich. -3.45,3.8,269,162,Western Mich. 6-2
3/27/26,Canisius,Rider,Away,25.30%,74.70%,Rider -3.76,3.5,274,184,Rider 15-3
3/27/26,UMBC,UAlbany,Home,64.50%,35.50%,UMBC -2.18,3.4,221,288,UMBC 8-3
3/27/26,UMBC,UAlbany,Home,64.50%,35.50%,UMBC -2.18,3.4,221,288,UMBC 2-0
3/27/26,Oakland,Wright St.,Away,15.30%,84.70%,Wright St. -5.83,3.4,271,153,Wright St. 12-4
3/27/26,Youngstown St.,Northern Ky.,Home,28.70%,71.30%,Northern Ky. -2.92,3.4,270,227,Northern Ky. 7-6
3/27/26,Mount St. Mary's,Sacred Heart,Away,53.70%,46.30%,Mount St. Mary's -0.5,3.4,280,284,Mount St. Mary's 6-4
3/27/26,Jackson St.,Bethune-Cookman,Home,22.80%,77.20%,Bethune-Cookman -4.22,3.4,283,171,Jackson St. 8-7
3/27/26,St. Bonaventure,VCU,Away,13.50%,86.50%,VCU -6.48,3.3,292,117,VCU 4-2
3/27/26,Grambling,Texas Southern,Away,41.70%,58.30%,Texas Southern -0.91,3.3,273,285,Texas Southern 15-8
3/27/26,Wagner,New Haven,Home,57.10%,42.90%,Wagner -1.37,3.3,247,302,New Haven 9-8
3/27/26,Siena,Marist,Home,33.70%,66.30%,Marist -2.45,3.3,279,242,Marist 11-0
3/27/26,Murray St.,Bradley,Home,80.20%,19.80%,Murray St. -4.93,3.3,159,289,Murray St. 18-10
3/27/26,Iona,Niagara,Away,32.10%,67.90%,Niagara -2.64,3.2,290,230,Niagara 3-2
3/27/26,Lehigh,Bucknell,Home,30.60%,69.40%,Bucknell -2.89,3.1,296,223,Bucknell 3-2
3/27/26,Manhattan,Merrimack,Away,34.30%,65.70%,Merrimack -2.24,3,291,257,Manhattan 10-3
3/27/26,NJIT,Bryant,Home,23.20%,76.80%,Bryant -4.03,2.9,293,217,NJIT 12-10
3/27/26,Ohio,Ball St.,Home,19.30%,80.70%,Ball St. -4.83,2.8,294,212,Ball St. 10-0
3/27/26,Lafayette,Holy Cross,Home,25.40%,74.60%,Holy Cross -3.73,2.7,295,249,Lafayette 9-3
3/27/26,Alabama A&M,Mississippi Val.,Away,36.90%,63.10%,Mississippi Val. -1.86,2.6,304,301,Mississippi Val. 2-1
3/27/26,Central Conn. St.,Stonehill,Away,28.50%,71.50%,Stonehill -3.01,2.5,297,286,Stonehill 5-3
3/27/26,Prairie View,Southern U.,Away,16.70%,83.30%,Southern U. -5.54,2.4,300,232,Southern U. 9-1
3/27/26,Norfolk St.,Mercyhurst,Home,27.90%,72.10%,Mercyhurst -2.93,2.3,298,299,Mercyhurst 11-2
3/27/26,LIU,UMES,Away,91.20%,8.80%,LIU -8.01,1.9,239,307,LIU 13-2
3/27/26,Quinnipiac,Saint Peter's,Away,89.80%,10.20%,Quinnipiac -7.44,1.9,252,308,Quinnipiac 12-2
3/27/26,Alcorn,Ark.-Pine Bluff,Away,6.30%,93.70%,Ark.-Pine Bluff -9.05,1.6,305,266,Ark.-Pine Bluff 8-7
3/26/26,Oklahoma,Texas,Away,32.90%,67.10%,Texas -2.43,9.1,13,3,Texas 14-0
3/26/26,Miami (FL),Clemson,Home,48.60%,51.40%,Miami (FL) -0.02,8.9,29,55,Miami (FL) 8-3
3/26/26,Oklahoma St.,BYU,Home,62.90%,37.10%,Oklahoma St. -1.99,8.4,27,62,BYU 6-5
3/25/26,Washington St.,Gonzaga,Home,35.60%,64.40%,Gonzaga -2.04,7.9,79,48,Gonzaga 19-8
3/25/26,Oregon,UC San Diego,Away,72.20%,27.80%,Oregon -3.49,7.7,20,85,Oregon 12-4
3/25/26,Air Force,Oral Roberts,Neutral,46.90%,53.10%,Oral Roberts -0.33,7.2,121,116,Air Force 4-3
3/25/26,Sacramento St.,Kansas,Home,21.10%,78.90%,Kansas -4.64,7,120,12,Sacramento St. 7-4
3/25/26,Rice,Houston Christian,Home,60.00%,40.00%,Rice -1.59,6.6,65,169,Rice 10-7
3/25/26,Old Dominion,Richmond,Away,42.10%,57.90%,Richmond -0.85,6.3,125,160,Old Dominion 7-2
3/25/26,Toledo,Michigan,Home,30.30%,69.70%,Michigan -2.88,6.3,170,50,Michigan 5-2
3/25/26,Abilene Christian,SFA,Away,54.20%,45.80%,Abilene Christian -0.49,6.1,151,173,Abilene Christian 9-4
3/25/26,Missouri,Lindenwood,Home,58.50%,41.50%,Missouri -1.34,6.1,87,195,Lindenwood 10-4
3/25/26,Rider,Saint Joseph's,Away,35.50%,64.50%,Saint Joseph's -1.94,5.9,184,107,Saint Joseph's 11-10
3/25/26,UIC,Purdue,Home,23.40%,76.60%,Purdue -4.05,5.7,190,54,Purdue 18-13
3/25/26,New Mexico St.,Arizona St.,Home,9.40%,90.60%,Arizona St. -7.7,5.5,186,23,Arizona St. 10-4
3/25/26,South Dakota St.,Creighton,Home,22.50%,77.50%,Creighton -4.31,5.1,209,97,Creighton 11-5
3/25/26,Troy,Florida A&M,Home,81.50%,18.50%,Troy -5.23,5,57,225,Troy 7-4
3/25/26,Ga. Southern,Col. of Charleston,Home,30.40%,69.60%,Col. of Charleston -2.83,5,203,152,Ga. Southern 5-2
3/25/26,Bryant,Rhode Island,Away,45.70%,54.30%,Rhode Island -0.79,4.9,217,214,Bryant 4-2
3/25/26,Hofstra,Villanova,Away,56.30%,43.70%,Hofstra -0.98,4.8,178,241,Villanova 9-8
3/25/26,St. John's (NY),Marist,Home,76.00%,24.00%,St. John's (NY) -4.11,4.7,92,242,St. John's (NY) 15-10
3/25/26,Cal Poly,LMU (CA),Away,81.90%,18.10%,Cal Poly -5.47,4.6,52,254,LMU (CA) 8-7
3/25/26,Merrimack,Boston College,Home,11.50%,88.50%,Boston College -6.94,4.4,257,37,Boston College 12-2
3/25/26,Northeastern,UMass Lowell,Away,80.70%,19.30%,Northeastern -5.12,4.3,102,253,Northeastern 6-0
3/25/26,Quinnipiac,UConn,Away,17.60%,82.40%,UConn -5.27,4.2,252,100,Quinnipiac 8-3
3/25/26,Bucknell,Penn St.,Away,25.20%,74.80%,Penn St. -3.49,4.2,223,192,Bucknell 9-0
3/25/26,Youngstown St.,Pittsburgh,Home,8.50%,91.50%,Pittsburgh -8.16,4.1,270,36,Pittsburgh 8-7
3/25/26,St. Thomas (MN),Minnesota,Home,12.00%,88.00%,Minnesota -6.83,4,267,72,Minnesota 15-5
3/25/26,Princeton,Seton Hall,Away,43.40%,56.60%,Seton Hall -0.8,3.9,250,263,Seton Hall 3-1
3/25/26,Presbyterian,The Citadel,Away,12.10%,87.90%,The Citadel -6.93,3.9,278,69,The Citadel 9-4
3/25/26,FDU,Lehigh,Away,50.70%,49.30%,FDU -0.36,3.7,240,296,Lehigh 9-2
3/25/26,Grambling,Tulane,Away,11.60%,88.40%,Tulane -6.76,3.4,273,137,Tulane 15-5
3/25/26,Wagner,Fordham,Home,21.10%,78.90%,Fordham -4.14,3.3,247,235,Wagner 3-0
3/25/26,Yale,Iona,Home,78.50%,21.50%,Yale -4.58,3.3,164,290,Yale 7-6
3/25/26,Manhattan,Columbia,Home,24.20%,75.80%,Columbia -3.93,2.9,291,226,Manhattan 17-9
3/25/26,New Haven,Sacred Heart,Away,32.50%,67.50%,Sacred Heart -2.66,2.6,302,284,Sacred Heart 16-3
3/25/26,Towson,UMES,Away,91.00%,9.00%,Towson -7.87,1.9,245,307,Towson 19-5
3/25/26,Saint Peter's,La Salle,Home,9.70%,90.30%,La Salle -7.58,1.8,308,261,La Salle 16-15
3/24/26,Florida St.,Florida,Neutral,43.20%,56.80%,Florida -0.98,9.4,19,14,Florida 5-0
3/24/26,Oregon St.,Southern California,Away,42.00%,58.00%,Southern California -1.07,9.3,18,15,Oregon St. 12-4
3/24/26,Nebraska,Kansas St.,Home,51.90%,48.10%,Nebraska -0.52,9.2,16,44,Nebraska 14-9
3/24/26,Oklahoma St.,Missouri St.,Home,57.00%,43.00%,Oklahoma St. -1.13,9,27,35,Missouri St. 16-2
3/24/26,Southern Miss.,Mississippi St.,Home,31.50%,68.50%,Mississippi St. -2.65,8.9,21,10,Mississippi St. 12-0
3/24/26,TCU,DBU,Home,50.10%,49.90%,TCU -0.25,8.7,30,71,TCU 11-5
3/24/26,Pittsburgh,Kent St.,Home,47.00%,53.00%,Kent St. -0.23,8.7,36,61,Pittsburgh 13-4
3/24/26,Coastal Carolina,Clemson,Home,41.40%,58.60%,Clemson -1.14,8.5,40,55,Coastal Carolina 11-9
3/24/26,Campbell,NC State,Away,39.30%,60.70%,NC State -1.35,8.4,53,51,Campbell 7-2
3/24/26,BYU,Utah,Away,48.20%,51.80%,Utah -0.16,8.4,62,70,BYU 6-5
3/24/26,Jacksonville St.,UAB,Away,63.90%,36.10%,Jacksonville St. -2.21,8.3,22,68,UAB 16-11
3/24/26,UC Santa Barbara,Saint Mary's (CA),Home,51.80%,48.20%,UC Santa Barbara -0.49,8.3,32,96,Saint Mary's (CA) 10-4
3/24/26,East Carolina,Duke,Home,58.20%,41.80%,East Carolina -1.32,8.1,43,82,Duke 9-8
3/24/26,Cincinnati,Xavier,Away,65.70%,34.30%,Cincinnati -2.26,7.9,24,91,Xavier 4-3
3/24/26,Boston College,Northeastern,Away,42.50%,57.50%,Northeastern -0.96,7.9,37,102,Boston College 3-2
3/24/26,Southeastern La.,Louisiana,Home,37.50%,62.50%,Louisiana -1.81,7.9,86,39,Louisiana 9-3
3/24/26,UC Irvine,San Diego St.,Home,43.20%,56.80%,San Diego St. -0.89,7.8,93,73,San Diego St. 8-4
3/24/26,South Alabama,Auburn,Neutral,21.00%,79.00%,Auburn -4.59,7.8,66,8,Auburn 10-0
3/24/26,High Point,App State,Home,50.00%,50.00%,High Point -0.12,7.8,77,106,High Point 3-2
3/24/26,Tarleton St.,Lamar University,Home,41.00%,59.00%,Lamar University -1.01,7.8,58,95,Lamar University 5-3
3/24/26,Louisville,Western Ky.,Away,48.90%,51.10%,Louisville -0.1,7.8,67,110,Western Ky. 10-5
3/24/26,Oregon,UC San Diego,Away,72.20%,27.80%,Oregon -3.49,7.7,20,85,Oregon 6-0
3/24/26,Illinois,Missouri,Neutral,55.30%,44.70%,Illinois -0.63,7.7,94,87,Missouri 5-1
3/24/26,Virginia Tech,ETSU,Home,52.20%,47.80%,Virginia Tech -0.65,7.7,49,123,ETSU 9-4
3/24/26,South Fla.,FGCU,Home,53.30%,46.70%,South Fla. -0.47,7.6,74,118,South Fla. 7-3
3/24/26,Texas,Houston,Home,77.80%,22.20%,Texas -4.59,7.6,3,90,Houston 9-7
3/24/26,Samford,Troy,Away,30.10%,69.90%,Troy -2.92,7.5,89,57,Samford 7-2
3/24/26,Louisiana Tech,LSU,Home,26.60%,73.40%,LSU -3.35,7.5,81,45,LSU 15-5
3/24/26,Maryland,Virginia,Neutral,28.80%,71.20%,Virginia -3.16,7.4,101,34,Virginia 16-6
3/24/26,NIU,Eastern Ill.,Home,52.20%,47.80%,NIU -0.3,7.2,99,133,NIU 5-4
3/24/26,South Carolina,North Carolina,Neutral,17.10%,82.90%,North Carolina -5.67,7.1,104,5,North Carolina 9-1
3/24/26,Kennesaw St.,Georgia,Home,8.80%,91.20%,Georgia -8.05,7.1,88,2,Kennesaw St. 10-7
3/24/26,USC Upstate,Tennessee,Home,18.50%,81.50%,Tennessee -4.99,7,108,26,Tennessee 4-2
3/24/26,Fla. Atlantic,Miami (FL),Away,22.00%,78.00%,Miami (FL) -4.38,7,115,29,Miami (FL) 10-6
3/24/26,Sacramento St.,Kansas,Home,21.10%,78.90%,Kansas -4.64,7,120,12,Kansas 11-1
3/24/26,UTRGV,Texas St.,Home,32.60%,67.40%,Texas St. -2.51,7,126,59,Texas St. 8-7
3/24/26,Iowa,Illinois St.,Home,58.50%,41.50%,Iowa -1.48,7,63,145,Iowa 11-0
3/24/26,Ohio St.,Wright St.,Away,53.50%,46.50%,Ohio St. -0.86,7,78,153,Wright St. 10-8
3/24/26,Ole Miss,Memphis,Home,84.90%,15.10%,Ole Miss -6.0,6.6,11,134,Memphis 6-2
3/24/26,Indiana St.,Indiana,Home,36.90%,63.10%,Indiana -1.88,6.6,138,103,Indiana St. 5-4
3/24/26,New Mexico,Texas Tech,Away,38.20%,61.80%,Texas Tech -1.77,6.6,155,80,Texas Tech 12-2
3/24/26,Northwestern St.,ULM,Away,46.30%,53.70%,ULM -0.57,6.4,157,150,Northwestern St. 5-0
3/24/26,San Jose St.,Santa Clara,Away,40.30%,59.70%,Santa Clara -1.27,6.3,142,147,San Jose St. 18-6
3/24/26,Murray St.,Kentucky,Home,21.10%,78.90%,Kentucky -4.61,6.3,159,28,Kentucky 14-4
3/24/26,Cal St. Fullerton,San Diego,Away,55.40%,44.60%,Cal St. Fullerton -0.81,6.2,119,177,Cal St. Fullerton 11-6
3/24/26,Miami (OH),Dayton,Home,61.80%,38.20%,Miami (OH) -1.81,6.2,76,185,Miami (OH) 14-4
3/24/26,West Virginia,Marshall,Home,79.80%,20.20%,West Virginia -5.04,6.2,6,174,West Virginia 3-0
3/24/26,UCF,Stetson,Home,71.30%,28.70%,UCF -3.28,6.2,33,183,Stetson 8-4
3/24/26,Grand Canyon,Arizona,Home,33.20%,66.80%,Arizona -2.35,6.1,148,130,Arizona 5-4
3/24/26,Western Mich.,Notre Dame,Home,18.70%,81.30%,Notre Dame -5.13,6,162,47,Notre Dame 14-3
3/24/26,UC Davis,Pacific,Home,56.00%,44.00%,UC Davis -1.05,6,111,193,UC Davis 10-8
3/24/26,Central Ark.,Arkansas,Home,10.70%,89.30%,Arkansas -7.34,6,161,17,Arkansas 15-2
3/24/26,UNC Greensboro,Liberty,Home,17.30%,82.70%,Liberty -5.4,6,168,31,UNC Greensboro 7-6
3/24/26,Houston Christian,Texas A&M,Away,10.10%,89.90%,Texas A&M -7.46,5.9,169,7,Texas A&M 5-1
3/24/26,Bethune-Cookman,Jacksonville,Away,35.90%,64.10%,Jacksonville -1.95,5.9,171,132,Jacksonville 4-3
3/24/26,UT Arlington,Sam Houston,Home,40.20%,59.80%,Sam Houston -1.43,5.9,172,146,Sam Houston 7-5
3/24/26,Saint Joseph's,Navy,Home,54.10%,45.90%,Saint Joseph's -0.79,5.8,107,215,Saint Joseph's 3-2
3/24/26,Longwood,George Mason,Home,42.50%,57.50%,George Mason -0.99,5.8,156,181,George Mason 14-4
3/24/26,San Francisco,Nevada,Home,33.50%,66.50%,Nevada -2.03,5.7,175,135,Nevada 14-9
3/24/26,Austin Peay,Alabama,Neutral,16.20%,83.80%,Alabama -5.93,5.6,201,9,Alabama 6-2
3/24/26,Washington,Pepperdine,Home,62.40%,37.60%,Washington -1.92,5.6,128,198,Washington 11-2
3/24/26,Omaha,Creighton,Home,25.50%,74.50%,Creighton -3.74,5.5,189,97,Creighton 7-6
3/24/26,Radford,James Madison,Home,42.40%,57.60%,James Madison -0.91,5.5,187,182,Radford 10-6
3/24/26,UIW,Baylor,Home,18.10%,82.00%,Baylor -5.26,5.3,202,60,Baylor 16-7
3/24/26,A&M-Corpus Christi,UTSA,Away,14.70%,85.30%,UTSA -5.98,5.3,199,46,UTSA 3-1
3/24/26,Lipscomb,Belmont,Home,51.80%,48.20%,Lipscomb -0.56,5.2,165,233,Lipscomb 4-1
3/24/26,Alabama St.,Georgia St.,Away,30.50%,69.50%,Georgia St. -2.64,5.2,194,143,Alabama St. 7-4
3/24/26,Ball St.,Southern Ind.,Away,48.00%,52.00%,Southern Ind. -0.39,5.2,212,204,Southern Ind. 13-3
3/24/26,Ga. Southern,Charleston So.,Home,32.80%,67.30%,Charleston So. -2.38,5.1,203,154,Charleston So. 14-8
3/24/26,Michigan St.,Central Mich.,Home,69.50%,30.50%,Michigan St. -3.05,5.1,109,224,Michigan St. 19-8
3/24/26,Elon,Wake Forest,Away,10.60%,89.40%,Wake Forest -7.36,4.9,228,25,Wake Forest 11-1
3/24/26,Davidson,Winthrop,Away,27.20%,72.80%,Winthrop -3.21,4.8,220,129,Winthrop 11-1
3/24/26,William & Mary,Old Dominion,Home,26.10%,73.90%,Old Dominion -3.75,4.8,222,125,William & Mary 6-3
3/24/26,Delaware,Rutgers,Away,25.90%,74.10%,Rutgers -3.48,4.7,229,124,Rutgers 8-0
3/24/26,Southern Ill.,UT Martin,Away,57.40%,42.60%,Southern Ill. -1.04,4.6,218,231,UT Martin 8-2
3/24/26,Morehead St.,Eastern Ky.,Home,58.30%,41.70%,Morehead St. -1.43,4.6,158,258,Morehead St. 12-6
3/24/26,UC Riverside,California Baptist,Home,13.00%,87.00%,California Baptist -6.58,4.6,246,42,California Baptist 12-1
3/24/26,Western Caro.,UNC Asheville,Home,77.00%,23.10%,Western Caro. -4.3,4.5,84,259,UNC Asheville 8-4
3/24/26,Mercer,West Ga.,Away,81.10%,18.90%,Mercer -5.31,4.5,41,268,Mercer 13-9
3/24/26,Toledo,Butler,Home,67.50%,32.50%,Toledo -2.6,4.5,170,236,Butler 11-1
3/24/26,SIUE,Saint Louis,Away,64.40%,35.60%,SIUE -2.36,4.4,140,264,Saint Louis 8-2
3/24/26,Rhode Island,Quinnipiac,Home,55.00%,45.00%,Rhode Island -0.94,4.4,214,252,Rhode Island 17-5
3/24/26,LMU (CA),UCLA,Away,3.80%,96.20%,UCLA -10.94,4.4,254,1,UCLA 6-2
3/24/26,Tennessee Tech,Vanderbilt,Away,8.40%,91.60%,Vanderbilt -8.16,4.4,251,38,Vanderbilt 15-5
3/24/26,FDU,St. John's (NY),Away,13.20%,86.80%,St. John's (NY) -6.46,4.3,240,92,FDU 12-5
3/24/26,Queens (NC),Charlotte,Home,17.70%,82.30%,Charlotte -5.34,4.2,255,98,Charlotte 11-1
3/24/26,Southern U.,McNeese,Home,15.80%,84.20%,McNeese -5.49,4.1,232,139,Southern U. 6-2
3/24/26,Northern Ky.,Bellarmine,Home,55.90%,44.10%,Northern Ky. -0.82,4.1,227,260,Bellarmine 7-6
3/24/26,UMass Lowell,Merrimack,Home,47.10%,52.90%,Merrimack -0.5,4.1,253,257,Merrimack 11-4
3/24/26,Bucknell,Mount St. Mary's,Away,47.40%,52.60%,Mount St. Mary's -0.1,4,223,280,Bucknell 7-6
3/24/26,Oakland,Michigan,Home,9.10%,90.90%,Michigan -7.93,4,271,50,Oakland 7-6
3/24/26,Valparaiso,Purdue,Home,11.10%,88.90%,Purdue -7.25,4,276,54,Purdue 3-2
3/24/26,VMI,George Washington,Home,58.80%,41.20%,VMI -1.31,3.9,196,282,VMI 8-5
3/24/26,Ark.-Pine Bluff,Little Rock,Away,16.50%,83.50%,Little Rock -5.65,3.9,266,113,Little Rock 7-1
3/24/26,New Orleans,Jackson St.,Home,66.80%,33.20%,New Orleans -2.68,3.7,188,283,New Orleans 7-0
3/24/26,N.C. A&T,Gardner-Webb,Home,29.90%,70.10%,Gardner-Webb -2.84,3.6,272,205,N.C. A&T 10-6
3/24/26,La Salle,Penn,Away,27.20%,72.80%,Penn -3.27,3.6,261,206,La Salle 8-0
3/24/26,Le Moyne,Binghamton,Home,20.30%,79.70%,Binghamton -4.7,3.5,275,163,Binghamton 17-6
3/24/26,Youngstown St.,Eastern Mich.,Home,32.10%,67.90%,Eastern Mich. -2.44,3.4,270,238,Eastern Mich. 8-7
3/24/26,Massachusetts,UAlbany,Away,59.60%,40.40%,Massachusetts -1.34,3.2,269,288,UAlbany 4-3
3/24/26,Lafayette,Monmouth,Away,19.60%,80.40%,Monmouth -4.93,3.1,295,167,Monmouth 6-1
3/24/26,Siena,Stony Brook,Away,20.70%,79.30%,Stony Brook -4.57,3.1,279,207,Stony Brook 12-11
3/24/26,Stonehill,Brown,Home,22.20%,77.80%,Brown -4.32,3,286,208,Stonehill 6-0
3/24/26,Akron,Mercyhurst,Away,62.90%,37.10%,Akron -1.85,3,265,299,Akron 8-7
3/24/26,Norfolk St.,VCU,Away,4.70%,95.30%,VCU -10.13,2.9,298,117,Norfolk St. 5-3
3/24/26,St. Bonaventure,Penn St.,Home,18.10%,82.00%,Penn St. -5.17,2.9,292,192,Penn St. 8-6
3/24/26,Bradley,Western Ill.,Away,28.80%,71.20%,Western Ill. -3.06,2.7,289,281,Western Ill. 12-7
3/24/26,Central Conn. St.,Fairfield,Away,10.90%,89.10%,Fairfield -7.16,2.4,297,213,Fairfield 12-3
3/24/26,Middle Tenn.,Alabama A&M,Home,94.40%,5.60%,Middle Tenn. -9.52,2.3,179,304,Middle Tenn. 10-2
3/24/26,Saint Peter's,Army West Point,Home,5.00%,95.00%,Army West Point -9.94,2.1,308,197,Army West Point 9-4
3/24/26,UMBC,Coppin St.,Home,91.50%,8.60%,UMBC -8.0,2.1,221,303,UMBC 24-14
3/23/26,UC Davis,Cal Poly,Home,27.70%,72.30%,Cal Poly -3.35,7.1,111,52,UC Davis 8-2
3/23/26,Arizona St.,UNLV,Away,71.30%,28.70%,Arizona St. -3.35,7,23,136,Arizona St. 12-11
3/23/26,Northwestern,Portland,Away,44.70%,55.30%,Portland -0.63,6.7,141,127,Portland 8-3
3/23/26,Utah Valley,Stanford,Home,19.30%,80.70%,Stanford -5.14,4.7,243,64,Stanford 15-6
3/23/26,Long Beach St.,Fresno St.,Home,50.90%,49.10%,Long Beach St. -0.38,4.6,210,248,Fresno St. 8-1
3/22/26,Texas,Auburn,Home,51.80%,48.20%,Texas -0.44,9.8,3,8,Texas 5-0
3/22/26,Florida,Alabama,Home,49.40%,50.60%,Alabama -0.16,9.7,14,9,Alabama 14-7
3/22/26,Georgia,Texas A&M,Away,54.80%,45.20%,Georgia -1.02,9.7,2,7,Texas A&M 18-5
3/22/26,Wake Forest,Virginia,Home,47.80%,52.20%,Virginia -0.07,9.2,25,34,Virginia 14-4
3/22/26,UCF,TCU,Home,40.90%,59.10%,TCU -1.32,8.9,33,30,UCF 9-1
3/22/26,Arizona St.,Kansas St.,Away,56.30%,43.70%,Arizona St. -1.02,8.9,23,44,Kansas St. 12-1
3/22/26,Nebraska,Michigan,Home,58.50%,41.50%,Nebraska -1.37,8.8,16,50,Nebraska 9-5
3/22/26,Clemson,Notre Dame,Away,45.80%,54.20%,Notre Dame -0.66,8.7,55,47,Notre Dame 7-4
3/22/26,Vanderbilt,Mississippi St.,Home,32.50%,67.50%,Mississippi St. -2.59,8.7,38,10,Mississippi St. 17-7
3/22/26,California,Boston College,Home,44.90%,55.10%,Boston College -0.62,8.7,56,37,Boston College 3-2
3/22/26,Louisiana,Texas St.,Away,45.00%,55.00%,Texas St. -0.47,8.6,39,59,Texas St. 16-6
3/22/26,Georgia Tech,Pittsburgh,Away,75.20%,24.90%,Georgia Tech -4.0,8.5,4,36,Georgia Tech 12-4
3/22/26,NC State,Florida St.,Home,34.40%,65.60%,Florida St. -2.23,8.5,51,19,Florida St. 15-5
3/22/26,Troy,Southern Miss.,Home,34.70%,65.30%,Southern Miss. -1.92,8.4,57,21,Southern Miss. 5-4
3/22/26,Baylor,Oklahoma St.,Away,30.30%,69.70%,Oklahoma St. -2.9,8.1,60,27,Oklahoma St. 13-6
3/22/26,The Citadel,Mercer,Home,34.70%,65.30%,Mercer -2.1,8.1,69,41,The Citadel 3-2
3/22/26,Rice,South Fla.,Away,41.70%,58.30%,South Fla. -0.89,8.1,65,74,South Fla. 7-2
3/22/26,San Diego St.,UConn,Neutral,49.80%,50.20%,San Diego St. -0.0,8,73,100,UConn 7-5
3/22/26,Louisville,North Carolina,Away,21.60%,78.50%,North Carolina -4.61,7.9,67,5,North Carolina 7-6
3/22/26,UAB,East Carolina,Home,29.90%,70.10%,East Carolina -3.02,7.9,68,43,UAB 11-4
3/22/26,Miami (OH),NIU,Away,52.10%,47.90%,Miami (OH) -0.4,7.9,76,99,NIU 6-4
3/22/26,Oregon St.,UC Irvine,Away,68.50%,31.50%,Oregon St. -2.9,7.8,18,93,Oregon St. 9-5
3/22/26,Duke,Virginia Tech,Away,35.70%,64.30%,Virginia Tech -2.04,7.8,82,49,Virginia Tech 7-6
3/22/26,Liberty,Kennesaw St.,Home,65.90%,34.10%,Liberty -2.42,7.8,31,88,Kennesaw St. 4-3
3/22/26,Minnesota,Indiana,Home,54.10%,45.90%,Minnesota -0.58,7.8,72,103,Minnesota 14-2
3/22/26,Utah,Cincinnati,Home,24.50%,75.50%,Cincinnati -3.82,7.8,70,24,Utah 13-11
3/22/26,Samford,Western Caro.,Away,41.40%,58.60%,Western Caro. -0.99,7.7,89,84,Western Caro. 10-9
3/22/26,Charlotte,Wichita St.,Away,49.90%,50.10%,Charlotte -0.09,7.6,98,114,Wichita St. 7-2
3/22/26,Western Ky.,Jacksonville St.,Home,30.70%,69.30%,Jacksonville St. -3.02,7.5,110,22,Jacksonville St. 10-0
3/22/26,Houston,Kansas,Away,22.90%,77.10%,Kansas -4.36,7.5,90,12,Kansas 8-4
3/22/26,Arkansas,South Carolina,Away,70.60%,29.40%,Arkansas -3.4,7.5,17,104,South Carolina 9-4
3/22/26,Hawaii,UC Santa Barbara,Away,32.60%,67.40%,UC Santa Barbara -2.62,7.4,112,32,UC Santa Barbara 5-1
3/22/26,Creighton,Miami (FL),Away,24.70%,75.30%,Miami (FL) -3.89,7.4,97,29,Miami (FL) 15-5
3/22/26,UTSA,Fla. Atlantic,Home,63.50%,36.50%,UTSA -2.02,7.4,46,115,UTSA 18-8
3/22/26,Southeastern La.,McNeese,Home,49.90%,50.10%,Southeastern La. -0.15,7.3,86,139,Southeastern La. 13-8
3/22/26,Missouri,Tennessee,Away,19.60%,80.40%,Tennessee -4.86,7.3,87,26,Tennessee 7-1
3/22/26,App State,Old Dominion,Away,52.30%,47.70%,App State -0.19,7.2,106,125,App State 10-6
3/22/26,Texas Tech,Arizona,Home,43.20%,56.80%,Arizona -0.83,7.2,80,130,Texas Tech 12-10
3/22/26,Wofford,Xavier,Away,42.70%,57.30%,Xavier -1.06,7.2,122,91,Wofford 8-5
3/22/26,UC Davis,Cal Poly,Home,27.70%,72.30%,Cal Poly -3.35,7.1,111,52,Cal Poly 5-4
3/22/26,UConn,San Jose St.,Home,54.10%,45.90%,UConn -0.64,7,100,142,UConn 8-0
3/22/26,Maryland,UCLA,Away,11.20%,88.80%,UCLA -7.18,7,101,1,UCLA 14-4
3/22/26,Air Force,Nevada,Away,46.30%,53.70%,Nevada -0.24,6.9,121,135,Air Force 17-12
3/22/26,Arkansas St.,Georgia St.,Away,58.90%,41.10%,Arkansas St. -1.15,6.9,83,143,Georgia St. 9-5
3/22/26,Rutgers,Illinois,Home,33.50%,66.50%,Illinois -2.25,6.8,124,94,Rutgers 8-3
3/22/26,Washington,Southern California,Home,19.80%,80.20%,Southern California -4.91,6.8,128,15,Southern California 14-4
3/22/26,Utah Tech,UNLV,Home,41.10%,58.90%,UNLV -1.02,6.8,105,136,Utah Tech 11-1
3/22/26,FGCU,North Florida,Away,49.00%,51.00%,North Florida -0.04,6.8,118,149,North Florida 6-4
3/22/26,Grand Canyon,Washington St.,Away,39.90%,60.10%,Washington St. -1.46,6.8,148,79,Washington St. 6-2
3/22/26,UNCW,Col. of Charleston,Home,51.00%,49.00%,UNCW -0.08,6.7,131,152,Col. of Charleston 6-3
3/22/26,ULM,South Alabama,Home,32.30%,67.70%,South Alabama -2.68,6.6,150,66,South Alabama 16-4
3/22/26,Gonzaga,San Diego,Away,60.60%,39.40%,Gonzaga -1.8,6.6,48,177,Gonzaga 11-6
3/22/26,USC Upstate,Longwood,Home,56.10%,43.90%,USC Upstate -1.0,6.6,108,156,Longwood 12-11
3/22/26,Tarleton St.,SFA,Home,59.70%,40.30%,Tarleton St. -1.67,6.6,58,173,Tarleton St. 3-1
3/22/26,St. John's (NY),UT Arlington,Away,56.70%,43.30%,St. John's (NY) -1.37,6.5,92,172,UT Arlington 12-6
3/22/26,UTRGV,Houston Christian,Home,51.90%,48.10%,UTRGV -0.36,6.4,126,169,UTRGV 16-5
3/22/26,Northwestern,Oregon,Away,14.30%,85.70%,Oregon -6.25,6.4,141,20,Northwestern 11-10
3/22/26,CSUN,Cal St. Fullerton,Away,35.00%,65.00%,Cal St. Fullerton -2.04,6.3,144,119,CSUN 4-1
3/22/26,Memphis,Tulane,Away,35.40%,64.60%,Tulane -1.77,6.3,134,137,Tulane 12-2
3/22/26,SIUE,Morehead St.,Home,55.50%,44.50%,SIUE -0.81,6.3,140,158,SIUE 28-23
3/22/26,VCU,Dayton,Home,52.10%,47.90%,VCU -0.57,6.3,117,185,Dayton 14-12
3/22/26,Abilene Christian,New Mexico,Away,41.00%,59.00%,New Mexico -1.16,6.2,151,155,New Mexico 11-5
3/22/26,ETSU,UNC Greensboro,Away,59.80%,40.20%,ETSU -1.33,6.2,123,168,ETSU 15-8
3/22/26,Santa Clara,San Francisco,Home,55.10%,44.90%,Santa Clara -0.76,6.1,147,175,San Francisco 6-5
3/22/26,Middle Tenn.,Missouri St.,Away,23.40%,76.60%,Missouri St. -4.15,6,179,35,Missouri St. 10-9
3/22/26,Louisiana Tech,New Mexico St.,Away,68.50%,31.50%,Louisiana Tech -2.88,5.9,81,186,New Mexico St. 8-6
3/22/26,Eastern Ill.,Lindenwood,Away,46.50%,53.50%,Lindenwood -0.21,5.9,133,195,Eastern Ill. 9-6
3/22/26,Lamar University,A&M-Corpus Christi,Home,66.30%,33.70%,Lamar University -2.49,5.7,95,199,Lamar University 18-15
3/22/26,James Madison,Coastal Carolina,Home,16.50%,83.50%,Coastal Carolina -5.54,5.7,182,40,Coastal Carolina 16-6
3/22/26,Nicholls,UIW,Away,48.60%,51.40%,Nicholls -0.05,5.7,166,202,Nicholls 6-2
3/22/26,Penn St.,Purdue,Away,22.60%,77.40%,Purdue -4.26,5.7,192,54,Penn St. 14-9
3/22/26,Sam Houston,FIU,Home,52.90%,47.10%,Sam Houston -0.48,5.6,146,211,Sam Houston 7-1
3/22/26,Stony Brook,Monmouth,Home,46.90%,53.10%,Monmouth -0.49,5.5,207,167,Stony Brook 10-7
3/22/26,Milwaukee,Wright St.,Away,32.00%,68.00%,Wright St. -2.16,5.4,180,153,Wright St. 6-5
3/22/26,VMI,Radford,Home,44.70%,55.30%,Radford -0.87,5.4,196,187,VMI 9-1
3/22/26,Lipscomb,Austin Peay,Home,42.30%,57.70%,Austin Peay -0.62,5.4,165,201,Lipscomb 19-5
3/22/26,Marshall,Ga. Southern,Home,56.80%,43.30%,Marshall -0.85,5.4,174,203,Ga. Southern 18-12
3/22/26,Evansville,California Baptist,Home,17.20%,82.80%,California Baptist -5.49,5.4,200,42,California Baptist 9-1
3/22/26,New Orleans,Northwestern St.,Away,33.40%,66.60%,Northwestern St. -1.92,5.3,188,157,Northwestern St. 6-5
3/22/26,George Mason,Rhode Island,Away,47.80%,52.20%,Rhode Island -0.21,5.3,181,214,Rhode Island 10-9
3/22/26,Long Beach St.,CSU Bakersfield,Home,47.50%,52.50%,CSU Bakersfield -0.35,5.3,210,191,Long Beach St. 5-1
3/22/26,Pepperdine,Saint Mary's (CA),Away,22.40%,77.60%,Saint Mary's (CA) -4.28,5.2,198,96,Pepperdine 7-1
3/22/26,Ball St.,Western Mich.,Away,39.50%,60.50%,Western Mich. -1.56,5.2,212,162,Ball St. 7-5
3/22/26,DBU,Delaware,Away,78.20%,21.80%,DBU -4.45,5,71,229,DBU 8-6
3/22/26,Richmond,Fordham,Home,57.10%,42.90%,Richmond -1.27,5,160,235,Fordham 4-3
3/22/26,Maine,UMBC,Away,47.00%,53.00%,UMBC -0.25,4.9,216,221,Maine 4-3
3/22/26,UT Martin,Southeast Mo. St.,Home,21.20%,78.80%,Southeast Mo. St. -4.53,4.9,231,75,Southeast Mo. St. 7-5
3/22/26,Gardner-Webb,Charleston So.,Home,27.10%,72.90%,Charleston So. -3.33,4.8,205,154,Charleston So. 14-4
3/22/26,Little Rock,Tennessee Tech,Away,64.50%,35.50%,Little Rock -2.47,4.8,113,251,Little Rock 11-10
3/22/26,Portland,LMU (CA),Home,62.80%,37.20%,Portland -2.12,4.8,127,254,Portland 4-3
3/22/26,Toledo,Central Mich.,Home,65.00%,35.00%,Toledo -2.26,4.8,170,224,Central Mich. 6-5
3/22/26,Jacksonville,Queens (NC),Away,63.00%,37.00%,Jacksonville -2.12,4.7,132,255,Queens (NC) 4-3
3/22/26,Campbell,Towson,Away,82.60%,17.40%,Campbell -5.49,4.7,53,245,Campbell 12-8
3/22/26,Utah Valley,Stanford,Home,19.30%,80.70%,Stanford -5.14,4.7,243,64,Stanford 17-10
3/22/26,Utah Valley,Stanford,Home,19.30%,80.70%,Stanford -5.14,4.7,243,64,Stanford 15-9
3/22/26,Brown,Yale,Away,27.70%,72.30%,Yale -3.26,4.7,208,164,Brown 8-0
3/22/26,Elon,Northeastern,Away,18.70%,81.30%,Northeastern -5.17,4.6,228,102,Northeastern 17-7
3/22/26,Belmont,Illinois St.,Away,29.30%,70.70%,Illinois St. -2.93,4.6,233,145,Illinois St. 9-3
3/22/26,Butler,Ohio St.,Away,16.40%,83.60%,Ohio St. -5.59,4.6,236,78,Ohio St. 14-4
3/22/26,Hofstra,Seton Hall,Away,56.40%,43.60%,Hofstra -1.19,4.5,178,263,Seton Hall 6-2
3/22/26,UC Riverside,UC San Diego,Away,20.00%,80.00%,UC San Diego -4.84,4.5,246,85,UC San Diego 14-10
3/22/26,Kent St.,Massachusetts,Away,80.50%,19.50%,Kent St. -5.07,4.4,61,269,Kent St. 9-8
3/22/26,Seattle U,Pacific,Home,36.40%,63.60%,Pacific -1.83,4.4,237,193,Seattle U 15-10
3/22/26,Southern U.,Alabama St.,Home,32.50%,67.50%,Alabama St. -2.46,4.3,232,194,Alabama St. 5-2
3/22/26,Bucknell,Navy,Away,32.50%,67.50%,Navy -2.31,4.3,223,215,Bucknell 3-1
3/22/26,UMass Lowell,Binghamton,Home,29.20%,70.80%,Binghamton -3.18,4.2,253,163,Binghamton 14-10
3/22/26,Florida A&M,Ark.-Pine Bluff,Home,55.50%,44.50%,Florida A&M -1.01,4.1,225,266,Florida A&M 11-5
3/22/26,Davidson,La Salle,Away,60.20%,39.80%,Davidson -1.44,4,220,261,La Salle 10-1
3/22/26,Rider,Mount St. Mary's,Home,61.10%,38.90%,Rider -1.84,4,184,280,Rider 10-5
3/22/26,George Washington,Saint Joseph's,Away,24.80%,75.20%,Saint Joseph's -4.01,4,282,107,Saint Joseph's 7-5
3/22/26,Bellarmine,Central Ark.,Away,26.50%,73.50%,Central Ark. -3.58,4,260,161,Central Ark. 8-7
3/22/26,UNC Asheville,Villanova,Away,41.20%,58.80%,Villanova -1.17,3.9,259,241,Villanova 11-6
3/22/26,Northern Colo.,Omaha,Away,30.10%,69.90%,Omaha -2.82,3.9,256,189,Northern Colo. 8-7
3/22/26,Presbyterian,High Point,Home,10.90%,89.10%,High Point -7.2,3.8,278,77,High Point 9-3
3/22/26,Le Moyne,Wagner,Away,45.60%,54.40%,Wagner -0.65,3.8,275,247,Wagner 9-7
3/22/26,St. Thomas (MN),Oral Roberts,Home,16.80%,83.20%,Oral Roberts -5.49,3.8,267,116,Oral Roberts 11-3
3/22/26,Eastern Ky.,North Ala.,Away,25.00%,75.00%,North Ala. -3.74,3.8,258,176,North Ala. 7-5
3/22/26,Northern Ky.,Oakland,Away,62.80%,37.20%,Northern Ky. -1.93,3.7,227,271,Oakland 8-4
3/22/26,West Ga.,Stetson,Home,28.50%,71.50%,Stetson -3.31,3.7,268,183,Stetson 10-6
3/22/26,Valparaiso,Murray St.,Neutral,24.70%,75.30%,Murray St. -4.05,3.7,276,159,Murray St. 13-12
3/22/26,Western Ill.,Southern Ind.,Home,34.50%,65.50%,Southern Ind. -2.28,3.6,281,204,Southern Ind. 12-0
3/22/26,Harvard,Columbia,Home,31.50%,68.50%,Columbia -2.71,3.6,262,226,Columbia 8-3
3/22/26,Akron,Eastern Mich.,Away,34.90%,65.10%,Eastern Mich. -2.1,3.6,265,238,Eastern Mich. 6-2
3/22/26,Marist,Iona,Home,55.30%,44.70%,Marist -0.97,3.6,242,290,Marist 10-3
3/22/26,Dartmouth,Penn,Away,31.10%,68.90%,Penn -2.75,3.5,277,206,Penn 5-2
3/22/26,N.C. A&T,William & Mary,Away,31.90%,68.10%,William & Mary -2.46,3.5,272,222,William & Mary 11-10
3/22/26,Youngstown St.,Georgetown,Home,28.70%,71.30%,Georgetown -3.08,3.4,270,219,Georgetown 6-3
3/22/26,Quinnipiac,Manhattan,Home,60.70%,39.30%,Quinnipiac -1.53,3.3,252,291,Quinnipiac 9-3
3/22/26,Bradley,Indiana St.,Away,12.60%,87.40%,Indiana St. -6.58,3.2,289,138,Indiana St. 18-10
3/22/26,Saint Louis,St. Bonaventure,Away,58.90%,41.10%,Saint Louis -1.32,3.2,264,292,St. Bonaventure 14-3
3/22/26,Holy Cross,Lehigh,Away,61.10%,38.90%,Holy Cross -1.72,3.2,249,296,Holy Cross 7-2
3/22/26,Cornell,Princeton,Away,36.40%,63.60%,Princeton -1.76,3.2,287,250,Cornell 6-3
3/22/26,Army West Point,Lafayette,Away,71.30%,28.70%,Army West Point -3.29,3.2,197,295,Army West Point 10-5
3/22/26,Mercyhurst,Stonehill,Away,38.80%,61.20%,Stonehill -1.61,2.9,299,286,Stonehill 9-7
3/22/26,Mercyhurst,Stonehill,Away,38.80%,61.20%,Stonehill -1.61,2.9,299,286,Stonehill 15-5
3/22/26,Ohio,Bowling Green,Home,24.00%,76.00%,Bowling Green -3.77,2.8,294,234,Ohio 7-3
3/22/26,UAlbany,NJIT,Home,34.60%,65.40%,NJIT -2.03,2.8,288,293,UAlbany 10-3
3/22/26,New Haven,FDU,Home,26.70%,73.30%,FDU -3.69,2.7,302,240,FDU 6-1
3/22/26,UMES,Coppin St.,Home,40.90%,59.10%,Coppin St. -1.28,2.7,307,303,Coppin St. 17-16
3/22/26,LIU,Central Conn. St.,Home,77.50%,22.50%,LIU -4.37,2.6,239,297,LIU 12-3
3/22/26,Prairie View,Jackson St.,Home,19.40%,80.60%,Jackson St. -4.7,2.1,300,283,Jackson St. 15-4
3/22/26,Fairfield,Saint Peter's,Away,92.00%,8.00%,Fairfield -8.43,2.1,213,308,Fairfield 18-7
3/22/26,Mississippi Val.,Texas Southern,Away,16.60%,83.40%,Texas Southern -5.36,2,301,285,Texas Southern 9-3
3/22/26,Delaware St.,Norfolk St.,Away,21.60%,78.40%,Norfolk St. -4.31,2,306,298,Norfolk St. 11-5
3/22/26,Alabama A&M,Grambling,Away,14.00%,86.00%,Grambling -6.24,1.9,304,273,Grambling 13-3
3/21/26,Texas,Auburn,Home,51.80%,48.20%,Texas -0.44,9.8,3,8,Texas 7-6
3/21/26,Florida,Alabama,Home,49.40%,50.60%,Alabama -0.16,9.7,14,9,Alabama 8-4
3/21/26,Georgia,Texas A&M,Away,54.80%,45.20%,Georgia -1.02,9.7,2,7,Georgia 8-2
3/21/26,Wake Forest,Virginia,Home,47.80%,52.20%,Virginia -0.07,9.2,25,34,Wake Forest 13-4
3/21/26,Oklahoma,LSU,Home,53.80%,46.20%,Oklahoma -0.84,9.1,13,45,Oklahoma 4-3
3/21/26,UCF,TCU,Home,40.90%,59.10%,TCU -1.32,8.9,33,30,TCU 6-0
3/21/26,Arizona St.,Kansas St.,Away,56.30%,43.70%,Arizona St. -1.02,8.9,23,44,Arizona St. 18-12
3/21/26,Nebraska,Michigan,Home,58.50%,41.50%,Nebraska -1.37,8.8,16,50,Nebraska 10-0
3/21/26,Clemson,Notre Dame,Away,45.80%,54.20%,Notre Dame -0.66,8.7,55,47,Notre Dame 8-7
3/21/26,Vanderbilt,Mississippi St.,Home,32.50%,67.50%,Mississippi St. -2.59,8.7,38,10,Mississippi St. 7-2
3/21/26,California,Boston College,Home,44.90%,55.10%,Boston College -0.62,8.7,56,37,Boston College 9-6
3/21/26,Kentucky,Ole Miss,Away,29.30%,70.70%,Ole Miss -3.1,8.7,28,11,Ole Miss 12-9
3/21/26,Louisiana,Texas St.,Away,45.00%,55.00%,Texas St. -0.47,8.6,39,59,Texas St. 11-4
3/21/26,NC State,Florida St.,Home,34.40%,65.60%,Florida St. -2.23,8.5,51,19,Florida St. 11-5
3/21/26,Georgia Tech,Pittsburgh,Away,75.20%,24.90%,Georgia Tech -4.0,8.5,4,36,Pittsburgh 14-9
3/21/26,Troy,Southern Miss.,Home,34.70%,65.30%,Southern Miss. -1.92,8.4,57,21,Southern Miss. 11-5
3/21/26,Baylor,Oklahoma St.,Away,30.30%,69.70%,Oklahoma St. -2.9,8.1,60,27,Oklahoma St. 5-3
3/21/26,The Citadel,Mercer,Home,34.70%,65.30%,Mercer -2.1,8.1,69,41,Mercer 8-4
3/21/26,Rice,South Fla.,Away,41.70%,58.30%,South Fla. -0.89,8.1,65,74,South Fla. 2-0
3/21/26,UConn,San Diego St.,Neutral,50.20%,49.80%,UConn -0.0,8,100,73,San Diego St. 6-4
3/21/26,Louisville,North Carolina,Away,21.60%,78.50%,North Carolina -4.61,7.9,67,5,Louisville 2-0
3/21/26,UAB,East Carolina,Home,29.90%,70.10%,East Carolina -3.02,7.9,68,43,East Carolina 18-1
3/21/26,Miami (OH),NIU,Away,52.10%,47.90%,Miami (OH) -0.4,7.9,76,99,NIU 5-1
3/21/26,Oregon St.,UC Irvine,Away,68.50%,31.50%,Oregon St. -2.9,7.8,18,93,Oregon St. 5-3
3/21/26,Duke,Virginia Tech,Away,35.70%,64.30%,Virginia Tech -2.04,7.8,82,49,Duke 8-6
3/21/26,Liberty,Kennesaw St.,Home,65.90%,34.10%,Liberty -2.42,7.8,31,88,Liberty 11-5
3/21/26,Minnesota,Indiana,Home,54.10%,45.90%,Minnesota -0.58,7.8,72,103,Indiana 7-2
3/21/26,BYU,West Virginia,Away,18.70%,81.30%,West Virginia -5.17,7.8,62,6,West Virginia 11-1
3/21/26,Utah,Cincinnati,Home,24.50%,75.50%,Cincinnati -3.82,7.8,70,24,Cincinnati 20-10
3/21/26,Samford,Western Caro.,Away,41.40%,58.60%,Western Caro. -0.99,7.7,89,84,Western Caro. 11-9
3/21/26,Iowa,Michigan St.,Away,54.10%,45.90%,Iowa -0.65,7.7,63,109,Michigan St. 15-5
3/21/26,Iowa,Michigan St.,Away,54.10%,45.90%,Iowa -0.65,7.7,63,109,Iowa 8-3
3/21/26,Charlotte,Wichita St.,Away,49.90%,50.10%,Charlotte -0.09,7.6,98,114,Charlotte 19-6
3/21/26,Western Ky.,Jacksonville St.,Home,30.70%,69.30%,Jacksonville St. -3.02,7.5,110,22,Jacksonville St. 6-2
3/21/26,Houston,Kansas,Away,22.90%,77.10%,Kansas -4.36,7.5,90,12,Kansas 9-8
3/21/26,Arkansas,South Carolina,Away,70.60%,29.40%,Arkansas -3.4,7.5,17,104,Arkansas 3-2
3/21/26,Hawaii,UC Santa Barbara,Away,32.60%,67.40%,UC Santa Barbara -2.62,7.4,112,32,Hawaii 3-1
3/21/26,Creighton,Miami (FL),Away,24.70%,75.30%,Miami (FL) -3.89,7.4,97,29,Miami (FL) 11-1
3/21/26,UTSA,Fla. Atlantic,Home,63.50%,36.50%,UTSA -2.02,7.4,46,115,Fla. Atlantic 7-6
3/21/26,Southeastern La.,McNeese,Home,49.90%,50.10%,Southeastern La. -0.15,7.3,86,139,McNeese 8-7
3/21/26,Missouri,Tennessee,Away,19.60%,80.40%,Tennessee -4.86,7.3,87,26,Tennessee 4-2
3/21/26,San Diego St.,San Jose St.,Away,53.80%,46.20%,San Diego St. -0.64,7.2,73,142,San Jose St. 9-8
3/21/26,App State,Old Dominion,Away,52.30%,47.70%,App State -0.19,7.2,106,125,App State 10-3
3/21/26,Wofford,Xavier,Away,42.70%,57.30%,Xavier -1.06,7.2,122,91,Wofford 14-2
3/21/26,Texas Tech,Arizona,Home,43.20%,56.80%,Arizona -0.83,7.2,80,130,Arizona 14-6
3/21/26,UC Davis,Cal Poly,Home,27.70%,72.30%,Cal Poly -3.35,7.1,111,52,Cal Poly 12-11
3/21/26,Maryland,UCLA,Away,11.20%,88.80%,UCLA -7.18,7,101,1,UCLA 8-3
3/21/26,Air Force,Nevada,Away,46.30%,53.70%,Nevada -0.24,6.9,121,135,Air Force 18-5
3/21/26,Arkansas St.,Georgia St.,Away,58.90%,41.10%,Arkansas St. -1.15,6.9,83,143,Arkansas St. 13-5
3/21/26,Washington,Southern California,Home,19.80%,80.20%,Southern California -4.91,6.8,128,15,Southern California 7-2
3/21/26,Grand Canyon,Washington St.,Away,39.90%,60.10%,Washington St. -1.46,6.8,148,79,Washington St. 6-5
3/21/26,Rutgers,Illinois,Home,33.50%,66.50%,Illinois -2.25,6.8,124,94,Illinois 12-6
3/21/26,Utah Tech,UNLV,Home,41.10%,58.90%,UNLV -1.02,6.8,105,136,UNLV 11-1
3/21/26,FGCU,North Florida,Away,49.00%,51.00%,North Florida -0.04,6.8,118,149,North Florida 7-6
3/21/26,UNCW,Col. of Charleston,Home,51.00%,49.00%,UNCW -0.08,6.7,131,152,UNCW 8-1
3/21/26,ULM,South Alabama,Home,32.30%,67.70%,South Alabama -2.68,6.6,150,66,ULM 9-6
3/21/26,USC Upstate,Longwood,Home,56.10%,43.90%,USC Upstate -1.0,6.6,108,156,Longwood 5-4
3/21/26,Gonzaga,San Diego,Away,60.60%,39.40%,Gonzaga -1.8,6.6,48,177,Gonzaga 7-5
3/21/26,Winthrop,Sacramento St.,Home,35.50%,64.50%,Sacramento St. -2.21,6.6,129,120,Winthrop 7-5
3/21/26,Tarleton St.,SFA,Home,59.70%,40.30%,Tarleton St. -1.67,6.6,58,173,Tarleton St. 7-6
3/21/26,St. John's (NY),UT Arlington,Away,56.70%,43.30%,St. John's (NY) -1.37,6.5,92,172,St. John's (NY) 11-7
3/21/26,UTRGV,Houston Christian,Home,51.90%,48.10%,UTRGV -0.36,6.4,126,169,UTRGV 17-10
3/21/26,Northwestern,Oregon,Away,14.30%,85.70%,Oregon -6.25,6.4,141,20,Oregon 6-4
3/21/26,CSUN,Cal St. Fullerton,Away,35.00%,65.00%,Cal St. Fullerton -2.04,6.3,144,119,CSUN 6-2
3/21/26,Memphis,Tulane,Away,35.40%,64.60%,Tulane -1.77,6.3,134,137,Tulane 11-6
3/21/26,SIUE,Morehead St.,Home,55.50%,44.50%,SIUE -0.81,6.3,140,158,SIUE 7-2
3/21/26,VCU,Dayton,Home,52.10%,47.90%,VCU -0.57,6.3,117,185,VCU 5-2
3/21/26,Abilene Christian,New Mexico,Away,41.00%,59.00%,New Mexico -1.16,6.2,151,155,Abilene Christian 11-7
3/21/26,ETSU,UNC Greensboro,Away,59.80%,40.20%,ETSU -1.33,6.2,123,168,ETSU 8-2
3/21/26,Santa Clara,San Francisco,Home,55.10%,44.90%,Santa Clara -0.76,6.1,147,175,San Francisco 2-1
3/21/26,Middle Tenn.,Missouri St.,Away,23.40%,76.60%,Missouri St. -4.15,6,179,35,Missouri St. 14-4
3/21/26,Louisiana Tech,New Mexico St.,Away,68.50%,31.50%,Louisiana Tech -2.88,5.9,81,186,New Mexico St. 13-10
3/21/26,Eastern Ill.,Lindenwood,Away,46.50%,53.50%,Lindenwood -0.21,5.9,133,195,Eastern Ill. 5-4
3/21/26,Lamar University,A&M-Corpus Christi,Home,66.30%,33.70%,Lamar University -2.49,5.7,95,199,Lamar University 7-3
3/21/26,James Madison,Coastal Carolina,Home,16.50%,83.50%,Coastal Carolina -5.54,5.7,182,40,Coastal Carolina 10-0
3/21/26,Nicholls,UIW,Away,48.60%,51.40%,Nicholls -0.05,5.7,166,202,UIW 5-4
3/21/26,Penn St.,Purdue,Away,22.60%,77.40%,Purdue -4.26,5.7,192,54,Purdue 2-1
3/21/26,Sam Houston,FIU,Home,52.90%,47.10%,Sam Houston -0.48,5.6,146,211,FIU 12-11
3/21/26,Stony Brook,Monmouth,Home,46.90%,53.10%,Monmouth -0.49,5.5,207,167,Monmouth 8-5
3/21/26,Lipscomb,Austin Peay,Home,42.30%,57.70%,Austin Peay -0.62,5.4,165,201,Austin Peay 12-8
3/21/26,Milwaukee,Wright St.,Away,32.00%,68.00%,Wright St. -2.16,5.4,180,153,Wright St. 8-3
3/21/26,Marshall,Ga. Southern,Home,56.80%,43.30%,Marshall -0.85,5.4,174,203,Marshall 13-5
3/21/26,Evansville,California Baptist,Home,17.20%,82.80%,California Baptist -5.49,5.4,200,42,California Baptist 10-3
3/21/26,New Orleans,Northwestern St.,Away,33.40%,66.60%,Northwestern St. -1.92,5.3,188,157,Northwestern St. 6-2
3/21/26,Radford,VMI,Away,42.60%,57.40%,VMI -0.73,5.3,187,196,VMI 11-6
3/21/26,George Mason,Rhode Island,Away,47.80%,52.20%,Rhode Island -0.21,5.3,181,214,George Mason 3-1
3/21/26,Long Beach St.,CSU Bakersfield,Home,47.50%,52.50%,CSU Bakersfield -0.35,5.3,210,191,CSU Bakersfield 12-6
3/21/26,Pepperdine,Saint Mary's (CA),Away,22.40%,77.60%,Saint Mary's (CA) -4.28,5.2,198,96,Pepperdine 9-5
3/21/26,Ball St.,Western Mich.,Away,39.50%,60.50%,Western Mich. -1.56,5.2,212,162,Ball St. 8-6
3/21/26,DBU,Delaware,Away,78.20%,21.80%,DBU -4.45,5,71,229,DBU 10-2
3/21/26,Richmond,Fordham,Home,57.10%,42.90%,Richmond -1.27,5,160,235,Richmond 4-3
3/21/26,Southern Ill.,UIC,Away,43.80%,56.20%,UIC -0.87,5,218,190,UIC 6-5
3/21/26,Southern Ill.,UIC,Away,43.80%,56.20%,UIC -0.87,5,218,190,UIC 10-9
3/21/26,Maine,UMBC,Away,47.00%,53.00%,UMBC -0.25,4.9,216,221,UMBC 11-5
3/21/26,UT Martin,Southeast Mo. St.,Home,21.20%,78.80%,Southeast Mo. St. -4.53,4.9,231,75,Southeast Mo. St. 11-4
3/21/26,Gardner-Webb,Charleston So.,Home,27.10%,72.90%,Charleston So. -3.33,4.8,205,154,Gardner-Webb 8-5
3/21/26,Little Rock,Tennessee Tech,Away,64.50%,35.50%,Little Rock -2.47,4.8,113,251,Little Rock 4-3
3/21/26,Portland,LMU (CA),Home,62.80%,37.20%,Portland -2.12,4.8,127,254,Portland 13-4
3/21/26,Toledo,Central Mich.,Home,65.00%,35.00%,Toledo -2.26,4.8,170,224,Central Mich. 18-7
3/21/26,Brown,Yale,Away,27.70%,72.30%,Yale -3.26,4.7,208,164,Brown 2-1
3/21/26,Brown,Yale,Away,27.70%,72.30%,Yale -3.26,4.7,208,164,Yale 14-7
3/21/26,Utah Valley,Stanford,Home,19.30%,80.70%,Stanford -5.14,4.7,243,64,Stanford 4-3
3/21/26,Jacksonville,Queens (NC),Away,63.00%,37.00%,Jacksonville -2.12,4.7,132,255,Queens (NC) 4-1
3/21/26,Campbell,Towson,Away,82.60%,17.40%,Campbell -5.49,4.7,53,245,Campbell 20-4
3/21/26,Elon,Northeastern,Away,18.70%,81.30%,Northeastern -5.17,4.6,228,102,Elon 3-2
3/21/26,Belmont,Illinois St.,Away,29.30%,70.70%,Illinois St. -2.93,4.6,233,145,Illinois St. 10-4
3/21/26,Butler,Ohio St.,Away,16.40%,83.60%,Ohio St. -5.59,4.6,236,78,Ohio St. 13-3
3/21/26,Hofstra,Seton Hall,Away,56.40%,43.60%,Hofstra -1.19,4.5,178,263,Hofstra 16-8
3/21/26,UC Riverside,UC San Diego,Away,20.00%,80.00%,UC San Diego -4.84,4.5,246,85,UC Riverside 9-4
3/21/26,Kent St.,Massachusetts,Away,80.50%,19.50%,Kent St. -5.07,4.4,61,269,Kent St. 9-3
3/21/26,Seattle U,Pacific,Home,36.40%,63.60%,Pacific -1.83,4.4,237,193,Seattle U 5-2
3/21/26,Southern U.,Alabama St.,Home,32.50%,67.50%,Alabama St. -2.46,4.3,232,194,Alabama St. 7-5
3/21/26,North Dakota St.,South Dakota St.,Away,39.10%,60.90%,South Dakota St. -1.53,4.3,244,209,South Dakota St. 11-1
3/21/26,North Dakota St.,South Dakota St.,Away,39.10%,60.90%,South Dakota St. -1.53,4.3,244,209,South Dakota St. 13-5
3/21/26,Bucknell,Navy,Away,32.50%,67.50%,Navy -2.31,4.3,223,215,Navy 8-3
3/21/26,Bucknell,Navy,Away,32.50%,67.50%,Navy -2.31,4.3,223,215,Bucknell 7-3
3/21/26,UMass Lowell,Binghamton,Home,29.20%,70.80%,Binghamton -3.18,4.2,253,163,Binghamton 16-10
3/21/26,Florida A&M,Ark.-Pine Bluff,Home,55.50%,44.50%,Florida A&M -1.01,4.1,225,266,Florida A&M 7-5
3/21/26,Davidson,La Salle,Away,60.20%,39.80%,Davidson -1.44,4,220,261,La Salle 8-2
3/21/26,Davidson,La Salle,Away,60.20%,39.80%,Davidson -1.44,4,220,261,Davidson 17-13
3/21/26,Rider,Mount St. Mary's,Home,61.10%,38.90%,Rider -1.84,4,184,280,Rider 6-2
3/21/26,George Washington,Saint Joseph's,Away,24.80%,75.20%,Saint Joseph's -4.01,4,282,107,Saint Joseph's 6-5
3/21/26,Bellarmine,Central Ark.,Away,26.50%,73.50%,Central Ark. -3.58,4,260,161,Bellarmine 5-2
3/21/26,UNC Asheville,Villanova,Away,41.20%,58.80%,Villanova -1.17,3.9,259,241,Villanova 10-4
3/21/26,Merrimack,Canisius,Home,48.60%,51.40%,Canisius -0.09,3.9,257,274,Canisius 14-3
3/21/26,Merrimack,Canisius,Home,48.60%,51.40%,Canisius -0.09,3.9,257,274,Canisius 5-3
3/21/26,Northern Colo.,Omaha,Away,30.10%,69.90%,Omaha -2.82,3.9,256,189,Omaha 12-11
3/21/26,Niagara,Siena,Away,54.70%,45.30%,Niagara -0.92,3.9,230,279,Niagara 9-6
3/21/26,Niagara,Siena,Away,54.70%,45.30%,Niagara -0.92,3.9,230,279,Siena 10-9
3/21/26,Presbyterian,High Point,Home,10.90%,89.10%,High Point -7.2,3.8,278,77,High Point 8-5
3/21/26,St. Thomas (MN),Oral Roberts,Home,16.80%,83.20%,Oral Roberts -5.49,3.8,267,116,Oral Roberts 8-2
3/21/26,Le Moyne,Wagner,Away,45.60%,54.40%,Wagner -0.65,3.8,275,247,Wagner 5-1
3/21/26,Eastern Ky.,North Ala.,Away,25.00%,75.00%,North Ala. -3.74,3.8,258,176,North Ala. 8-5
3/21/26,Northern Ky.,Oakland,Away,62.80%,37.20%,Northern Ky. -1.93,3.7,227,271,Northern Ky. 13-8
3/21/26,West Ga.,Stetson,Home,28.50%,71.50%,Stetson -3.31,3.7,268,183,West Ga. 7-3
3/21/26,Valparaiso,Murray St.,Neutral,24.70%,75.30%,Murray St. -4.05,3.7,276,159,Murray St. 3-1
3/21/26,Harvard,Columbia,Home,31.50%,68.50%,Columbia -2.71,3.6,262,226,Harvard 4-1
3/21/26,Harvard,Columbia,Home,31.50%,68.50%,Columbia -2.71,3.6,262,226,Columbia 5-3
3/21/26,Akron,Eastern Mich.,Away,34.90%,65.10%,Eastern Mich. -2.1,3.6,265,238,Eastern Mich. 9-8
3/21/26,Marist,Iona,Home,55.30%,44.70%,Marist -0.97,3.6,242,290,Iona 5-3
3/21/26,Western Ill.,Southern Ind.,Home,34.50%,65.50%,Southern Ind. -2.28,3.6,281,204,Western Ill. 12-9
3/21/26,Dartmouth,Penn,Away,31.10%,68.90%,Penn -2.75,3.5,277,206,Penn 8-3
3/21/26,Dartmouth,Penn,Away,31.10%,68.90%,Penn -2.75,3.5,277,206,Penn 4-1
3/21/26,N.C. A&T,William & Mary,Away,31.90%,68.10%,William & Mary -2.46,3.5,272,222,William & Mary 6-5
3/21/26,Youngstown St.,Georgetown,Home,28.70%,71.30%,Georgetown -3.08,3.4,270,219,Georgetown 7-2
3/21/26,Quinnipiac,Manhattan,Home,60.70%,39.30%,Quinnipiac -1.53,3.3,252,291,Manhattan 2-1
3/21/26,Bradley,Indiana St.,Away,12.60%,87.40%,Indiana St. -6.58,3.2,289,138,Indiana St. 8-3
3/21/26,Saint Louis,St. Bonaventure,Away,58.90%,41.10%,Saint Louis -1.32,3.2,264,292,Saint Louis 6-3
3/21/26,Holy Cross,Lehigh,Away,61.10%,38.90%,Holy Cross -1.72,3.2,249,296,Holy Cross 6-4
3/21/26,Holy Cross,Lehigh,Away,61.10%,38.90%,Holy Cross -1.72,3.2,249,296,Holy Cross 1-0
3/21/26,Cornell,Princeton,Away,36.40%,63.60%,Princeton -1.76,3.2,287,250,Princeton 12-0
3/21/26,Cornell,Princeton,Away,36.40%,63.60%,Princeton -1.76,3.2,287,250,Princeton 13-7
3/21/26,Army West Point,Lafayette,Away,71.30%,28.70%,Army West Point -3.29,3.2,197,295,Army West Point 11-2
3/21/26,Army West Point,Lafayette,Away,71.30%,28.70%,Army West Point -3.29,3.2,197,295,Army West Point 11-2
3/21/26,Ohio,Bowling Green,Home,24.00%,76.00%,Bowling Green -3.77,2.8,294,234,Ohio 8-5
3/21/26,Sacred Heart,Bryant,Home,17.10%,82.90%,Bryant -5.14,2.8,284,217,Bryant 6-2
3/21/26,Sacred Heart,Bryant,Home,17.10%,82.90%,Bryant -5.14,2.8,284,217,Bryant 14-11
3/21/26,UAlbany,NJIT,Home,34.60%,65.40%,NJIT -2.03,2.8,288,293,NJIT 5-4
3/21/26,UMES,Coppin St.,Home,40.90%,59.10%,Coppin St. -1.28,2.7,307,303,UMES 5-4
3/21/26,New Haven,FDU,Home,26.70%,73.30%,FDU -3.69,2.7,302,240,FDU 7-3
3/21/26,LIU,Central Conn. St.,Home,77.50%,22.50%,LIU -4.37,2.6,239,297,LIU 15-3
3/21/26,Bethune-Cookman,Alcorn,Home,95.60%,4.40%,Bethune-Cookman -10.37,2.3,171,305,Bethune-Cookman 12-2
3/21/26,Bethune-Cookman,Alcorn,Home,95.60%,4.40%,Bethune-Cookman -10.37,2.3,171,305,Bethune-Cookman 12-2
3/21/26,Prairie View,Jackson St.,Home,19.40%,80.60%,Jackson St. -4.7,2.1,300,283,Jackson St. 9-8
3/21/26,Fairfield,Saint Peter's,Away,92.00%,8.00%,Fairfield -8.43,2.1,213,308,Fairfield 11-1
3/21/26,Mississippi Val.,Texas Southern,Away,16.60%,83.40%,Texas Southern -5.36,2,301,285,Texas Southern 11-4
3/21/26,Delaware St.,Norfolk St.,Away,21.60%,78.40%,Norfolk St. -4.31,2,306,298,Norfolk St. 4-3
3/21/26,Alabama A&M,Grambling,Away,14.00%,86.00%,Grambling -6.24,1.9,304,273,Grambling 19-4
3/20/26,Texas,Auburn,Home,51.80%,48.20%,Texas -0.44,9.8,3,8,Auburn 4-3
3/20/26,Florida,Alabama,Home,49.40%,50.60%,Alabama -0.16,9.7,14,9,Alabama 6-0
3/20/26,Georgia,Texas A&M,Away,54.80%,45.20%,Georgia -1.02,9.7,2,7,Georgia 9-4
3/20/26,Wake Forest,Virginia,Home,47.80%,52.20%,Virginia -0.07,9.2,25,34,Virginia 10-6
3/20/26,Oklahoma,LSU,Home,53.80%,46.20%,Oklahoma -0.84,9.1,13,45,Oklahoma 4-2
3/20/26,Arizona St.,Kansas St.,Away,56.30%,43.70%,Arizona St. -1.02,8.9,23,44,Arizona St. 5-4
3/20/26,UCF,TCU,Home,40.90%,59.10%,TCU -1.32,8.9,33,30,UCF 18-7
3/20/26,Nebraska,Michigan,Home,58.50%,41.50%,Nebraska -1.37,8.8,16,50,Michigan 2-1
3/20/26,Clemson,Notre Dame,Away,45.80%,54.20%,Notre Dame -0.66,8.7,55,47,Notre Dame 6-0
3/20/26,Vanderbilt,Mississippi St.,Home,32.50%,67.50%,Mississippi St. -2.59,8.7,38,10,Mississippi St. 4-2
3/20/26,Kentucky,Ole Miss,Away,29.30%,70.70%,Ole Miss -3.1,8.7,28,11,Kentucky 3-1
3/20/26,California,Boston College,Home,44.90%,55.10%,Boston College -0.62,8.7,56,37,Boston College 4-3
3/20/26,Louisiana,Texas St.,Away,45.00%,55.00%,Texas St. -0.47,8.6,39,59,Texas St. 4-1
3/20/26,NC State,Florida St.,Home,34.40%,65.60%,Florida St. -2.23,8.5,51,19,NC State 6-4
3/20/26,Georgia Tech,Pittsburgh,Away,75.20%,24.90%,Georgia Tech -4.0,8.5,4,36,Georgia Tech 11-9
3/20/26,Troy,Southern Miss.,Home,34.70%,65.30%,Southern Miss. -1.92,8.4,57,21,Troy 6-5
3/20/26,Baylor,Oklahoma St.,Away,30.30%,69.70%,Oklahoma St. -2.9,8.1,60,27,Baylor 6-4
3/20/26,The Citadel,Mercer,Home,34.70%,65.30%,Mercer -2.1,8.1,69,41,Mercer 11-0
3/20/26,Rice,South Fla.,Away,41.70%,58.30%,South Fla. -0.89,8.1,65,74,Rice 5-4
3/20/26,Louisville,North Carolina,Away,21.60%,78.50%,North Carolina -4.61,7.9,67,5,North Carolina 11-1
3/20/26,UAB,East Carolina,Home,29.90%,70.10%,East Carolina -3.02,7.9,68,43,East Carolina 3-2
3/20/26,Miami (OH),NIU,Away,52.10%,47.90%,Miami (OH) -0.4,7.9,76,99,NIU 17-13
3/20/26,Minnesota,Indiana,Home,54.10%,45.90%,Minnesota -0.58,7.8,72,103,Indiana 8-6
3/20/26,Duke,Virginia Tech,Away,35.70%,64.30%,Virginia Tech -2.04,7.8,82,49,Virginia Tech 7-1
3/20/26,Oregon St.,UC Irvine,Away,68.50%,31.50%,Oregon St. -2.9,7.8,18,93,Oregon St. 5-1
3/20/26,BYU,West Virginia,Away,18.70%,81.30%,West Virginia -5.17,7.8,62,6,West Virginia 12-10
3/20/26,Utah,Cincinnati,Home,24.50%,75.50%,Cincinnati -3.82,7.8,70,24,Cincinnati 13-4
3/20/26,Liberty,Kennesaw St.,Home,65.90%,34.10%,Liberty -2.42,7.8,31,88,Liberty 2-0
3/20/26,Samford,Western Caro.,Away,41.40%,58.60%,Western Caro. -0.99,7.7,89,84,Samford 11-0
3/20/26,Iowa,Michigan St.,Away,54.10%,45.90%,Iowa -0.65,7.7,63,109,Michigan St. 2-0
3/20/26,Charlotte,Wichita St.,Away,49.90%,50.10%,Charlotte -0.09,7.6,98,114,Wichita St. 8-3
3/20/26,Western Ky.,Jacksonville St.,Home,30.70%,69.30%,Jacksonville St. -3.02,7.5,110,22,Jacksonville St. 10-3
3/20/26,Houston,Kansas,Away,22.90%,77.10%,Kansas -4.36,7.5,90,12,Kansas 12-10
3/20/26,Arkansas,South Carolina,Away,70.60%,29.40%,Arkansas -3.4,7.5,17,104,Arkansas 22-6
3/20/26,Hawaii,UC Santa Barbara,Away,32.60%,67.40%,UC Santa Barbara -2.62,7.4,112,32,Hawaii 2-1
3/20/26,Creighton,Miami (FL),Away,24.70%,75.30%,Miami (FL) -3.89,7.4,97,29,Miami (FL) 9-4
3/20/26,UTSA,Fla. Atlantic,Home,63.50%,36.50%,UTSA -2.02,7.4,46,115,UTSA 4-1
3/20/26,Southeastern La.,McNeese,Home,49.90%,50.10%,Southeastern La. -0.15,7.3,86,139,McNeese 8-2
3/20/26,Missouri,Tennessee,Away,19.60%,80.40%,Tennessee -4.86,7.3,87,26,Missouri 8-4
3/20/26,San Diego St.,San Jose St.,Away,53.80%,46.20%,San Diego St. -0.64,7.2,73,142,San Jose St. 3-2
3/20/26,App State,Old Dominion,Away,52.30%,47.70%,App State -0.19,7.2,106,125,Old Dominion 13-7
3/20/26,Wofford,Xavier,Away,42.70%,57.30%,Xavier -1.06,7.2,122,91,Xavier 8-1
3/20/26,Texas Tech,Arizona,Home,43.20%,56.80%,Arizona -0.83,7.2,80,130,Texas Tech 9-5
3/20/26,UConn,San Jose St.,Home,54.10%,45.90%,UConn -0.64,7,100,142,San Jose St. 16-6
3/20/26,Maryland,UCLA,Away,11.20%,88.80%,UCLA -7.18,7,101,1,UCLA 12-2
3/20/26,Air Force,Nevada,Away,46.30%,53.70%,Nevada -0.24,6.9,121,135,Nevada 10-7
3/20/26,Arkansas St.,Georgia St.,Away,58.90%,41.10%,Arkansas St. -1.15,6.9,83,143,Georgia St. 5-2
3/20/26,Grand Canyon,Washington St.,Away,39.90%,60.10%,Washington St. -1.46,6.8,148,79,Washington St. 7-3
3/20/26,Rutgers,Illinois,Home,33.50%,66.50%,Illinois -2.25,6.8,124,94,Illinois 13-7
3/20/26,Washington,Southern California,Home,19.80%,80.20%,Southern California -4.91,6.8,128,15,Southern California 5-0
3/20/26,FGCU,North Florida,Away,49.00%,51.00%,North Florida -0.04,6.8,118,149,North Florida 5-4
3/20/26,UNCW,Col. of Charleston,Home,51.00%,49.00%,UNCW -0.08,6.7,131,152,UNCW 2-1
3/20/26,ULM,South Alabama,Home,32.30%,67.70%,South Alabama -2.68,6.6,150,66,South Alabama 5-4
3/20/26,USC Upstate,Longwood,Home,56.10%,43.90%,USC Upstate -1.0,6.6,108,156,USC Upstate 5-4
3/20/26,Gonzaga,San Diego,Away,60.60%,39.40%,Gonzaga -1.8,6.6,48,177,San Diego 7-6
3/20/26,Winthrop,Sacramento St.,Home,35.50%,64.50%,Sacramento St. -2.21,6.6,129,120,Winthrop 14-12
3/20/26,Tarleton St.,SFA,Home,59.70%,40.30%,Tarleton St. -1.67,6.6,58,173,Tarleton St. 9-8
3/20/26,St. John's (NY),UT Arlington,Away,56.70%,43.30%,St. John's (NY) -1.37,6.5,92,172,St. John's (NY) 8-1
3/20/26,UTRGV,Houston Christian,Home,51.90%,48.10%,UTRGV -0.36,6.4,126,169,UTRGV 10-7
3/20/26,Northwestern,Oregon,Away,14.30%,85.70%,Oregon -6.25,6.4,141,20,Oregon 20-6
3/20/26,CSUN,Cal St. Fullerton,Away,35.00%,65.00%,Cal St. Fullerton -2.04,6.3,144,119,CSUN 5-3
3/20/26,Memphis,Tulane,Away,35.40%,64.60%,Tulane -1.77,6.3,134,137,Memphis 7-6
3/20/26,SIUE,Morehead St.,Home,55.50%,44.50%,SIUE -0.81,6.3,140,158,SIUE 23-8
3/20/26,VCU,Dayton,Home,52.10%,47.90%,VCU -0.57,6.3,117,185,VCU 17-7
3/20/26,ETSU,UNC Greensboro,Away,59.80%,40.20%,ETSU -1.33,6.2,123,168,UNC Greensboro 6-3
3/20/26,Abilene Christian,New Mexico,Away,41.00%,59.00%,New Mexico -1.16,6.2,151,155,Abilene Christian 12-5
3/20/26,Santa Clara,San Francisco,Home,55.10%,44.90%,Santa Clara -0.76,6.1,147,175,San Francisco 2-1
3/20/26,Middle Tenn.,Missouri St.,Away,23.40%,76.60%,Missouri St. -4.15,6,179,35,Missouri St. 6-4
3/20/26,Louisiana Tech,New Mexico St.,Away,68.50%,31.50%,Louisiana Tech -2.88,5.9,81,186,Louisiana Tech 13-8
3/20/26,Eastern Ill.,Lindenwood,Away,46.50%,53.50%,Lindenwood -0.21,5.9,133,195,Eastern Ill. 6-1
3/20/26,Lamar University,A&M-Corpus Christi,Home,66.30%,33.70%,Lamar University -2.49,5.7,95,199,A&M-Corpus Christi 6-1
3/20/26,James Madison,Coastal Carolina,Home,16.50%,83.50%,Coastal Carolina -5.54,5.7,182,40,Coastal Carolina 12-2
3/20/26,Nicholls,UIW,Away,48.60%,51.40%,Nicholls -0.05,5.7,166,202,Nicholls 8-4
3/20/26,Penn St.,Purdue,Away,22.60%,77.40%,Purdue -4.26,5.7,192,54,Purdue 12-7
3/20/26,Sam Houston,FIU,Home,52.90%,47.10%,Sam Houston -0.48,5.6,146,211,Sam Houston 3-2
3/20/26,Stony Brook,Monmouth,Home,46.90%,53.10%,Monmouth -0.49,5.5,207,167,Monmouth 10-2
3/20/26,Milwaukee,Wright St.,Away,32.00%,68.00%,Wright St. -2.16,5.4,180,153,Wright St. 8-4
3/20/26,Lipscomb,Austin Peay,Home,42.30%,57.70%,Austin Peay -0.62,5.4,165,201,Lipscomb 11-8
3/20/26,VMI,Radford,Home,44.70%,55.30%,Radford -0.87,5.4,196,187,Radford 9-4
3/20/26,Ball St.,Western Mich.,Neutral,45.80%,54.20%,Western Mich. -0.76,5.4,212,162,Western Mich. 2-1
3/20/26,Marshall,Ga. Southern,Home,56.80%,43.30%,Marshall -0.85,5.4,174,203,Marshall 17-16
3/20/26,Evansville,California Baptist,Home,17.20%,82.80%,California Baptist -5.49,5.4,200,42,California Baptist 11-6
3/20/26,New Orleans,Northwestern St.,Away,33.40%,66.60%,Northwestern St. -1.92,5.3,188,157,New Orleans 3-2
3/20/26,Long Beach St.,CSU Bakersfield,Home,47.50%,52.50%,CSU Bakersfield -0.35,5.3,210,191,CSU Bakersfield 3-0
3/20/26,George Mason,Rhode Island,Away,47.80%,52.20%,Rhode Island -0.21,5.3,181,214,Rhode Island 10-5
3/20/26,Pepperdine,Saint Mary's (CA),Away,22.40%,77.60%,Saint Mary's (CA) -4.28,5.2,198,96,Saint Mary's (CA) 9-8
3/20/26,DBU,Delaware,Away,78.20%,21.80%,DBU -4.45,5,71,229,Delaware 5-4
3/20/26,Richmond,Fordham,Home,57.10%,42.90%,Richmond -1.27,5,160,235,Fordham 8-4
3/20/26,Southern Ill.,UIC,Away,43.80%,56.20%,UIC -0.87,5,218,190,Southern Ill. 5-4
3/20/26,Maine,UMBC,Away,47.00%,53.00%,UMBC -0.25,4.9,216,221,UMBC 7-5
3/20/26,UT Martin,Southeast Mo. St.,Home,21.20%,78.80%,Southeast Mo. St. -4.53,4.9,231,75,Southeast Mo. St. 8-6
3/20/26,Toledo,Central Mich.,Home,65.00%,35.00%,Toledo -2.26,4.8,170,224,Toledo 10-1
3/20/26,Gardner-Webb,Charleston So.,Home,27.10%,72.90%,Charleston So. -3.33,4.8,205,154,Charleston So. 16-5
3/20/26,Little Rock,Tennessee Tech,Away,64.50%,35.50%,Little Rock -2.47,4.8,113,251,Little Rock 12-4
3/20/26,Portland,LMU (CA),Home,62.80%,37.20%,Portland -2.12,4.8,127,254,Portland 5-3
3/20/26,Fresno St.,Utah Tech,Away,28.00%,72.00%,Utah Tech -3.46,4.7,248,105,Utah Tech 8-7
3/20/26,Jacksonville,Queens (NC),Away,63.00%,37.00%,Jacksonville -2.12,4.7,132,255,Jacksonville 17-5
3/20/26,Campbell,Towson,Away,82.60%,17.40%,Campbell -5.49,4.7,53,245,Campbell 19-4
3/20/26,Belmont,Illinois St.,Away,29.30%,70.70%,Illinois St. -2.93,4.6,233,145,Illinois St. 9-4
3/20/26,Elon,Northeastern,Away,18.70%,81.30%,Northeastern -5.17,4.6,228,102,Northeastern 17-5
3/20/26,Butler,Ohio St.,Away,16.40%,83.60%,Ohio St. -5.59,4.6,236,78,Ohio St. 11-0
3/20/26,Hofstra,Seton Hall,Away,56.40%,43.60%,Hofstra -1.19,4.5,178,263,Seton Hall 5-4
3/20/26,UC Riverside,UC San Diego,Away,20.00%,80.00%,UC San Diego -4.84,4.5,246,85,UC San Diego 12-6
3/20/26,Kent St.,Massachusetts,Away,80.50%,19.50%,Kent St. -5.07,4.4,61,269,Kent St. 14-3
3/20/26,Seattle U,Pacific,Home,36.40%,63.60%,Pacific -1.83,4.4,237,193,Pacific 6-4
3/20/26,North Dakota St.,South Dakota St.,Away,39.10%,60.90%,South Dakota St. -1.53,4.3,244,209,North Dakota St. 6-1
3/20/26,Southern U.,Alabama St.,Home,32.50%,67.50%,Alabama St. -2.46,4.3,232,194,Southern U. 18-6
3/20/26,UMass Lowell,Binghamton,Home,29.20%,70.80%,Binghamton -3.18,4.2,253,163,UMass Lowell 7-5
3/20/26,Florida A&M,Ark.-Pine Bluff,Home,55.50%,44.50%,Florida A&M -1.01,4.1,225,266,Ark.-Pine Bluff 11-4
3/20/26,Rider,Mount St. Mary's,Home,61.10%,38.90%,Rider -1.84,4,184,280,Rider 9-8
3/20/26,George Washington,Saint Joseph's,Away,24.80%,75.20%,Saint Joseph's -4.01,4,282,107,Saint Joseph's 7-4
3/20/26,Bellarmine,Central Ark.,Away,26.50%,73.50%,Central Ark. -3.58,4,260,161,Central Ark. 17-12
3/20/26,UNC Asheville,Villanova,Away,41.20%,58.80%,Villanova -1.17,3.9,259,241,UNC Asheville 12-9
3/20/26,Merrimack,Canisius,Home,48.60%,51.40%,Canisius -0.09,3.9,257,274,Merrimack 4-2
3/20/26,Northern Colo.,Omaha,Away,30.10%,69.90%,Omaha -2.82,3.9,256,189,Northern Colo. 11-4
3/20/26,Niagara,Siena,Away,54.70%,45.30%,Niagara -0.92,3.9,230,279,Niagara 3-2
3/20/26,Eastern Ky.,North Ala.,Away,25.00%,75.00%,North Ala. -3.74,3.8,258,176,North Ala. 7-5
3/20/26,Presbyterian,High Point,Home,10.90%,89.10%,High Point -7.2,3.8,278,77,High Point 6-5
3/20/26,St. Thomas (MN),Oral Roberts,Home,16.80%,83.20%,Oral Roberts -5.49,3.8,267,116,Oral Roberts 4-0
3/20/26,Le Moyne,Wagner,Away,45.60%,54.40%,Wagner -0.65,3.8,275,247,Wagner 6-0
3/20/26,Valparaiso,Murray St.,Neutral,24.70%,75.30%,Murray St. -4.05,3.7,276,159,Murray St. 9-4
3/20/26,Northern Ky.,Oakland,Away,62.80%,37.20%,Northern Ky. -1.93,3.7,227,271,Northern Ky. 9-6
3/20/26,West Ga.,Stetson,Home,28.50%,71.50%,Stetson -3.31,3.7,268,183,Stetson 4-3
3/20/26,Marist,Iona,Home,55.30%,44.70%,Marist -0.97,3.6,242,290,Marist 1-0
3/20/26,Akron,Eastern Mich.,Away,34.90%,65.10%,Eastern Mich. -2.1,3.6,265,238,Akron 7-3
3/20/26,Western Ill.,Southern Ind.,Home,34.50%,65.50%,Southern Ind. -2.28,3.6,281,204,Southern Ind. 3-2
3/20/26,N.C. A&T,William & Mary,Away,31.90%,68.10%,William & Mary -2.46,3.5,272,222,William & Mary 9-5
3/20/26,Youngstown St.,Georgetown,Home,28.70%,71.30%,Georgetown -3.08,3.4,270,219,Youngstown St. 3-2
3/20/26,Quinnipiac,Manhattan,Home,60.70%,39.30%,Quinnipiac -1.53,3.3,252,291,Manhattan 6-5
3/20/26,Saint Louis,St. Bonaventure,Away,58.90%,41.10%,Saint Louis -1.32,3.2,264,292,Saint Louis 7-5
3/20/26,Bradley,Indiana St.,Away,12.60%,87.40%,Indiana St. -6.58,3.2,289,138,Bradley 10-8
3/20/26,Mercyhurst,Stonehill,Away,38.80%,61.20%,Stonehill -1.61,2.9,299,286,Stonehill 12-9
3/20/26,Ohio,Bowling Green,Home,24.00%,76.00%,Bowling Green -3.77,2.8,294,234,Bowling Green 7-0
3/20/26,UAlbany,NJIT,Home,34.60%,65.40%,NJIT -2.03,2.8,288,293,UAlbany 8-5
3/20/26,Sacred Heart,Bryant,Home,17.10%,82.90%,Bryant -5.14,2.8,284,217,Bryant 11-1
3/20/26,UMES,Coppin St.,Home,40.90%,59.10%,Coppin St. -1.28,2.7,307,303,UMES 7-4
3/20/26,New Haven,FDU,Home,26.70%,73.30%,FDU -3.69,2.7,302,240,FDU 17-2
3/20/26,LIU,Central Conn. St.,Home,77.50%,22.50%,LIU -4.37,2.6,239,297,LIU 18-8
3/20/26,Bethune-Cookman,Alcorn,Home,95.60%,4.40%,Bethune-Cookman -10.37,2.3,171,305,Bethune-Cookman 11-1
3/20/26,Prairie View,Jackson St.,Home,19.40%,80.60%,Jackson St. -4.7,2.1,300,283,Prairie View 9-0
3/20/26,Fairfield,Saint Peter's,Away,92.00%,8.00%,Fairfield -8.43,2.1,213,308,Fairfield 6-3
3/20/26,Delaware St.,Norfolk St.,Away,21.60%,78.40%,Norfolk St. -4.31,2,306,298,Norfolk St. 16-6
3/20/26,Mississippi Val.,Texas Southern,Away,16.60%,83.40%,Texas Southern -5.36,2,301,285,Texas Southern 16-8
3/20/26,Alabama A&M,Grambling,Away,14.00%,86.00%,Grambling -6.24,1.9,304,273,Grambling 9-8
3/19/26,Oklahoma,LSU,Home,53.80%,46.20%,Oklahoma -0.84,9.1,13,45,LSU 7-1
3/19/26,Kentucky,Ole Miss,Away,29.30%,70.70%,Ole Miss -3.1,8.7,28,11,Ole Miss 5-0
3/19/26,BYU,West Virginia,Away,18.70%,81.30%,West Virginia -5.17,7.8,62,6,West Virginia 7-4
3/19/26,Winthrop,Sacramento St.,Home,35.50%,64.50%,Sacramento St. -2.21,6.6,129,120,Sacramento St. 13-1
3/19/26,Fresno St.,Utah Tech,Away,28.00%,72.00%,Utah Tech -3.46,4.7,248,105,Utah Tech 17-13
3/18/26,Virginia,Liberty,Home,45.90%,54.10%,Liberty -0.63,9.1,34,31,Virginia 14-12
3/18/26,Coastal Carolina,Campbell,Home,45.90%,54.10%,Campbell -0.64,8.8,40,53,Campbell 4-3
3/18/26,Louisiana,Houston,Home,48.40%,51.60%,Louisiana -0.13,8.3,39,90,Louisiana 6-3
3/18/26,Clemson,The Citadel,Away,58.10%,41.90%,Clemson -0.96,8.2,55,69,Clemson 9-3
3/18/26,Ohio St.,Xavier,Away,47.30%,52.70%,Xavier -0.34,7.9,78,91,Ohio St. 8-4
3/18/26,Nebraska,Wichita St.,Away,69.10%,30.90%,Nebraska -2.98,7.5,16,114,Nebraska 10-1
3/18/26,Missouri,Kansas,Home,19.00%,81.00%,Kansas -5.11,7.4,87,12,Kansas 10-0
3/18/26,Oral Roberts,Little Rock,Home,51.00%,49.00%,Little Rock -0.21,7.4,116,113,Oral Roberts 11-1
3/18/26,Michigan St.,Michigan,Home,34.80%,65.20%,Michigan -2.07,7.4,109,50,Michigan 2-0
3/18/26,USC Upstate,Charlotte,Home,39.40%,60.60%,Charlotte -1.32,7.2,108,98,USC Upstate 11-10
3/18/26,VCU,Virginia Tech,Away,28.40%,71.60%,Virginia Tech -3.08,7,117,49,Virginia Tech 11-8
3/18/26,Illinois,Indiana St.,Away,55.10%,44.90%,Illinois -0.86,7,94,138,Indiana St. 4-3
3/18/26,UConn,Santa Clara,Home,50.60%,49.40%,UConn -0.18,7,100,147,UConn 12-5
3/18/26,SIUE,Illinois St.,Home,40.90%,59.10%,Illinois St. -0.86,6.4,140,145,Illinois St. 6-5
3/18/26,Northwestern St.,Tulane,Away,42.30%,57.70%,Tulane -1.14,6.3,157,137,Tulane 2-0
3/18/26,Iowa,UIC,Away,64.90%,35.10%,Iowa -2.25,6.1,63,190,Iowa 0-0
3/18/26,Marshall,Kentucky,Home,22.20%,77.80%,Kentucky -4.49,6.1,174,28,Marshall 0-0
3/18/26,Southeast Mo. St.,Evansville,Home,64.30%,35.70%,Southeast Mo. St. -2.31,5.9,75,200,Southeast Mo. St. 9-1
3/18/26,Dayton,Miami (OH),Away,27.00%,73.00%,Miami (OH) -3.41,5.8,185,76,Miami (OH) 13-7
3/18/26,UNC Greensboro,North Carolina,Home,8.20%,91.80%,North Carolina -8.32,5.8,168,5,North Carolina 8-2
3/18/26,New Orleans,ULM,Away,35.80%,64.20%,ULM -1.68,5.5,188,150,ULM 17-12
3/18/26,Saint Joseph's,Delaware,Home,56.90%,43.10%,Saint Joseph's -1.16,5.5,107,229,Delaware 18-0
3/18/26,Omaha,Creighton,Home,25.50%,74.50%,Creighton -3.74,5.5,189,97,Creighton 8-2
3/18/26,CSU Bakersfield,Southern California,Away,10.00%,90.00%,Southern California -7.55,5.5,191,15,Southern California 4-3
3/18/26,Miami (FL),FIU,Home,81.30%,18.70%,Miami (FL) -5.2,5.4,29,211,Miami (FL) 10-3
3/18/26,Hofstra,Fairfield,Home,47.10%,52.90%,Fairfield -0.44,5.3,178,213,Hofstra 5-3
3/18/26,South Dakota St.,Oklahoma St.,Home,10.60%,89.40%,Oklahoma St. -7.35,5.2,209,27,Oklahoma St. 12-11
3/18/26,Gardner-Webb,Western Caro.,Away,19.90%,80.10%,Western Caro. -4.83,5.1,205,84,Western Caro. 8-4
3/18/26,Northeastern,Brown,Home,76.50%,23.50%,Northeastern -4.18,5.1,102,208,Northeastern 7-3
3/18/26,UIW,Abilene Christian,Home,27.80%,72.20%,Abilene Christian -3.19,4.9,202,151,UIW 9-8
3/18/26,Maine,Navy,Away,42.60%,57.40%,Navy -0.9,4.8,216,215,Navy 9-8
3/18/26,Northern Ky.,Louisville,Home,14.10%,85.90%,Louisville -6.29,4.7,227,67,Louisville 16-1
3/18/26,Western Ky.,Belmont,Neutral,77.60%,22.40%,Western Ky. -4.3,4.6,110,233,Western Ky. 7-2
3/18/26,UMass Lowell,Boston College,Home,13.00%,87.00%,Boston College -6.57,4.5,253,37,Boston College 12-2
3/18/26,Yale,Quinnipiac,Home,63.20%,36.80%,Yale -2.1,4.5,164,252,Quinnipiac 15-9
3/18/26,Northern Colo.,Arkansas,Home,5.90%,94.10%,Arkansas -9.45,4.4,256,17,Arkansas 9-4
3/18/26,Southern Ind.,Bellarmine,Home,57.00%,43.00%,Southern Ind. -1.2,4.3,204,260,Bellarmine 3-2
3/18/26,Eastern Ill.,Ark.-Pine Bluff,Home,70.20%,29.80%,Eastern Ill. -3.12,4.2,133,266,Eastern Ill. 13-3
3/18/26,UT Martin,Southern Ill.,Home,30.80%,69.20%,Southern Ill. -2.64,4.1,231,218,UT Martin 7-6
3/18/26,Butler,Ball St.,Home,31.40%,68.60%,Ball St. -2.42,4.1,236,212,Butler 14-10
3/18/26,Queens (NC),Radford,Away,34.00%,66.00%,Radford -2.35,4.1,255,187,Queens (NC) 0-0
3/18/26,Marist,Fordham,Home,29.20%,70.80%,Fordham -2.62,3.7,242,235,Fordham 10-5
3/18/26,George Washington,James Madison,Away,29.40%,70.60%,James Madison -3.08,3.6,282,182,James Madison 12-7
3/18/26,Jacksonville St.,Alabama A&M,Neutral,98.90%,1.10%,Jacksonville St. -14.98,3.4,22,304,Jacksonville St. 12-7
3/18/26,Mount St. Mary's,George Mason,Home,22.10%,77.90%,George Mason -4.39,3.3,280,181,Mount St. Mary's 9-8
3/18/26,Dartmouth,Bryant,Home,25.60%,74.40%,Bryant -3.52,3.2,277,217,Bryant 10-6
3/18/26,UAlbany,Army West Point,Home,21.40%,78.60%,Army West Point -4.49,3.1,288,197,Army West Point 12-2
3/18/26,Lehigh,Penn,Away,21.20%,78.80%,Penn -4.45,2.9,296,206,Penn 15-2
3/18/26,Lafayette,La Salle,Home,33.10%,66.90%,La Salle -2.42,2.9,295,261,Lafayette 5-3
3/18/26,Norfolk St.,Old Dominion,Away,5.30%,94.70%,Old Dominion -9.72,2.8,298,125,Old Dominion 16-4
3/18/26,Prairie View,McNeese,Home,4.60%,95.40%,McNeese -10.11,2.7,300,139,McNeese 16-1
3/18/26,Stonehill,Rhode Island,Home,16.50%,83.50%,Rhode Island -5.57,2.7,286,214,Rhode Island 8-6
3/18/26,UMBC,Delaware St.,Home,93.40%,6.60%,UMBC -8.89,2,221,306,UMBC 0-0
3/18/26,Saint Peter's,FDU,Home,10.20%,89.80%,FDU -7.49,2,308,240,FDU 13-3
3/18/26,UMES,Towson,Home,5.60%,94.40%,Towson -9.47,1.8,307,245,Towson 8-3
3/17/26,Georgia Tech,Auburn,Home,55.30%,44.70%,Georgia Tech -0.94,9.7,4,8,Auburn 9-2
3/17/26,Liberty,Wake Forest,Away,37.40%,62.60%,Wake Forest -1.7,8.9,31,25,Wake Forest 11-0
3/17/26,Kansas St.,Baylor,Home,48.10%,51.90%,Baylor -0.21,8.7,44,60,Kansas St. 13-3
3/17/26,Alabama,South Alabama,Away,69.70%,30.30%,Alabama -3.07,8.2,9,66,South Alabama 6-3
3/17/26,Arkansas St.,Missouri St.,Away,37.00%,63.00%,Missouri St. -1.88,8,83,35,Arkansas St. 0-0
3/17/26,Washington St.,Utah,Home,41.10%,58.90%,Utah -1.15,7.9,79,70,Utah 8-5
3/17/26,BYU,Utah Tech,Away,52.90%,47.10%,BYU -0.53,7.9,62,105,BYU 18-5
3/17/26,Texas St.,Texas A&M,Home,20.10%,79.90%,Texas A&M -4.71,7.9,59,7,Texas A&M 9-6
3/17/26,Oklahoma,Southeastern La.,Away,70.20%,29.80%,Oklahoma -3.16,7.8,13,86,Southeastern La. 3-0
3/17/26,Texas Tech,DBU,Home,35.60%,64.40%,DBU -2.0,7.7,80,71,DBU 16-10
3/17/26,Duke,Campbell,Home,33.50%,66.50%,Campbell -2.33,7.7,82,53,Campbell 13-3
3/17/26,Tarleton St.,Texas,Away,12.70%,87.30%,Texas -6.58,7.7,58,3,Tarleton St. 6-1
3/17/26,San Diego St.,Southern California,Away,20.80%,79.20%,Southern California -4.67,7.7,73,15,Southern California 7-4
3/17/26,UConn,California,Home,37.70%,62.30%,California -1.81,7.6,100,56,UConn 9-3
3/17/26,Samford,Jacksonville St.,Home,23.60%,76.40%,Jacksonville St. -3.95,7.5,89,22,Samford 7-6
3/17/26,Charlotte,South Carolina,Away,44.70%,55.30%,South Carolina -0.45,7.5,98,104,Charlotte 11-8
3/17/26,Nebraska,Wichita St.,Away,69.10%,30.90%,Nebraska -2.98,7.5,16,114,Nebraska 8-1
3/17/26,The Citadel,Georgia,Home,11.50%,88.50%,Georgia -7.01,7.5,69,2,Georgia 8-5
3/17/26,Oral Roberts,Little Rock,Home,51.00%,49.00%,Little Rock -0.21,7.4,116,113,Little Rock 11-1
3/17/26,NC State,UNCW,Away,59.00%,41.00%,NC State -1.52,7.3,51,131,NC State 14-2
3/17/26,App State,High Point,Away,37.50%,62.50%,High Point -1.72,7.3,106,77,App State 0-0
3/17/26,Indiana,Vanderbilt,Away,21.90%,78.10%,Vanderbilt -4.36,7.1,103,38,Indiana 5-1
3/17/26,UTRGV,Rice,Home,35.80%,64.20%,Rice -2.04,7.1,126,65,Rice 7-3
3/17/26,FGCU,Fla. Atlantic,Away,43.30%,56.70%,Fla. Atlantic -0.85,7.1,118,115,FGCU 12-4
3/17/26,Cal St. Fullerton,UNLV,Away,46.20%,53.80%,UNLV -0.47,6.9,119,136,UNLV 4-3
3/17/26,Oregon St.,Portland,Away,78.50%,21.60%,Oregon St. -4.67,6.9,18,127,Portland 3-1
3/17/26,Maryland,Richmond,Away,49.30%,50.70%,Richmond -0.07,6.8,101,160,Richmond 7-5
3/17/26,Clemson,Col. of Charleston,Away,66.00%,34.00%,Clemson -2.36,6.7,55,152,Clemson 3-1
3/17/26,Jacksonville,South Fla.,Away,27.80%,72.20%,South Fla. -3.05,6.6,132,74,South Fla. 13-3
3/17/26,Wright St.,Kent St.,Home,28.60%,71.40%,Kent St. -3.33,6.4,153,61,Wright St. 0-0
3/17/26,North Florida,Charleston So.,Home,43.40%,56.60%,Charleston So. -0.78,6.3,149,154,Charleston So. 11-6
3/17/26,Sam Houston,Lamar University,Home,30.10%,69.90%,Lamar University -2.92,6.3,146,95,Sam Houston 7-4
3/17/26,Grand Canyon,Arizona St.,Home,16.90%,83.10%,Arizona St. -5.49,6.3,148,23,Arizona St. 4-3
3/17/26,UTSA,Houston Christian,Home,71.50%,28.50%,UTSA -3.28,6.3,46,169,Houston Christian 12-11
3/17/26,New Mexico,Arizona,Home,37.80%,62.20%,Arizona -1.8,6.2,155,130,New Mexico 6-3
3/17/26,Murray St.,Middle Tenn.,Home,48.80%,51.20%,Middle Tenn. -0.06,6.1,159,179,Murray St. 5-3
3/17/26,Marshall,Kentucky,Home,22.20%,77.80%,Kentucky -4.49,6.1,174,28,Marshall 0-0
3/17/26,Nicholls,Southern Miss.,Neutral,16.20%,83.80%,Southern Miss. -5.73,6.1,166,21,Southern Miss. 4-0
3/17/26,Winthrop,Pacific,Home,53.80%,46.20%,Winthrop -0.57,6,129,193,Winthrop 8-2
3/17/26,Central Ark.,Louisiana Tech,Away,25.90%,74.10%,Louisiana Tech -3.62,6,161,81,Louisiana Tech 5-4
3/17/26,Sacramento St.,San Francisco,Away,61.70%,38.30%,Sacramento St. -1.8,6,120,175,Sacramento St. 8-3
3/17/26,SFA,UT Arlington,Away,42.90%,57.10%,UT Arlington -0.76,5.8,173,172,SFA 4-1
3/17/26,Bethune-Cookman,Florida St.,Away,10.90%,89.10%,Florida St. -7.15,5.8,171,19,Florida St. 12-1
3/17/26,St. John's (NY),Stony Brook,Away,61.80%,38.20%,St. John's (NY) -2.0,5.8,92,207,St. John's (NY) 0-0
3/17/26,Monmouth,Rutgers,Away,28.30%,71.70%,Rutgers -2.96,5.7,167,124,Rutgers 13-3
3/17/26,Lipscomb,Evansville,Home,51.40%,48.60%,Lipscomb -0.5,5.7,165,200,Lipscomb 0-0
3/17/26,Penn St.,West Virginia,Away,9.90%,90.10%,West Virginia -7.65,5.6,192,6,Penn St. 0-0
3/17/26,Stetson,Florida,Home,10.30%,89.70%,Florida -7.45,5.6,183,14,Florida 10-1
3/17/26,New Mexico St.,TCU,Away,12.50%,87.50%,TCU -6.71,5.6,186,30,TCU 16-6
3/17/26,Troy,Alabama St.,Home,79.90%,20.10%,Troy -4.86,5.5,57,194,Troy 11-2
3/17/26,Ga. Southern,Kennesaw St.,Away,29.50%,70.50%,Kennesaw St. -3.03,5.5,203,88,Kennesaw St. 16-6
3/17/26,New Orleans,Tulane,Away,32.20%,67.80%,Tulane -2.26,5.4,188,137,Tulane 5-2
3/17/26,Austin Peay,Ole Miss,Away,10.60%,89.40%,Ole Miss -7.44,5.4,201,11,Ole Miss 9-5
3/17/26,Pepperdine,UCLA,Away,6.10%,93.90%,UCLA -9.35,5.4,198,1,UCLA 5-4
3/17/26,South Dakota St.,Oklahoma St.,Home,10.60%,89.40%,Oklahoma St. -7.35,5.2,209,27,Oklahoma St. 7-6
3/17/26,Mercer,Florida A&M,Home,80.30%,19.70%,Mercer -4.93,5.2,41,225,Mercer 9-2
3/17/26,Columbia,UCF,Away,13.30%,86.70%,UCF -6.32,5,226,33,UCF 8-5
3/17/26,Georgetown,Virginia,Away,11.20%,88.80%,Virginia -7.06,5,219,34,Virginia 6-4
3/17/26,Cincinnati,Utah Valley,Away,82.40%,17.60%,Cincinnati -5.51,5,24,243,Cincinnati 6-3
3/17/26,CSUN,Fresno St.,Away,56.80%,43.30%,CSUN -1.21,4.9,144,248,CSUN 11-9
3/17/26,Purdue,Butler,Home,80.60%,19.40%,Purdue -5.0,4.9,54,236,Purdue 0-0
3/17/26,Elon,East Carolina,Home,14.10%,85.90%,East Carolina -6.33,4.9,228,43,East Carolina 4-3
3/17/26,William & Mary,Longwood,Home,31.20%,68.80%,Longwood -2.82,4.7,222,156,Longwood 8-6
3/17/26,Georgia St.,West Ga.,Away,61.40%,38.60%,Georgia St. -2.0,4.5,143,268,Georgia St. 8-2
3/17/26,Marist,FDU,Home,49.10%,50.90%,FDU -0.02,4.5,242,240,FDU 16-1
3/17/26,Northern Colo.,Arkansas,Home,5.90%,94.10%,Arkansas -9.45,4.4,256,17,Arkansas 13-2
3/17/26,North Dakota St.,Minnesota,Home,14.30%,85.70%,Minnesota -6.13,4.4,244,72,North Dakota St. 7-4
3/17/26,Eastern Ky.,Tennessee,Away,5.60%,94.40%,Tennessee -9.53,4.3,258,26,Tennessee 10-3
3/17/26,Tennessee Tech,North Ala.,Home,31.50%,68.50%,North Ala. -2.78,4.2,251,176,Tennessee Tech 10-9
3/17/26,Milwaukee,Western Ill.,Away,56.40%,43.60%,Milwaukee -1.23,4.2,180,281,Milwaukee 0-0
3/17/26,Eastern Ill.,Ark.-Pine Bluff,Home,70.20%,29.80%,Eastern Ill. -3.12,4.2,133,266,Eastern Ill. 2-0
3/17/26,ETSU,UNC Asheville,Away,77.10%,22.90%,ETSU -4.16,4.1,123,259,ETSU 0-0
3/17/26,Radford,N.C. A&T,Home,64.30%,35.70%,Radford -2.15,3.9,187,272,Radford 0-0
3/17/26,Sacred Heart,Boston College,Home,7.40%,92.60%,Boston College -8.55,3.9,284,37,Boston College 5-4
3/17/26,Jackson St.,Mississippi St.,Away,3.10%,96.90%,Mississippi St. -11.59,3.9,283,10,Mississippi St. 17-1
3/17/26,Merrimack,Northeastern,Away,11.10%,88.90%,Northeastern -7.09,3.9,257,102,Merrimack 4-3
3/17/26,Grambling,LSU,Away,4.20%,95.80%,LSU -10.48,3.8,273,45,LSU 7-1
3/17/26,LMU (CA),Long Beach St.,Away,29.50%,70.50%,Long Beach St. -3.11,3.8,254,210,Long Beach St. 16-7
3/17/26,Holy Cross,Bryant,Home,29.30%,70.70%,Bryant -2.71,3.8,249,217,Bryant 11-1
3/17/26,Ball St.,Valparaiso,Away,60.30%,39.80%,Ball St. -1.66,3.8,212,276,Ball St. 0-0
3/17/26,Wofford,Presbyterian,Home,77.70%,22.30%,Wofford -4.47,3.8,122,278,Wofford 9-2
3/17/26,Le Moyne,Bucknell,Home,33.90%,66.10%,Bucknell -2.32,3.5,275,223,Le Moyne 0-0
3/17/26,LIU,Iona,Home,60.30%,39.70%,LIU -1.66,3.4,239,290,Iona 5-3
3/17/26,Wagner,Seton Hall,Home,29.40%,70.60%,Seton Hall -2.6,3.3,247,263,Seton Hall 14-1
3/17/26,Oakland,Eastern Mich.,Home,29.50%,70.50%,Eastern Mich. -3.05,3.3,271,238,Oakland 0-0
3/17/26,Alabama A&M,UAB,Away,1.90%,98.10%,UAB -13.14,3.1,304,68,UAB 9-8
3/17/26,NJIT,Fairfield,Home,28.20%,71.80%,Fairfield -3.42,3.1,293,213,NJIT 0-0
3/17/26,Lafayette,Manhattan,Away,38.50%,61.50%,Manhattan -1.57,2.9,295,291,Lafayette 0-0
3/17/26,New Haven,Hofstra,Home,12.70%,87.30%,Hofstra -6.68,2.7,302,178,Hofstra 15-5
3/17/26,Mercyhurst,Akron,Home,26.10%,73.90%,Akron -3.45,2.5,299,265,Mercyhurst 0-0
3/17/26,Quinnipiac,Central Conn. St.,Home,78.80%,21.20%,Quinnipiac -4.47,2.5,252,297,Quinnipiac 0-0
3/17/26,Coppin St.,Villanova,Away,6.20%,93.80%,Villanova -9.09,1.9,303,241,Coppin St. 0-0
3/16/26,Dayton,Lindenwood,Away,45.10%,54.90%,Lindenwood -0.52,5.5,185,195,Dayton 0-0
3/16/26,Cincinnati,Utah Valley,Away,82.40%,17.60%,Cincinnati -5.51,5,24,243,Cincinnati 11-1
3/16/26,Maine,Omaha,Away,38.50%,61.50%,Omaha -1.37,4.9,216,189,Maine 0-0
3/16/26,Harvard,California Baptist,Home,9.80%,90.20%,California Baptist -7.56,4.2,262,42,Harvard 14-12
3/16/26,St. Thomas (MN),Air Force,Home,18.60%,81.40%,Air Force -5.14,3.9,267,121,Air Force 20-12
3/15/26,Texas A&M,Oklahoma,Home,48.90%,51.10%,Oklahoma -0.18,9.7,7,13,Oklahoma 12-11
3/15/26,Alabama,Kentucky,Away,53.50%,46.50%,Alabama -0.78,9.4,9,28,Kentucky 6-4
3/15/26,Oklahoma St.,UCF,Away,51.60%,48.40%,Oklahoma St. -0.4,9.3,27,33,UCF 6-5
3/15/26,Ole Miss,Texas,Away,35.50%,64.50%,Texas -2.03,9.3,11,3,Texas 8-2
3/15/26,Florida St.,Wake Forest,Away,45.90%,54.10%,Wake Forest -0.49,9.3,19,25,Florida St. 12-6
3/15/26,TCU,Arizona St.,Home,36.00%,64.00%,Arizona St. -1.78,8.8,30,23,Arizona St. 4-0
3/15/26,Pittsburgh,Stanford,Away,50.20%,49.80%,Pittsburgh -0.06,8.8,36,64,Pittsburgh 10-5
3/15/26,Tennessee,Georgia,Home,26.00%,74.00%,Georgia -3.8,8.7,26,2,Georgia 8-7
3/15/26,Missouri St.,Liberty,Home,35.50%,64.50%,Liberty -2.06,8.7,35,31,Liberty 9-3
3/15/26,LSU,Vanderbilt,Away,39.60%,60.40%,Vanderbilt -1.39,8.6,45,38,LSU 16-9
3/15/26,Notre Dame,Louisville,Home,45.10%,54.90%,Louisville -0.48,8.5,47,67,Louisville 21-12
3/15/26,West Virginia,Baylor,Home,68.00%,32.00%,West Virginia -2.89,8.4,6,60,West Virginia 8-0
3/15/26,Virginia Tech,Virginia,Home,34.10%,65.90%,Virginia -2.03,8.4,49,34,Virginia Tech 6-3
3/15/26,Boston College,NC State,Away,34.00%,66.00%,NC State -2.16,8.3,37,51,NC State 5-1
3/15/26,Kansas St.,Houston,Home,52.30%,47.70%,Kansas St. -0.43,8.3,44,90,Houston 16-6
3/15/26,North Carolina,California,Home,73.10%,26.90%,North Carolina -3.69,8.2,5,56,North Carolina 10-2
3/15/26,South Alabama,Louisiana,Home,35.60%,64.40%,Louisiana -2.04,8.2,66,39,Louisiana 3-1
3/15/26,Southern Miss.,Arkansas St.,Home,63.90%,36.10%,Southern Miss. -2.24,8.1,21,83,Arkansas St. 5-2
3/15/26,Rice,Saint Mary's (CA),Neutral,48.60%,51.40%,Saint Mary's (CA) -0.05,8,65,96,Saint Mary's (CA) 11-8
3/15/26,Kansas,Texas Tech,Away,68.20%,31.80%,Kansas -2.93,8,12,80,Kansas 18-7
3/15/26,Miami (FL),Duke,Home,63.50%,36.50%,Miami (FL) -2.05,8,29,82,Duke 20-10
3/15/26,Purdue,Maryland,Home,55.20%,44.80%,Purdue -0.89,7.9,54,101,Maryland 10-9
3/15/26,Michigan,UCLA,Away,15.20%,84.80%,UCLA -5.98,7.9,50,1,UCLA 7-2
3/15/26,Washington St.,San Diego St.,Home,38.30%,61.70%,San Diego St. -1.51,7.8,79,73,San Diego St. 15-10
3/15/26,Coastal Carolina,App State,Home,59.30%,40.80%,Coastal Carolina -1.38,7.8,40,106,Coastal Carolina 8-7
3/15/26,High Point,USC Upstate,Away,52.30%,47.70%,High Point -0.28,7.7,77,108,High Point 7-5
3/15/26,UC Santa Barbara,UC Davis,Home,61.90%,38.10%,UC Santa Barbara -1.87,7.7,32,111,UC Davis 10-6
3/15/26,Arizona,Utah,Away,48.20%,51.80%,Utah -0.25,7.5,130,70,Utah 8-7
3/15/26,St. John's (NY),Charlotte,Home,40.40%,59.60%,Charlotte -1.03,7.5,92,98,Charlotte 10-9
3/15/26,Gonzaga,Indiana St.,Away,56.00%,44.00%,Gonzaga -1.16,7.4,48,138,Gonzaga 23-16
3/15/26,UC Irvine,Cal St. Fullerton,Home,45.60%,54.40%,Cal St. Fullerton -0.38,7.3,93,119,Cal St. Fullerton 8-6
3/15/26,Ohio St.,Washington,Away,45.10%,54.90%,Washington -0.49,7.3,78,128,Washington 5-4
3/15/26,UC San Diego,CSUN,Home,51.10%,48.90%,UC San Diego -0.42,7.2,85,144,UC San Diego 12-4
3/15/26,Michigan St.,Rutgers,Away,47.80%,52.20%,Rutgers -0.1,7.2,109,124,Rutgers 8-6
3/15/26,Creighton,Tulane,Away,51.50%,48.50%,Creighton -0.33,7.2,97,137,Creighton 5-4
3/15/26,Southeast Mo. St.,Wright St.,Away,50.60%,49.40%,Southeast Mo. St. -0.48,7.1,75,153,Southeast Mo. St. 3-2
3/15/26,Indiana,Oregon,Away,19.80%,80.20%,Oregon -4.94,7.1,103,20,Oregon 7-6
3/15/26,UConn,Portland,Home,57.10%,42.90%,UConn -1.14,7.1,100,127,Portland 5-3
3/15/26,South Carolina,Florida,Home,16.80%,83.20%,Florida -5.64,7.1,104,14,Florida 13-3
3/15/26,Little Rock,Samford,Away,37.30%,62.70%,Samford -1.67,7.1,113,89,Little Rock 12-2
3/15/26,Eastern Ill.,Memphis,Away,45.90%,54.10%,Memphis -0.54,6.8,133,134,Eastern Ill. 25-14
3/15/26,Texas St.,ULM,Away,62.50%,37.50%,Texas St. -1.98,6.8,59,150,ULM 16-5
3/15/26,Saint Mary's (CA),Grand Canyon,Home,56.90%,43.10%,Saint Mary's (CA) -1.09,6.8,96,148,Grand Canyon 6-3
3/15/26,Old Dominion,Troy,Away,23.20%,76.80%,Troy -4.17,6.7,125,57,Troy 9-4
3/15/26,Utah Tech,Santa Clara,Home,42.90%,57.10%,Santa Clara -0.88,6.7,105,147,Santa Clara 5-4
3/15/26,Jacksonville St.,Sam Houston,Away,75.20%,24.90%,Jacksonville St. -4.02,6.7,22,146,Jacksonville St. 4-3
3/15/26,McNeese,Lamar University,Home,37.50%,62.50%,Lamar University -1.75,6.7,139,95,Lamar University 11-10
3/15/26,New Mexico,San Jose St.,Away,49.40%,50.60%,San Jose St. -0.18,6.6,155,142,San Jose St. 3-0
3/15/26,Kennesaw St.,Middle Tenn.,Away,52.50%,47.50%,Kennesaw St. -0.6,6.6,88,179,Middle Tenn. 4-3
3/15/26,NIU,Toledo,Away,46.70%,53.30%,Toledo -0.32,6.6,99,170,Toledo 17-2
3/15/26,Houston Christian,Tarleton St.,Away,32.00%,68.00%,Tarleton St. -2.75,6.4,169,58,Houston Christian 9-5
3/15/26,UTRGV,Nicholls,Home,57.40%,42.60%,UTRGV -1.13,6.3,126,166,UTRGV 7-4
3/15/26,Saint Joseph's,Richmond,Home,38.20%,61.80%,Richmond -1.45,6.3,107,160,Saint Joseph's 5-1
3/15/26,North Florida,Stetson,Away,48.90%,51.10%,Stetson -0.03,6.1,149,183,North Florida 4-1
3/15/26,Iowa,Penn St.,Away,65.90%,34.10%,Iowa -2.46,6.1,63,192,Iowa 12-4
3/15/26,Oregon St.,San Diego,Away,79.10%,20.90%,Oregon St. -4.81,6.1,18,177,Oregon St. 10-3
3/15/26,Hofstra,Monmouth,Away,47.70%,52.30%,Monmouth -0.32,6,178,167,Monmouth 19-9
3/15/26,Morehead St.,Western Caro.,Away,23.30%,76.70%,Western Caro. -3.95,6,158,84,Western Caro. 8-7
3/15/26,SFA,Southeastern La.,Away,26.70%,73.30%,Southeastern La. -3.51,5.9,173,86,SFA 3-2
3/15/26,North Ala.,Lipscomb,Home,42.50%,57.50%,Lipscomb -1.0,5.8,176,165,North Ala. 13-7
3/15/26,Georgia St.,Marshall,Away,38.10%,61.90%,Marshall -1.28,5.8,143,174,Marshall 13-7
3/15/26,UT Arlington,UTSA,Away,17.40%,82.50%,UTSA -5.4,5.8,172,46,UTSA 15-8
3/15/26,Murray St.,Lindenwood,Home,51.60%,48.40%,Murray St. -0.29,5.8,159,195,Lindenwood 4-0
3/15/26,Sacramento St.,Pacific,Home,62.10%,37.90%,Sacramento St. -1.97,5.7,120,193,Sacramento St. 18-6
3/15/26,Hawaii,Long Beach St.,Away,61.40%,38.60%,Hawaii -1.75,5.6,112,210,Long Beach St. 2-1
3/15/26,Longwood,Gardner-Webb,Home,54.70%,45.30%,Longwood -0.85,5.6,156,205,Gardner-Webb 9-4
3/15/26,UNC Greensboro,UIC,Home,43.00%,57.00%,UIC -0.88,5.6,168,190,UNC Greensboro 9-2
3/15/26,CSU Bakersfield,Cal Poly,Away,17.30%,82.70%,Cal Poly -5.44,5.5,191,52,Cal Poly 6-3
3/15/26,Radford,Winthrop,Away,30.80%,69.20%,Winthrop -2.54,5.5,187,129,Winthrop 9-7
3/15/26,Evansville,Xavier,Away,25.60%,74.40%,Xavier -3.84,5.4,200,91,Evansville 5-1
3/15/26,Ga. Southern,James Madison,Away,42.90%,57.10%,James Madison -0.88,5.3,203,182,James Madison 12-6
3/15/26,New Mexico St.,DBU,Home,15.70%,84.30%,DBU -5.76,5.3,186,71,DBU 20-2
3/15/26,The Citadel,UT Martin,Away,72.20%,27.80%,The Citadel -3.56,5.2,69,231,The Citadel 8-4
3/15/26,Penn,East Carolina,Home,13.50%,86.50%,East Carolina -6.42,5.2,206,43,East Carolina 8-7
3/15/26,Binghamton,Bryant,Away,42.00%,58.00%,Bryant -0.74,5.2,163,217,Bryant 8-4
3/15/26,UIW,New Orleans,Home,40.40%,59.60%,New Orleans -1.6,5.1,202,188,New Orleans 11-7
3/15/26,Milwaukee,Northern Ky.,Away,48.00%,52.00%,Milwaukee -0.14,5.1,180,227,Milwaukee 16-10
3/15/26,A&M-Corpus Christi,Northwestern St.,Away,32.70%,67.30%,Northwestern St. -2.24,5.1,199,157,Northwestern St. 4-3
3/15/26,Stony Brook,Col. of Charleston,Home,30.00%,70.00%,Col. of Charleston -2.88,5,207,152,Col. of Charleston 6-2
3/15/26,Belmont,UAB,Away,22.50%,77.50%,UAB -4.31,5,233,68,UAB 12-2
3/15/26,South Dakota St.,Oral Roberts,Home,23.00%,77.00%,Oral Roberts -4.07,4.9,209,116,Oral Roberts 12-2
3/15/26,Nevada,Fresno St.,Home,60.60%,39.40%,Nevada -1.65,4.9,135,248,Nevada 9-4
3/15/26,Mercer,Tennessee Tech,Away,79.80%,20.20%,Mercer -5.01,4.8,41,251,Tennessee Tech 16-10
3/15/26,FIU,Western Ky.,Away,19.30%,80.70%,Western Ky. -4.73,4.8,211,110,Western Ky. 9-3
3/15/26,Delaware,Louisiana Tech,Away,19.90%,80.10%,Louisiana Tech -4.77,4.8,229,81,Louisiana Tech 17-4
3/15/26,Columbia,South Fla.,Away,17.90%,82.10%,South Fla. -5.04,4.8,226,74,Columbia 0-0
3/15/26,Central Mich.,Kent St.,Away,14.50%,85.50%,Kent St. -6.11,4.8,224,61,Kent St. 6-4
3/15/26,Bowling Green,Miami (OH),Away,18.90%,81.10%,Miami (OH) -5.2,4.7,234,76,Miami (OH) 13-7
3/15/26,Fordham,Davidson,Home,47.00%,53.00%,Davidson -0.46,4.7,235,220,Fordham 26-3
3/15/26,UMBC,Fla. Atlantic,Home,21.80%,78.20%,Fla. Atlantic -4.35,4.7,221,115,Fla. Atlantic 4-3
3/15/26,San Francisco,UC Riverside,Away,57.50%,42.50%,San Francisco -1.27,4.7,175,246,UC Riverside 6-5
3/15/26,William & Mary,Georgetown,Home,39.70%,60.30%,Georgetown -1.4,4.6,222,219,William & Mary 7-3
3/15/26,Central Ark.,Eastern Ky.,Away,61.80%,38.20%,Central Ark. -1.75,4.5,161,258,Eastern Ky. 6-5
3/15/26,Elon,UNCW,Away,22.90%,77.10%,UNCW -4.12,4.5,228,131,UNCW 11-0
3/15/26,Jacksonville,West Ga.,Away,62.80%,37.20%,Jacksonville -2.2,4.5,132,268,Jacksonville 10-5
3/15/26,Brown,Seton Hall,Away,48.40%,51.60%,Brown -0.1,4.4,208,263,Seton Hall 3-1
3/15/26,Holy Cross,Army West Point,Home,35.50%,64.50%,Army West Point -1.97,4.2,249,197,Holy Cross 10-4
3/15/26,Eastern Mich.,Ball St.,Home,34.50%,65.50%,Ball St. -2.08,4.2,238,212,Ball St. 12-9
3/15/26,Harvard,California Baptist,Home,9.80%,90.20%,California Baptist -7.56,4.2,262,42,California Baptist 3-2
3/15/26,Southern U.,Florida A&M,Home,34.80%,65.20%,Florida A&M -2.06,4.2,232,225,Florida A&M 10-6
3/15/26,Towson,Northeastern,Home,13.20%,86.80%,Northeastern -6.47,4.1,245,102,Northeastern 3-2
3/15/26,Campbell,N.C. A&T,Away,87.20%,12.80%,Campbell -6.69,4.1,53,272,N.C. A&T 7-4
3/15/26,Princeton,Wofford,Away,18.90%,81.10%,Wofford -5.04,4.1,250,122,Wofford 5-2
3/15/26,La Salle,VCU,Away,15.90%,84.10%,VCU -5.76,3.9,261,117,VCU 8-4
3/15/26,Austin Peay,Bellarmine,Away,67.10%,32.90%,Austin Peay -2.41,3.9,201,260,Austin Peay 12-3
3/15/26,Massachusetts,Akron,Home,48.30%,51.70%,Akron -0.13,3.9,269,265,Akron 18-17
3/15/26,LMU (CA),Abilene Christian,Home,21.70%,78.30%,Abilene Christian -4.49,3.9,254,151,Abilene Christian 22-11
3/15/26,UNC Asheville,Presbyterian,Home,49.10%,50.90%,UNC Asheville -0.12,3.8,259,278,Presbyterian 11-1
3/15/26,Rhode Island,George Washington,Home,59.60%,40.40%,Rhode Island -1.68,3.8,214,282,Rhode Island 7-2
3/15/26,Valparaiso,SIUE,Home,21.20%,78.80%,SIUE -4.77,3.7,276,140,Valparaiso 13-9
3/15/26,Niagara,NJIT,Home,47.10%,52.90%,NJIT -0.01,3.7,230,293,Niagara 8-6
3/15/26,Wagner,LIU,Home,29.00%,71.00%,LIU -3.0,3.6,247,239,Wagner 11-1
3/15/26,Wagner,LIU,Home,29.00%,71.00%,LIU -3.0,3.6,247,239,Wagner 9-5
3/15/26,Merrimack,Iona,Home,55.00%,45.00%,Merrimack -0.83,3.5,257,290,Iona 15-11
3/15/26,Jackson St.,Texas Southern,Away,49.80%,50.20%,Jackson St. -0.08,3.5,283,285,Jackson St. 17-12
3/15/26,Oakland,Youngstown St.,Away,40.60%,59.40%,Youngstown St. -1.42,3.5,271,270,Oakland 4-3
3/15/26,Western Mich.,Ohio,Home,74.80%,25.20%,Western Mich. -3.93,3.4,162,294,Western Mich. 16-7
3/15/26,Grambling,Alabama St.,Home,22.40%,77.60%,Alabama St. -4.31,3.3,273,194,Grambling 14-13
3/15/26,Canisius,Mount St. Mary's,Away,40.80%,59.30%,Mount St. Mary's -1.11,3.3,274,280,Mount St. Mary's 8-4
3/15/26,Siena,Rider,Home,21.60%,78.40%,Rider -4.53,3.3,279,184,Rider 12-7
3/15/26,Cornell,VMI,Away,25.10%,74.90%,VMI -3.55,3.2,287,196,VMI 7-4
3/15/26,Navy,Lehigh,Home,68.60%,31.40%,Navy -2.79,3.2,215,296,Lehigh 3-1
3/15/26,Central Conn. St.,Norfolk St.,Away,49.40%,50.60%,Norfolk St. -0.06,3.2,297,298,Norfolk St. 6-5
3/15/26,Bradley,ETSU,Away,9.00%,91.00%,ETSU -7.86,3.1,289,123,ETSU 15-2
3/15/26,Lafayette,Bucknell,Home,28.20%,71.80%,Bucknell -3.3,3,295,223,Bucknell 8-0
3/15/26,St. Bonaventure,George Mason,Home,17.80%,82.20%,George Mason -5.35,3,292,181,George Mason 3-0
3/15/26,Le Moyne,New Haven,Away,59.00%,41.00%,Le Moyne -1.54,3,275,302,Le Moyne 6-5
3/15/26,UAlbany,Yale,Away,13.80%,86.20%,Yale -6.33,3,288,164,Yale 15-7
3/15/26,Manhattan,Fairfield,Home,22.80%,77.20%,Fairfield -4.28,2.9,291,213,Fairfield 7-3
3/15/26,Sacred Heart,Quinnipiac,Home,26.10%,73.90%,Quinnipiac -3.39,2.9,284,252,Quinnipiac 10-2
3/15/26,Alcorn,Alabama A&M,Home,32.40%,67.60%,Alabama A&M -2.32,2.4,305,304,Alabama A&M 10-6
3/15/26,Coppin St.,FDU,Away,9.00%,91.00%,FDU -7.81,2,303,240,FDU 13-12
3/15/26,Mississippi Val.,Ark.-Pine Bluff,Home,12.50%,87.50%,Ark.-Pine Bluff -6.54,1.9,301,266,Ark.-Pine Bluff 13-1
3/15/26,Stonehill,UMES,Away,81.80%,18.10%,Stonehill -5.18,1.9,286,307,UMES 9-6
3/15/26,Saint Peter's,Marist,Home,8.30%,91.70%,Marist -8.22,1.9,308,242,Marist 11-5
3/15/26,Delaware St.,Mercyhurst,Away,12.10%,87.90%,Mercyhurst -6.45,1.6,306,299,Mercyhurst 9-8
3/14/26,Texas A&M,Oklahoma,Home,48.90%,51.10%,Oklahoma -0.18,9.7,7,13,Texas A&M 9-5
3/14/26,Mississippi St.,Arkansas,Home,51.70%,48.30%,Mississippi St. -0.2,9.6,10,17,Arkansas 7-3
3/14/26,Mississippi St.,Arkansas,Home,51.70%,48.30%,Mississippi St. -0.2,9.6,10,17,Mississippi St. 7-2
3/14/26,Alabama,Kentucky,Away,53.50%,46.50%,Alabama -0.78,9.4,9,28,Kentucky 8-7
3/14/26,Ole Miss,Texas,Away,35.50%,64.50%,Texas -2.03,9.3,11,3,Texas 11-2
3/14/26,Florida St.,Wake Forest,Away,45.90%,54.10%,Wake Forest -0.49,9.3,19,25,Florida St. 2-0
3/14/26,Oklahoma St.,UCF,Away,51.60%,48.40%,Oklahoma St. -0.4,9.3,27,33,UCF 6-1
3/14/26,TCU,Arizona St.,Home,36.00%,64.00%,Arizona St. -1.78,8.8,30,23,Arizona St. 15-8
3/14/26,Pittsburgh,Stanford,Away,50.20%,49.80%,Pittsburgh -0.06,8.8,36,64,Pittsburgh 11-10
3/14/26,Tennessee,Georgia,Home,26.00%,74.00%,Georgia -3.8,8.7,26,2,Georgia 4-2
3/14/26,Missouri St.,Liberty,Home,35.50%,64.50%,Liberty -2.06,8.7,35,31,Missouri St. 12-11
3/14/26,LSU,Vanderbilt,Away,39.60%,60.40%,Vanderbilt -1.39,8.6,45,38,Vanderbilt 11-3
3/14/26,Notre Dame,Louisville,Home,45.10%,54.90%,Louisville -0.48,8.5,47,67,Louisville 8-7
3/14/26,Cincinnati,BYU,Home,60.60%,39.40%,Cincinnati -1.59,8.5,24,62,BYU 10-9
3/14/26,West Virginia,Baylor,Home,68.00%,32.00%,West Virginia -2.89,8.4,6,60,West Virginia 13-2
3/14/26,Georgia Tech,Clemson,Home,70.80%,29.20%,Georgia Tech -3.36,8.4,4,55,Clemson 13-7
3/14/26,Virginia Tech,Virginia,Home,34.10%,65.90%,Virginia -2.03,8.4,49,34,Virginia 10-5
3/14/26,Boston College,NC State,Away,34.00%,66.00%,NC State -2.16,8.3,37,51,Boston College 12-5
3/14/26,Kansas St.,Houston,Home,52.30%,47.70%,Kansas St. -0.43,8.3,44,90,Kansas St. 16-1
3/14/26,North Carolina,California,Home,73.10%,26.90%,North Carolina -3.69,8.2,5,56,North Carolina 6-2
3/14/26,South Alabama,Louisiana,Home,35.60%,64.40%,Louisiana -2.04,8.2,66,39,Louisiana 4-3
3/14/26,Southern Miss.,Arkansas St.,Home,63.90%,36.10%,Southern Miss. -2.24,8.1,21,83,Southern Miss. 7-1
3/14/26,Kansas,Texas Tech,Away,68.20%,31.80%,Kansas -2.93,8,12,80,Texas Tech 10-9
3/14/26,Miami (FL),Duke,Home,63.50%,36.50%,Miami (FL) -2.05,8,29,82,Miami (FL) 9-0
3/14/26,Minnesota,Illinois,Home,49.70%,50.30%,Minnesota -0.0,8,72,94,Illinois 4-2
3/14/26,Minnesota,Illinois,Home,49.70%,50.30%,Minnesota -0.0,8,72,94,Minnesota 1-0
3/14/26,Purdue,Maryland,Home,55.20%,44.80%,Purdue -0.89,7.9,54,101,Purdue 8-6
3/14/26,Michigan,UCLA,Away,15.20%,84.80%,UCLA -5.98,7.9,50,1,UCLA 2-0
3/14/26,Washington St.,San Diego St.,Home,38.30%,61.70%,San Diego St. -1.51,7.8,79,73,Washington St. 7-2
3/14/26,Coastal Carolina,App State,Home,59.30%,40.80%,Coastal Carolina -1.38,7.8,40,106,Coastal Carolina 7-4
3/14/26,UC Santa Barbara,UC Davis,Home,61.90%,38.10%,UC Santa Barbara -1.87,7.7,32,111,UC Davis 5-4
3/14/26,High Point,USC Upstate,Away,52.30%,47.70%,High Point -0.28,7.7,77,108,USC Upstate 12-7
3/14/26,Auburn,Missouri,Away,76.20%,23.80%,Auburn -4.21,7.6,8,87,Auburn 9-2
3/14/26,Auburn,Missouri,Away,76.20%,23.80%,Auburn -4.21,7.6,8,87,Auburn 4-3
3/14/26,Arizona,Utah,Away,48.20%,51.80%,Utah -0.25,7.5,130,70,Utah 7-6
3/14/26,St. John's (NY),Charlotte,Home,40.40%,59.60%,Charlotte -1.03,7.5,92,98,St. John's (NY) 3-2
3/14/26,Gonzaga,Indiana St.,Away,56.00%,44.00%,Gonzaga -1.16,7.4,48,138,Gonzaga 7-4
3/14/26,Ohio St.,Washington,Away,45.10%,54.90%,Washington -0.49,7.3,78,128,Washington 5-4
3/14/26,UC Irvine,Cal St. Fullerton,Home,45.60%,54.40%,Cal St. Fullerton -0.38,7.3,93,119,Cal St. Fullerton 9-5
3/14/26,UC San Diego,CSUN,Home,51.10%,48.90%,UC San Diego -0.42,7.2,85,144,UC San Diego 6-4
3/14/26,Michigan St.,Rutgers,Away,47.80%,52.20%,Rutgers -0.1,7.2,109,124,Michigan St. 9-3
3/14/26,Creighton,Tulane,Away,51.50%,48.50%,Creighton -0.33,7.2,97,137,Creighton 2-1
3/14/26,Southeast Mo. St.,Wright St.,Away,50.60%,49.40%,Southeast Mo. St. -0.48,7.1,75,153,Southeast Mo. St. 4-2
3/14/26,Southeast Mo. St.,Wright St.,Away,50.60%,49.40%,Southeast Mo. St. -0.48,7.1,75,153,Southeast Mo. St. 6-0
3/14/26,Indiana,Oregon,Away,19.80%,80.20%,Oregon -4.94,7.1,103,20,Oregon 5-1
3/14/26,UConn,Portland,Home,57.10%,42.90%,UConn -1.14,7.1,100,127,Portland 8-6
3/14/26,UConn,Portland,Home,57.10%,42.90%,UConn -1.14,7.1,100,127,UConn 8-5
3/14/26,South Carolina,Florida,Home,16.80%,83.20%,Florida -5.64,7.1,104,14,Florida 3-0
3/14/26,Rice,Grand Canyon,Home,55.50%,44.50%,Rice -1.03,7.1,65,148,Rice 13-2
3/14/26,Little Rock,Samford,Away,37.30%,62.70%,Samford -1.67,7.1,113,89,Little Rock 5-1
3/14/26,Eastern Ill.,Memphis,Away,45.90%,54.10%,Memphis -0.54,6.8,133,134,Eastern Ill. 12-7
3/14/26,Texas St.,ULM,Away,62.50%,37.50%,Texas St. -1.98,6.8,59,150,ULM 8-5
3/14/26,Saint Mary's (CA),Grand Canyon,Home,56.90%,43.10%,Saint Mary's (CA) -1.09,6.8,96,148,Grand Canyon 9-8
3/14/26,UNLV,Air Force,Home,43.50%,56.50%,Air Force -0.89,6.8,136,121,Air Force 15-11
3/14/26,UNLV,Air Force,Home,43.50%,56.50%,Air Force -0.89,6.8,136,121,Air Force 18-16
3/14/26,Old Dominion,Troy,Away,23.20%,76.80%,Troy -4.17,6.7,125,57,Troy 13-4
3/14/26,Southern California,Northwestern,Home,78.80%,21.20%,Southern California -4.75,6.7,15,141,Northwestern 2-1
3/14/26,Southern California,Northwestern,Home,78.80%,21.20%,Southern California -4.75,6.7,15,141,Southern California 2-0
3/14/26,Utah Tech,Santa Clara,Home,42.90%,57.10%,Santa Clara -0.88,6.7,105,147,Santa Clara 4-1
3/14/26,Jacksonville St.,Sam Houston,Away,75.20%,24.90%,Jacksonville St. -4.02,6.7,22,146,Jacksonville St. 18-7
3/14/26,McNeese,Lamar University,Home,37.50%,62.50%,Lamar University -1.75,6.7,139,95,Lamar University 5-0
3/14/26,New Mexico,San Jose St.,Away,49.40%,50.60%,San Jose St. -0.18,6.6,155,142,New Mexico 8-7
3/14/26,Kennesaw St.,Middle Tenn.,Away,52.50%,47.50%,Kennesaw St. -0.6,6.6,88,179,Middle Tenn. 13-2
3/14/26,NIU,Toledo,Away,46.70%,53.30%,Toledo -0.32,6.6,99,170,NIU 8-3
3/14/26,Houston Christian,Tarleton St.,Away,32.00%,68.00%,Tarleton St. -2.75,6.4,169,58,Tarleton St. 8-5
3/14/26,UTRGV,Nicholls,Home,57.40%,42.60%,UTRGV -1.13,6.3,126,166,UTRGV 11-7
3/14/26,Saint Joseph's,Richmond,Home,38.20%,61.80%,Richmond -1.45,6.3,107,160,Saint Joseph's 4-3
3/14/26,Iowa,Penn St.,Away,65.90%,34.10%,Iowa -2.46,6.1,63,192,Iowa 13-4
3/14/26,North Florida,Stetson,Away,48.90%,51.10%,Stetson -0.03,6.1,149,183,North Florida 12-1
3/14/26,Oregon St.,San Diego,Away,79.10%,20.90%,Oregon St. -4.81,6.1,18,177,Oregon St. 11-5
3/14/26,Morehead St.,Western Caro.,Away,23.30%,76.70%,Western Caro. -3.95,6,158,84,Western Caro. 13-4
3/14/26,Hofstra,Monmouth,Away,47.70%,52.30%,Monmouth -0.32,6,178,167,Hofstra 5-4
3/14/26,SFA,Southeastern La.,Away,26.70%,73.30%,Southeastern La. -3.51,5.9,173,86,Southeastern La. 8-7
3/14/26,Georgia St.,Marshall,Away,38.10%,61.90%,Marshall -1.28,5.8,143,174,Marshall 4-2
3/14/26,UT Arlington,UTSA,Away,17.40%,82.50%,UTSA -5.4,5.8,172,46,UT Arlington 11-8
3/14/26,Murray St.,Lindenwood,Home,51.60%,48.40%,Murray St. -0.29,5.8,159,195,Murray St. 3-1
3/14/26,North Ala.,Lipscomb,Home,42.50%,57.50%,Lipscomb -1.0,5.8,176,165,Lipscomb 7-5
3/14/26,Sacramento St.,Pacific,Home,62.10%,37.90%,Sacramento St. -1.97,5.7,120,193,Pacific 7-6
3/14/26,Hawaii,Long Beach St.,Away,61.40%,38.60%,Hawaii -1.75,5.6,112,210,Long Beach St. 7-6
3/14/26,Longwood,Gardner-Webb,Home,54.70%,45.30%,Longwood -0.85,5.6,156,205,Gardner-Webb 7-2
3/14/26,UNC Greensboro,UIC,Home,43.00%,57.00%,UIC -0.88,5.6,168,190,UNC Greensboro 6-5
3/14/26,CSU Bakersfield,Cal Poly,Away,17.30%,82.70%,Cal Poly -5.44,5.5,191,52,Cal Poly 6-2
3/14/26,Radford,Winthrop,Away,30.80%,69.20%,Winthrop -2.54,5.5,187,129,Winthrop 6-5
3/14/26,Evansville,Xavier,Away,25.60%,74.40%,Xavier -3.84,5.4,200,91,Evansville 6-4
3/14/26,New Mexico St.,DBU,Home,15.70%,84.30%,DBU -5.76,5.3,186,71,New Mexico St. 17-14
3/14/26,Ga. Southern,James Madison,Away,42.90%,57.10%,James Madison -0.88,5.3,203,182,James Madison 3-2
3/14/26,Maine,Nebraska,Away,10.70%,89.30%,Nebraska -7.24,5.2,216,16,Nebraska 8-7
3/14/26,Maine,Nebraska,Away,10.70%,89.30%,Nebraska -7.24,5.2,216,16,Nebraska 6-3
3/14/26,The Citadel,UT Martin,Away,72.20%,27.80%,The Citadel -3.56,5.2,69,231,The Citadel 22-3
3/14/26,Penn,East Carolina,Home,13.50%,86.50%,East Carolina -6.42,5.2,206,43,Penn 1-0
3/14/26,Binghamton,Bryant,Away,42.00%,58.00%,Bryant -0.74,5.2,163,217,Bryant 5-3
3/14/26,UIW,New Orleans,Home,40.40%,59.60%,New Orleans -1.6,5.1,202,188,UIW 13-1
3/14/26,A&M-Corpus Christi,Northwestern St.,Away,32.70%,67.30%,Northwestern St. -2.24,5.1,199,157,Northwestern St. 10-4
3/14/26,Milwaukee,Northern Ky.,Away,48.00%,52.00%,Milwaukee -0.14,5.1,180,227,Northern Ky. 14-1
3/14/26,Stony Brook,Col. of Charleston,Home,30.00%,70.00%,Col. of Charleston -2.88,5,207,152,Col. of Charleston 5-4
3/14/26,Belmont,UAB,Away,22.50%,77.50%,UAB -4.31,5,233,68,Belmont 10-4
3/14/26,South Dakota St.,Oral Roberts,Home,23.00%,77.00%,Oral Roberts -4.07,4.9,209,116,Oral Roberts 3-1
3/14/26,Nevada,Fresno St.,Home,60.60%,39.40%,Nevada -1.65,4.9,135,248,Nevada 15-12
3/14/26,Mercer,Tennessee Tech,Away,79.80%,20.20%,Mercer -5.01,4.8,41,251,Mercer 10-2
3/14/26,FIU,Western Ky.,Away,19.30%,80.70%,Western Ky. -4.73,4.8,211,110,Western Ky. 5-4
3/14/26,Delaware,Louisiana Tech,Away,19.90%,80.10%,Louisiana Tech -4.77,4.8,229,81,Louisiana Tech 9-3
3/14/26,Columbia,South Fla.,Away,17.90%,82.10%,South Fla. -5.04,4.8,226,74,South Fla. 10-6
3/14/26,Columbia,South Fla.,Away,17.90%,82.10%,South Fla. -5.04,4.8,226,74,South Fla. 2-0
3/14/26,Central Mich.,Kent St.,Away,14.50%,85.50%,Kent St. -6.11,4.8,224,61,Kent St. 3-2
3/14/26,San Francisco,UC Riverside,Away,57.50%,42.50%,San Francisco -1.27,4.7,175,246,San Francisco 6-4
3/14/26,Fordham,Davidson,Home,47.00%,53.00%,Davidson -0.46,4.7,235,220,Fordham 6-4
3/14/26,Bowling Green,Miami (OH),Away,18.90%,81.10%,Miami (OH) -5.2,4.7,234,76,Bowling Green 10-0
3/14/26,UMBC,Fla. Atlantic,Home,21.80%,78.20%,Fla. Atlantic -4.35,4.7,221,115,UMBC 14-3
3/14/26,William & Mary,Georgetown,Home,39.70%,60.30%,Georgetown -1.4,4.6,222,219,William & Mary 8-2
3/14/26,Butler,Wichita St.,Away,20.40%,79.60%,Wichita St. -4.64,4.5,236,114,Wichita St. 6-4
3/14/26,Butler,Wichita St.,Away,20.40%,79.60%,Wichita St. -4.64,4.5,236,114,Wichita St. 30-1
3/14/26,Southern Ind.,Southern Ill.,Home,34.00%,66.00%,Southern Ill. -2.13,4.5,204,218,Southern Ind. 6-3
3/14/26,Southern Ind.,Southern Ill.,Home,34.00%,66.00%,Southern Ill. -2.13,4.5,204,218,Southern Ill. 7-4
3/14/26,Central Ark.,Eastern Ky.,Away,61.80%,38.20%,Central Ark. -1.75,4.5,161,258,Eastern Ky. 16-3
3/14/26,Elon,UNCW,Away,22.90%,77.10%,UNCW -4.12,4.5,228,131,UNCW 8-0
3/14/26,Jacksonville,West Ga.,Away,62.80%,37.20%,Jacksonville -2.2,4.5,132,268,West Ga. 4-1
3/14/26,Brown,Seton Hall,Away,48.40%,51.60%,Brown -0.1,4.4,208,263,Brown 9-6
3/14/26,North Dakota St.,Omaha,Away,35.30%,64.70%,Omaha -2.11,4.3,244,189,Omaha 6-2
3/14/26,North Dakota St.,Omaha,Away,35.30%,64.70%,Omaha -2.11,4.3,244,189,Omaha 2-0
3/14/26,Dayton,Saint Louis,Away,59.70%,40.30%,Dayton -1.56,4.3,185,264,Saint Louis 9-1
3/14/26,Dayton,Saint Louis,Away,59.70%,40.30%,Dayton -1.56,4.3,185,264,Dayton 12-2
3/14/26,Holy Cross,Army West Point,Home,35.50%,64.50%,Army West Point -1.97,4.2,249,197,Army West Point 5-1
3/14/26,Eastern Mich.,Ball St.,Home,34.50%,65.50%,Ball St. -2.08,4.2,238,212,Ball St. 9-4
3/14/26,Harvard,California Baptist,Home,9.80%,90.20%,California Baptist -7.56,4.2,262,42,California Baptist 11-4
3/14/26,Villanova,Charleston So.,Home,22.90%,77.10%,Charleston So. -4.05,4.2,241,154,Charleston So. 22-4
3/14/26,Villanova,Charleston So.,Home,22.90%,77.10%,Charleston So. -4.05,4.2,241,154,Villanova 5-0
3/14/26,Southern U.,Florida A&M,Home,34.80%,65.20%,Florida A&M -2.06,4.2,232,225,Southern U. 9-5
3/14/26,Towson,Northeastern,Home,13.20%,86.80%,Northeastern -6.47,4.1,245,102,Northeastern 3-1
3/14/26,Queens (NC),FGCU,Home,20.50%,79.50%,FGCU -4.7,4.1,255,118,FGCU 4-2
3/14/26,Campbell,N.C. A&T,Away,87.20%,12.80%,Campbell -6.69,4.1,53,272,Campbell 10-0
3/14/26,Princeton,Wofford,Away,18.90%,81.10%,Wofford -5.04,4.1,250,122,Princeton 6-5
3/14/26,Princeton,Wofford,Away,18.90%,81.10%,Wofford -5.04,4.1,250,122,Princeton 3-0
3/14/26,La Salle,VCU,Away,15.90%,84.10%,VCU -5.76,3.9,261,117,VCU 4-3
3/14/26,UMass Lowell,Pepperdine,Home,29.60%,70.40%,Pepperdine -2.91,3.9,253,198,Pepperdine 13-8
3/14/26,UMass Lowell,Pepperdine,Home,29.60%,70.40%,Pepperdine -2.91,3.9,253,198,UMass Lowell 5-4
3/14/26,Austin Peay,Bellarmine,Away,67.10%,32.90%,Austin Peay -2.41,3.9,201,260,Bellarmine 9-8
3/14/26,Massachusetts,Akron,Home,48.30%,51.70%,Akron -0.13,3.9,269,265,Massachusetts 5-4
3/14/26,LMU (CA),Abilene Christian,Home,21.70%,78.30%,Abilene Christian -4.49,3.9,254,151,Abilene Christian 11-5
3/14/26,St. Thomas (MN),Northern Colo.,Home,44.40%,55.60%,Northern Colo. -0.83,3.8,267,256,Northern Colo. 9-4
3/14/26,St. Thomas (MN),Northern Colo.,Home,44.40%,55.60%,Northern Colo. -0.83,3.8,267,256,St. Thomas (MN) 8-5
3/14/26,Rhode Island,George Washington,Home,59.60%,40.40%,Rhode Island -1.68,3.8,214,282,George Washington 8-6
3/14/26,UNC Asheville,Presbyterian,Home,49.10%,50.90%,UNC Asheville -0.12,3.8,259,278,Presbyterian 11-0
3/14/26,Valparaiso,SIUE,Home,21.20%,78.80%,SIUE -4.77,3.7,276,140,SIUE 3-2
3/14/26,Niagara,NJIT,Home,47.10%,52.90%,NJIT -0.01,3.7,230,293,Niagara 7-4
3/14/26,Western Ill.,Illinois St.,Home,21.20%,78.80%,Illinois St. -4.42,3.6,281,145,Illinois St. 7-6
3/14/26,Wagner,LIU,Home,29.00%,71.00%,LIU -3.0,3.6,247,239,LIU 15-4
3/14/26,Merrimack,Iona,Home,55.00%,45.00%,Merrimack -0.83,3.5,257,290,Merrimack 7-4
3/14/26,Jackson St.,Texas Southern,Away,49.80%,50.20%,Jackson St. -0.08,3.5,283,285,Texas Southern 15-9
3/14/26,Oakland,Youngstown St.,Away,40.60%,59.40%,Youngstown St. -1.42,3.5,271,270,Oakland 12-6
3/14/26,Western Mich.,Ohio,Home,74.80%,25.20%,Western Mich. -3.93,3.4,162,294,Western Mich. 6-3
3/14/26,Canisius,Mount St. Mary's,Away,40.80%,59.30%,Mount St. Mary's -1.11,3.3,274,280,Mount St. Mary's 10-9
3/14/26,Grambling,Alabama St.,Home,22.40%,77.60%,Alabama St. -4.31,3.3,273,194,Alabama St. 5-4
3/14/26,Siena,Rider,Home,21.60%,78.40%,Rider -4.53,3.3,279,184,Rider 10-1
3/14/26,Navy,Lehigh,Home,68.60%,31.40%,Navy -2.79,3.2,215,296,Navy 3-0
3/14/26,Cornell,VMI,Away,25.10%,74.90%,VMI -3.55,3.2,287,196,Cornell 7-4
3/14/26,Cornell,VMI,Away,25.10%,74.90%,VMI -3.55,3.2,287,196,VMI 8-0
3/14/26,Central Conn. St.,Norfolk St.,Away,49.40%,50.60%,Norfolk St. -0.06,3.2,297,298,Central Conn. St. 10-5
3/14/26,Bradley,ETSU,Away,9.00%,91.00%,ETSU -7.86,3.1,289,123,ETSU 15-2
3/14/26,Bradley,ETSU,Away,9.00%,91.00%,ETSU -7.86,3.1,289,123,ETSU 10-3
3/14/26,Lafayette,Bucknell,Home,28.20%,71.80%,Bucknell -3.3,3,295,223,Bucknell 9-8
3/14/26,St. Bonaventure,George Mason,Home,17.80%,82.20%,George Mason -5.35,3,292,181,George Mason 15-11
3/14/26,Le Moyne,New Haven,Away,59.00%,41.00%,Le Moyne -1.54,3,275,302,Le Moyne 13-1
3/14/26,UAlbany,Yale,Away,13.80%,86.20%,Yale -6.33,3,288,164,Yale 6-5
3/14/26,Manhattan,Fairfield,Home,22.80%,77.20%,Fairfield -4.28,2.9,291,213,Fairfield 4-3
3/14/26,Sacred Heart,Quinnipiac,Home,26.10%,73.90%,Quinnipiac -3.39,2.9,284,252,Sacred Heart 10-4
3/14/26,Sacred Heart,Quinnipiac,Home,26.10%,73.90%,Quinnipiac -3.39,2.9,284,252,Sacred Heart 9-8
3/14/26,Prairie View,Bethune-Cookman,Home,8.40%,91.60%,Bethune-Cookman -8.05,2.6,300,171,Bethune-Cookman 6-3
3/14/26,Prairie View,Bethune-Cookman,Home,8.40%,91.60%,Bethune-Cookman -8.05,2.6,300,171,Bethune-Cookman 10-5
3/14/26,Alcorn,Alabama A&M,Home,32.40%,67.60%,Alabama A&M -2.32,2.4,305,304,Alcorn 8-6
3/14/26,Coppin St.,FDU,Away,9.00%,91.00%,FDU -7.81,2,303,240,FDU 15-5
3/14/26,Mississippi Val.,Ark.-Pine Bluff,Home,12.50%,87.50%,Ark.-Pine Bluff -6.54,1.9,301,266,Ark.-Pine Bluff 7-5
3/14/26,Stonehill,UMES,Away,81.80%,18.10%,Stonehill -5.18,1.9,286,307,Stonehill 6-0
3/14/26,Saint Peter's,Marist,Home,8.30%,91.70%,Marist -8.22,1.9,308,242,Marist 4-3
3/14/26,Delaware St.,Mercyhurst,Away,12.10%,87.90%,Mercyhurst -6.45,1.6,306,299,Mercyhurst 10-0
3/13/26,Texas A&M,Oklahoma,Home,48.90%,51.10%,Oklahoma -0.18,9.7,7,13,Oklahoma 8-7
3/13/26,Mississippi St.,Arkansas,Home,51.70%,48.30%,Mississippi St. -0.2,9.6,10,17,Arkansas 5-4
3/13/26,Alabama,Kentucky,Away,53.50%,46.50%,Alabama -0.78,9.4,9,28,Kentucky 7-4
3/13/26,Ole Miss,Texas,Away,35.50%,64.50%,Texas -2.03,9.3,11,3,Ole Miss 9-8
3/13/26,Oklahoma St.,UCF,Away,51.60%,48.40%,Oklahoma St. -0.4,9.3,27,33,UCF 12-11
3/13/26,Florida St.,Wake Forest,Away,45.90%,54.10%,Wake Forest -0.49,9.3,19,25,Florida St. 10-0
3/13/26,TCU,Arizona St.,Home,36.00%,64.00%,Arizona St. -1.78,8.8,30,23,TCU 5-4
3/13/26,Pittsburgh,Stanford,Away,50.20%,49.80%,Pittsburgh -0.06,8.8,36,64,Stanford 9-7
3/13/26,Tennessee,Georgia,Home,26.00%,74.00%,Georgia -3.8,8.7,26,2,Tennessee 7-4
3/13/26,Missouri St.,Liberty,Home,35.50%,64.50%,Liberty -2.06,8.7,35,31,Missouri St. 4-3
3/13/26,LSU,Vanderbilt,Away,39.60%,60.40%,Vanderbilt -1.39,8.6,45,38,Vanderbilt 13-12
3/13/26,Cincinnati,BYU,Home,60.60%,39.40%,Cincinnati -1.59,8.5,24,62,Cincinnati 9-7
3/13/26,Notre Dame,Louisville,Home,45.10%,54.90%,Louisville -0.48,8.5,47,67,Notre Dame 14-11
3/13/26,West Virginia,Baylor,Home,68.00%,32.00%,West Virginia -2.89,8.4,6,60,Baylor 7-6
3/13/26,Georgia Tech,Clemson,Home,70.80%,29.20%,Georgia Tech -3.36,8.4,4,55,Georgia Tech 9-3
3/13/26,Virginia Tech,Virginia,Home,34.10%,65.90%,Virginia -2.03,8.4,49,34,Virginia 11-6
3/13/26,Boston College,NC State,Away,34.00%,66.00%,NC State -2.16,8.3,37,51,NC State 4-2
3/13/26,Kansas St.,Houston,Home,52.30%,47.70%,Kansas St. -0.43,8.3,44,90,Kansas St. 20-8
3/13/26,North Carolina,California,Home,73.10%,26.90%,North Carolina -3.69,8.2,5,56,North Carolina 8-1
3/13/26,South Alabama,Louisiana,Home,35.60%,64.40%,Louisiana -2.04,8.2,66,39,South Alabama 3-2
3/13/26,Southern Miss.,Arkansas St.,Home,63.90%,36.10%,Southern Miss. -2.24,8.1,21,83,Arkansas St. 8-5
3/13/26,Saint Mary's (CA),Rice,Neutral,51.40%,48.60%,Saint Mary's (CA) -0.05,8,96,65,Rice 6-5
3/13/26,Kansas,Texas Tech,Away,68.20%,31.80%,Kansas -2.93,8,12,80,Texas Tech 11-4
3/13/26,Miami (FL),Duke,Home,63.50%,36.50%,Miami (FL) -2.05,8,29,82,Duke 4-0
3/13/26,Minnesota,Illinois,Home,49.70%,50.30%,Minnesota -0.0,8,72,94,Illinois 2-1
3/13/26,Purdue,Maryland,Home,55.20%,44.80%,Purdue -0.89,7.9,54,101,Purdue 16-5
3/13/26,Michigan,UCLA,Away,15.20%,84.80%,UCLA -5.98,7.9,50,1,UCLA 10-5
3/13/26,Coastal Carolina,App State,Home,59.30%,40.80%,Coastal Carolina -1.38,7.8,40,106,Coastal Carolina 10-6
3/13/26,Washington St.,San Diego St.,Home,38.30%,61.70%,San Diego St. -1.51,7.8,79,73,San Diego St. 14-4
3/13/26,High Point,USC Upstate,Away,52.30%,47.70%,High Point -0.28,7.7,77,108,USC Upstate 9-7
3/13/26,UC Santa Barbara,UC Davis,Home,61.90%,38.10%,UC Santa Barbara -1.87,7.7,32,111,UC Santa Barbara 4-0
3/13/26,Auburn,Missouri,Away,76.20%,23.80%,Auburn -4.21,7.6,8,87,Auburn 2-0
3/13/26,Arizona,Utah,Away,48.20%,51.80%,Utah -0.25,7.5,130,70,Arizona 8-6
3/13/26,St. John's (NY),Charlotte,Home,40.40%,59.60%,Charlotte -1.03,7.5,92,98,St. John's (NY) 8-6
3/13/26,Gonzaga,Indiana St.,Away,56.00%,44.00%,Gonzaga -1.16,7.4,48,138,Gonzaga 7-4
3/13/26,UC Irvine,Cal St. Fullerton,Home,45.60%,54.40%,Cal St. Fullerton -0.38,7.3,93,119,Cal St. Fullerton 8-3
3/13/26,Ohio St.,Washington,Away,45.10%,54.90%,Washington -0.49,7.3,78,128,Ohio St. 10-9
3/13/26,Creighton,Tulane,Away,51.50%,48.50%,Creighton -0.33,7.2,97,137,Creighton 8-6
3/13/26,UC San Diego,CSUN,Home,51.10%,48.90%,UC San Diego -0.42,7.2,85,144,UC San Diego 17-16
3/13/26,Michigan St.,Rutgers,Away,47.80%,52.20%,Rutgers -0.1,7.2,109,124,Rutgers 9-4
3/13/26,Indiana,Oregon,Away,19.80%,80.20%,Oregon -4.94,7.1,103,20,Oregon 3-2
3/13/26,South Carolina,Florida,Home,16.80%,83.20%,Florida -5.64,7.1,104,14,Florida 1-0
3/13/26,Rice,Grand Canyon,Home,55.50%,44.50%,Rice -1.03,7.1,65,148,Rice 16-5
3/13/26,Little Rock,Samford,Away,37.30%,62.70%,Samford -1.67,7.1,113,89,Samford 5-4
3/13/26,Texas St.,ULM,Away,62.50%,37.50%,Texas St. -1.98,6.8,59,150,ULM 12-6
3/13/26,Eastern Ill.,Memphis,Away,45.90%,54.10%,Memphis -0.54,6.8,133,134,Memphis 14-2
3/13/26,UNLV,Air Force,Home,43.50%,56.50%,Air Force -0.89,6.8,136,121,Air Force 16-5
3/13/26,Southern California,Northwestern,Home,78.80%,21.20%,Southern California -4.75,6.7,15,141,Southern California 15-1
3/13/26,Old Dominion,Troy,Away,23.20%,76.80%,Troy -4.17,6.7,125,57,Old Dominion 10-8
3/13/26,Utah Tech,Santa Clara,Home,42.90%,57.10%,Santa Clara -0.88,6.7,105,147,Santa Clara 8-1
3/13/26,Jacksonville St.,Sam Houston,Away,75.20%,24.90%,Jacksonville St. -4.02,6.7,22,146,Jacksonville St. 3-1
3/13/26,McNeese,Lamar University,Home,37.50%,62.50%,Lamar University -1.75,6.7,139,95,McNeese 3-1
3/13/26,New Mexico,San Jose St.,Away,49.40%,50.60%,San Jose St. -0.18,6.6,155,142,San Jose St. 1-0
3/13/26,Kennesaw St.,Middle Tenn.,Away,52.50%,47.50%,Kennesaw St. -0.6,6.6,88,179,Kennesaw St. 6-1
3/13/26,NIU,Toledo,Away,46.70%,53.30%,Toledo -0.32,6.6,99,170,Toledo 21-5
3/13/26,Houston Christian,Tarleton St.,Away,32.00%,68.00%,Tarleton St. -2.75,6.4,169,58,Houston Christian 7-6
3/13/26,UTRGV,Nicholls,Home,57.40%,42.60%,UTRGV -1.13,6.3,126,166,UTRGV 2-1
3/13/26,Saint Joseph's,Richmond,Home,38.20%,61.80%,Richmond -1.45,6.3,107,160,Saint Joseph's 11-9
3/13/26,Iowa,Penn St.,Away,65.90%,34.10%,Iowa -2.46,6.1,63,192,Penn St. 11-6
3/13/26,North Florida,Stetson,Away,48.90%,51.10%,Stetson -0.03,6.1,149,183,Stetson 7-2
3/13/26,Oregon St.,San Diego,Away,79.10%,20.90%,Oregon St. -4.81,6.1,18,177,Oregon St. 7-5
3/13/26,Morehead St.,Western Caro.,Away,23.30%,76.70%,Western Caro. -3.95,6,158,84,Western Caro. 11-0
3/13/26,Hofstra,Monmouth,Away,47.70%,52.30%,Monmouth -0.32,6,178,167,Monmouth 5-4
3/13/26,SFA,Southeastern La.,Away,26.70%,73.30%,Southeastern La. -3.51,5.9,173,86,Southeastern La. 8-1
3/13/26,Georgia St.,Marshall,Away,38.10%,61.90%,Marshall -1.28,5.8,143,174,Marshall 5-2
3/13/26,UT Arlington,UTSA,Away,17.40%,82.50%,UTSA -5.4,5.8,172,46,UT Arlington 15-11
3/13/26,Murray St.,Lindenwood,Home,51.60%,48.40%,Murray St. -0.29,5.8,159,195,Lindenwood 4-0
3/13/26,North Ala.,Lipscomb,Home,42.50%,57.50%,Lipscomb -1.0,5.8,176,165,Lipscomb 6-3
3/13/26,Hawaii,Long Beach St.,Away,61.40%,38.60%,Hawaii -1.75,5.6,112,210,Hawaii 11-1
3/13/26,Longwood,Gardner-Webb,Home,54.70%,45.30%,Longwood -0.85,5.6,156,205,Longwood 3-1
3/13/26,UNC Greensboro,UIC,Home,43.00%,57.00%,UIC -0.88,5.6,168,190,UNC Greensboro 9-5
3/13/26,CSU Bakersfield,Cal Poly,Away,17.30%,82.70%,Cal Poly -5.44,5.5,191,52,Cal Poly 8-4
3/13/26,Radford,Winthrop,Away,30.80%,69.20%,Winthrop -2.54,5.5,187,129,Winthrop 10-9
3/13/26,Evansville,Xavier,Away,25.60%,74.40%,Xavier -3.84,5.4,200,91,Xavier 7-5
3/13/26,Pacific,Sacramento St.,Away,26.70%,73.30%,Sacramento St. -3.57,5.3,193,120,Pacific 5-3
3/13/26,New Mexico St.,DBU,Home,15.70%,84.30%,DBU -5.76,5.3,186,71,DBU 14-2
3/13/26,Ga. Southern,James Madison,Away,42.90%,57.10%,James Madison -0.88,5.3,203,182,James Madison 14-6
3/13/26,Binghamton,Bryant,Away,42.00%,58.00%,Bryant -0.74,5.2,163,217,Binghamton 4-3
3/13/26,Maine,Nebraska,Away,10.70%,89.30%,Nebraska -7.24,5.2,216,16,Nebraska 6-5
3/13/26,The Citadel,UT Martin,Away,72.20%,27.80%,The Citadel -3.56,5.2,69,231,UT Martin 3-2
3/13/26,Penn,East Carolina,Home,13.50%,86.50%,East Carolina -6.42,5.2,206,43,East Carolina 17-3
3/13/26,UIW,New Orleans,Home,40.40%,59.60%,New Orleans -1.6,5.1,202,188,UIW 9-6
3/13/26,A&M-Corpus Christi,Northwestern St.,Away,32.70%,67.30%,Northwestern St. -2.24,5.1,199,157,Northwestern St. 5-1
3/13/26,Milwaukee,Northern Ky.,Away,48.00%,52.00%,Milwaukee -0.14,5.1,180,227,Milwaukee 16-9
3/13/26,Stony Brook,Col. of Charleston,Home,30.00%,70.00%,Col. of Charleston -2.88,5,207,152,Stony Brook 3-1
3/13/26,Belmont,UAB,Away,22.50%,77.50%,UAB -4.31,5,233,68,UAB 13-3
3/13/26,Nevada,Fresno St.,Home,60.60%,39.40%,Nevada -1.65,4.9,135,248,Nevada 9-4
3/13/26,South Dakota St.,Oral Roberts,Home,23.00%,77.00%,Oral Roberts -4.07,4.9,209,116,Oral Roberts 4-3
3/13/26,Mercer,Tennessee Tech,Away,79.80%,20.20%,Mercer -5.01,4.8,41,251,Mercer 14-11
3/13/26,FIU,Western Ky.,Away,19.30%,80.70%,Western Ky. -4.73,4.8,211,110,Western Ky. 15-4
3/13/26,Delaware,Louisiana Tech,Away,19.90%,80.10%,Louisiana Tech -4.77,4.8,229,81,Louisiana Tech 5-0
3/13/26,Columbia,South Fla.,Away,17.90%,82.10%,South Fla. -5.04,4.8,226,74,South Fla. 6-3
3/13/26,Central Mich.,Kent St.,Away,14.50%,85.50%,Kent St. -6.11,4.8,224,61,Kent St. 11-10
3/13/26,San Francisco,UC Riverside,Away,57.50%,42.50%,San Francisco -1.27,4.7,175,246,UC Riverside 7-3
3/13/26,Fordham,Davidson,Home,47.00%,53.00%,Davidson -0.46,4.7,235,220,Davidson 9-8
3/13/26,Bowling Green,Miami (OH),Away,18.90%,81.10%,Miami (OH) -5.2,4.7,234,76,Miami (OH) 8-5
3/13/26,UMBC,Fla. Atlantic,Home,21.80%,78.20%,Fla. Atlantic -4.35,4.7,221,115,Fla. Atlantic 10-9
3/13/26,William & Mary,Georgetown,Home,39.70%,60.30%,Georgetown -1.4,4.6,222,219,Georgetown 6-5
3/13/26,Butler,Wichita St.,Away,20.40%,79.60%,Wichita St. -4.64,4.5,236,114,Wichita St. 14-8
3/13/26,Southern Ind.,Southern Ill.,Home,34.00%,66.00%,Southern Ill. -2.13,4.5,204,218,Southern Ill. 10-7
3/13/26,Central Ark.,Eastern Ky.,Away,61.80%,38.20%,Central Ark. -1.75,4.5,161,258,Central Ark. 16-12
3/13/26,Elon,UNCW,Away,22.90%,77.10%,UNCW -4.12,4.5,228,131,UNCW 8-7
3/13/26,Jacksonville,West Ga.,Away,62.80%,37.20%,Jacksonville -2.2,4.5,132,268,West Ga. 8-7
3/13/26,Brown,Seton Hall,Away,48.40%,51.60%,Brown -0.1,4.4,208,263,Seton Hall 5-2
3/13/26,North Dakota St.,Omaha,Away,35.30%,64.70%,Omaha -2.11,4.3,244,189,Omaha 4-2
3/13/26,Dayton,Saint Louis,Away,59.70%,40.30%,Dayton -1.56,4.3,185,264,Saint Louis 8-3
3/13/26,Holy Cross,Army West Point,Home,35.50%,64.50%,Army West Point -1.97,4.2,249,197,Holy Cross 6-1
3/13/26,Eastern Mich.,Ball St.,Home,34.50%,65.50%,Ball St. -2.08,4.2,238,212,Ball St. 17-13
3/13/26,Harvard,California Baptist,Home,9.80%,90.20%,California Baptist -7.56,4.2,262,42,California Baptist 5-1
3/13/26,Villanova,Charleston So.,Home,22.90%,77.10%,Charleston So. -4.05,4.2,241,154,Villanova 5-4
3/13/26,Southern U.,Florida A&M,Home,34.80%,65.20%,Florida A&M -2.06,4.2,232,225,Florida A&M 12-7
3/13/26,Towson,Northeastern,Home,13.20%,86.80%,Northeastern -6.47,4.1,245,102,Northeastern 6-3
3/13/26,Queens (NC),FGCU,Home,20.50%,79.50%,FGCU -4.7,4.1,255,118,FGCU 11-0
3/13/26,Queens (NC),FGCU,Home,20.50%,79.50%,FGCU -4.7,4.1,255,118,FGCU 2-1
3/13/26,Campbell,N.C. A&T,Away,87.20%,12.80%,Campbell -6.69,4.1,53,272,Campbell 21-11
3/13/26,Princeton,Wofford,Away,18.90%,81.10%,Wofford -5.04,4.1,250,122,Wofford 12-1
3/13/26,Illinois St.,Western Ill.,Away,69.00%,31.00%,Illinois St. -2.82,4,145,281,Illinois St. 7-1
3/13/26,Illinois St.,Western Ill.,Away,69.00%,31.00%,Illinois St. -2.82,4,145,281,Illinois St. 10-7
3/13/26,La Salle,VCU,Away,15.90%,84.10%,VCU -5.76,3.9,261,117,VCU 6-2
3/13/26,UMass Lowell,Pepperdine,Home,29.60%,70.40%,Pepperdine -2.91,3.9,253,198,UMass Lowell 7-4
3/13/26,Austin Peay,Bellarmine,Away,67.10%,32.90%,Austin Peay -2.41,3.9,201,260,Austin Peay 15-9
3/13/26,Massachusetts,Akron,Home,48.30%,51.70%,Akron -0.13,3.9,269,265,Akron 12-2
3/13/26,LMU (CA),Abilene Christian,Home,21.70%,78.30%,Abilene Christian -4.49,3.9,254,151,LMU (CA) 3-0
3/13/26,Rhode Island,George Washington,Home,59.60%,40.40%,Rhode Island -1.68,3.8,214,282,George Washington 7-4
3/13/26,UNC Asheville,Presbyterian,Home,49.10%,50.90%,UNC Asheville -0.12,3.8,259,278,UNC Asheville 6-5
3/13/26,Valparaiso,SIUE,Home,21.20%,78.80%,SIUE -4.77,3.7,276,140,SIUE 13-3
3/13/26,Niagara,NJIT,Home,47.10%,52.90%,NJIT -0.01,3.7,230,293,Niagara 6-3
3/13/26,Oakland,Youngstown St.,Away,40.60%,59.40%,Youngstown St. -1.42,3.5,271,270,Youngstown St. 6-5
3/13/26,Merrimack,Iona,Home,55.00%,45.00%,Merrimack -0.83,3.5,257,290,Merrimack 4-3
3/13/26,Jackson St.,Texas Southern,Away,49.80%,50.20%,Jackson St. -0.08,3.5,283,285,Texas Southern 17-6
3/13/26,Western Mich.,Ohio,Home,74.80%,25.20%,Western Mich. -3.93,3.4,162,294,Western Mich. 20-12
3/13/26,Grambling,Alabama St.,Home,22.40%,77.60%,Alabama St. -4.31,3.3,273,194,Grambling 9-5
3/13/26,Canisius,Mount St. Mary's,Away,40.80%,59.30%,Mount St. Mary's -1.11,3.3,274,280,Mount St. Mary's 17-10
3/13/26,Siena,Rider,Home,21.60%,78.40%,Rider -4.53,3.3,279,184,Rider 4-3
3/13/26,Navy,Lehigh,Home,68.60%,31.40%,Navy -2.79,3.2,215,296,Lehigh 3-1
3/13/26,Central Conn. St.,Norfolk St.,Away,49.40%,50.60%,Norfolk St. -0.06,3.2,297,298,Norfolk St. 10-9
3/13/26,Bradley,ETSU,Away,9.00%,91.00%,ETSU -7.86,3.1,289,123,ETSU 12-2
3/13/26,Lafayette,Bucknell,Home,28.20%,71.80%,Bucknell -3.3,3,295,223,Bucknell 8-5
3/13/26,St. Bonaventure,George Mason,Home,17.80%,82.20%,George Mason -5.35,3,292,181,George Mason 4-3
3/13/26,Le Moyne,New Haven,Away,59.00%,41.00%,Le Moyne -1.54,3,275,302,New Haven 13-6
3/13/26,UAlbany,Yale,Away,13.80%,86.20%,Yale -6.33,3,288,164,UAlbany 4-2
3/13/26,Manhattan,Fairfield,Home,22.80%,77.20%,Fairfield -4.28,2.9,291,213,Fairfield 11-2
3/13/26,Prairie View,Bethune-Cookman,Home,8.40%,91.60%,Bethune-Cookman -8.05,2.6,300,171,Bethune-Cookman 6-1
3/13/26,Alcorn,Alabama A&M,Home,32.40%,67.60%,Alabama A&M -2.32,2.4,305,304,Alabama A&M 10-3
3/13/26,Coppin St.,FDU,Away,9.00%,91.00%,FDU -7.81,2,303,240,FDU 24-5
3/13/26,Mississippi Val.,Ark.-Pine Bluff,Home,12.50%,87.50%,Ark.-Pine Bluff -6.54,1.9,301,266,Ark.-Pine Bluff 10-3
3/13/26,Saint Peter's,Marist,Home,8.30%,91.70%,Marist -8.22,1.9,308,242,Marist 5-4
3/13/26,Stonehill,UMES,Away,81.80%,18.10%,Stonehill -5.18,1.9,286,307,Stonehill 20-17
3/13/26,Delaware St.,Mercyhurst,Away,12.10%,87.90%,Mercyhurst -6.45,1.6,306,299,Mercyhurst 4-3
3/12/26,Cincinnati,BYU,Home,60.60%,39.40%,Cincinnati -1.59,8.5,24,62,BYU 5-2
3/12/26,Georgia Tech,Clemson,Home,70.80%,29.20%,Georgia Tech -3.36,8.4,4,55,Georgia Tech 10-0
3/12/26,Morehead St.,Western Caro.,Away,23.30%,76.70%,Western Caro. -3.95,6,158,84,Morehead St. 8-5
3/12/26,Butler,Wichita St.,Away,20.40%,79.60%,Wichita St. -4.64,4.5,236,114,Wichita St. 27-3
3/12/26,UMass Lowell,Pepperdine,Home,29.60%,70.40%,Pepperdine -2.91,3.9,253,198,UMass Lowell 7-6
3/12/26,Western Ill.,Illinois St.,Home,21.20%,78.80%,Illinois St. -4.42,3.6,281,145,Illinois St. 7-6
3/11/26,Miami (FL),UCF,Away,50.70%,49.30%,Miami (FL) -0.28,9.3,29,33,Miami (FL) 9-5
3/11/26,Kansas,TCU,Away,54.10%,45.90%,Kansas -0.76,9.3,12,30,TCU 9-4
3/11/26,UTSA,Texas Tech,Home,57.80%,42.20%,UTSA -1.21,8.2,46,80,Texas Tech 10-5
3/11/26,Gonzaga,Minnesota,Away,38.60%,61.40%,Minnesota -1.26,8.1,48,72,Minnesota 6-2
3/11/26,Southeastern La.,South Alabama,Home,45.70%,54.30%,South Alabama -0.58,8.1,86,66,South Alabama 10-3
3/11/26,Xavier,Oregon,Home,19.00%,81.00%,Oregon -5.0,7.3,91,20,Oregon 6-3
3/11/26,Nevada,Stanford,Away,33.30%,66.70%,Stanford -2.7,6.9,135,64,Stanford 13-8
3/11/26,McNeese,Louisiana,Home,31.80%,68.20%,Louisiana -2.75,6.9,139,39,McNeese 0-0
3/11/26,Col. of Charleston,Wofford,Away,40.80%,59.20%,Wofford -1.17,6.4,152,122,Wofford 13-9
3/11/26,Marshall,Louisville,Home,25.40%,74.60%,Louisville -3.85,5.9,174,67,Louisville 18-8
3/11/26,UT Arlington,Oklahoma,Home,11.00%,89.00%,Oklahoma -7.28,5.8,172,13,Oklahoma 6-1
3/11/26,San Diego,Southern California,Away,12.90%,87.10%,Southern California -6.65,5.8,177,15,Southern California 7-6
3/11/26,Rider,Hofstra,Home,41.40%,58.60%,Hofstra -0.98,5.5,184,178,Hofstra 16-6
3/11/26,Abilene Christian,UIW,Away,60.90%,39.10%,Abilene Christian -1.59,5.4,151,202,UIW 13-1
3/11/26,Pacific,Sacramento St.,Away,26.70%,73.30%,Sacramento St. -3.57,5.3,193,120,Sacramento St. 10-0
3/11/26,Evansville,Miami (OH),Away,21.60%,78.40%,Miami (OH) -4.53,5.3,200,76,Evansville 0-0
3/11/26,South Dakota St.,Kansas St.,Home,15.00%,85.00%,Kansas St. -5.97,5.2,209,44,Kansas St. 9-0
3/11/26,Penn St.,Georgetown,Home,53.60%,46.40%,Penn St. -0.6,5.1,192,219,Georgetown 5-4
3/11/26,East Carolina,William & Mary,Away,82.80%,17.20%,East Carolina -5.61,5.1,43,222,East Carolina 24-3
3/11/26,Fordham,Rutgers,Away,30.20%,69.80%,Rutgers -2.95,4.8,235,124,Fordham 8-7
3/11/26,Monmouth,FDU,Home,62.30%,37.70%,Monmouth -1.79,4.7,167,240,Monmouth 15-14
3/11/26,North Dakota St.,Nebraska,Home,9.50%,90.50%,Nebraska -7.79,4.7,244,16,Nebraska 11-1
3/11/26,Belmont,Tennessee Tech,Away,49.50%,50.50%,Belmont -0.03,4.4,233,251,Belmont 11-7
3/11/26,Marist,St. John's (NY),Away,15.90%,84.10%,St. John's (NY) -5.71,4.4,242,92,St. John's (NY) 3-1
3/11/26,Princeton,Winthrop,Away,21.40%,78.60%,Winthrop -4.39,4.2,250,129,Winthrop 11-0
3/11/26,Central Mich.,Youngstown St.,Away,55.30%,44.70%,Central Mich. -0.83,4,224,270,Central Mich. 0-0
3/11/26,UNC Greensboro,N.C. A&T,Home,69.60%,30.40%,UNC Greensboro -2.98,3.9,168,272,UNC Greensboro 9-7
3/11/26,Ark.-Pine Bluff,Memphis,Away,21.80%,78.20%,Memphis -4.45,3.9,266,134,Ark.-Pine Bluff 0-0
3/11/26,Merrimack,Army West Point,Home,30.70%,69.30%,Army West Point -2.71,3.9,257,197,Merrimack 8-4
3/11/26,Towson,George Washington,Home,45.80%,54.20%,George Washington -0.31,3.7,245,282,Towson 7-6
3/11/26,Presbyterian,Fla. Atlantic,Home,14.70%,85.30%,Fla. Atlantic -6.07,3.6,278,115,Fla. Atlantic 7-2
3/11/26,Seton Hall,NJIT,Home,51.20%,48.80%,Seton Hall -0.23,3.5,263,293,Seton Hall 8-5
3/11/26,Northwestern St.,Grambling,Home,81.20%,18.80%,Northwestern St. -4.84,3.5,157,273,Northwestern St. 0-0
3/11/26,Oakland,Akron,Home,37.60%,62.40%,Akron -1.77,3.4,271,265,Oakland 0-0
3/11/26,Northeastern,Central Conn. St.,Home,94.50%,5.50%,Northeastern -9.65,3.1,102,297,Northeastern 18-10
3/11/26,Texas Southern,A&M-Corpus Christi,Home,19.40%,80.60%,A&M-Corpus Christi -4.87,3,285,199,A&M-Corpus Christi 5-4
3/11/26,Bradley,Lindenwood,Away,16.90%,83.00%,Lindenwood -5.47,2.9,289,195,Lindenwood 11-6
3/11/26,Lafayette,La Salle,Home,33.10%,66.90%,La Salle -2.42,2.9,295,261,La Salle 16-11
3/11/26,VMI,Norfolk St.,Home,87.80%,12.20%,VMI -6.54,2.5,196,298,VMI 15-10
3/11/26,Prairie View,Stetson,Away,6.90%,93.10%,Stetson -8.67,2.4,300,183,Stetson 16-6
3/11/26,Mississippi Val.,New Orleans,Away,5.60%,94.40%,New Orleans -9.53,2.3,301,188,Mississippi Val. 9-7
3/11/26,Delaware St.,UMBC,Away,4.10%,95.90%,UMBC -10.49,1.9,306,221,UMBC 14-6
3/11/26,Saint Peter's,Lehigh,Home,13.00%,87.00%,Lehigh -6.45,1.6,308,296,Saint Peter's 12-3
3/10/26,Ole Miss,Southern Miss.,Away,53.80%,46.20%,Ole Miss -0.73,9.5,11,21,Southern Miss. 2-1
3/10/26,Wake Forest,Coastal Carolina,Home,53.30%,46.70%,Wake Forest -0.7,9.1,25,40,Coastal Carolina 10-4
3/10/26,Florida St.,Florida,Home,37.00%,63.00%,Florida -1.78,9.1,19,14,Florida 6-3
3/10/26,Missouri St.,Southeast Mo. St.,Away,54.40%,45.60%,Missouri St. -0.67,8.5,35,75,Southeast Mo. St. 13-6
3/10/26,Kent St.,Ohio St.,Away,50.20%,49.80%,Kent St. -0.09,8.4,61,78,Kent St. 8-5
3/10/26,Troy,Alabama,Home,30.70%,69.30%,Alabama -2.74,8.3,57,9,Alabama 7-3
3/10/26,Boston College,UConn,Away,48.50%,51.50%,Boston College -0.03,8.2,37,100,Boston College 26-19
3/10/26,UTSA,Texas Tech,Home,57.80%,42.20%,UTSA -1.21,8.2,46,80,UTSA 9-8
3/10/26,Texas,Texas St.,Away,75.30%,24.70%,Texas -4.06,8.1,3,59,Texas 15-4
3/10/26,DBU,Oklahoma St.,Away,32.70%,67.30%,Oklahoma St. -2.52,8.1,71,27,Oklahoma St. 6-5
3/10/26,Gonzaga,Minnesota,Away,38.60%,61.40%,Minnesota -1.26,8.1,48,72,Minnesota 11-8
3/10/26,Rice,Houston,Home,43.60%,56.40%,Houston -0.66,7.9,65,90,Houston 13-1
3/10/26,Duke,High Point,Away,40.10%,59.90%,High Point -1.22,7.8,82,77,High Point 12-6
3/10/26,Lamar University,Louisiana Tech,Away,45.10%,54.90%,Louisiana Tech -0.6,7.8,95,81,Lamar University 6-0
3/10/26,Saint Mary's (CA),UC Santa Barbara,Away,35.80%,64.20%,UC Santa Barbara -2.09,7.8,96,32,UC Santa Barbara 13-3
3/10/26,UAB,Auburn,Home,17.50%,82.50%,Auburn -5.38,7.7,68,8,Auburn 17-2
3/10/26,South Carolina,The Citadel,Away,41.10%,58.90%,The Citadel -1.53,7.6,104,69,The Citadel 8-3
3/10/26,Western Caro.,App State,Home,46.00%,54.00%,App State -0.34,7.6,84,106,Western Caro. 13-3
3/10/26,Charlotte,Campbell,Home,32.90%,67.10%,Campbell -2.47,7.5,98,53,Charlotte 13-5
3/10/26,Arkansas St.,Little Rock,Away,53.70%,46.30%,Arkansas St. -0.25,7.5,83,113,Arkansas St. 12-5
3/10/26,San Diego St.,Cal St. Fullerton,Home,46.10%,53.90%,Cal St. Fullerton -0.3,7.5,73,119,Cal St. Fullerton 3-2
3/10/26,Utah Tech,BYU,Home,34.80%,65.20%,BYU -2.13,7.4,105,62,BYU 19-2
3/10/26,Wofford,USC Upstate,Neutral,50.20%,49.80%,USC Upstate -0.11,7.3,122,108,USC Upstate 5-2
3/10/26,Creighton,LSU,Away,25.90%,74.10%,LSU -3.55,7.3,97,45,LSU 8-4
3/10/26,Xavier,Oregon,Home,19.00%,81.00%,Oregon -5.0,7.3,91,20,Oregon 10-0
3/10/26,UC Irvine,UCLA,Away,12.70%,87.30%,UCLA -6.71,7.2,93,1,UCLA 11-1
3/10/26,Pittsburgh,Santa Clara,Away,60.20%,39.80%,Pittsburgh -1.67,7.2,36,147,Santa Clara 4-3
3/10/26,Maryland,West Virginia,Away,15.40%,84.60%,West Virginia -5.97,7.1,101,6,West Virginia 10-3
3/10/26,California,San Jose St.,Away,60.10%,39.90%,California -1.64,7.1,56,142,San Jose St. 3-2
3/10/26,UTRGV,Louisiana,Home,31.40%,68.60%,Louisiana -2.82,7.1,126,39,Louisiana 11-7
3/10/26,Wichita St.,Kansas St.,Home,27.20%,72.80%,Kansas St. -3.29,7.1,114,44,Kansas St. 7-5
3/10/26,Arizona,Arizona St.,Away,24.00%,76.00%,Arizona St. -3.98,6.9,130,23,Arizona St. 10-4
3/10/26,Mercer,Georgia St.,Home,67.60%,32.40%,Mercer -2.73,6.9,41,143,Mercer 16-6
3/10/26,Old Dominion,East Carolina,Home,21.40%,78.60%,East Carolina -4.41,6.7,125,43,East Carolina 11-0
3/10/26,Tulane,Mississippi St.,Neutral,14.80%,85.20%,Mississippi St. -6.11,6.5,137,10,Mississippi St. 11-7
3/10/26,Sam Houston,Baylor,Home,25.50%,74.50%,Baylor -3.64,6.4,146,60,Baylor 13-5
3/10/26,Indiana St.,Vanderbilt,Away,17.50%,82.50%,Vanderbilt -5.38,6.4,138,38,Vanderbilt 14-6
3/10/26,Wright St.,Indiana,Home,36.40%,63.60%,Indiana -2.03,6.4,153,103,Indiana 12-4
3/10/26,Oral Roberts,Central Ark.,Home,61.70%,38.30%,Oral Roberts -1.57,6.3,116,161,Central Ark. 8-7
3/10/26,Lipscomb,Memphis,Away,45.00%,55.00%,Memphis -0.72,6.3,165,134,Memphis 5-2
3/10/26,Liberty,UNC Greensboro,Away,74.10%,25.90%,Liberty -3.8,6.3,31,168,Liberty 12-10
3/10/26,Western Mich.,Michigan,Home,24.40%,75.60%,Michigan -3.9,6.2,162,50,Michigan 3-2
3/10/26,Charleston So.,UNCW,Away,34.00%,66.00%,UNCW -2.13,6.1,154,131,UNCW 18-2
3/10/26,Jacksonville St.,North Ala.,Away,78.00%,22.00%,Jacksonville St. -4.52,6.1,22,176,Jacksonville St. 8-3
3/10/26,Tarleton St.,UIW,Away,66.00%,34.00%,Tarleton St. -2.68,5.9,58,202,Tarleton St. 0-0
3/10/26,Marshall,Louisville,Home,25.40%,74.60%,Louisville -3.85,5.9,174,67,Louisville 16-5
3/10/26,George Mason,Longwood,Away,44.70%,55.30%,Longwood -0.61,5.9,181,156,Longwood 11-1
3/10/26,SFA,Texas A&M,Away,8.80%,91.20%,Texas A&M -7.97,5.8,173,7,Texas A&M 14-1
3/10/26,Milwaukee,Purdue,Away,18.90%,81.10%,Purdue -4.88,5.7,180,54,Purdue 17-1
3/10/26,UIC,Northwestern,Home,40.20%,59.80%,Northwestern -1.19,5.7,190,141,UIC 3-3
3/10/26,Bethune-Cookman,North Florida,Away,33.70%,66.30%,North Florida -2.17,5.7,171,149,Bethune-Cookman 7-4
3/10/26,James Madison,Radford,Away,44.90%,55.10%,Radford -0.69,5.6,182,187,Radford 4-2
3/10/26,FGCU,FIU,Away,61.10%,38.90%,FGCU -1.64,5.5,118,211,FGCU 11-6
3/10/26,Evansville,Cincinnati,Home,12.20%,87.80%,Cincinnati -6.81,5.4,200,24,Cincinnati 13-11
3/10/26,Southern Ind.,Missouri,Home,24.00%,76.00%,Missouri -3.92,5.3,204,87,Missouri 14-6
3/10/26,Southern Ill.,SIUE,Home,39.90%,60.10%,SIUE -1.56,5.3,218,140,SIUE 16-6
3/10/26,Long Beach St.,Southern California,Away,11.50%,88.50%,Southern California -7.08,5.3,210,15,Southern California 6-1
3/10/26,Ga. Southern,Clemson,Neutral,18.30%,81.70%,Clemson -5.15,5.3,203,55,Ga. Southern 6-1
3/10/26,Ball St.,Kentucky,Away,14.70%,85.30%,Kentucky -6.16,5.3,212,28,Kentucky 10-3
3/10/26,Penn St.,Georgetown,Home,53.60%,46.40%,Penn St. -0.6,5.1,192,219,Georgetown 8-2
3/10/26,Fairfield,St. John's (NY),Away,24.90%,75.10%,St. John's (NY) -3.83,5.1,213,92,Fairfield 6-4
3/10/26,William & Mary,Virginia,Home,9.70%,90.30%,Virginia -7.62,4.9,222,34,Virginia 9-7
3/10/26,Bucknell,North Carolina,Away,3.70%,96.30%,North Carolina -11.03,4.9,223,5,North Carolina 13-3
3/10/26,Rider,LIU,Home,53.80%,46.30%,Rider -0.63,4.9,184,239,Rider 7-6
3/10/26,Michigan St.,Eastern Mich.,Home,69.00%,31.00%,Michigan St. -3.02,4.9,109,238,Michigan St. 13-5
3/10/26,Toledo,Northern Ky.,Home,60.50%,39.50%,Toledo -1.76,4.9,170,227,Toledo 12-3
3/10/26,Elon,NC State,Away,13.80%,86.20%,NC State -6.34,4.8,228,51,Elon 2-0
3/10/26,Gardner-Webb,Davidson,Home,41.80%,58.20%,Davidson -1.06,4.8,205,220,Davidson 11-10
3/10/26,Morehead St.,UNC Asheville,Away,56.70%,43.30%,Morehead St. -1.2,4.7,158,259,Morehead St. 16-11
3/10/26,California Baptist,LMU (CA),Away,80.40%,19.60%,California Baptist -5.15,4.7,42,254,LMU (CA) 7-2
3/10/26,Fresno St.,Cal Poly,Home,15.50%,84.50%,Cal Poly -6.02,4.6,248,52,Cal Poly 13-3
3/10/26,Notre Dame,Queens (NC),Away,82.90%,17.10%,Notre Dame -5.63,4.6,47,255,Notre Dame 11-6
3/10/26,Delaware,Penn,Away,40.30%,59.70%,Penn -1.23,4.6,229,206,Delaware 5-3
3/10/26,Seattle U,Washington,Away,22.40%,77.60%,Washington -4.28,4.4,237,128,Washington 7-4
3/10/26,Bowling Green,Dayton,Away,32.80%,67.30%,Dayton -2.69,4.4,234,185,Bowling Green 9-5
3/10/26,Tennessee Tech,Tennessee,Home,7.60%,92.40%,Tennessee -8.55,4.4,251,26,Tennessee 20-2
3/10/26,Illinois St.,Saint Louis,Away,66.90%,33.10%,Illinois St. -2.46,4.3,145,264,Illinois St. 8-5
3/10/26,Quinnipiac,Brown,Home,41.40%,58.60%,Brown -1.26,4.3,252,208,Brown 4-1
3/10/26,West Ga.,Georgia Tech,Home,3.50%,96.50%,Georgia Tech -11.21,4.2,268,4,Georgia Tech 14-0
3/10/26,Princeton,Winthrop,Away,21.40%,78.60%,Winthrop -4.39,4.2,250,129,Princeton 10-3
3/10/26,Butler,Bellarmine,Home,48.30%,51.70%,Butler -0.0,4.2,236,260,Bellarmine 17-10
3/10/26,St. Thomas (MN),Iowa,Home,12.90%,87.10%,Iowa -6.65,4.1,267,63,Iowa 7-2
3/10/26,UC Riverside,UNLV,Away,20.70%,79.30%,UNLV -4.57,4.1,246,136,UNLV 11-10
3/10/26,UMass Lowell,Sacramento St.,Home,15.50%,84.50%,Sacramento St. -5.87,4,253,120,UMass Lowell 7-2
3/10/26,Wagner,Rutgers,Home,13.00%,87.00%,Rutgers -6.28,3.9,247,124,Rutgers 8-5
3/10/26,Merrimack,Army West Point,Home,30.70%,69.30%,Army West Point -2.71,3.9,257,197,Army West Point 10-9
3/10/26,Holy Cross,Massachusetts,Away,45.00%,55.00%,Massachusetts -0.39,3.9,249,269,Holy Cross 0-0
3/10/26,Eastern Ky.,Middle Tenn.,Away,23.60%,76.40%,Middle Tenn. -3.89,3.7,258,179,Middle Tenn. 17-0
3/10/26,Western Ill.,Illinois,Home,14.80%,85.20%,Illinois -5.98,3.7,281,94,Illinois 21-8
3/10/26,La Salle,Villanova,Away,35.00%,65.00%,Villanova -2.06,3.6,261,241,Villanova 14-10
3/10/26,Presbyterian,Fla. Atlantic,Home,14.70%,85.30%,Fla. Atlantic -6.07,3.6,278,115,Fla. Atlantic 12-2
3/10/26,Mount St. Mary's,UMBC,Away,33.10%,66.90%,UMBC -2.36,3.4,280,221,UMBC 20-4
3/10/26,Manhattan,FDU,Home,39.10%,60.90%,FDU -1.62,3.4,291,240,FDU 15-12
3/10/26,Jackson St.,Nicholls,Away,21.70%,78.30%,Nicholls -4.36,3.4,283,166,Nicholls 12-2
3/10/26,St. Bonaventure,Binghamton,Home,20.10%,79.90%,Binghamton -4.85,3.2,292,163,Binghamton 15-9
3/10/26,Sacred Heart,Yale,Away,13.80%,86.20%,Yale -6.26,3.1,284,164,Yale 4-2
3/10/26,Siena,Stony Brook,Away,20.70%,79.30%,Stony Brook -4.57,3.1,279,207,Siena 14-8
3/10/26,Texas Southern,A&M-Corpus Christi,Home,19.40%,80.60%,A&M-Corpus Christi -4.87,3,285,199,A&M-Corpus Christi 2-1
3/10/26,Central Mich.,Mercyhurst,Away,70.50%,29.50%,Central Mich. -3.12,3,224,299,Central Mich. 18-14
3/10/26,Bradley,Lindenwood,Away,16.90%,83.00%,Lindenwood -5.47,2.9,289,195,Lindenwood 6-5
3/10/26,Alabama A&M,Samford,Away,2.10%,97.90%,Samford -12.87,2.9,304,89,Samford 6-4
3/10/26,Ohio,Austin Peay,Home,15.60%,84.40%,Austin Peay -5.62,2.7,294,201,Austin Peay 18-5
3/10/26,Ohio,Austin Peay,Home,15.60%,84.40%,Austin Peay -5.62,2.7,294,201,Austin Peay 15-6
3/10/26,Stonehill,Bryant,Home,15.40%,84.60%,Bryant -5.62,2.7,286,217,Bryant 9-1
3/10/26,Iona,Fordham,Home,20.50%,79.50%,Fordham -4.41,2.7,290,235,Fordham 14-2
3/10/26,Navy,Norfolk St.,Away,85.70%,14.30%,Navy -6.09,2.5,215,298,Navy 15-8
3/10/26,Coppin St.,Richmond,Away,2.40%,97.60%,Richmond -12.31,2.4,303,160,Richmond 19-1
3/10/26,Alcorn,Northwestern St.,Away,1.80%,98.20%,Northwestern St. -13.26,2.3,305,157,Northwestern St. 13-2
3/10/26,New Haven,Rhode Island,Away,12.20%,87.80%,Rhode Island -6.84,2.3,302,214,Rhode Island 11-0
3/10/26,Mississippi Val.,New Orleans,Away,5.60%,94.40%,New Orleans -9.53,2.3,301,188,New Orleans 14-0
3/9/26,Xavier,Oregon St.,Home,19.50%,80.50%,Oregon St. -4.83,7.3,91,18,Oregon St. 7-2
3/9/26,South Fla.,Jacksonville,Home,60.90%,39.10%,South Fla. -1.45,7,74,132,South Fla. 11-6
3/9/26,Grand Canyon,Utah,Away,37.40%,62.60%,Utah -1.81,6.8,148,70,Utah 7-2
3/9/26,Stetson,Arkansas,Home,12.40%,87.60%,Arkansas -6.8,5.7,183,17,Stetson 6-4
3/9/26,Pepperdine,CSUN,Home,35.00%,65.00%,CSUN -2.04,5.3,198,144,CSUN 12-1
3/9/26,UMass Lowell,San Francisco,Home,27.70%,72.30%,San Francisco -3.34,4,253,175,San Francisco 8-2
3/9/26,Northern Colo.,Utah Valley,Away,34.10%,65.90%,Utah Valley -2.07,3.7,256,243,Utah Valley 5-1
3/9/26,UMES,Central Conn. St.,Home,20.50%,79.50%,Central Conn. St. -4.6,1.9,307,297,Central Conn. St. 13-6
3/9/26,Le Moyne,Delaware St.,Away,87.50%,12.60%,Le Moyne -6.58,1.8,275,306,Le Moyne 24-19
3/8/26,East Carolina,Coastal Carolina,Home,45.30%,54.70%,Coastal Carolina -0.36,8.9,43,40,East Carolina 10-4
3/8/26,Oregon,Purdue,Away,62.00%,38.00%,Oregon -1.92,8.6,20,54,Oregon 15-4
3/8/26,Boston College,Miami (FL),Away,29.60%,70.40%,Miami (FL) -2.93,8.4,37,29,Boston College 9-5
3/8/26,Louisiana,DBU,Home,41.50%,58.50%,DBU -0.88,8.3,39,71,DBU 12-1
3/8/26,Notre Dame,Duke,Home,56.70%,43.30%,Notre Dame -1.09,8.2,47,82,Notre Dame 2-0
3/8/26,Gonzaga,Creighton,Home,47.60%,52.40%,Creighton -0.13,8.1,48,97,Creighton 7-6
3/8/26,Louisiana Tech,South Alabama,Away,44.40%,55.60%,South Alabama -0.78,8.1,81,66,Louisiana Tech 6-1
3/8/26,The Citadel,Kentucky,Home,29.50%,70.50%,Kentucky -2.79,8,69,28,Kentucky 13-5
3/8/26,Samford,Kennesaw St.,Home,47.70%,52.30%,Kennesaw St. -0.09,7.9,89,88,Samford 0-0
3/8/26,Virginia Tech,Georgia Tech,Home,15.80%,84.20%,Georgia Tech -5.78,7.9,49,4,Virginia Tech 9-6
3/8/26,Saint Mary's (CA),San Diego St.,Away,47.60%,52.40%,San Diego St. -0.28,7.9,96,73,Saint Mary's (CA) 9-6
3/8/26,Cal Poly,Hawaii,Away,54.40%,45.60%,Cal Poly -0.9,7.8,52,112,Cal Poly 7-3
3/8/26,Washington St.,Texas St.,Home,32.80%,67.30%,Texas St. -2.45,7.7,79,59,Texas St. 4-3
3/8/26,Western Caro.,Charlotte,Home,44.00%,56.00%,Charlotte -0.7,7.7,84,98,Charlotte 7-4
3/8/26,UCLA,Ohio St.,Home,80.20%,19.80%,UCLA -5.01,7.7,1,78,UCLA 10-7
3/8/26,High Point,Florida,Home,20.00%,80.00%,Florida -4.82,7.6,77,14,Florida 12-11
3/8/26,UC San Diego,Cincinnati,Home,23.60%,76.40%,Cincinnati -3.97,7.5,85,24,Cincinnati 9-8
3/8/26,Arkansas St.,Oral Roberts,Away,46.30%,53.70%,Oral Roberts -0.33,7.5,83,116,Arkansas St. 7-0
3/8/26,Illinois,Southern California,Away,22.20%,77.80%,Southern California -4.46,7.4,94,15,Southern California 5-3
3/8/26,Xavier,Oregon St.,Home,19.50%,80.50%,Oregon St. -4.83,7.3,91,18,Oregon St. 17-2
3/8/26,UConn,Old Dominion,Home,55.20%,44.80%,UConn -0.59,7.2,100,125,Old Dominion 6-5
3/8/26,Michigan St.,Nebraska,Away,22.70%,77.30%,Nebraska -4.22,7.2,109,16,Nebraska 12-2
3/8/26,Maryland,Troy,Away,28.70%,71.30%,Troy -3.35,7.2,101,57,Maryland 7-6
3/8/26,Rice,Abilene Christian,Home,53.30%,46.70%,Rice -0.82,7.1,65,151,Abilene Christian 4-1
3/8/26,Pittsburgh,San Jose St.,Away,63.40%,36.60%,Pittsburgh -2.13,7.1,36,142,Pittsburgh 3-2
3/8/26,Tarleton St.,New Mexico,Home,46.50%,53.50%,Tarleton St. -0.02,7.1,58,155,Tarleton St. 9-7
3/8/26,Air Force,Baylor,Away,32.60%,67.40%,Baylor -2.51,7.1,121,60,Baylor 5-4
3/8/26,Air Force,Baylor,Away,32.60%,67.40%,Baylor -2.51,7.1,121,60,Baylor 6-1
3/8/26,Washington,Indiana,Home,44.50%,55.50%,Indiana -0.66,7.1,128,103,Washington 13-4
3/8/26,Sacramento St.,LSU,Home,26.80%,73.20%,LSU -3.33,7,120,45,Sacramento St. 6-1
3/8/26,USC Upstate,Texas,Home,11.20%,88.80%,Texas -7.11,6.9,108,3,Texas 13-3
3/8/26,UNCW,Jacksonville,Home,56.40%,43.60%,UNCW -0.74,6.8,131,132,UNCW 7-2
3/8/26,Grand Canyon,Utah,Away,37.40%,62.60%,Utah -1.81,6.8,148,70,Utah 4-0
3/8/26,Tulane,TCU,Home,22.10%,77.90%,TCU -4.43,6.7,137,30,TCU 4-3
3/8/26,Tulane,TCU,Home,22.10%,77.90%,TCU -4.43,6.7,137,30,Tulane 8-4
3/8/26,Memphis,Missouri St.,Away,21.80%,78.20%,Missouri St. -4.19,6.6,134,35,Missouri St. 13-12
3/8/26,UNLV,Northwestern,Neutral,57.10%,42.90%,UNLV -0.94,6.6,136,141,UNLV 10-5
3/8/26,SIUE,Kansas St.,Home,23.50%,76.50%,Kansas St. -3.84,6.6,140,44,Kansas St. 20-7
3/8/26,CSUN,UC Irvine,Away,33.20%,66.80%,UC Irvine -2.45,6.5,144,93,CSUN 9-2
3/8/26,North Florida,Alabama,Home,15.10%,84.90%,Alabama -6.05,6.4,149,9,Alabama 12-2
3/8/26,Santa Clara,Oklahoma,Home,15.60%,84.40%,Oklahoma -5.9,6.4,147,13,Oklahoma 8-6
3/8/26,Murray St.,UCF,Away,23.20%,76.80%,UCF -4.16,6.4,159,33,UCF 10-9
3/8/26,Indiana St.,Western Ky.,Away,28.90%,71.10%,Western Ky. -3.05,6.3,138,110,Western Ky. 7-4
3/8/26,Lamar University,SFA,Away,62.30%,37.70%,Lamar University -1.9,6.2,95,173,SFA 14-11
3/8/26,FGCU,Bethune-Cookman,Home,59.40%,40.60%,FGCU -1.32,6.2,118,171,Bethune-Cookman 9-8
3/8/26,Wright St.,Tennessee,Home,15.70%,84.30%,Tennessee -5.91,6.2,153,26,Wright St. 6-0
3/8/26,ULM,UT Arlington,Away,47.50%,52.50%,UT Arlington -0.16,6.2,150,172,ULM 12-2
3/8/26,Central Ark.,Little Rock,Away,33.30%,66.70%,Little Rock -2.56,6.1,161,113,Little Rock 7-2
3/8/26,San Diego,California,Home,25.30%,74.70%,California -3.88,6,177,56,California 5-2
3/8/26,Col. of Charleston,Hofstra,Home,57.50%,42.50%,Col. of Charleston -1.12,5.9,152,178,Col. of Charleston 5-4
3/8/26,Milwaukee,Southeast Mo. St.,Away,26.20%,73.80%,Southeast Mo. St. -3.46,5.8,180,75,Southeast Mo. St. 12-2
3/8/26,North Ala.,Southern Miss.,Away,14.00%,86.00%,Southern Miss. -6.24,5.8,176,21,Southern Miss. 9-2
3/8/26,ETSU,James Madison,Away,64.20%,35.80%,ETSU -2.06,5.8,123,182,ETSU 13-0
3/8/26,Cal St. Fullerton,CSU Bakersfield,Home,62.30%,37.70%,Cal St. Fullerton -1.74,5.8,119,191,Cal St. Fullerton 13-7
3/8/26,UIC,Missouri,Home,32.00%,68.00%,Missouri -2.53,5.8,190,87,Missouri 10-0
3/8/26,Stetson,Arkansas,Home,12.40%,87.60%,Arkansas -6.8,5.7,183,17,Stetson 4-1
3/8/26,Binghamton,Richmond,Away,33.80%,66.20%,Richmond -2.15,5.7,163,160,Binghamton 4-3
3/8/26,UTSA,New Mexico St.,Home,80.30%,19.70%,UTSA -4.95,5.7,46,186,New Mexico St. 5-4
3/8/26,Longwood,Alabama St.,Home,54.70%,45.30%,Longwood -0.57,5.7,156,194,Longwood 0-0
3/8/26,Lindenwood,Iowa,Home,22.70%,77.30%,Iowa -4.25,5.6,195,63,Iowa 10-9
3/8/26,Penn St.,Texas Tech,Away,27.30%,72.70%,Texas Tech -3.35,5.6,192,80,Texas Tech 14-4
3/8/26,Pacific,Nevada,Home,33.10%,66.90%,Nevada -2.22,5.4,193,135,Nevada 12-2
3/8/26,New Orleans,UTRGV,Away,29.30%,70.70%,UTRGV -2.77,5.4,188,126,New Orleans 13-6
3/8/26,Omaha,Minnesota,Home,19.20%,80.80%,Minnesota -4.87,5.4,189,72,Minnesota 6-4
3/8/26,Long Beach St.,UC Santa Barbara,Away,19.10%,80.90%,UC Santa Barbara -5.1,5.4,210,32,UC Santa Barbara 6-2
3/8/26,Army West Point,VCU,Away,28.00%,72.00%,VCU -3.33,5.3,197,117,VCU 11-3
3/8/26,Northeastern,Stony Brook,Away,70.90%,29.10%,Northeastern -3.26,5.3,102,207,Stony Brook 7-6
3/8/26,Northeastern,Stony Brook,Away,70.90%,29.10%,Northeastern -3.26,5.3,102,207,Northeastern 4-3
3/8/26,Evansville,Ole Miss,Away,7.60%,92.40%,Ole Miss -8.58,5.3,200,11,Ole Miss 8-3
3/8/26,Gardner-Webb,Oklahoma St.,Away,9.50%,90.50%,Oklahoma St. -7.71,5.2,205,27,Oklahoma St. 16-1
3/8/26,Bryant,Rutgers,Away,34.50%,65.50%,Rutgers -2.28,5.2,217,124,Bryant 5-4
3/8/26,FIU,Fla. Atlantic,Away,27.40%,72.60%,Fla. Atlantic -3.29,5.1,211,115,Fla. Atlantic 7-3
3/8/26,Wofford,Belmont,Home,63.10%,36.90%,Wofford -2.07,5.1,122,233,Belmont 3-2
3/8/26,Wofford,Belmont,Home,63.10%,36.90%,Wofford -2.07,5.1,122,233,Wofford 11-1
3/8/26,Morehead St.,Butler,Home,54.40%,45.60%,Morehead St. -0.89,5.1,158,236,Morehead St. 9-4
3/8/26,Rhode Island,Brown,Home,52.70%,47.30%,Rhode Island -0.49,5.1,214,208,Rhode Island 19-9
3/8/26,Monmouth,Towson,Away,52.40%,47.60%,Monmouth -0.56,5,167,245,Monmouth 12-4
3/8/26,Northern Ky.,Florida St.,Home,8.80%,91.20%,Florida St. -8.05,4.9,227,19,Florida St. 17-3
3/8/26,Columbia,West Virginia,Away,6.80%,93.20%,West Virginia -8.94,4.9,226,6,West Virginia 16-1
3/8/26,William & Mary,Campbell,Home,12.70%,87.30%,Campbell -6.68,4.8,222,53,Campbell 8-5
3/8/26,UC Davis,UC Riverside,Away,68.60%,31.40%,UC Davis -2.91,4.8,111,246,UC Davis 7-3
3/8/26,Bucknell,Saint Joseph's,Away,24.10%,75.90%,Saint Joseph's -3.9,4.8,223,107,Saint Joseph's 13-3
3/8/26,Bowling Green,Kent St.,Away,16.20%,83.80%,Kent St. -5.81,4.7,234,61,Kent St. 13-1
3/8/26,Maine,Dayton,Home,34.00%,66.00%,Dayton -2.16,4.7,216,185,Dayton 10-9
3/8/26,UMBC,Penn,Home,38.80%,61.20%,Penn -1.51,4.7,221,206,UMBC 4-1
3/8/26,UMBC,Penn,Home,38.80%,61.20%,Penn -1.51,4.7,221,206,Penn 10-5
3/8/26,South Dakota St.,Southern Ill.,Neutral,40.10%,59.90%,Southern Ill. -1.45,4.7,209,218,Southern Ill. 5-4
3/8/26,Maine,Dayton,Home,34.00%,66.00%,Dayton -2.16,4.7,216,185,Dayton 14-8
3/8/26,Georgetown,George Mason,Home,33.70%,66.30%,George Mason -2.42,4.7,219,181,Georgetown 5-4
3/8/26,Eastern Mich.,Miami (OH),Away,17.30%,82.70%,Miami (OH) -5.45,4.6,238,76,Miami (OH) 9-4
3/8/26,North Dakota St.,Vanderbilt,Away,8.50%,91.50%,Vanderbilt -8.16,4.5,244,38,North Dakota St. 5-2
3/8/26,LMU (CA),Arizona St.,Home,7.40%,92.60%,Arizona St. -8.7,4.4,254,23,Arizona St. 29-4
3/8/26,FDU,Wagner,Away,49.00%,51.00%,Wagner -0.06,4.4,240,247,FDU 8-6
3/8/26,Central Mich.,Ball St.,Home,34.00%,66.00%,Ball St. -2.09,4.4,224,212,Ball St. 11-10
3/8/26,Queens (NC),Georgia,Home,3.30%,96.70%,Georgia -11.41,4.4,255,2,Georgia 14-3
3/8/26,Villanova,Florida A&M,Home,40.70%,59.30%,Florida A&M -1.4,4.3,241,225,Villanova 4-1
3/8/26,St. Thomas (MN),Kansas,Home,6.10%,93.90%,Kansas -9.37,4.3,267,12,St. Thomas (MN) 13-2
3/8/26,Holy Cross,Portland,Away,25.30%,74.70%,Portland -3.51,4.3,249,127,Portland 11-3
3/8/26,Illinois St.,Eastern Ky.,Home,71.60%,28.40%,Illinois St. -3.11,4.2,145,258,Eastern Ky. 10-5
3/8/26,Princeton,South Carolina,Away,17.10%,82.90%,South Carolina -5.34,4.2,250,104,South Carolina 13-1
3/8/26,Niagara,Merrimack,Home,44.50%,55.50%,Merrimack -0.58,4.2,230,257,Merrimack 6-4
3/8/26,Western Mich.,Akron,Home,66.00%,34.00%,Western Mich. -2.5,4.2,162,265,Akron 3-2
3/8/26,Harvard,Liberty,Away,7.50%,92.50%,Liberty -8.57,4.2,262,31,Liberty 5-4
3/8/26,Fresno St.,Arizona,Home,21.20%,78.80%,Arizona -4.67,4.2,248,130,Arizona 14-4
3/8/26,Seton Hall,Louisville,Home,10.80%,89.20%,Louisville -7.26,4.1,263,67,Louisville 6-2
3/8/26,Quinnipiac,UNC Greensboro,Away,29.30%,70.70%,UNC Greensboro -3.04,4.1,252,168,Quinnipiac 5-3
3/8/26,Tennessee Tech,Ga. Southern,Home,35.50%,64.50%,Ga. Southern -2.11,4.1,251,203,Ga. Southern 11-6
3/8/26,West Ga.,Wichita St.,Away,21.80%,78.20%,Wichita St. -4.56,4,268,114,West Ga. 13-11
3/8/26,La Salle,Clemson,Home,6.90%,93.20%,Clemson -8.79,4,261,55,Clemson 16-3
3/8/26,UMass Lowell,San Francisco,Home,27.70%,72.30%,San Francisco -3.34,4,253,175,UMass Lowell 6-4
3/8/26,Yale,George Washington,Home,67.40%,32.60%,Yale -2.82,3.9,164,282,Yale 15-11
3/8/26,Ark.-Pine Bluff,Houston,Away,11.00%,89.00%,Houston -7.02,3.8,266,90,Houston 10-0
3/8/26,Northern Colo.,Utah Valley,Away,34.10%,65.90%,Utah Valley -2.07,3.7,256,243,Utah Valley 14-4
3/8/26,Grambling,Southeastern La.,Away,8.10%,91.90%,Southeastern La. -8.21,3.6,273,86,Southeastern La. 10-9
3/8/26,NIU,Ohio,Away,81.80%,18.20%,NIU -5.35,3.6,99,294,NIU 8-2
3/8/26,Presbyterian,App State,Home,13.70%,86.30%,App State -6.33,3.6,278,106,App State 13-4
3/8/26,Rider,Sacred Heart,Away,70.10%,29.90%,Rider -3.13,3.6,184,284,Sacred Heart 5-4
3/8/26,Massachusetts,Toledo,Away,21.70%,78.30%,Toledo -4.46,3.6,269,170,Toledo 16-11
3/8/26,UAlbany,St. John's (NY),Home,10.30%,89.70%,St. John's (NY) -7.48,3.5,288,92,St. John's (NY) 4-3
3/8/26,Lafayette,NC State,Away,4.50%,95.50%,NC State -10.29,3.5,295,51,NC State 14-4
3/8/26,Youngstown St.,Southern Ind.,Home,27.80%,72.20%,Southern Ind. -3.29,3.5,270,204,Southern Ind. 4-1
3/8/26,Youngstown St.,Southern Ind.,Home,27.80%,72.20%,Southern Ind. -3.29,3.5,270,204,Southern Ind. 10-1
3/8/26,Dartmouth,Navy,Away,31.60%,68.40%,Navy -2.69,3.5,277,215,Navy 4-3
3/8/26,Western Ill.,VMI,Home,30.70%,69.30%,VMI -2.69,3.5,281,196,VMI 9-8
3/8/26,Canisius,Delaware,Away,29.20%,70.80%,Delaware -2.96,3.3,274,229,Delaware 10-0
3/8/26,N.C. A&T,Elon,Home,26.20%,73.80%,Elon -3.37,3.2,272,228,Elon 11-8
3/8/26,Alcorn,Mercer,Away,0.80%,99.20%,Mercer -16.0,3.2,305,41,Mercer 25-2
3/8/26,Manhattan,Marist,Away,34.00%,66.00%,Marist -2.38,3.1,291,242,Marist 14-7
3/8/26,Jackson St.,Seattle U,Away,26.70%,73.30%,Seattle U -3.32,3,283,237,Seattle U 6-4
3/8/26,Cornell,Fordham,Away,26.60%,73.40%,Fordham -3.3,3,287,235,Fordham 16-11
3/8/26,Iona,Mount St. Mary's,Away,34.80%,65.30%,Mount St. Mary's -2.04,2.9,290,280,Mount St. Mary's 9-2
3/8/26,St. Bonaventure,Marshall,Home,13.70%,86.30%,Marshall -6.16,2.9,292,174,Marshall 25-2
3/8/26,Lehigh,Davidson,Home,22.20%,77.80%,Davidson -4.22,2.8,296,220,Davidson 10-0
3/8/26,New Haven,Stonehill,Away,35.30%,64.70%,Stonehill -2.19,2.7,302,286,New Haven 0-0
3/8/26,Bradley,Saint Louis,Away,26.90%,73.10%,Saint Louis -3.42,2.7,289,264,Saint Louis 4-1
3/8/26,Norfolk St.,LIU,Home,12.10%,87.90%,LIU -6.71,2.2,298,239,LIU 7-4
3/8/26,Mercyhurst,Coppin St.,Home,76.70%,23.30%,Mercyhurst -3.94,2.1,299,303,Mercyhurst 12-7
3/8/26,Mississippi Val.,UT Martin,Away,7.70%,92.30%,UT Martin -8.36,2,301,231,Mississippi Val. 5-3
3/8/26,UMES,Central Conn. St.,Home,20.50%,79.50%,Central Conn. St. -4.6,1.9,307,297,Central Conn. St. 6-1
3/8/26,Alabama A&M,UNC Asheville,Away,7.70%,92.30%,UNC Asheville -8.37,1.8,304,259,UNC Asheville 12-7
3/8/26,Le Moyne,Delaware St.,Away,87.50%,12.60%,Le Moyne -6.58,1.8,275,306,Le Moyne 21-5
3/8/26,Le Moyne,Delaware St.,Away,87.50%,12.60%,Le Moyne -6.58,1.8,275,306,Delaware St. 12-8
3/8/26,Saint Peter's,NJIT,Home,9.30%,90.80%,NJIT -7.66,1.5,308,293,NJIT 8-4
3/7/26,East Carolina,Coastal Carolina,Home,45.30%,54.70%,Coastal Carolina -0.36,8.9,43,40,Coastal Carolina 7-1
3/7/26,California Baptist,BYU,Home,50.80%,49.20%,California Baptist -0.23,8.7,42,62,California Baptist 11-7
3/7/26,Oregon,Purdue,Away,62.00%,38.00%,Oregon -1.92,8.6,20,54,Purdue 2-1
3/7/26,Virginia,North Carolina,Home,26.40%,73.60%,North Carolina -3.75,8.5,34,5,Virginia 9-2
3/7/26,Virginia,North Carolina,Home,26.40%,73.60%,North Carolina -3.75,8.5,34,5,North Carolina 8-7
3/7/26,Boston College,Miami (FL),Away,29.60%,70.40%,Miami (FL) -2.93,8.4,37,29,Miami (FL) 5-3
3/7/26,Louisiana,DBU,Home,41.50%,58.50%,DBU -0.88,8.3,39,71,Louisiana 11-6
3/7/26,Notre Dame,Duke,Home,56.70%,43.30%,Notre Dame -1.09,8.2,47,82,Duke 6-5
3/7/26,Gonzaga,Creighton,Home,47.60%,52.40%,Creighton -0.13,8.1,48,97,Gonzaga 5-4
3/7/26,Gonzaga,Creighton,Home,47.60%,52.40%,Creighton -0.13,8.1,48,97,Creighton 2-1
3/7/26,Louisiana Tech,South Alabama,Away,44.40%,55.60%,South Alabama -0.78,8.1,81,66,Louisiana Tech 6-2
3/7/26,The Citadel,Kentucky,Home,29.50%,70.50%,Kentucky -2.79,8,69,28,Kentucky 12-7
3/7/26,Samford,Kennesaw St.,Home,47.70%,52.30%,Kennesaw St. -0.09,7.9,89,88,Kennesaw St. 8-3
3/7/26,Samford,Kennesaw St.,Home,47.70%,52.30%,Kennesaw St. -0.09,7.9,89,88,Kennesaw St. 9-8
3/7/26,Stanford,Wake Forest,Away,26.20%,73.80%,Wake Forest -3.44,7.9,64,25,Wake Forest 12-9
3/7/26,Stanford,Wake Forest,Away,26.20%,73.80%,Wake Forest -3.44,7.9,64,25,Wake Forest 14-10
3/7/26,Virginia Tech,Georgia Tech,Home,15.80%,84.20%,Georgia Tech -5.78,7.9,49,4,Georgia Tech 14-5
3/7/26,Saint Mary's (CA),San Diego St.,Away,47.60%,52.40%,San Diego St. -0.28,7.9,96,73,Saint Mary's (CA) 12-9
3/7/26,Cal Poly,Hawaii,Away,54.40%,45.60%,Cal Poly -0.9,7.8,52,112,Cal Poly 10-7
3/7/26,Western Caro.,Charlotte,Home,44.00%,56.00%,Charlotte -0.7,7.7,84,98,Charlotte 4-0
3/7/26,UCLA,Ohio St.,Home,80.20%,19.80%,UCLA -5.01,7.7,1,78,UCLA 19-6
3/7/26,High Point,Florida,Home,20.00%,80.00%,Florida -4.82,7.6,77,14,High Point 6-2
3/7/26,UC San Diego,Cincinnati,Home,23.60%,76.40%,Cincinnati -3.97,7.5,85,24,Cincinnati 13-3
3/7/26,Arkansas St.,Oral Roberts,Away,46.30%,53.70%,Oral Roberts -0.33,7.5,83,116,Oral Roberts 3-2
3/7/26,Arkansas St.,Oral Roberts,Away,46.30%,53.70%,Oral Roberts -0.33,7.5,83,116,Oral Roberts 4-3
3/7/26,Illinois,Southern California,Away,22.20%,77.80%,Southern California -4.46,7.4,94,15,Southern California 4-0
3/7/26,Xavier,Oregon St.,Home,19.50%,80.50%,Oregon St. -4.83,7.3,91,18,Oregon St. 7-2
3/7/26,UConn,Old Dominion,Home,55.20%,44.80%,UConn -0.59,7.2,100,125,UConn 14-3
3/7/26,Michigan St.,Nebraska,Away,22.70%,77.30%,Nebraska -4.22,7.2,109,16,Nebraska 3-1
3/7/26,Maryland,Troy,Away,28.70%,71.30%,Troy -3.35,7.2,101,57,Maryland 9-3
3/7/26,Rice,Abilene Christian,Home,53.30%,46.70%,Rice -0.82,7.1,65,151,Rice 8-6
3/7/26,Pittsburgh,San Jose St.,Away,63.40%,36.60%,Pittsburgh -2.13,7.1,36,142,Pittsburgh 13-8
3/7/26,Tarleton St.,New Mexico,Home,46.50%,53.50%,Tarleton St. -0.02,7.1,58,155,Tarleton St. 15-10
3/7/26,Tarleton St.,New Mexico,Home,46.50%,53.50%,Tarleton St. -0.02,7.1,58,155,Tarleton St. 7-3
3/7/26,Washington,Indiana,Home,44.50%,55.50%,Indiana -0.66,7.1,128,103,Washington 9-2
3/7/26,Sacramento St.,LSU,Home,26.80%,73.20%,LSU -3.33,7,120,45,Sacramento St. 5-4
3/7/26,USC Upstate,Texas,Home,11.20%,88.80%,Texas -7.11,6.9,108,3,Texas 11-9
3/7/26,UNCW,Jacksonville,Home,56.40%,43.60%,UNCW -0.74,6.8,131,132,UNCW 9-4
3/7/26,Grand Canyon,Utah,Away,37.40%,62.60%,Utah -1.81,6.8,148,70,Utah 1-0
3/7/26,Memphis,Missouri St.,Away,21.80%,78.20%,Missouri St. -4.19,6.6,134,35,Missouri St. 14-5
3/7/26,Winthrop,Auburn,Home,13.20%,86.80%,Auburn -6.59,6.6,129,8,Auburn 8-1
3/7/26,Winthrop,Auburn,Home,13.20%,86.80%,Auburn -6.59,6.6,129,8,Auburn 6-0
3/7/26,SIUE,Kansas St.,Home,23.50%,76.50%,Kansas St. -3.84,6.6,140,44,Kansas St. 8-4
3/7/26,Charleston So.,Georgia St.,Away,47.80%,52.20%,Georgia St. -0.39,6.5,154,143,Georgia St. 5-2
3/7/26,Charleston So.,Georgia St.,Away,47.80%,52.20%,Georgia St. -0.39,6.5,154,143,Charleston So. 10-1
3/7/26,CSUN,UC Irvine,Away,33.20%,66.80%,UC Irvine -2.45,6.5,144,93,UC Irvine 4-2
3/7/26,Santa Clara,Oklahoma,Home,15.60%,84.40%,Oklahoma -5.9,6.4,147,13,Oklahoma 8-0
3/7/26,Murray St.,UCF,Away,23.20%,76.80%,UCF -4.16,6.4,159,33,UCF 4-0
3/7/26,North Florida,Alabama,Home,15.10%,84.90%,Alabama -6.05,6.4,149,9,Alabama 9-3
3/7/26,Indiana St.,Western Ky.,Away,28.90%,71.10%,Western Ky. -3.05,6.3,138,110,Indiana St. 11-6
3/7/26,FGCU,Bethune-Cookman,Home,59.40%,40.60%,FGCU -1.32,6.2,118,171,FGCU 13-5
3/7/26,Lamar University,SFA,Away,62.30%,37.70%,Lamar University -1.9,6.2,95,173,Lamar University 11-3
3/7/26,Wright St.,Tennessee,Home,15.70%,84.30%,Tennessee -5.91,6.2,153,26,Tennessee 5-4
3/7/26,ULM,UT Arlington,Away,47.50%,52.50%,UT Arlington -0.16,6.2,150,172,UT Arlington 9-5
3/7/26,San Diego,California,Home,25.30%,74.70%,California -3.88,6,177,56,California 15-9
3/7/26,San Diego,California,Home,25.30%,74.70%,California -3.88,6,177,56,California 9-1
3/7/26,Middle Tenn.,UAB,Away,29.50%,70.50%,UAB -3.03,6,179,68,UAB 16-14
3/7/26,Middle Tenn.,UAB,Away,29.50%,70.50%,UAB -3.03,6,179,68,UAB 9-8
3/7/26,Michigan,Pepperdine,Away,68.10%,31.90%,Michigan -2.85,6,50,198,Michigan 5-2
3/7/26,Col. of Charleston,Hofstra,Home,57.50%,42.50%,Col. of Charleston -1.12,5.9,152,178,Hofstra 8-3
3/7/26,Lipscomb,Mississippi St.,Away,9.10%,90.90%,Mississippi St. -7.82,5.9,165,10,Mississippi St. 26-0
3/7/26,Houston Christian,McNeese,Away,35.30%,64.70%,McNeese -2.04,5.8,169,139,Houston Christian 12-4
3/7/26,UIC,Missouri,Home,32.00%,68.00%,Missouri -2.53,5.8,190,87,Missouri 13-12
3/7/26,UIC,Missouri,Home,32.00%,68.00%,Missouri -2.53,5.8,190,87,Missouri 7-0
3/7/26,Milwaukee,Southeast Mo. St.,Away,26.20%,73.80%,Southeast Mo. St. -3.46,5.8,180,75,Southeast Mo. St. 9-2
3/7/26,Radford,Western Caro.,Neutral,29.20%,70.80%,Western Caro. -3.14,5.8,187,84,Western Caro. 10-0
3/7/26,North Ala.,Southern Miss.,Away,14.00%,86.00%,Southern Miss. -6.24,5.8,176,21,Southern Miss. 6-1
3/7/26,ETSU,James Madison,Away,64.20%,35.80%,ETSU -2.06,5.8,123,182,James Madison 6-4
3/7/26,ETSU,James Madison,Away,64.20%,35.80%,ETSU -2.06,5.8,123,182,James Madison 11-1
3/7/26,Cal St. Fullerton,CSU Bakersfield,Home,62.30%,37.70%,Cal St. Fullerton -1.74,5.8,119,191,CSU Bakersfield 9-3
3/7/26,Stetson,Arkansas,Home,12.40%,87.60%,Arkansas -6.8,5.7,183,17,Arkansas 13-1
3/7/26,Binghamton,Richmond,Away,33.80%,66.20%,Richmond -2.15,5.7,163,160,Richmond 8-1
3/7/26,UTSA,New Mexico St.,Home,80.30%,19.70%,UTSA -4.95,5.7,46,186,UTSA 13-0
3/7/26,Longwood,Alabama St.,Home,54.70%,45.30%,Longwood -0.57,5.7,156,194,Alabama St. 9-3
3/7/26,Longwood,Alabama St.,Home,54.70%,45.30%,Longwood -0.57,5.7,156,194,Alabama St. 9-3
3/7/26,Austin Peay,Utah Tech,Away,36.60%,63.40%,Utah Tech -2.1,5.7,201,105,Utah Tech 7-6
3/7/26,Omaha,Northwestern,Neutral,40.80%,59.20%,Northwestern -1.33,5.7,189,141,Northwestern 9-6
3/7/26,Lindenwood,Iowa,Home,22.70%,77.30%,Iowa -4.25,5.6,195,63,Lindenwood 4-3
3/7/26,Penn St.,Texas Tech,Away,27.30%,72.70%,Texas Tech -3.35,5.6,192,80,Texas Tech 21-6
3/7/26,Nicholls,A&M-Corpus Christi,Home,46.20%,53.80%,A&M-Corpus Christi -0.44,5.6,166,199,Nicholls 14-5
3/7/26,Nicholls,A&M-Corpus Christi,Home,46.20%,53.80%,A&M-Corpus Christi -0.44,5.6,166,199,Nicholls 8-3
3/7/26,Northwestern St.,UIW,Away,57.70%,42.30%,Northwestern St. -1.14,5.5,157,202,Northwestern St. 7-6
3/7/26,Fla. Atlantic,FIU,Home,61.40%,38.60%,Fla. Atlantic -1.69,5.5,115,211,Fla. Atlantic 5-3
3/7/26,Pacific,Nevada,Home,33.10%,66.90%,Nevada -2.22,5.4,193,135,Nevada 10-5
3/7/26,New Orleans,UTRGV,Away,29.30%,70.70%,UTRGV -2.77,5.4,188,126,UTRGV 8-6
3/7/26,Long Beach St.,UC Santa Barbara,Away,19.10%,80.90%,UC Santa Barbara -5.1,5.4,210,32,UC Santa Barbara 7-4
3/7/26,Army West Point,VCU,Away,28.00%,72.00%,VCU -3.33,5.3,197,117,VCU 11-3
3/7/26,UNLV,Southern Ill.,Neutral,60.40%,39.60%,UNLV -1.41,5.3,136,218,UNLV 16-8
3/7/26,Saint Joseph's,Bucknell,Home,65.40%,34.60%,Saint Joseph's -2.3,5.3,107,223,Bucknell 15-13
3/7/26,George Mason,Georgetown,Away,54.10%,45.90%,George Mason -0.82,5.2,181,219,George Mason 12-7
3/7/26,Gardner-Webb,Oklahoma St.,Away,9.50%,90.50%,Oklahoma St. -7.71,5.2,205,27,Oklahoma St. 4-2
3/7/26,Bryant,Rutgers,Away,34.50%,65.50%,Rutgers -2.28,5.2,217,124,Rutgers 14-0
3/7/26,Morehead St.,Butler,Home,54.40%,45.60%,Morehead St. -0.89,5.1,158,236,Morehead St. 11-8
3/7/26,Rhode Island,Brown,Home,52.70%,47.30%,Rhode Island -0.49,5.1,214,208,Brown 7-5
3/7/26,Rhode Island,Brown,Home,52.70%,47.30%,Rhode Island -0.49,5.1,214,208,Brown 3-2
3/7/26,Monmouth,Towson,Away,52.40%,47.60%,Monmouth -0.56,5,167,245,Monmouth 4-1
3/7/26,South Dakota St.,Minnesota,Home,16.80%,83.20%,Minnesota -5.44,5,209,72,Minnesota 3-2
3/7/26,Northern Ky.,Florida St.,Home,8.80%,91.20%,Florida St. -8.05,4.9,227,19,Florida St. 13-3
3/7/26,Columbia,West Virginia,Away,6.80%,93.20%,West Virginia -8.94,4.9,226,6,West Virginia 9-5
3/7/26,William & Mary,Campbell,Home,12.70%,87.30%,Campbell -6.68,4.8,222,53,Campbell 6-1
3/7/26,UC Davis,UC Riverside,Away,68.60%,31.40%,UC Davis -2.91,4.8,111,246,UC Riverside 6-3
3/7/26,UMBC,Penn,Home,38.80%,61.20%,Penn -1.51,4.7,221,206,Penn 7-6
3/7/26,Bowling Green,Kent St.,Away,16.20%,83.80%,Kent St. -5.81,4.7,234,61,Bowling Green 7-2
3/7/26,Eastern Mich.,Miami (OH),Away,17.30%,82.70%,Miami (OH) -5.45,4.6,238,76,Miami (OH) 13-3
3/7/26,North Dakota St.,Vanderbilt,Away,8.50%,91.50%,Vanderbilt -8.16,4.5,244,38,Vanderbilt 10-0
3/7/26,Southern U.,South Fla.,Home,11.30%,88.70%,South Fla. -6.74,4.5,232,74,South Fla. 9-2
3/7/26,Southern U.,South Fla.,Home,11.30%,88.70%,South Fla. -6.74,4.5,232,74,South Fla. 15-1
3/7/26,LMU (CA),Arizona St.,Home,7.40%,92.60%,Arizona St. -8.7,4.4,254,23,Arizona St. 9-1
3/7/26,FDU,Wagner,Away,49.00%,51.00%,Wagner -0.06,4.4,240,247,Wagner 13-6
3/7/26,Central Mich.,Ball St.,Home,34.00%,66.00%,Ball St. -2.09,4.4,224,212,Ball St. 11-6
3/7/26,Queens (NC),Georgia,Home,3.30%,96.70%,Georgia -11.41,4.4,255,2,Georgia 11-0
3/7/26,Queens (NC),Georgia,Home,3.30%,96.70%,Georgia -11.41,4.4,255,2,Georgia 13-5
3/7/26,Villanova,Florida A&M,Home,40.70%,59.30%,Florida A&M -1.4,4.3,241,225,Florida A&M 6-5
3/7/26,Holy Cross,Portland,Away,25.30%,74.70%,Portland -3.51,4.3,249,127,Portland 13-3
3/7/26,St. Thomas (MN),Kansas,Neutral,7.70%,92.30%,Kansas -8.57,4.3,267,12,Kansas 9-8
3/7/26,Princeton,South Carolina,Away,17.10%,82.90%,South Carolina -5.34,4.2,250,104,South Carolina 10-7
3/7/26,Princeton,South Carolina,Away,17.10%,82.90%,South Carolina -5.34,4.2,250,104,South Carolina 4-3
3/7/26,Bellarmine,Eastern Ill.,Neutral,27.80%,72.20%,Eastern Ill. -3.51,4.2,260,133,Bellarmine 8-2
3/7/26,Bellarmine,Eastern Ill.,Neutral,27.80%,72.20%,Eastern Ill. -3.51,4.2,260,133,Eastern Ill. 4-2
3/7/26,Niagara,Merrimack,Home,44.50%,55.50%,Merrimack -0.58,4.2,230,257,Merrimack 8-7
3/7/26,Niagara,Merrimack,Home,44.50%,55.50%,Merrimack -0.58,4.2,230,257,Niagara 4-0
3/7/26,Illinois St.,Eastern Ky.,Home,71.60%,28.40%,Illinois St. -3.11,4.2,145,258,Eastern Ky. 8-4
3/7/26,Western Mich.,Akron,Home,66.00%,34.00%,Western Mich. -2.5,4.2,162,265,Western Mich. 4-1
3/7/26,Harvard,Liberty,Away,7.50%,92.50%,Liberty -8.57,4.2,262,31,Liberty 11-7
3/7/26,Fresno St.,Arizona,Home,21.20%,78.80%,Arizona -4.67,4.2,248,130,Arizona 9-5
3/7/26,Valparaiso,Jacksonville St.,Home,6.90%,93.10%,Jacksonville St. -8.96,4.1,276,22,Jacksonville St. 13-2
3/7/26,Seton Hall,Louisville,Home,10.80%,89.20%,Louisville -7.26,4.1,263,67,Louisville 13-3
3/7/26,Valparaiso,Jacksonville St.,Home,6.90%,93.10%,Jacksonville St. -8.96,4.1,276,22,Jacksonville St. 17-3
3/7/26,Quinnipiac,UNC Greensboro,Away,29.30%,70.70%,UNC Greensboro -3.04,4.1,252,168,Quinnipiac 14-11
3/7/26,Tennessee Tech,Ga. Southern,Home,35.50%,64.50%,Ga. Southern -2.11,4.1,251,203,Ga. Southern 14-4
3/7/26,Oakland,Texas A&M,Away,3.00%,97.00%,Texas A&M -11.72,4.1,271,7,Texas A&M 12-1
3/7/26,West Ga.,Wichita St.,Away,21.80%,78.20%,Wichita St. -4.56,4,268,114,Wichita St. 12-7
3/7/26,West Ga.,Wichita St.,Away,21.80%,78.20%,Wichita St. -4.56,4,268,114,West Ga. 5-4
3/7/26,La Salle,Clemson,Home,6.90%,93.20%,Clemson -8.79,4,261,55,Clemson 6-4
3/7/26,La Salle,Clemson,Home,6.90%,93.20%,Clemson -8.79,4,261,55,Clemson 16-4
3/7/26,UMass Lowell,San Francisco,Home,27.70%,72.30%,San Francisco -3.34,4,253,175,UMass Lowell 18-7
3/7/26,Yale,George Washington,Home,67.40%,32.60%,Yale -2.82,3.9,164,282,George Washington 6-5
3/7/26,Ark.-Pine Bluff,Houston,Away,11.00%,89.00%,Houston -7.02,3.8,266,90,Houston 6-5
3/7/26,Northern Colo.,Utah Valley,Away,34.10%,65.90%,Utah Valley -2.07,3.7,256,243,Northern Colo. 14-3
3/7/26,Northern Colo.,Utah Valley,Away,34.10%,65.90%,Utah Valley -2.07,3.7,256,243,Utah Valley 12-1
3/7/26,Grambling,Southeastern La.,Away,8.10%,91.90%,Southeastern La. -8.21,3.6,273,86,Southeastern La. 12-9
3/7/26,Presbyterian,App State,Home,13.70%,86.30%,App State -6.33,3.6,278,106,App State 13-3
3/7/26,NIU,Ohio,Away,81.80%,18.20%,NIU -5.35,3.6,99,294,NIU 13-1
3/7/26,Rider,Sacred Heart,Away,70.10%,29.90%,Rider -3.13,3.6,184,284,Rider 9-3
3/7/26,Massachusetts,Toledo,Away,21.70%,78.30%,Toledo -4.46,3.6,269,170,Toledo 11-1
3/7/26,Western Ill.,VMI,Home,30.70%,69.30%,VMI -2.69,3.5,281,196,VMI 16-6
3/7/26,UAlbany,St. John's (NY),Home,10.30%,89.70%,St. John's (NY) -7.48,3.5,288,92,St. John's (NY) 5-4
3/7/26,Fairfield,Siena,Away,67.40%,32.60%,Fairfield -2.75,3.5,213,279,Siena 7-6
3/7/26,Fairfield,Siena,Away,67.40%,32.60%,Fairfield -2.75,3.5,213,279,Fairfield 12-3
3/7/26,Lafayette,NC State,Away,4.50%,95.50%,NC State -10.29,3.5,295,51,NC State 10-4
3/7/26,Dartmouth,Navy,Away,31.60%,68.40%,Navy -2.69,3.5,277,215,Navy 8-7
3/7/26,Dartmouth,Navy,Away,31.60%,68.40%,Navy -2.69,3.5,277,215,Navy 11-3
3/7/26,Canisius,Delaware,Away,29.20%,70.80%,Delaware -2.96,3.3,274,229,Delaware 14-1
3/7/26,N.C. A&T,Elon,Home,26.20%,73.80%,Elon -3.37,3.2,272,228,Elon 8-3
3/7/26,Alcorn,Mercer,Away,0.80%,99.20%,Mercer -16.0,3.2,305,41,Mercer 10-5
3/7/26,Manhattan,Marist,Away,34.00%,66.00%,Marist -2.38,3.1,291,242,Marist 17-5
3/7/26,Cornell,Fordham,Away,26.60%,73.40%,Fordham -3.3,3,287,235,Fordham 7-2
3/7/26,Jackson St.,Seattle U,Away,26.70%,73.30%,Seattle U -3.32,3,283,237,Jackson St. 13-12
3/7/26,Cornell,Fordham,Away,26.60%,73.40%,Fordham -3.3,3,287,235,Cornell 3-1
3/7/26,St. Bonaventure,Marshall,Home,13.70%,86.30%,Marshall -6.16,2.9,292,174,Marshall 11-1
3/7/26,Lehigh,Davidson,Home,22.20%,77.80%,Davidson -4.22,2.8,296,220,Davidson 13-7
3/7/26,New Haven,Stonehill,Away,35.30%,64.70%,Stonehill -2.19,2.7,302,286,New Haven 0-0
3/7/26,Bradley,Saint Louis,Away,26.90%,73.10%,Saint Louis -3.42,2.7,289,264,Saint Louis 9-7
3/7/26,Prairie View,Sam Houston,Away,6.40%,93.60%,Sam Houston -9.0,2.7,300,146,Sam Houston 16-1
3/7/26,Norfolk St.,LIU,Home,12.10%,87.90%,LIU -6.71,2.2,298,239,LIU 7-5
3/7/26,Norfolk St.,LIU,Home,12.10%,87.90%,LIU -6.71,2.2,298,239,LIU 15-4
3/7/26,Mercyhurst,Coppin St.,Home,76.70%,23.30%,Mercyhurst -3.94,2.1,299,303,Coppin St. 14-4
3/7/26,Mississippi Val.,UT Martin,Away,7.70%,92.30%,UT Martin -8.36,2,301,231,UT Martin 9-1
3/7/26,UMES,Central Conn. St.,Home,20.50%,79.50%,Central Conn. St. -4.6,1.9,307,297,Central Conn. St. 11-7
3/7/26,Alabama A&M,UNC Asheville,Away,7.70%,92.30%,UNC Asheville -8.37,1.8,304,259,UNC Asheville 11-7
3/7/26,Alabama A&M,UNC Asheville,Away,7.70%,92.30%,UNC Asheville -8.37,1.8,304,259,UNC Asheville 6-1
3/7/26,Saint Peter's,NJIT,Home,9.30%,90.80%,NJIT -7.66,1.5,308,293,Saint Peter's 4-2
3/7/26,Saint Peter's,NJIT,Home,9.30%,90.80%,NJIT -7.66,1.5,308,293,NJIT 8-4
3/6/26,East Carolina,Coastal Carolina,Home,45.30%,54.70%,Coastal Carolina -0.36,8.9,43,40,Coastal Carolina 10-6
3/6/26,California Baptist,BYU,Home,50.80%,49.20%,California Baptist -0.23,8.7,42,62,California Baptist 14-7
3/6/26,Oregon,Purdue,Away,62.00%,38.00%,Oregon -1.92,8.6,20,54,Oregon 8-7
3/6/26,Virginia,North Carolina,Home,26.40%,73.60%,North Carolina -3.75,8.5,34,5,Virginia 13-3
3/6/26,Boston College,Miami (FL),Away,29.60%,70.40%,Miami (FL) -2.93,8.4,37,29,Boston College 8-7
3/6/26,Louisiana,DBU,Home,41.50%,58.50%,DBU -0.88,8.3,39,71,Louisiana 6-5
3/6/26,Notre Dame,Duke,Home,56.70%,43.30%,Notre Dame -1.09,8.2,47,82,Notre Dame 10-4
3/6/26,Louisiana Tech,South Alabama,Away,44.40%,55.60%,South Alabama -0.78,8.1,81,66,South Alabama 9-3
3/6/26,The Citadel,Kentucky,Home,29.50%,70.50%,Kentucky -2.79,8,69,28,Kentucky 10-5
3/6/26,Virginia Tech,Georgia Tech,Home,15.80%,84.20%,Georgia Tech -5.78,7.9,49,4,Georgia Tech 16-1
3/6/26,Stanford,Wake Forest,Away,26.20%,73.80%,Wake Forest -3.44,7.9,64,25,Wake Forest 7-4
3/6/26,Saint Mary's (CA),San Diego St.,Away,47.60%,52.40%,San Diego St. -0.28,7.9,96,73,San Diego St. 3-2
3/6/26,Cal Poly,Hawaii,Away,54.40%,45.60%,Cal Poly -0.9,7.8,52,112,Cal Poly 6-2
3/6/26,Washington St.,Texas St.,Home,32.80%,67.30%,Texas St. -2.45,7.7,79,59,Washington St. 9-7
3/6/26,Washington St.,Texas St.,Home,32.80%,67.30%,Texas St. -2.45,7.7,79,59,Texas St. 10-4
3/6/26,UCLA,Ohio St.,Home,80.20%,19.80%,UCLA -5.01,7.7,1,78,UCLA 11-1
3/6/26,High Point,Florida,Home,20.00%,80.00%,Florida -4.82,7.6,77,14,High Point 7-2
3/6/26,UC San Diego,Cincinnati,Home,23.60%,76.40%,Cincinnati -3.97,7.5,85,24,Cincinnati 16-1
3/6/26,Illinois,Southern California,Away,22.20%,77.80%,Southern California -4.46,7.4,94,15,Southern California 4-0
3/6/26,Xavier,Oregon St.,Home,19.50%,80.50%,Oregon St. -4.83,7.3,91,18,Oregon St. 4-2
3/6/26,UConn,Old Dominion,Home,55.20%,44.80%,UConn -0.59,7.2,100,125,UConn 4-2
3/6/26,Michigan St.,Nebraska,Away,22.70%,77.30%,Nebraska -4.22,7.2,109,16,Nebraska 5-4
3/6/26,Maryland,Troy,Away,28.70%,71.30%,Troy -3.35,7.2,101,57,Troy 5-2
3/6/26,Rice,Abilene Christian,Home,53.30%,46.70%,Rice -0.82,7.1,65,151,Rice 5-4
3/6/26,Pittsburgh,San Jose St.,Away,63.40%,36.60%,Pittsburgh -2.13,7.1,36,142,Pittsburgh 20-1
3/6/26,Tarleton St.,New Mexico,Home,46.50%,53.50%,Tarleton St. -0.02,7.1,58,155,Tarleton St. 13-11
3/6/26,Air Force,Baylor,Away,32.60%,67.40%,Baylor -2.51,7.1,121,60,Baylor 7-0
3/6/26,Washington,Indiana,Home,44.50%,55.50%,Indiana -0.66,7.1,128,103,Indiana 4-2
3/6/26,Sacramento St.,LSU,Home,26.80%,73.20%,LSU -3.33,7,120,45,LSU 15-4
3/6/26,USC Upstate,Texas,Home,11.20%,88.80%,Texas -7.11,6.9,108,3,Texas 14-2
3/6/26,UNCW,Jacksonville,Home,56.40%,43.60%,UNCW -0.74,6.8,131,132,UNCW 8-3
3/6/26,Grand Canyon,Utah,Away,37.40%,62.60%,Utah -1.81,6.8,148,70,Utah 9-0
3/6/26,UNLV,Minnesota,Home,31.40%,68.60%,Minnesota -2.62,6.7,136,72,Minnesota 10-0
3/6/26,Tulane,TCU,Home,22.10%,77.90%,TCU -4.43,6.7,137,30,TCU 10-2
3/6/26,Memphis,Missouri St.,Away,21.80%,78.20%,Missouri St. -4.19,6.6,134,35,Missouri St. 12-5
3/6/26,Little Rock,Central Ark.,Home,54.50%,45.50%,Little Rock -0.96,6.6,113,161,Little Rock 8-2
3/6/26,Little Rock,Central Ark.,Home,54.50%,45.50%,Little Rock -0.96,6.6,113,161,Central Ark. 7-1
3/6/26,Winthrop,Auburn,Home,13.20%,86.80%,Auburn -6.59,6.6,129,8,Auburn 10-0
3/6/26,SIUE,Kansas St.,Home,23.50%,76.50%,Kansas St. -3.84,6.6,140,44,Kansas St. 14-5
3/6/26,Charleston So.,Georgia St.,Away,47.80%,52.20%,Georgia St. -0.39,6.5,154,143,Charleston So. 15-7
3/6/26,CSUN,UC Irvine,Away,33.20%,66.80%,UC Irvine -2.45,6.5,144,93,CSUN 5-4
3/6/26,Murray St.,UCF,Away,23.20%,76.80%,UCF -4.16,6.4,159,33,UCF 8-3
3/6/26,Santa Clara,Oklahoma,Home,15.60%,84.40%,Oklahoma -5.9,6.4,147,13,Santa Clara 0-0
3/6/26,North Florida,Alabama,Home,15.10%,84.90%,Alabama -6.05,6.4,149,9,Alabama 7-2
3/6/26,Indiana St.,Western Ky.,Away,28.90%,71.10%,Western Ky. -3.05,6.3,138,110,Western Ky. 6-5
3/6/26,Lamar University,SFA,Away,62.30%,37.70%,Lamar University -1.9,6.2,95,173,SFA 6-4
3/6/26,Wright St.,Tennessee,Home,15.70%,84.30%,Tennessee -5.91,6.2,153,26,Tennessee 4-3
3/6/26,ULM,UT Arlington,Away,47.50%,52.50%,UT Arlington -0.16,6.2,150,172,UT Arlington 4-3
3/6/26,FGCU,Bethune-Cookman,Home,59.40%,40.60%,FGCU -1.32,6.2,118,171,FGCU 11-5
3/6/26,San Diego,California,Home,25.30%,74.70%,California -3.88,6,177,56,California 11-1
3/6/26,Middle Tenn.,UAB,Away,29.50%,70.50%,UAB -3.03,6,179,68,UAB 12-2
3/6/26,Michigan,Pepperdine,Away,68.10%,31.90%,Michigan -2.85,6,50,198,Pepperdine 9-8
3/6/26,Col. of Charleston,Hofstra,Home,57.50%,42.50%,Col. of Charleston -1.12,5.9,152,178,Col. of Charleston 5-1
3/6/26,Lipscomb,Mississippi St.,Away,9.10%,90.90%,Mississippi St. -7.82,5.9,165,10,Mississippi St. 9-4
3/6/26,Houston Christian,McNeese,Away,35.30%,64.70%,McNeese -2.04,5.8,169,139,Houston Christian 3-1
3/6/26,Houston Christian,McNeese,Away,35.30%,64.70%,McNeese -2.04,5.8,169,139,McNeese 4-2
3/6/26,Western Caro.,Radford,Neutral,70.80%,29.20%,Western Caro. -3.14,5.8,84,187,Radford 7-1
3/6/26,Milwaukee,Southeast Mo. St.,Away,26.20%,73.80%,Southeast Mo. St. -3.46,5.8,180,75,Southeast Mo. St. 8-2
3/6/26,North Ala.,Southern Miss.,Away,14.00%,86.00%,Southern Miss. -6.24,5.8,176,21,Southern Miss. 9-4
3/6/26,Cal St. Fullerton,CSU Bakersfield,Home,62.30%,37.70%,Cal St. Fullerton -1.74,5.8,119,191,Cal St. Fullerton 5-3
3/6/26,Stetson,Arkansas,Home,12.40%,87.60%,Arkansas -6.8,5.7,183,17,Arkansas 7-1
3/6/26,Binghamton,Richmond,Away,33.80%,66.20%,Richmond -2.15,5.7,163,160,Binghamton 5-2
3/6/26,UTSA,New Mexico St.,Home,80.30%,19.70%,UTSA -4.95,5.7,46,186,UTSA 10-2
3/6/26,Longwood,Alabama St.,Home,54.70%,45.30%,Longwood -0.57,5.7,156,194,Longwood 16-1
3/6/26,Austin Peay,Utah Tech,Away,36.60%,63.40%,Utah Tech -2.1,5.7,201,105,Austin Peay 7-4
3/6/26,Austin Peay,Utah Tech,Away,36.60%,63.40%,Utah Tech -2.1,5.7,201,105,Austin Peay 10-5
3/6/26,Lindenwood,Iowa,Home,22.70%,77.30%,Iowa -4.25,5.6,195,63,Iowa 11-6
3/6/26,Penn St.,Texas Tech,Away,27.30%,72.70%,Texas Tech -3.35,5.6,192,80,Texas Tech 15-7
3/6/26,Northwestern St.,UIW,Away,57.70%,42.30%,Northwestern St. -1.14,5.5,157,202,Northwestern St. 9-8
3/6/26,Northwestern St.,UIW,Away,57.70%,42.30%,Northwestern St. -1.14,5.5,157,202,UIW 13-9
3/6/26,Radford,Charlotte,Home,24.40%,75.60%,Charlotte -3.85,5.5,187,98,Charlotte 7-1
3/6/26,Pacific,Nevada,Home,33.10%,66.90%,Nevada -2.22,5.4,193,135,Nevada 11-7
3/6/26,New Orleans,UTRGV,Away,29.30%,70.70%,UTRGV -2.77,5.4,188,126,UTRGV 10-0
3/6/26,Long Beach St.,UC Santa Barbara,Away,19.10%,80.90%,UC Santa Barbara -5.1,5.4,210,32,UC Santa Barbara 4-3
3/6/26,Northwestern,South Dakota St.,Neutral,63.00%,37.00%,Northwestern -1.91,5.3,141,209,South Dakota St. 5-4
3/6/26,Army West Point,VCU,Away,28.00%,72.00%,VCU -3.33,5.3,197,117,VCU 4-3
3/6/26,Northeastern,Stony Brook,Away,70.90%,29.10%,Northeastern -3.26,5.3,102,207,Northeastern 4-0
3/6/26,Saint Joseph's,Bucknell,Home,65.40%,34.60%,Saint Joseph's -2.3,5.3,107,223,Saint Joseph's 2-0
3/6/26,Evansville,Ole Miss,Away,7.60%,92.40%,Ole Miss -8.58,5.3,200,11,Ole Miss 7-2
3/6/26,Evansville,Ole Miss,Away,7.60%,92.40%,Ole Miss -8.58,5.3,200,11,Ole Miss 14-2
3/6/26,Gardner-Webb,Oklahoma St.,Away,9.50%,90.50%,Oklahoma St. -7.71,5.2,205,27,Gardner-Webb 19-5
3/6/26,Bryant,Rutgers,Away,34.50%,65.50%,Rutgers -2.28,5.2,217,124,Rutgers 6-3
3/6/26,FIU,Fla. Atlantic,Away,27.40%,72.60%,Fla. Atlantic -3.29,5.1,211,115,Fla. Atlantic 14-2
3/6/26,Wofford,Belmont,Home,63.10%,36.90%,Wofford -2.07,5.1,122,233,Wofford 11-8
3/6/26,Morehead St.,Butler,Home,54.40%,45.60%,Morehead St. -0.89,5.1,158,236,Morehead St. 16-6
3/6/26,Southern Ill.,Omaha,Neutral,55.90%,44.10%,Southern Ill. -0.87,5.1,218,189,Southern Ill. 9-1
3/6/26,Eastern Ill.,Butler,Home,62.50%,37.50%,Eastern Ill. -1.97,5,133,236,Eastern Ill. 15-12
3/6/26,Monmouth,Towson,Away,52.40%,47.60%,Monmouth -0.56,5,167,245,Monmouth 12-5
3/6/26,Columbia,West Virginia,Away,6.80%,93.20%,West Virginia -8.94,4.9,226,6,Columbia 7-4
3/6/26,Northern Ky.,Florida St.,Home,8.80%,91.20%,Florida St. -8.05,4.9,227,19,Florida St. 7-3
3/6/26,William & Mary,Campbell,Home,12.70%,87.30%,Campbell -6.68,4.8,222,53,Campbell 9-2
3/6/26,UC Davis,UC Riverside,Away,68.60%,31.40%,UC Davis -2.91,4.8,111,246,UC Davis 4-2
3/6/26,Maine,Dayton,Home,34.00%,66.00%,Dayton -2.16,4.7,216,185,Dayton 12-5
3/6/26,Georgetown,George Mason,Home,33.70%,66.30%,George Mason -2.42,4.7,219,181,Georgetown 6-5
3/6/26,Bowling Green,Kent St.,Away,16.20%,83.80%,Kent St. -5.81,4.7,234,61,Kent St. 8-1
3/6/26,Eastern Mich.,Miami (OH),Away,17.30%,82.70%,Miami (OH) -5.45,4.6,238,76,Miami (OH) 13-3
3/6/26,North Dakota St.,Vanderbilt,Away,8.50%,91.50%,Vanderbilt -8.16,4.5,244,38,Vanderbilt 14-2
3/6/26,Southern U.,South Fla.,Home,11.30%,88.70%,South Fla. -6.74,4.5,232,74,South Fla. 6-1
3/6/26,FDU,Wagner,Away,49.00%,51.00%,Wagner -0.06,4.4,240,247,FDU 14-2
3/6/26,LMU (CA),Arizona St.,Home,7.40%,92.60%,Arizona St. -8.7,4.4,254,23,Arizona St. 12-4
3/6/26,Central Mich.,Ball St.,Home,34.00%,66.00%,Ball St. -2.09,4.4,224,212,Central Mich. 8-7
3/6/26,Queens (NC),Georgia,Home,3.30%,96.70%,Georgia -11.41,4.4,255,2,Georgia 12-2
3/6/26,Villanova,Florida A&M,Home,40.70%,59.30%,Florida A&M -1.4,4.3,241,225,Florida A&M 4-1
3/6/26,Holy Cross,Portland,Away,25.30%,74.70%,Portland -3.51,4.3,249,127,Portland 10-4
3/6/26,St. Thomas (MN),Kansas,Home,6.10%,93.90%,Kansas -9.37,4.3,267,12,Kansas 11-5
3/6/26,Bellarmine,Eastern Ill.,Neutral,27.80%,72.20%,Eastern Ill. -3.51,4.2,260,133,Eastern Ill. 11-4
3/6/26,Illinois St.,Eastern Ky.,Home,71.60%,28.40%,Illinois St. -3.11,4.2,145,258,Illinois St. 7-2
3/6/26,Western Mich.,Akron,Home,66.00%,34.00%,Western Mich. -2.5,4.2,162,265,Western Mich. 4-3
3/6/26,Harvard,Liberty,Away,7.50%,92.50%,Liberty -8.57,4.2,262,31,Liberty 9-3
3/6/26,Fresno St.,Arizona,Home,21.20%,78.80%,Arizona -4.67,4.2,248,130,Arizona 6-0
3/6/26,Valparaiso,Jacksonville St.,Home,6.90%,93.10%,Jacksonville St. -8.96,4.1,276,22,Jacksonville St. 3-2
3/6/26,Seton Hall,Louisville,Home,10.80%,89.20%,Louisville -7.26,4.1,263,67,Louisville 16-1
3/6/26,Quinnipiac,UNC Greensboro,Away,29.30%,70.70%,UNC Greensboro -3.04,4.1,252,168,UNC Greensboro 13-3
3/6/26,Tennessee Tech,Ga. Southern,Home,35.50%,64.50%,Ga. Southern -2.11,4.1,251,203,Tennessee Tech 5-2
3/6/26,Oakland,Texas A&M,Away,3.00%,97.00%,Texas A&M -11.72,4.1,271,7,Texas A&M 10-2
3/6/26,Oakland,Texas A&M,Away,3.00%,97.00%,Texas A&M -11.72,4.1,271,7,Texas A&M 6-3
3/6/26,West Ga.,Wichita St.,Away,21.80%,78.20%,Wichita St. -4.56,4,268,114,Wichita St. 22-4
3/6/26,La Salle,Clemson,Home,6.90%,93.20%,Clemson -8.79,4,261,55,Clemson 14-1
3/6/26,UMass Lowell,San Francisco,Home,27.70%,72.30%,San Francisco -3.34,4,253,175,San Francisco 8-5
3/6/26,App State,Presbyterian,Away,79.10%,20.90%,App State -4.73,3.9,106,278,App State 7-5
3/6/26,Yale,George Washington,Home,67.40%,32.60%,Yale -2.82,3.9,164,282,Yale 18-3
3/6/26,Ark.-Pine Bluff,Houston,Away,11.00%,89.00%,Houston -7.02,3.8,266,90,Houston 13-9
3/6/26,Northern Colo.,Utah Valley,Away,34.10%,65.90%,Utah Valley -2.07,3.7,256,243,Utah Valley 11-6
3/6/26,Grambling,Southeastern La.,Away,8.10%,91.90%,Southeastern La. -8.21,3.6,273,86,Southeastern La. 13-3
3/6/26,NIU,Ohio,Away,81.80%,18.20%,NIU -5.35,3.6,99,294,Ohio 14-7
3/6/26,Rider,Sacred Heart,Away,70.10%,29.90%,Rider -3.13,3.6,184,284,Rider 5-1
3/6/26,Massachusetts,Toledo,Away,21.70%,78.30%,Toledo -4.46,3.6,269,170,Toledo 5-0
3/6/26,Western Ill.,VMI,Home,30.70%,69.30%,VMI -2.69,3.5,281,196,VMI 8-7
3/6/26,Western Ill.,VMI,Home,30.70%,69.30%,VMI -2.69,3.5,281,196,VMI 10-7
3/6/26,UAlbany,St. John's (NY),Home,10.30%,89.70%,St. John's (NY) -7.48,3.5,288,92,St. John's (NY) 2-1
3/6/26,Fairfield,Siena,Away,67.40%,32.60%,Fairfield -2.75,3.5,213,279,Siena 6-5
3/6/26,Lafayette,NC State,Away,4.50%,95.50%,NC State -10.29,3.5,295,51,Lafayette 11-6
3/6/26,Dartmouth,Navy,Away,31.60%,68.40%,Navy -2.69,3.5,277,215,Dartmouth 3-1
3/6/26,Youngstown St.,Southern Ind.,Home,27.80%,72.20%,Southern Ind. -3.29,3.5,270,204,Southern Ind. 5-2
3/6/26,Canisius,Delaware,Away,29.20%,70.80%,Delaware -2.96,3.3,274,229,Canisius 7-5
3/6/26,N.C. A&T,Elon,Home,26.20%,73.80%,Elon -3.37,3.2,272,228,N.C. A&T 2-1
3/6/26,Alcorn,Mercer,Away,0.80%,99.20%,Mercer -16.0,3.2,305,41,Mercer 16-4
3/6/26,Manhattan,Marist,Away,34.00%,66.00%,Marist -2.38,3.1,291,242,Manhattan 12-10
3/6/26,Jackson St.,Seattle U,Away,26.70%,73.30%,Seattle U -3.32,3,283,237,Jackson St. 5-1
3/6/26,Iona,Mount St. Mary's,Away,34.80%,65.30%,Mount St. Mary's -2.04,2.9,290,280,Iona 5-3
3/6/26,Iona,Mount St. Mary's,Away,34.80%,65.30%,Mount St. Mary's -2.04,2.9,290,280,Iona 3-2
3/6/26,St. Bonaventure,Marshall,Home,13.70%,86.30%,Marshall -6.16,2.9,292,174,Marshall 5-4
3/6/26,Lehigh,Davidson,Home,22.20%,77.80%,Davidson -4.22,2.8,296,220,Davidson 14-9
3/6/26,New Haven,Stonehill,Away,35.30%,64.70%,Stonehill -2.19,2.7,302,286,New Haven 0-0
3/6/26,Prairie View,Sam Houston,Away,6.40%,93.60%,Sam Houston -9.0,2.7,300,146,Sam Houston 13-3
3/6/26,Prairie View,Sam Houston,Away,6.40%,93.60%,Sam Houston -9.0,2.7,300,146,Sam Houston 4-1
3/6/26,Bradley,Saint Louis,Away,26.90%,73.10%,Saint Louis -3.42,2.7,289,264,Saint Louis 2-1
3/6/26,Mercyhurst,Coppin St.,Home,76.70%,23.30%,Mercyhurst -3.94,2.1,299,303,Coppin St. 2-1
3/6/26,Mississippi Val.,UT Martin,Away,7.70%,92.30%,UT Martin -8.36,2,301,231,UT Martin 8-7
3/6/26,Mississippi Val.,UT Martin,Away,7.70%,92.30%,UT Martin -8.36,2,301,231,UT Martin 12-1
3/6/26,Alabama A&M,UNC Asheville,Away,7.70%,92.30%,UNC Asheville -8.37,1.8,304,259,UNC Asheville 8-4
3/6/26,Saint Peter's,NJIT,Home,9.30%,90.80%,NJIT -7.66,1.5,308,293,NJIT 13-3
3/5/26,California Baptist,BYU,Home,50.80%,49.20%,California Baptist -0.23,8.7,42,62,California Baptist 13-11
3/5/26,Washington St.,Texas St.,Home,32.80%,67.30%,Texas St. -2.45,7.7,79,59,Texas St. 13-11
3/5/26,UC San Diego,Cincinnati,Home,23.60%,76.40%,Cincinnati -3.97,7.5,85,24,Cincinnati 9-5
3/5/26,Santa Clara,Oklahoma,Home,15.60%,84.40%,Oklahoma -5.9,6.4,147,13,Oklahoma 2-1
3/5/26,Michigan,Pepperdine,Away,68.10%,31.90%,Michigan -2.85,6,50,198,Michigan 17-4
3/5/26,Lipscomb,Mississippi St.,Away,9.10%,90.90%,Mississippi St. -7.82,5.9,165,10,Mississippi St. 8-3
3/5/26,UIC,Missouri,Home,32.00%,68.00%,Missouri -2.53,5.8,190,87,Missouri 9-8
3/5/26,Austin Peay,Utah Tech,Away,36.60%,63.40%,Utah Tech -2.1,5.7,201,105,Utah Tech 15-11
3/5/26,Holy Cross,Portland,Away,25.30%,74.70%,Portland -3.51,4.3,249,127,Portland 15-3
3/5/26,St. Thomas (MN),Kansas,Home,6.10%,93.90%,Kansas -9.37,4.3,267,12,Kansas 4-2
3/4/26,LSU,Louisiana,Away,54.90%,45.10%,LSU -0.53,8.9,45,39,Louisiana 7-2
3/4/26,Mercer,Florida St.,Home,30.00%,70.00%,Florida St. -2.75,8.5,41,19,Florida St. 22-4
3/4/26,Troy,Vanderbilt,Away,33.60%,66.40%,Vanderbilt -1.97,8.2,57,38,Vanderbilt 4-1
3/4/26,Arkansas St.,Louisiana Tech,Away,44.80%,55.20%,Louisiana Tech -0.8,7.9,83,81,Arkansas St. 8-2
3/4/26,Rice,Lamar University,Home,45.00%,55.00%,Lamar University -0.58,7.9,65,95,Rice 4-1
3/4/26,Xavier,Ohio St.,Home,40.10%,59.90%,Ohio St. -1.26,7.7,91,78,Xavier 13-4
3/4/26,Virginia,Charlotte,Neutral,68.20%,31.80%,Virginia -2.6,7.6,34,98,Virginia 8-1
3/4/26,Wake Forest,App State,Home,68.20%,31.80%,Wake Forest -2.85,7.5,25,106,Wake Forest 9-8
3/4/26,East Carolina,UNCW,Away,58.50%,41.50%,East Carolina -1.54,7.4,43,131,East Carolina 5-3
3/4/26,Western Caro.,Georgia,Home,11.10%,88.90%,Georgia -7.22,7.2,84,2,Western Caro. 10-9
3/4/26,Michigan St.,Clemson,Neutral,31.00%,69.00%,Clemson -2.69,7.2,109,55,Clemson 12-1
3/4/26,FGCU,UCF,Away,27.10%,72.90%,UCF -3.38,7.1,118,33,UCF 12-5
3/4/26,Old Dominion,VCU,Away,40.60%,59.40%,VCU -1.25,6.9,125,117,Old Dominion 12-10
3/4/26,Southeastern La.,ULM,Away,57.80%,42.20%,Southeastern La. -1.31,6.8,86,150,Southeastern La. 16-6
3/4/26,Charleston So.,South Carolina,Away,35.40%,64.60%,South Carolina -1.9,6.3,154,104,South Carolina 4-1
3/4/26,St. John's (NY),Penn St.,Home,56.50%,43.50%,St. John's (NY) -1.29,6.2,92,192,Penn St. 12-2
3/4/26,West Virginia,Marshall,Home,79.80%,20.20%,West Virginia -5.04,6.2,6,174,West Virginia 0-0
3/4/26,Nicholls,Southern Miss.,Away,13.00%,87.00%,Southern Miss. -6.53,5.9,166,21,Nicholls 3-2
3/4/26,Bethune-Cookman,Miami (FL),Away,12.90%,87.10%,Miami (FL) -6.52,5.8,171,29,Miami (FL) 5-2
3/4/26,Boston College,FIU,Away,70.30%,29.70%,Boston College -3.15,5.8,37,211,Boston College 9-4
3/4/26,North Ala.,Ole Miss,Away,9.70%,90.30%,Ole Miss -7.65,5.7,176,11,Ole Miss 8-5
3/4/26,Alabama,Alabama St.,Away,87.40%,12.60%,Alabama -6.72,5.6,9,194,Alabama 13-4
3/4/26,CSU Bakersfield,California,Away,20.30%,79.70%,California -4.79,5.6,191,56,California 15-6
3/4/26,SFA,Abilene Christian,Home,33.60%,66.40%,Abilene Christian -2.09,5.6,173,151,Abilene Christian 20-10
3/4/26,Long Beach St.,San Diego St.,Away,27.80%,72.20%,San Diego St. -3.37,5.5,210,73,San Diego St. 13-10
3/4/26,Milwaukee,Minnesota,Away,18.60%,81.40%,Minnesota -4.78,5.5,180,72,Minnesota 6-2
3/4/26,Ga. Southern,The Citadel,Away,23.70%,76.30%,The Citadel -4.17,5.4,203,69,The Citadel 7-1
3/4/26,South Dakota St.,Nebraska,Home,11.30%,88.80%,Nebraska -7.16,5.3,209,16,Nebraska 5-4
3/4/26,Stony Brook,Rutgers,Home,31.00%,69.00%,Rutgers -2.65,5.2,207,124,Rutgers 5-1
3/4/26,Maryland,Delaware,Home,67.50%,32.50%,Maryland -2.54,5.1,101,229,Maryland 7-3
3/4/26,Florida A&M,Florida,Home,5.80%,94.20%,Florida -9.36,4.8,225,14,Florida 7-5
3/4/26,Hofstra,Marist,Away,60.90%,39.10%,Hofstra -1.5,4.6,178,242,Hofstra 0-0
3/4/26,Belmont,Middle Tenn.,Away,35.00%,65.00%,Middle Tenn. -2.11,4.5,233,179,Belmont 8-7
3/4/26,Eastern Ky.,Kentucky,Away,8.00%,92.00%,Kentucky -8.31,4.3,258,28,Kentucky 8-4
3/4/26,Queens (NC),NC State,Home,10.20%,89.80%,NC State -7.46,4.3,255,51,NC State 9-2
3/4/26,Villanova,North Florida,Home,23.00%,77.00%,North Florida -4.06,4.2,241,149,Villanova 4-0
3/4/26,Towson,George Mason,Home,27.30%,72.70%,George Mason -3.4,4.1,245,181,Towson 0-0
3/4/26,Oakland,Tennessee,Away,4.20%,95.80%,Tennessee -10.63,4,271,26,Tennessee 11-2
3/4/26,Dayton,Akron,Home,66.40%,33.60%,Dayton -2.58,4,185,265,Dayton 14-11
3/4/26,Georgetown,George Washington,Home,53.40%,46.60%,Georgetown -0.67,4,219,282,George Washington 10-9
3/4/26,Northern Colo.,UNLV,Away,18.20%,81.80%,UNLV -5.07,3.9,256,136,Northern Colo. 9-7
3/4/26,North Dakota St.,Southern Ill.,Away,30.10%,69.90%,Southern Ill. -2.96,3.9,244,218,North Dakota St. 0-0
3/4/26,Ohio,Pittsburgh,Away,6.40%,93.60%,Pittsburgh -9.15,3.7,294,36,Pittsburgh 16-2
3/4/26,St. Bonaventure,Kent St.,Home,8.00%,92.00%,Kent St. -8.34,3.6,292,61,Kent St. 14-9
3/4/26,Iona,FDU,Home,37.60%,62.40%,FDU -1.81,3.3,290,240,FDU 4-3
3/4/26,Texas Southern,UTRGV,Away,11.10%,88.90%,UTRGV -7.09,3.3,285,126,UTRGV 10-4
3/4/26,New Haven,UConn,Away,5.70%,94.30%,UConn -9.5,3,302,100,UConn 9-4
3/4/26,Manhattan,Yale,Away,14.90%,85.10%,Yale -5.99,3,291,164,Manhattan 0-0
3/3/26,Mississippi St.,Southern Miss.,Away,56.60%,43.40%,Mississippi St. -1.05,9.4,10,21,Southern Miss. 7-6
3/3/26,Oregon St.,Oregon,Home,42.90%,57.10%,Oregon -0.98,9.3,18,20,Oregon St. 10-6
3/3/26,Jacksonville St.,Alabama,Home,38.20%,61.80%,Alabama -1.71,9.2,22,9,Alabama 6-5
3/3/26,Baylor,Tarleton St.,Away,52.00%,48.00%,Baylor -0.13,8.6,60,58,Tarleton St. 6-5
3/3/26,Coastal Carolina,NC State,Away,41.40%,58.60%,NC State -1.19,8.6,40,51,NC State 6-4
3/3/26,Missouri St.,Oklahoma St.,Away,31.20%,68.80%,Oklahoma St. -2.73,8.5,35,27,Oklahoma St. 8-7
3/3/26,UAB,South Alabama,Neutral,50.90%,49.10%,South Alabama -0.04,8.5,68,66,South Alabama 11-1
3/3/26,Liberty,High Point,Home,56.10%,43.90%,Liberty -1.07,8.4,31,77,Liberty 8-0
3/3/26,Cincinnati,Western Ky.,Away,55.90%,44.10%,Cincinnati -1.07,8,24,110,Cincinnati 5-2
3/3/26,Arkansas St.,Louisiana Tech,Away,44.80%,55.20%,Louisiana Tech -0.8,7.9,83,81,Arkansas St. 10-2
3/3/26,DBU,Oklahoma,Away,26.30%,73.70%,Oklahoma -3.67,7.9,71,13,Oklahoma 2-0
3/3/26,Virginia,Charlotte,Home,62.50%,37.50%,Virginia -1.8,7.8,34,98,Charlotte 14-0
3/3/26,UC Irvine,Southern California,Home,20.50%,79.50%,Southern California -4.75,7.4,93,15,Southern California 6-4
3/3/26,Samford,Auburn,Home,16.20%,83.80%,Auburn -5.55,7.3,89,8,Auburn 6-2
3/3/26,Georgia,Kennesaw St.,Away,86.10%,13.90%,Georgia -6.45,7.3,2,88,Georgia 11-1
3/3/26,USC Upstate,South Carolina,Home,40.40%,59.60%,South Carolina -0.98,7.2,108,104,South Carolina 12-3
3/3/26,Winthrop,Michigan St.,Neutral,46.00%,54.00%,Michigan St. -0.79,7.1,129,109,Winthrop 5-2
3/3/26,Michigan,CSUN,Home,59.80%,40.20%,Michigan -1.63,7.1,50,144,CSUN 9-8
3/3/26,Oral Roberts,Arkansas,Home,19.90%,80.10%,Arkansas -5.02,7,116,17,Arkansas 10-2
3/3/26,UC Davis,Saint Mary's (CA),Home,33.90%,66.10%,Saint Mary's (CA) -2.19,7,111,96,Saint Mary's (CA) 7-2
3/3/26,ETSU,Tennessee,Away,21.70%,78.30%,Tennessee -4.52,6.9,123,26,Tennessee 7-1
3/3/26,Fla. Atlantic,Florida,Away,15.10%,84.90%,Florida -5.96,6.8,115,14,Florida 4-0
3/3/26,Southeastern La.,ULM,Away,57.80%,42.20%,Southeastern La. -1.31,6.8,86,150,Southeastern La. 15-5
3/3/26,Cal St. Fullerton,UCLA,Away,11.80%,88.20%,UCLA -7.02,6.7,119,1,UCLA 4-3
3/3/26,Abilene Christian,TCU,Away,23.50%,76.50%,TCU -4.28,6.5,151,30,TCU 7-6
3/3/26,Jacksonville,Florida St.,Home,14.50%,85.50%,Florida St. -6.05,6.5,132,19,Florida St. 7-6
3/3/26,Eastern Ill.,Illinois,Away,27.90%,72.10%,Illinois -2.99,6.4,133,94,Eastern Ill. 0-0
3/3/26,Memphis,Ole Miss,Away,9.60%,90.40%,Ole Miss -7.6,6.4,134,11,Ole Miss 7-1
3/3/26,Tulane,Nicholls,Home,54.10%,45.90%,Tulane -0.62,6.3,137,166,Nicholls 6-5
3/3/26,Sam Houston,Houston,Home,28.90%,71.10%,Houston -3.0,6.3,146,90,Sam Houston 5-2
3/3/26,Georgia Tech,Georgia St.,Home,88.90%,11.10%,Georgia Tech -7.23,6.3,4,143,Georgia Tech 4-1
3/3/26,St. John's (NY),Penn St.,Home,56.50%,43.50%,St. John's (NY) -1.29,6.2,92,192,St. John's (NY) 0-0
3/3/26,Marshall,Virginia Tech,Away,28.00%,72.00%,Virginia Tech -3.49,6.2,174,49,Marshall 13-4
3/3/26,Grand Canyon,Arizona,Home,33.20%,66.80%,Arizona -2.35,6.1,148,130,Grand Canyon 7-5
3/3/26,Murray St.,Middle Tenn.,Home,48.80%,51.20%,Middle Tenn. -0.06,6.1,159,179,Middle Tenn. 5-2
3/3/26,Longwood,Richmond,Away,36.20%,63.80%,Richmond -1.83,5.9,156,160,Longwood 9-4
3/3/26,Houston Christian,Texas,Away,8.10%,91.90%,Texas -8.34,5.8,169,3,Texas 16-3
3/3/26,Stetson,South Fla.,Home,25.50%,74.50%,South Fla. -3.59,5.8,183,74,South Fla. 12-4
3/3/26,Central Ark.,Vanderbilt,Away,12.20%,87.80%,Vanderbilt -6.7,5.8,161,38,Central Ark. 5-4
3/3/26,Morehead St.,Louisville,Home,15.80%,84.20%,Louisville -5.56,5.8,158,67,Morehead St. 13-5
3/3/26,Boston College,FIU,Away,70.30%,29.70%,Boston College -3.15,5.8,37,211,Boston College 4-0
3/3/26,George Mason,James Madison,Away,48.30%,51.70%,George Mason -0.01,5.8,181,182,George Mason 11-2
3/3/26,Radford,West Virginia,Away,8.10%,91.90%,West Virginia -8.34,5.6,187,6,Radford 0-0
3/3/26,Omaha,Nebraska,Home,13.00%,87.00%,Nebraska -6.62,5.6,189,16,Nebraska 8-5
3/3/26,UTSA,A&M-Corpus Christi,Home,77.60%,22.40%,UTSA -4.38,5.6,46,199,UTSA 7-5
3/3/26,Pacific,San Jose St.,Away,35.50%,64.50%,San Jose St. -2.08,5.5,193,142,Pacific 11-5
3/3/26,Evansville,Southeast Mo. St.,Away,25.00%,75.00%,Southeast Mo. St. -3.91,5.5,200,75,Southeast Mo. St. 13-4
3/3/26,Milwaukee,Minnesota,Away,18.60%,81.40%,Minnesota -4.78,5.5,180,72,Minnesota 14-4
3/3/26,New Mexico,New Mexico St.,Away,64.80%,35.20%,New Mexico -2.04,5.4,155,186,New Mexico St. 8-6
3/3/26,Illinois St.,Southern Ind.,Away,60.30%,39.80%,Illinois St. -1.35,5.4,145,204,Southern Ind. 12-5
3/3/26,Pepperdine,Cal Poly,Home,17.80%,82.20%,Cal Poly -5.37,5.4,198,52,Cal Poly 12-2
3/3/26,UIW,Texas A&M,Home,6.90%,93.10%,Texas A&M -8.91,5.3,202,7,Texas A&M 11-1
3/3/26,Gardner-Webb,Duke,Home,19.70%,80.30%,Duke -4.87,5.1,205,82,Duke 15-3
3/3/26,Elon,North Carolina,Away,6.10%,93.90%,North Carolina -9.35,4.9,228,5,North Carolina 5-1
3/3/26,Georgetown,Rutgers,Away,27.30%,72.70%,Rutgers -3.33,4.9,219,124,Georgetown 0-0
3/3/26,Northern Ky.,Indiana,Home,22.60%,77.40%,Indiana -4.32,4.8,227,103,Northern Ky. 0-0
3/3/26,William & Mary,VCU,Home,23.80%,76.20%,VCU -4.18,4.8,222,117,VCU 9-2
3/3/26,Sacramento St.,Fresno St.,Home,67.60%,32.40%,Sacramento St. -2.91,4.7,120,248,Fresno St. 2-0
3/3/26,Fordham,Stony Brook,Away,42.70%,57.30%,Stony Brook -1.1,4.6,235,207,Fordham 0-0
3/3/26,Eastern Mich.,Notre Dame,Away,11.70%,88.30%,Notre Dame -7.02,4.6,238,47,Notre Dame 11-1
3/3/26,UC Riverside,California Baptist,Home,13.00%,87.00%,California Baptist -6.58,4.6,246,42,California Baptist 5-3
3/3/26,LMU (CA),UC Santa Barbara,Away,11.30%,88.70%,UC Santa Barbara -7.2,4.5,254,32,UC Santa Barbara 11-1
3/3/26,Kentucky,Eastern Ky.,Home,87.40%,12.60%,Kentucky -6.71,4.5,28,258,Kentucky 10-0
3/3/26,McNeese,Southern U.,Away,76.10%,23.90%,McNeese -3.89,4.4,139,232,McNeese 14-5
3/3/26,Wofford,UNC Asheville,Home,73.60%,26.40%,Wofford -3.62,4.3,122,259,UNC Asheville 8-7
3/3/26,Little Rock,Ark.-Pine Bluff,Home,75.20%,24.90%,Little Rock -4.05,4.2,113,266,Ark.-Pine Bluff 10-8
3/3/26,Youngstown St.,Pittsburgh,Home,8.50%,91.50%,Pittsburgh -8.16,4.1,270,36,Youngstown St. 0-0
3/3/26,UMBC,George Washington,Home,49.90%,50.10%,UMBC -0.24,4.1,221,282,UMBC 0-0
3/3/26,Seton Hall,Bellarmine,Home,48.30%,51.70%,Bellarmine -0.17,4,263,260,Seton Hall 0-0
3/3/26,Northern Colo.,UNLV,Away,18.20%,81.80%,UNLV -5.07,3.9,256,136,UNLV 11-1
3/3/26,North Dakota St.,Southern Ill.,Away,30.10%,69.90%,Southern Ill. -2.96,3.9,244,218,Southern Ill. 9-4
3/3/26,VMI,Mount St. Mary's,Home,63.40%,36.60%,VMI -1.83,3.8,196,280,VMI 0-0
3/3/26,UNC Greensboro,N.C. A&T,Neutral,74.70%,25.30%,UNC Greensboro -3.78,3.7,168,272,UNC Greensboro 13-1
3/3/26,Merrimack,Bryant,Home,25.10%,74.90%,Bryant -3.45,3.5,257,217,Merrimack 0-0
3/3/26,Western Ill.,Saint Louis,Home,41.30%,58.70%,Saint Louis -1.17,3.4,281,264,Western Ill. 3-2
3/3/26,Presbyterian,Col. of Charleston,Home,16.20%,83.80%,Col. of Charleston -5.7,3.4,278,152,Col. of Charleston 6-3
3/3/26,Jackson St.,New Orleans,Away,22.90%,77.10%,New Orleans -4.28,3.3,283,188,New Orleans 11-6
3/3/26,Texas Southern,UTRGV,Away,11.10%,88.90%,UTRGV -7.09,3.3,285,126,UTRGV 5-3
3/3/26,Grambling,Northwestern St.,Away,12.20%,87.80%,Northwestern St. -6.44,3.2,273,157,Northwestern St. 13-1
3/3/26,Bradley,SIUE,Away,13.60%,86.40%,SIUE -6.45,3.2,289,140,Bradley 8-7
3/3/26,Lafayette,Binghamton,Home,16.30%,83.70%,Binghamton -5.65,3,295,163,Lafayette 0-0
3/3/26,UAlbany,Central Conn. St.,Home,63.00%,37.00%,UAlbany -1.77,2.8,288,297,UAlbany 0-0
3/3/26,Sacred Heart,Rhode Island,Home,18.30%,81.70%,Rhode Island -5.11,2.8,284,214,Sacred Heart 0-0
3/3/26,Fairfield,Central Conn. St.,Home,83.10%,16.90%,Fairfield -5.56,2.6,213,297,Fairfield 0-0
3/3/26,Coppin St.,Navy,Away,4.50%,95.50%,Navy -10.21,2,303,215,Navy 8-7
3/3/26,Siena,UMES,Away,84.70%,15.30%,Siena -5.84,1.9,279,307,Siena 20-11
3/2/26,San Diego St.,Washington,Away,45.20%,54.80%,Washington -0.55,7.4,73,128,Washington 4-1
3/2/26,Northeastern,LSU,Home,32.00%,68.00%,LSU -2.41,7.4,102,45,Northeastern 13-10
3/2/26,Nevada,Stanford,Away,33.30%,66.70%,Stanford -2.7,6.9,135,64,Nevada 9-6
3/2/26,Air Force,UT Arlington,Away,55.70%,44.30%,Air Force -0.96,6.3,121,172,Air Force 7-1
3/2/26,Toledo,Lipscomb,Home,50.20%,49.80%,Toledo -0.0,6.2,170,165,Lipscomb 13-5
3/2/26,Utah,LMU (CA),Home,72.00%,28.00%,Utah -3.6,4.9,70,254,Utah 13-4
3/2/26,Holy Cross,Seattle U,Away,36.20%,63.80%,Seattle U -1.7,3.9,249,237,Holy Cross 7-3
3/1/26,UCLA,Mississippi St.,Neutral,56.60%,43.40%,UCLA -1.03,9.6,1,10,UCLA 8-7
3/1/26,Florida,Miami (FL),Away,55.20%,44.80%,Florida -0.83,9.3,14,29,Florida 0-0
3/1/26,Vanderbilt,Oregon,Neutral,46.70%,53.30%,Oregon -0.65,9.2,38,20,Oregon 6-4
3/1/26,Arizona St.,Texas A&M,Neutral,40.00%,60.00%,Texas A&M -1.5,9.2,23,7,Texas A&M 9-3
3/1/26,Nebraska,Auburn,Home,31.90%,68.10%,Auburn -2.56,9,16,8,Auburn 12-3
3/1/26,Southern California,Cal Poly,Home,59.30%,40.80%,Southern California -1.43,8.8,15,52,Southern California 8-6
3/1/26,Coastal Carolina,Ole Miss,Neutral,32.00%,68.00%,Ole Miss -2.82,8.6,40,11,Coastal Carolina 9-2
3/1/26,UTSA,Baylor,Neutral,58.50%,41.50%,UTSA -1.2,8.4,46,60,UTSA 11-6
3/1/26,Kansas,Minnesota,Away,61.90%,38.10%,Kansas -2.09,8.4,12,72,Kansas 8-3
3/1/26,Virginia Tech,Tennessee,Neutral,33.50%,66.50%,Tennessee -2.31,8.4,49,26,Tennessee 3-1
3/1/26,Miami (OH),Southeast Mo. St.,Away,48.30%,51.70%,Southeast Mo. St. -0.17,8.2,76,75,Southeast Mo. St. 4-2
3/1/26,Oregon St.,Iowa,Neutral,68.40%,31.60%,Oregon St. -2.76,8.2,18,63,Oregon St. 4-3
3/1/26,Tarleton St.,Creighton,Neutral,49.60%,50.40%,Tarleton St. -0.19,8.1,58,97,Creighton 5-4
3/1/26,Southern Miss.,Louisiana Tech,Home,65.00%,35.00%,Southern Miss. -2.27,8.1,21,81,Southern Miss. 6-2
3/1/26,South Fla.,UCF,Away,35.30%,64.70%,UCF -2.12,8.1,74,33,UCF 2-1
3/1/26,Gonzaga,Oklahoma,Away,21.40%,78.60%,Oklahoma -4.5,8.1,48,13,Gonzaga 7-1
3/1/26,Utah,UC Santa Barbara,Home,29.70%,70.30%,UC Santa Barbara -2.97,7.9,70,32,UC Santa Barbara 12-1
3/1/26,The Citadel,Florida St.,Home,22.70%,77.30%,Florida St. -4.04,7.8,69,19,Florida St. 2-0
3/1/26,UC San Diego,Louisiana,Home,32.80%,67.20%,Louisiana -2.58,7.8,85,39,Louisiana 4-3
3/1/26,Houston,Alabama,Neutral,28.00%,72.00%,Alabama -3.53,7.8,90,9,Houston 8-2
3/1/26,Boston College,FGCU,Away,53.80%,46.20%,Boston College -0.74,7.8,37,118,FGCU 4-3
3/1/26,Western Caro.,East Carolina,Home,29.80%,70.20%,East Carolina -2.96,7.6,84,43,Western Caro. 2-0
3/1/26,West Virginia,Kennesaw St.,Home,78.40%,21.60%,West Virginia -4.64,7.5,6,88,Kennesaw St. 7-6
3/1/26,Texas,Ohio St.,Neutral,83.50%,16.60%,Texas -5.69,7.5,3,78,Texas 10-3
3/1/26,St. John's (NY),Kentucky,Home,25.60%,74.40%,Kentucky -3.42,7.5,92,28,Kentucky 3-1
3/1/26,San Diego St.,Washington,Away,45.20%,54.80%,Washington -0.55,7.4,73,128,Washington 11-2
3/1/26,Sacramento St.,California,Home,37.50%,62.50%,California -1.75,7.3,120,56,California 3-2
3/1/26,UC Irvine,Arizona,Neutral,47.80%,52.20%,Arizona -0.27,7.3,93,130,Arizona 7-1
3/1/26,Virginia,VCU,Home,69.30%,30.70%,Virginia -2.71,7.3,34,117,Virginia 5-3
3/1/26,South Carolina,Clemson,Home,28.10%,71.90%,Clemson -3.3,7.2,104,55,Clemson 7-2
3/1/26,Charlotte,Old Dominion,Away,54.40%,45.60%,Charlotte -0.55,7.2,98,125,Charlotte 7-6
3/1/26,Xavier,Cal St. Fullerton,Home,42.40%,57.60%,Cal St. Fullerton -0.7,7.2,91,119,Cal St. Fullerton 16-7
3/1/26,UConn,UNCW,Away,44.00%,56.00%,UNCW -0.65,7,100,131,UNCW 7-2
3/1/26,Indiana,Western Ky.,Away,35.00%,65.00%,Western Ky. -1.97,7,103,110,Indiana 7-3
3/1/26,UTRGV,Lamar University,Home,37.00%,63.00%,Lamar University -1.82,6.9,126,95,Lamar University 2-1
3/1/26,Air Force,DBU,Away,30.30%,69.70%,DBU -2.89,6.9,121,71,DBU 16-15
3/1/26,Troy,Rutgers,Neutral,69.90%,30.10%,Troy -3.19,6.9,57,124,Troy 2-1
3/1/26,Southeastern La.,Northwestern St.,Home,55.10%,44.90%,Southeastern La. -1.06,6.8,86,157,Northwestern St. 5-4
3/1/26,Abilene Christian,Texas St.,Neutral,37.10%,62.90%,Texas St. -2.08,6.8,151,59,Texas St. 3-0
3/1/26,Saint Mary's (CA),San Jose St.,Away,57.80%,42.20%,Saint Mary's (CA) -1.16,6.8,96,142,Saint Mary's (CA) 13-4
3/1/26,Nevada,UC Davis,Away,42.40%,57.60%,UC Davis -1.23,6.8,135,111,Nevada 11-5
3/1/26,Jacksonville,UAB,Away,31.60%,68.40%,UAB -2.48,6.8,132,68,UAB 9-3
3/1/26,Jacksonville St.,Memphis,Away,78.10%,21.90%,Jacksonville St. -4.45,6.8,22,134,Jacksonville St. 7-1
3/1/26,Saint Joseph's,Wofford,Away,33.60%,66.40%,Wofford -2.12,6.7,107,122,Saint Joseph's 10-6
3/1/26,UNLV,Santa Clara,Home,45.40%,54.60%,Santa Clara -0.66,6.6,136,147,Santa Clara 5-3
3/1/26,Michigan,San Diego,Away,62.40%,37.60%,Michigan -2.0,6.5,50,177,Michigan 9-2
3/1/26,Wright St.,Campbell,Home,25.20%,74.80%,Campbell -3.98,6.4,153,53,Wright St. 3-1
3/1/26,California Baptist,San Francisco,Away,69.70%,30.30%,California Baptist -3.01,6.3,42,175,California Baptist 2-1
3/1/26,Sam Houston,Oklahoma St.,Home,16.20%,83.80%,Oklahoma St. -5.68,6.3,146,27,Oklahoma St. 1-0
3/1/26,Toledo,Lipscomb,Home,50.20%,49.80%,Toledo -0.0,6.2,170,165,Lipscomb 9-7
3/1/26,Northwestern,Georgia Tech,Home,7.60%,92.40%,Georgia Tech -8.6,6.2,141,4,Georgia Tech 14-6
3/1/26,NIU,Lindenwood,Home,55.10%,44.90%,NIU -0.89,6.2,99,195,NIU 14-8
3/1/26,Illinois St.,Middle Tenn.,Away,50.10%,49.90%,Illinois St. -0.02,6.2,145,179,Illinois St. 14-7
3/1/26,Washington St.,Long Beach St.,Home,55.60%,44.40%,Washington St. -1.06,6.1,79,210,Washington St. 9-7
3/1/26,McNeese,Nicholls,Away,57.90%,42.10%,McNeese -1.21,6.1,139,166,Nicholls 3-2
3/1/26,Western Mich.,CSUN,Home,38.30%,61.70%,CSUN -1.46,6,162,144,Western Mich. 10-5
3/1/26,Binghamton,High Point,Away,22.90%,77.10%,High Point -4.01,5.9,163,77,High Point 4-3
3/1/26,Indiana St.,Penn St.,Neutral,57.30%,42.70%,Indiana St. -0.93,5.8,138,192,Penn St. 9-8
3/1/26,UT Arlington,Arkansas,Home,11.90%,88.10%,Arkansas -7.0,5.8,172,17,Arkansas 11-1
3/1/26,James Madison,Michigan St.,Neutral,34.00%,66.00%,Michigan St. -2.41,5.8,182,109,James Madison 4-2
3/1/26,USC Upstate,Ga. Southern,Home,60.40%,39.60%,USC Upstate -1.69,5.8,108,203,Ga. Southern 9-8
3/1/26,Hofstra,Liberty,Away,14.50%,85.50%,Liberty -6.08,5.7,178,31,Liberty 10-7
3/1/26,SFA,New Orleans,Home,47.10%,52.90%,New Orleans -0.52,5.7,173,188,New Orleans 12-6
3/1/26,Yale,Pepperdine,Home,52.20%,47.80%,Yale -0.6,5.7,164,198,Yale 10-8
3/1/26,CSU Bakersfield,Texas Tech,Away,23.80%,76.20%,Texas Tech -3.98,5.5,191,80,CSU Bakersfield 15-8
3/1/26,App State,Gardner-Webb,Away,68.60%,31.40%,App State -2.81,5.4,106,205,Gardner-Webb 8-7
3/1/26,Milwaukee,Evansville,Home,45.20%,54.80%,Evansville -0.31,5.4,180,200,Evansville 4-2
3/1/26,Monmouth,UMBC,Away,48.20%,51.80%,Monmouth -0.0,5.4,167,221,Monmouth 13-0
3/1/26,Pacific,Grand Canyon,Home,34.70%,65.30%,Grand Canyon -2.15,5.4,193,148,Grand Canyon 11-10
3/1/26,Eastern Ill.,Northern Ky.,Away,55.10%,44.90%,Eastern Ill. -1.12,5.4,133,227,Northern Ky. 20-15
3/1/26,Georgia St.,Belmont,Home,53.70%,46.30%,Georgia St. -0.84,5.3,143,233,Georgia St. 4-2
3/1/26,Penn,Mercer,Home,15.70%,84.30%,Mercer -5.86,5.3,206,41,Mercer 10-5
3/1/26,South Dakota St.,Central Ark.,Home,38.30%,61.70%,Central Ark. -1.71,5.2,209,161,Central Ark. 9-3
3/1/26,Rhode Island,Kent St.,Home,20.80%,79.20%,Kent St. -4.49,5.2,214,61,Rhode Island 0-0
3/1/26,Bryant,Radford,Away,47.50%,52.50%,Radford -0.46,5.2,217,187,Bryant 12-6
3/1/26,Rider,Delaware,Home,48.50%,51.50%,Rider -0.02,5.1,184,229,Delaware 5-4
3/1/26,Davidson,Wake Forest,Away,9.70%,90.30%,Wake Forest -7.67,5,220,25,Wake Forest 16-6
3/1/26,Southern Ind.,North Ala.,Home,35.70%,64.30%,North Ala. -1.99,5,204,176,North Ala. 7-3
3/1/26,Stony Brook,FIU,Home,44.00%,56.00%,FIU -0.76,5,207,211,Stony Brook 0-0
3/1/26,UIW,Houston Christian,Home,33.70%,66.30%,Houston Christian -2.42,5,202,169,Houston Christian 11-10
3/1/26,Ball St.,Hawaii,Away,24.40%,75.60%,Hawaii -3.92,5,212,112,Hawaii 6-0
3/1/26,Morehead St.,Southern U.,Away,60.30%,39.70%,Morehead St. -1.5,4.9,158,232,Morehead St. 8-7
3/1/26,Maine,Winthrop,Away,27.10%,72.90%,Winthrop -3.13,4.9,216,129,Winthrop 9-6
3/1/26,Brown,Charleston So.,Away,26.30%,73.70%,Charleston So. -3.36,4.8,208,154,Charleston So. 10-4
3/1/26,Fresno St.,Stanford,Away,20.10%,79.90%,Stanford -5.01,4.7,248,64,Fresno St. 11-8
3/1/26,Army West Point,Queens (NC),Away,50.70%,49.30%,Army West Point -0.35,4.7,197,255,Army West Point 5-2
3/1/26,Central Mich.,Louisville,Away,12.00%,88.00%,Louisville -6.82,4.7,224,67,Louisville 7-5
3/1/26,Bowling Green,Samford,Away,21.60%,78.40%,Samford -4.72,4.7,234,89,Samford 11-2
3/1/26,Notre Dame,Tennessee Tech,Away,81.70%,18.30%,Notre Dame -5.36,4.7,47,251,Notre Dame 11-0
3/1/26,Fairfield,Elon,Home,42.60%,57.40%,Elon -0.64,4.7,213,228,Fairfield 6-4
3/1/26,Marist,Purdue,Neutral,13.40%,86.60%,Purdue -6.29,4.6,242,54,Purdue 18-1
3/1/26,Eastern Mich.,SIUE,Away,26.40%,73.60%,SIUE -3.7,4.5,238,140,SIUE 4-3
3/1/26,Niagara,Portland,Away,22.00%,78.00%,Portland -4.03,4.5,230,127,Niagara 3-1
3/1/26,Fordham,Stetson,Away,36.40%,63.60%,Stetson -1.98,4.5,235,183,Stetson 7-3
3/1/26,Villanova,Fla. Atlantic,Home,19.20%,80.80%,Fla. Atlantic -4.86,4.3,241,115,Fla. Atlantic 15-5
3/1/26,Davidson,LMU (CA),Neutral,56.10%,43.90%,Davidson -1.14,4.3,220,254,LMU (CA) 11-1
3/1/26,West Ga.,South Alabama,Home,18.00%,82.00%,South Alabama -5.42,4.3,268,66,South Alabama 2-1
3/1/26,Princeton,Duke,Home,16.10%,83.90%,Duke -5.75,4.3,250,82,Princeton 8-7
3/1/26,LIU,UMass Lowell,Away,45.50%,54.50%,UMass Lowell -0.27,4.2,239,253,LIU 0-0
3/1/26,Northern Colo.,Utah Tech,Away,19.80%,80.20%,Utah Tech -4.83,4.2,256,105,Utah Tech 6-4
3/1/26,Harvard,Rice,Away,12.30%,87.70%,Rice -6.75,4.1,262,65,Rice 9-0
3/1/26,Oakland,Georgia,Home,1.90%,98.10%,Georgia -13.16,4.1,271,2,Georgia 4-3
3/1/26,Wagner,Maryland,Home,11.00%,89.00%,Maryland -6.93,4,247,101,Maryland 15-10
3/1/26,Le Moyne,North Carolina,Away,2.40%,97.50%,North Carolina -12.36,4,275,5,North Carolina 21-1
3/1/26,Quinnipiac,ETSU,Home,17.80%,82.20%,ETSU -5.16,4,252,123,ETSU 16-5
3/1/26,Butler,Marshall,Away,21.70%,78.30%,Marshall -4.17,4,236,174,Marshall 3-1
3/1/26,UC Riverside,Utah Valley,Away,37.60%,62.40%,Utah Valley -1.56,3.9,246,243,Utah Valley 13-2
3/1/26,Dartmouth,LSU,Away,7.20%,92.80%,LSU -8.67,3.9,277,45,LSU 3-0
3/1/26,Ark.-Pine Bluff,Arkansas St.,Away,11.70%,88.30%,Arkansas St. -6.77,3.9,266,83,Arkansas St. 7-2
3/1/26,Holy Cross,Seattle U,Away,36.20%,63.80%,Seattle U -1.7,3.9,249,237,Holy Cross 7-2
3/1/26,Eastern Ky.,Tulane,Away,19.30%,80.70%,Tulane -4.84,3.9,258,137,Tulane 11-3
3/1/26,FDU,Georgetown,Away,27.60%,72.40%,Georgetown -3.02,3.8,240,219,Georgetown 6-5
3/1/26,Akron,N.C. A&T,Away,47.00%,53.00%,N.C. A&T -0.48,3.8,265,272,Akron 5-4
3/1/26,Valparaiso,Alabama St.,Home,34.60%,65.40%,Alabama St. -2.59,3.8,276,194,Valparaiso 3-1
3/1/26,UNC Asheville,Jackson St.,Home,52.00%,48.00%,UNC Asheville -0.38,3.7,259,283,Jackson St. 6-5
3/1/26,Youngstown St.,Longwood,Home,21.70%,78.30%,Longwood -4.48,3.7,270,156,Longwood 6-4
3/1/26,St. Thomas (MN),New Mexico,Home,18.30%,81.70%,New Mexico -5.1,3.6,267,155,New Mexico 7-3
3/1/26,Sacred Heart,NC State,Home,5.10%,94.90%,NC State -9.86,3.6,284,51,NC State 13-0
3/1/26,Western Ill.,ULM,Home,24.10%,75.90%,ULM -3.97,3.6,281,150,ULM 11-7
3/1/26,New Haven,TCU,Away,3.10%,96.90%,TCU -11.58,3.5,302,30,TCU 20-1
3/1/26,Illinois,UAlbany,Neutral,89.50%,10.50%,Illinois -7.29,3.5,94,288,Illinois 14-6
3/1/26,Seton Hall,Southern Ill.,Away,26.70%,73.30%,Southern Ill. -3.5,3.5,263,218,Seton Hall 4-2
3/1/26,Northeastern,Grambling,Neutral,91.60%,8.40%,Northeastern -8.1,3.5,102,273,Northeastern 10-0
3/1/26,Presbyterian,North Florida,Home,17.90%,82.10%,North Florida -5.29,3.4,278,149,North Florida 12-2
3/1/26,Canisius,Towson,Away,34.20%,65.80%,Towson -2.12,3.4,274,245,Towson 16-7
3/1/26,NJIT,Iona,Home,52.40%,47.60%,NJIT -0.25,3.3,293,290,NJIT 0-0
3/1/26,Cornell,Richmond,Away,17.40%,82.60%,Richmond -5.34,3.2,287,160,Richmond 12-2
3/1/26,Massachusetts,Siena,Neutral,63.90%,36.10%,Massachusetts -1.84,3.2,269,279,Siena 9-7
3/1/26,Texas Southern,A&M-Corpus Christi,Home,19.40%,80.60%,A&M-Corpus Christi -4.87,3,285,199,Texas Southern 16-4
3/1/26,St. Bonaventure,Navy,Home,24.00%,76.00%,Navy -4.01,3,292,215,Navy 4-0
3/1/26,Ohio,Dayton,Home,16.60%,83.40%,Dayton -5.61,2.9,294,185,Dayton 9-6
3/1/26,Ohio,Dayton,Home,16.60%,83.40%,Dayton -5.61,2.9,294,185,Ohio 12-5
3/1/26,Bradley,UT Martin,Away,24.20%,75.80%,UT Martin -4.0,2.9,289,231,Bradley 11-8
3/1/26,Stonehill,VMI,Away,16.90%,83.00%,VMI -5.21,2.9,286,196,VMI 7-0
3/1/26,Lehigh,George Mason,Home,15.80%,84.20%,George Mason -5.75,2.8,296,181,George Mason 3-0
3/1/26,Lafayette,William & Mary,Away,23.10%,76.90%,William & Mary -4.01,2.8,295,222,William & Mary 12-5
3/1/26,Mercyhurst,Murray St.,Neutral,12.10%,87.90%,Murray St. -6.78,2.8,299,159,Murray St. 20-4
3/1/26,Prairie View,New Mexico St.,Home,10.10%,89.90%,New Mexico St. -7.29,2.5,300,186,New Mexico St. 16-1
3/1/26,Central Conn. St.,Florida A&M,Away,13.50%,86.50%,Florida A&M -6.37,2.4,297,225,Florida A&M 9-4
3/1/26,Mississippi Val.,Alcorn,Neutral,68.20%,31.80%,Mississippi Val. -2.58,2.4,301,305,Mississippi Val. 15-7
3/1/26,Delaware St.,Bethune-Cookman,Home,2.80%,97.20%,Bethune-Cookman -11.76,2.3,306,171,Bethune-Cookman 14-8
3/1/26,Delaware St.,Bethune-Cookman,Home,2.80%,97.20%,Bethune-Cookman -11.76,2.3,306,171,Bethune-Cookman 14-0
3/1/26,Mount St. Mary's,Norfolk St.,Away,76.30%,23.70%,Mount St. Mary's -3.93,2.3,280,298,Mount St. Mary's 24-7
3/1/26,Alabama A&M,UIC,Neutral,4.50%,95.50%,UIC -10.32,2.2,304,190,Alabama A&M 5-4
3/1/26,La Salle,Coppin St.,Home,86.40%,13.60%,La Salle -6.28,2,261,303,La Salle 8-7
3/1/26,Manhattan,UMES,Away,84.90%,15.10%,Manhattan -5.91,1.8,291,307,UMES 8-2
3/1/26,Manhattan,UMES,Away,84.90%,15.10%,Manhattan -5.91,1.8,291,307,Manhattan 6-4
3/1/26,Saint Peter's,George Washington,Home,7.60%,92.40%,George Washington -8.35,1.5,308,282,George Washington 9-6
2/28/26,Alabama,Oregon St.,Neutral,50.90%,49.10%,Alabama -0.29,9.7,9,18,Alabama 8-7
2/28/26,Texas A&M,UCLA,Neutral,42.90%,57.10%,UCLA -1.13,9.6,7,1,UCLA 11-1
2/28/26,Tennessee,Arizona St.,Neutral,51.60%,48.40%,Tennessee -0.27,9.4,26,23,Tennessee 5-3
2/28/26,Florida,Miami (FL),Away,55.20%,44.80%,Florida -0.83,9.3,14,29,Florida 8-4
2/28/26,Nebraska,Auburn,Home,31.90%,68.10%,Auburn -2.56,9,16,8,Auburn 15-4
2/28/26,UTSA,Coastal Carolina,Neutral,52.30%,47.70%,UTSA -0.38,8.9,46,40,UTSA 16-10
2/28/26,Southern California,Cal Poly,Home,59.30%,40.80%,Southern California -1.43,8.8,15,52,Southern California 16-2
2/28/26,Troy,East Carolina,Home,41.10%,58.90%,East Carolina -1.02,8.5,57,43,East Carolina 5-2
2/28/26,Kansas,Minnesota,Away,61.90%,38.10%,Kansas -2.09,8.4,12,72,Minnesota 10-3
2/28/26,Texas St.,Tarleton St.,Neutral,57.50%,42.50%,Texas St. -0.9,8.4,59,58,Texas St. 9-3
2/28/26,Mississippi St.,Virginia Tech,Neutral,74.10%,25.90%,Mississippi St. -3.62,8.3,10,49,Mississippi St. 15-8
2/28/26,Miami (OH),Southeast Mo. St.,Away,48.30%,51.70%,Southeast Mo. St. -0.17,8.2,76,75,Miami (OH) 14-6
2/28/26,Miami (OH),Southeast Mo. St.,Away,48.30%,51.70%,Southeast Mo. St. -0.17,8.2,76,75,Southeast Mo. St. 10-2
2/28/26,Iowa,Houston,Neutral,53.40%,46.60%,Iowa -0.56,8.1,63,90,Iowa 6-4
2/28/26,Southern Miss.,Louisiana Tech,Home,65.00%,35.00%,Southern Miss. -2.27,8.1,21,81,Southern Miss. 11-0
2/28/26,South Fla.,UCF,Away,35.30%,64.70%,UCF -2.12,8.1,74,33,South Fla. 9-2
2/28/26,South Fla.,UCF,Away,35.30%,64.70%,UCF -2.12,8.1,74,33,South Fla. 2-1
2/28/26,Gonzaga,Oklahoma,Away,21.40%,78.60%,Oklahoma -4.5,8.1,48,13,Oklahoma 11-1
2/28/26,Utah,UC Santa Barbara,Home,29.70%,70.30%,UC Santa Barbara -2.97,7.9,70,32,UC Santa Barbara 7-1
2/28/26,Baylor,Texas,Neutral,20.80%,79.30%,Texas -4.8,7.9,60,3,Texas 5-2
2/28/26,California,Sacramento St.,Away,50.00%,50.00%,California -0.15,7.8,56,120,California 8-2
2/28/26,Boston College,FGCU,Away,53.80%,46.20%,Boston College -0.74,7.8,37,118,FGCU 11-5
2/28/26,UC San Diego,Louisiana,Home,32.80%,67.20%,Louisiana -2.58,7.8,85,39,Louisiana 8-0
2/28/26,The Citadel,Florida St.,Home,22.70%,77.30%,Florida St. -4.04,7.8,69,19,Florida St. 6-2
2/28/26,The Citadel,Florida St.,Home,22.70%,77.30%,Florida St. -4.04,7.8,69,19,Florida St. 2-1
2/28/26,Ole Miss,Ohio St.,Neutral,78.20%,21.80%,Ole Miss -4.53,7.7,11,78,Ole Miss 8-0
2/28/26,Oregon,UC Irvine,Neutral,74.40%,25.60%,Oregon -3.85,7.5,20,93,UC Irvine 8-6
2/28/26,St. John's (NY),Kentucky,Home,25.60%,74.40%,Kentucky -3.42,7.5,92,28,Kentucky 3-0
2/28/26,West Virginia,Kennesaw St.,Home,78.40%,21.60%,West Virginia -4.64,7.5,6,88,West Virginia 9-1
2/28/26,South Carolina,Clemson,Neutral,33.50%,66.50%,Clemson -2.5,7.4,104,55,Clemson 4-1
2/28/26,Northeastern,LSU,Home,32.00%,68.00%,LSU -2.41,7.4,102,45,LSU 3-1
2/28/26,San Diego St.,Washington,Away,45.20%,54.80%,Washington -0.55,7.4,73,128,San Diego St. 3-2
2/28/26,Little Rock,Missouri St.,Away,28.20%,71.80%,Missouri St. -2.93,7.2,113,35,Missouri St. 9-4
2/28/26,Little Rock,Missouri St.,Away,28.20%,71.80%,Missouri St. -2.93,7.2,113,35,Missouri St. 7-5
2/28/26,Xavier,Cal St. Fullerton,Home,42.40%,57.60%,Cal St. Fullerton -0.7,7.2,91,119,Xavier 3-2
2/28/26,Rutgers,Western Caro.,Neutral,41.50%,58.50%,Western Caro. -1.33,7.2,124,84,Rutgers 9-3
2/28/26,Charlotte,Old Dominion,Away,54.40%,45.60%,Charlotte -0.55,7.2,98,125,Charlotte 13-0
2/28/26,Oral Roberts,DBU,Home,33.00%,67.00%,DBU -2.55,7.1,116,71,Oral Roberts 8-6
2/28/26,Arizona,Vanderbilt,Neutral,30.00%,70.00%,Vanderbilt -2.99,7,130,38,Arizona 5-1
2/28/26,UConn,UNCW,Away,44.00%,56.00%,UNCW -0.65,7,100,131,UNCW 2-1
2/28/26,Indiana,Western Ky.,Away,35.00%,65.00%,Western Ky. -1.97,7,103,110,Indiana 3-1
2/28/26,Indiana,Western Ky.,Away,35.00%,65.00%,Western Ky. -1.97,7,103,110,Western Ky. 14-12
2/28/26,UTRGV,Lamar University,Home,37.00%,63.00%,Lamar University -1.82,6.9,126,95,Lamar University 1-0
2/28/26,VCU,Virginia,Away,21.00%,79.00%,Virginia -4.31,6.9,117,34,Virginia 7-6
2/28/26,Southeastern La.,Northwestern St.,Home,55.10%,44.90%,Southeastern La. -1.06,6.8,86,157,Southeastern La. 5-1
2/28/26,Nevada,UC Davis,Away,42.40%,57.60%,UC Davis -1.23,6.8,135,111,UC Davis 7-5
2/28/26,Saint Mary's (CA),San Jose St.,Away,57.80%,42.20%,Saint Mary's (CA) -1.16,6.8,96,142,San Jose St. 8-0
2/28/26,Jacksonville,UAB,Away,31.60%,68.40%,UAB -2.48,6.8,132,68,UAB 11-6
2/28/26,Creighton,Abilene Christian,Neutral,56.00%,44.00%,Creighton -1.02,6.8,97,151,Abilene Christian 12-11
2/28/26,Jacksonville St.,Memphis,Away,78.10%,21.90%,Jacksonville St. -4.45,6.8,22,134,Jacksonville St. 9-4
2/28/26,Col. of Charleston,Illinois,Neutral,40.50%,59.50%,Illinois -1.22,6.7,152,94,Illinois 5-0
2/28/26,Saint Joseph's,Wofford,Away,33.60%,66.40%,Wofford -2.12,6.7,107,122,Wofford 10-6
2/28/26,UNLV,Santa Clara,Home,45.40%,54.60%,Santa Clara -0.66,6.6,136,147,UNLV 8-5
2/28/26,Michigan,San Diego,Away,62.40%,37.60%,Michigan -2.0,6.5,50,177,Michigan 9-0
2/28/26,Wright St.,Campbell,Home,25.20%,74.80%,Campbell -3.98,6.4,153,53,Campbell 7-3
2/28/26,California Baptist,San Francisco,Away,69.70%,30.30%,California Baptist -3.01,6.3,42,175,San Francisco 3-2
2/28/26,Sam Houston,Oklahoma St.,Home,16.20%,83.80%,Oklahoma St. -5.68,6.3,146,27,Oklahoma St. 20-0
2/28/26,Toledo,Lipscomb,Home,50.20%,49.80%,Toledo -0.0,6.2,170,165,Toledo 10-7
2/28/26,Northwestern,Georgia Tech,Home,7.60%,92.40%,Georgia Tech -8.6,6.2,141,4,Georgia Tech 13-3
2/28/26,NIU,Lindenwood,Home,55.10%,44.90%,NIU -0.89,6.2,99,195,NIU 5-1
2/28/26,NIU,Lindenwood,Home,55.10%,44.90%,NIU -0.89,6.2,99,195,NIU 5-1
2/28/26,Illinois St.,Middle Tenn.,Away,50.10%,49.90%,Illinois St. -0.02,6.2,145,179,Middle Tenn. 8-2
2/28/26,UNC Greensboro,Pittsburgh,Home,21.30%,78.70%,Pittsburgh -4.53,6.1,168,36,Pittsburgh 7-1
2/28/26,UNC Greensboro,Pittsburgh,Home,21.30%,78.70%,Pittsburgh -4.53,6.1,168,36,Pittsburgh 14-2
2/28/26,McNeese,Nicholls,Away,57.90%,42.10%,McNeese -1.21,6.1,139,166,McNeese 11-4
2/28/26,Western Mich.,CSUN,Home,38.30%,61.70%,CSUN -1.46,6,162,144,CSUN 11-4
2/28/26,BYU,Long Beach St.,Away,62.50%,37.50%,BYU -2.03,5.9,62,210,Long Beach St. 7-6
2/28/26,Binghamton,High Point,Away,22.90%,77.10%,High Point -4.01,5.9,163,77,High Point 5-2
2/28/26,UIC,Notre Dame,Neutral,23.80%,76.20%,Notre Dame -4.12,5.8,190,47,Notre Dame 14-3
2/28/26,UT Arlington,Arkansas,Home,11.90%,88.10%,Arkansas -7.0,5.8,172,17,Arkansas 9-0
2/28/26,USC Upstate,Ga. Southern,Home,60.40%,39.60%,USC Upstate -1.69,5.8,108,203,Ga. Southern 4-3
2/28/26,USC Upstate,Ga. Southern,Home,60.40%,39.60%,USC Upstate -1.69,5.8,108,203,USC Upstate 8-2
2/28/26,Penn St.,Indiana St.,Neutral,42.70%,57.30%,Indiana St. -0.93,5.8,192,138,Indiana St. 2-1
2/28/26,SFA,New Orleans,Home,47.10%,52.90%,New Orleans -0.52,5.7,173,188,SFA 3-1
2/28/26,Hofstra,Liberty,Away,14.50%,85.50%,Liberty -6.08,5.7,178,31,Liberty 13-2
2/28/26,Yale,Pepperdine,Home,52.20%,47.80%,Yale -0.6,5.7,164,198,Pepperdine 4-3
2/28/26,Omaha,Wichita St.,Away,30.10%,69.90%,Wichita St. -2.97,5.5,189,114,Omaha 15-8
2/28/26,Omaha,Wichita St.,Away,30.10%,69.90%,Wichita St. -2.97,5.5,189,114,Wichita St. 5-2
2/28/26,Austin Peay,Cincinnati,Away,16.70%,83.30%,Cincinnati -5.68,5.5,201,24,Austin Peay 7-1
2/28/26,Austin Peay,Cincinnati,Away,16.70%,83.30%,Cincinnati -5.68,5.5,201,24,Cincinnati 3-0
2/28/26,CSU Bakersfield,Texas Tech,Away,23.80%,76.20%,Texas Tech -3.98,5.5,191,80,Texas Tech 14-3
2/28/26,App State,Gardner-Webb,Away,68.60%,31.40%,App State -2.81,5.4,106,205,Gardner-Webb 11-10
2/28/26,Milwaukee,Evansville,Home,45.20%,54.80%,Evansville -0.31,5.4,180,200,Evansville 2-1
2/28/26,Monmouth,UMBC,Away,48.20%,51.80%,Monmouth -0.0,5.4,167,221,UMBC 4-3
2/28/26,Monmouth,UMBC,Away,48.20%,51.80%,Monmouth -0.0,5.4,167,221,UMBC 10-9
2/28/26,Pacific,Grand Canyon,Home,34.70%,65.30%,Grand Canyon -2.15,5.4,193,148,Pacific 3-2
2/28/26,Eastern Ill.,Northern Ky.,Away,55.10%,44.90%,Eastern Ill. -1.12,5.4,133,227,Northern Ky. 8-7
2/28/26,Georgia St.,Belmont,Home,53.70%,46.30%,Georgia St. -0.84,5.3,143,233,Belmont 8-7
2/28/26,Georgia St.,Belmont,Home,53.70%,46.30%,Georgia St. -0.84,5.3,143,233,Belmont 16-3
2/28/26,Penn,Mercer,Home,15.70%,84.30%,Mercer -5.86,5.3,206,41,Mercer 5-3
2/28/26,South Dakota St.,Central Ark.,Home,38.30%,61.70%,Central Ark. -1.71,5.2,209,161,South Dakota St. 8-5
2/28/26,Rhode Island,Kent St.,Home,20.80%,79.20%,Kent St. -4.49,5.2,214,61,Kent St. 7-1
2/28/26,Rhode Island,Kent St.,Home,20.80%,79.20%,Kent St. -4.49,5.2,214,61,Kent St. 12-3
2/28/26,Bryant,Radford,Away,47.50%,52.50%,Radford -0.46,5.2,217,187,Bryant 15-2
2/28/26,Rider,Delaware,Home,48.50%,51.50%,Rider -0.02,5.1,184,229,Delaware 5-4
2/28/26,Southern Ind.,North Ala.,Home,35.70%,64.30%,North Ala. -1.99,5,204,176,Southern Ind. 8-0
2/28/26,Stony Brook,FIU,Home,44.00%,56.00%,FIU -0.76,5,207,211,FIU 10-9
2/28/26,UIW,Houston Christian,Home,33.70%,66.30%,Houston Christian -2.42,5,202,169,Houston Christian 17-8
2/28/26,Ball St.,Hawaii,Away,24.40%,75.60%,Hawaii -3.92,5,212,112,Ball St. 1-0
2/28/26,Morehead St.,Southern U.,Away,60.30%,39.70%,Morehead St. -1.5,4.9,158,232,Southern U. 10-8
2/28/26,Columbia,Kansas St.,Away,14.30%,85.70%,Kansas St. -6.02,4.9,226,44,Kansas St. 5-2
2/28/26,Maine,Winthrop,Away,27.10%,72.90%,Winthrop -3.13,4.9,216,129,Winthrop 7-2
2/28/26,Brown,Charleston So.,Away,26.30%,73.70%,Charleston So. -3.36,4.8,208,154,Charleston So. 11-1
2/28/26,Brown,Charleston So.,Away,26.30%,73.70%,Charleston So. -3.36,4.8,208,154,Charleston So. 13-8
2/28/26,Fresno St.,Stanford,Away,20.10%,79.90%,Stanford -5.01,4.7,248,64,Fresno St. 15-4
2/28/26,Army West Point,Queens (NC),Away,50.70%,49.30%,Army West Point -0.35,4.7,197,255,Army West Point 4-3
2/28/26,Central Mich.,Louisville,Away,12.00%,88.00%,Louisville -6.82,4.7,224,67,Louisville 9-8
2/28/26,Bowling Green,Samford,Away,21.60%,78.40%,Samford -4.72,4.7,234,89,Samford 7-4
2/28/26,Fairfield,Elon,Home,42.60%,57.40%,Elon -0.64,4.7,213,228,Elon 3-0
2/28/26,North Dakota St.,Missouri,Home,20.90%,79.10%,Missouri -4.7,4.6,244,87,Missouri 5-3
2/28/26,North Dakota St.,Missouri,Home,20.90%,79.10%,Missouri -4.7,4.6,244,87,Missouri 7-5
2/28/26,Marist,Purdue,Neutral,13.40%,86.60%,Purdue -6.29,4.6,242,54,Purdue 11-10
2/28/26,Marist,Purdue,Neutral,13.40%,86.60%,Purdue -6.29,4.6,242,54,Purdue 8-2
2/28/26,Eastern Mich.,SIUE,Away,26.40%,73.60%,SIUE -3.7,4.5,238,140,Eastern Mich. 9-1
2/28/26,Eastern Mich.,SIUE,Away,26.40%,73.60%,SIUE -3.7,4.5,238,140,Eastern Mich. 8-7
2/28/26,Niagara,Portland,Away,22.00%,78.00%,Portland -4.03,4.5,230,127,Portland 3-1
2/28/26,Fordham,Stetson,Away,36.40%,63.60%,Stetson -1.98,4.5,235,183,Stetson 13-7
2/28/26,Fordham,Stetson,Away,36.40%,63.60%,Stetson -1.98,4.5,235,183,Fordham 7-6
2/28/26,LMU (CA),Wake Forest,Away,7.70%,92.30%,Wake Forest -8.56,4.4,254,25,Wake Forest 15-4
2/28/26,Villanova,Fla. Atlantic,Home,19.20%,80.80%,Fla. Atlantic -4.86,4.3,241,115,Fla. Atlantic 11-5
2/28/26,LMU (CA),Davidson,Neutral,43.90%,56.10%,Davidson -1.14,4.3,254,220,LMU (CA) 11-1
2/28/26,West Ga.,South Alabama,Home,18.00%,82.00%,South Alabama -5.42,4.3,268,66,South Alabama 21-6
2/28/26,Princeton,Duke,Home,16.10%,83.90%,Duke -5.75,4.3,250,82,Duke 14-4
2/28/26,Princeton,Duke,Home,16.10%,83.90%,Duke -5.75,4.3,250,82,Duke 9-2
2/28/26,LIU,UMass Lowell,Away,45.50%,54.50%,UMass Lowell -0.27,4.2,239,253,LIU 0-0
2/28/26,Northern Colo.,Utah Tech,Away,19.80%,80.20%,Utah Tech -4.83,4.2,256,105,Utah Tech 11-5
2/28/26,Northern Colo.,Utah Tech,Away,19.80%,80.20%,Utah Tech -4.83,4.2,256,105,Utah Tech 6-5
2/28/26,Harvard,Rice,Away,12.30%,87.70%,Rice -6.75,4.1,262,65,Rice 2-1
2/28/26,Oakland,Georgia,Home,1.90%,98.10%,Georgia -13.16,4.1,271,2,Georgia 11-0
2/28/26,Oakland,Georgia,Home,1.90%,98.10%,Georgia -13.16,4.1,271,2,Georgia 17-0
2/28/26,Merrimack,Bucknell,Home,41.90%,58.10%,Bucknell -1.11,4.1,257,223,Bucknell 6-5
2/28/26,Merrimack,Bucknell,Home,41.90%,58.10%,Bucknell -1.11,4.1,257,223,Bucknell 3-2
2/28/26,Wagner,Maryland,Home,11.00%,89.00%,Maryland -6.93,4,247,101,Maryland 21-4
2/28/26,Quinnipiac,ETSU,Home,17.80%,82.20%,ETSU -5.16,4,252,123,ETSU 4-3
2/28/26,Butler,Marshall,Away,21.70%,78.30%,Marshall -4.17,4,236,174,Butler 7-2
2/28/26,Le Moyne,North Carolina,Away,2.40%,97.50%,North Carolina -12.36,4,275,5,North Carolina 12-2
2/28/26,UC Riverside,Utah Valley,Away,37.60%,62.40%,Utah Valley -1.56,3.9,246,243,Utah Valley 11-3
2/28/26,UC Riverside,Utah Valley,Away,37.60%,62.40%,Utah Valley -1.56,3.9,246,243,Utah Valley 7-2
2/28/26,Ark.-Pine Bluff,Arkansas St.,Away,11.70%,88.30%,Arkansas St. -6.77,3.9,266,83,Arkansas St. 10-0
2/28/26,Holy Cross,Seattle U,Away,36.20%,63.80%,Seattle U -1.7,3.9,249,237,Seattle U 11-10
2/28/26,Eastern Ky.,Tulane,Away,19.30%,80.70%,Tulane -4.84,3.9,258,137,Eastern Ky. 6-3
2/28/26,FDU,Georgetown,Away,27.60%,72.40%,Georgetown -3.02,3.8,240,219,Georgetown 7-2
2/28/26,Akron,N.C. A&T,Away,47.00%,53.00%,N.C. A&T -0.48,3.8,265,272,Akron 14-12
2/28/26,Akron,N.C. A&T,Away,47.00%,53.00%,N.C. A&T -0.48,3.8,265,272,Akron 6-4
2/28/26,Valparaiso,Alabama St.,Home,34.60%,65.40%,Alabama St. -2.59,3.8,276,194,Valparaiso 9-0
2/28/26,Youngstown St.,Longwood,Home,21.70%,78.30%,Longwood -4.48,3.7,270,156,Longwood 6-3
2/28/26,UNC Asheville,Jackson St.,Home,52.00%,48.00%,UNC Asheville -0.38,3.7,259,283,UNC Asheville 7-1
2/28/26,Youngstown St.,Longwood,Home,21.70%,78.30%,Longwood -4.48,3.7,270,156,Longwood 9-3
2/28/26,Western Ill.,ULM,Home,24.10%,75.90%,ULM -3.97,3.6,281,150,ULM 11-4
2/28/26,St. Thomas (MN),New Mexico,Home,18.30%,81.70%,New Mexico -5.1,3.6,267,155,New Mexico 5-1
2/28/26,Sacred Heart,NC State,Home,5.10%,94.90%,NC State -9.86,3.6,284,51,NC State 15-5
2/28/26,St. Thomas (MN),New Mexico,Home,18.30%,81.70%,New Mexico -5.1,3.6,267,155,New Mexico 4-3
2/28/26,New Haven,TCU,Away,3.10%,96.90%,TCU -11.58,3.5,302,30,TCU 12-4
2/28/26,Bellarmine,Saint Louis,Away,37.60%,62.40%,Saint Louis -1.69,3.5,260,264,Saint Louis 8-0
2/28/26,Bellarmine,Saint Louis,Away,37.60%,62.40%,Saint Louis -1.69,3.5,260,264,Saint Louis 6-4
2/28/26,Seton Hall,Southern Ill.,Away,26.70%,73.30%,Southern Ill. -3.5,3.5,263,218,Southern Ill. 7-4
2/28/26,Presbyterian,North Florida,Home,17.90%,82.10%,North Florida -5.29,3.4,278,149,North Florida 12-11
2/28/26,UAlbany,Michigan St.,Neutral,13.20%,86.80%,Michigan St. -6.51,3.4,288,109,Michigan St. 4-1
2/28/26,Canisius,Towson,Away,34.20%,65.80%,Towson -2.12,3.4,274,245,Canisius 4-2
2/28/26,Siena,Massachusetts,Neutral,36.10%,63.90%,Massachusetts -1.84,3.2,279,269,Siena 9-7
2/28/26,Grambling,Dartmouth,Neutral,35.80%,64.20%,Dartmouth -1.8,3.2,273,277,Dartmouth 12-11
2/28/26,Dayton,Ohio,Away,75.10%,24.90%,Dayton -4.01,3.2,185,294,Dayton 7-4
2/28/26,Cornell,Richmond,Away,17.40%,82.60%,Richmond -5.34,3.2,287,160,Richmond 11-3
2/28/26,UAlbany,James Madison,Neutral,22.80%,77.20%,James Madison -4.21,3.2,288,182,James Madison 6-3
2/28/26,Texas Southern,A&M-Corpus Christi,Home,19.40%,80.60%,A&M-Corpus Christi -4.87,3,285,199,A&M-Corpus Christi 4-3
2/28/26,NJIT,Iona,Neutral,58.70%,41.30%,NJIT -1.05,3,293,290,NJIT 8-0
2/28/26,NJIT,Iona,Neutral,58.70%,41.30%,NJIT -1.05,3,293,290,NJIT 10-2
2/28/26,St. Bonaventure,Navy,Home,24.00%,76.00%,Navy -4.01,3,292,215,St. Bonaventure 12-0
2/28/26,Stonehill,VMI,Away,16.90%,83.00%,VMI -5.21,2.9,286,196,VMI 3-0
2/28/26,Stonehill,VMI,Away,16.90%,83.00%,VMI -5.21,2.9,286,196,Stonehill 16-5
2/28/26,Bradley,UT Martin,Away,24.20%,75.80%,UT Martin -4.0,2.9,289,231,Bradley 13-9
2/28/26,Lehigh,George Mason,Home,15.80%,84.20%,George Mason -5.75,2.8,296,181,Lehigh 0-0
2/28/26,Lafayette,William & Mary,Away,23.10%,76.90%,William & Mary -4.01,2.8,295,222,William & Mary 12-6
2/28/26,Mercyhurst,Murray St.,Neutral,12.10%,87.90%,Murray St. -6.78,2.8,299,159,Murray St. 6-5
2/28/26,Mercyhurst,Murray St.,Neutral,12.10%,87.90%,Murray St. -6.78,2.8,299,159,Murray St. 10-2
2/28/26,Prairie View,New Mexico St.,Home,10.10%,89.90%,New Mexico St. -7.29,2.5,300,186,New Mexico St. 7-2
2/28/26,Central Conn. St.,Florida A&M,Away,13.50%,86.50%,Florida A&M -6.37,2.4,297,225,Central Conn. St. 4-1
2/28/26,Central Conn. St.,Florida A&M,Away,13.50%,86.50%,Florida A&M -6.37,2.4,297,225,Florida A&M 4-0
2/28/26,Delaware St.,Bethune-Cookman,Home,2.80%,97.20%,Bethune-Cookman -11.76,2.3,306,171,Bethune-Cookman 15-0
2/28/26,Delaware St.,Bethune-Cookman,Home,2.80%,97.20%,Bethune-Cookman -11.76,2.3,306,171,Bethune-Cookman 14-7
2/28/26,Mount St. Mary's,Norfolk St.,Away,76.30%,23.70%,Mount St. Mary's -3.93,2.3,280,298,Mount St. Mary's 6-5
2/28/26,La Salle,Coppin St.,Home,86.40%,13.60%,La Salle -6.28,2,261,303,La Salle 9-6
2/28/26,Alabama A&M,Tennessee Tech,Away,6.10%,93.90%,Tennessee Tech -9.12,1.8,304,251,Tennessee Tech 7-4
2/28/26,Mississippi Val.,Jackson St.,Home,13.50%,86.50%,Jackson St. -6.22,1.8,301,283,Mississippi Val. 14-8
2/28/26,Manhattan,UMES,Away,84.90%,15.10%,Manhattan -5.91,1.8,291,307,Manhattan 15-5
2/28/26,UNC Asheville,Alcorn,Neutral,93.70%,6.30%,UNC Asheville -9.08,1.7,259,305,UNC Asheville 8-2
2/28/26,Saint Peter's,George Washington,Home,7.60%,92.40%,George Washington -8.35,1.5,308,282,George Washington 8-2
2/27/26,Florida,Miami (FL),Away,55.20%,44.80%,Florida -0.83,9.3,14,29,Florida 7-2
2/27/26,Arizona St.,Mississippi St.,Neutral,39.50%,60.50%,Mississippi St. -1.6,9.2,23,10,Mississippi St. 8-4
2/27/26,UCLA,Tennessee,Neutral,65.20%,34.80%,UCLA -2.34,9,1,26,UCLA 12-5
2/27/26,Nebraska,Auburn,Home,31.90%,68.10%,Auburn -2.56,9,16,8,Nebraska 9-8
2/27/26,Southern California,Cal Poly,Home,59.30%,40.80%,Southern California -1.43,8.8,15,52,Southern California 6-0
2/27/26,Kansas,Minnesota,Away,61.90%,38.10%,Kansas -2.09,8.4,12,72,Minnesota 12-5
2/27/26,Coastal Carolina,Texas,Neutral,25.20%,74.80%,Texas -4.0,8.4,40,3,Texas 8-1
2/27/26,Virginia Tech,Texas A&M,Neutral,26.30%,73.70%,Texas A&M -3.53,8.3,49,7,Texas A&M 10-0
2/27/26,Alabama,Iowa,Neutral,69.20%,30.80%,Alabama -3.01,8.3,9,63,Alabama 12-2
2/27/26,Miami (OH),Southeast Mo. St.,Away,48.30%,51.70%,Southeast Mo. St. -0.17,8.2,76,75,Southeast Mo. St. 14-10
2/27/26,Washington St.,BYU,Neutral,42.90%,57.10%,BYU -0.99,8.1,79,62,BYU 5-4
2/27/26,Gonzaga,Oklahoma,Away,21.40%,78.60%,Oklahoma -4.5,8.1,48,13,Oklahoma 14-4
2/27/26,Baylor,Ole Miss,Neutral,26.90%,73.10%,Ole Miss -3.64,8.1,60,11,Baylor 6-5
2/27/26,Creighton,Tarleton St.,Neutral,50.40%,49.60%,Tarleton St. -0.19,8.1,97,58,Tarleton St. 8-7
2/27/26,Southern Miss.,Louisiana Tech,Home,65.00%,35.00%,Southern Miss. -2.27,8.1,21,81,Southern Miss. 8-3
2/27/26,Utah,UC Santa Barbara,Home,29.70%,70.30%,UC Santa Barbara -2.97,7.9,70,32,UC Santa Barbara 7-2
2/27/26,Ohio St.,UTSA,Neutral,35.00%,65.00%,UTSA -2.11,7.9,78,46,UTSA 6-5
2/27/26,Boston College,FGCU,Away,53.80%,46.20%,Boston College -0.74,7.8,37,118,Boston College 10-4
2/27/26,UC San Diego,Louisiana,Home,32.80%,67.20%,Louisiana -2.58,7.8,85,39,UC San Diego 7-3
2/27/26,Western Caro.,Troy,Neutral,37.80%,62.20%,Troy -1.93,7.8,84,57,Western Caro. 4-3
2/27/26,Houston,Oregon St.,Neutral,28.70%,71.30%,Oregon St. -3.29,7.7,90,18,Oregon St. 2-1
2/27/26,Clemson,South Carolina,Away,60.50%,39.50%,Clemson -1.7,7.6,55,104,South Carolina 7-0
2/27/26,UC Irvine,Vanderbilt,Neutral,28.20%,71.80%,Vanderbilt -3.26,7.5,93,38,UC Irvine 9-4
2/27/26,St. John's (NY),Kentucky,Home,25.60%,74.40%,Kentucky -3.42,7.5,92,28,Kentucky 3-1
2/27/26,West Virginia,Kennesaw St.,Home,78.40%,21.60%,West Virginia -4.64,7.5,6,88,West Virginia 12-4
2/27/26,San Diego St.,Washington,Away,45.20%,54.80%,Washington -0.55,7.4,73,128,San Diego St. 9-4
2/27/26,Illinois,Michigan St.,Neutral,56.50%,43.50%,Illinois -0.74,7.4,94,109,Illinois 5-4
2/27/26,Sacramento St.,California,Home,37.50%,62.50%,California -1.75,7.3,120,56,California 5-4
2/27/26,Little Rock,Missouri St.,Away,28.20%,71.80%,Missouri St. -2.93,7.2,113,35,Missouri St. 8-5
2/27/26,Xavier,Cal St. Fullerton,Home,42.40%,57.60%,Cal St. Fullerton -0.7,7.2,91,119,Xavier 3-0
2/27/26,Charlotte,Old Dominion,Away,54.40%,45.60%,Charlotte -0.55,7.2,98,125,Charlotte 0-0
2/27/26,Oral Roberts,Air Force,Neutral,53.10%,46.90%,Oral Roberts -0.33,7.2,116,121,Oral Roberts 6-3
2/27/26,UConn,UNCW,Away,44.00%,56.00%,UNCW -0.65,7,100,131,UConn 5-2
2/27/26,Arizona,Oregon,Neutral,27.30%,72.70%,Oregon -3.58,7,130,20,Oregon 7-2
2/27/26,Indiana,Western Ky.,Away,35.00%,65.00%,Western Ky. -1.97,7,103,110,Western Ky. 4-1
2/27/26,UTRGV,Lamar University,Home,37.00%,63.00%,Lamar University -1.82,6.9,126,95,Lamar University 6-2
2/27/26,VCU,Virginia,Away,21.00%,79.00%,Virginia -4.31,6.9,117,34,Virginia 5-3
2/27/26,Air Force,DBU,Away,30.30%,69.70%,DBU -2.89,6.9,121,71,DBU 15-11
2/27/26,Southeastern La.,Northwestern St.,Home,55.10%,44.90%,Southeastern La. -1.06,6.8,86,157,Southeastern La. 7-5
2/27/26,Jacksonville,UAB,Away,31.60%,68.40%,UAB -2.48,6.8,132,68,Jacksonville 10-2
2/27/26,Rutgers,East Carolina,Home,23.20%,76.80%,East Carolina -4.24,6.8,124,43,East Carolina 14-2
2/27/26,Nevada,UC Davis,Away,42.40%,57.60%,UC Davis -1.23,6.8,135,111,UC Davis 5-4
2/27/26,Texas St.,Abilene Christian,Neutral,62.90%,37.10%,Texas St. -2.08,6.8,59,151,Texas St. 5-4
2/27/26,Jacksonville St.,Memphis,Away,78.10%,21.90%,Jacksonville St. -4.45,6.8,22,134,Jacksonville St. 10-1
2/27/26,Saint Joseph's,Wofford,Away,33.60%,66.40%,Wofford -2.12,6.7,107,122,Wofford 12-2
2/27/26,UNLV,Santa Clara,Home,45.40%,54.60%,Santa Clara -0.66,6.6,136,147,UNLV 5-4
2/27/26,Michigan,San Diego,Away,62.40%,37.60%,Michigan -2.0,6.5,50,177,San Diego 6-5
2/27/26,San Jose St.,Saint Mary's (CA),Home,30.50%,69.50%,Saint Mary's (CA) -2.76,6.4,142,96,Saint Mary's (CA) 15-5
2/27/26,San Jose St.,Saint Mary's (CA),Home,30.50%,69.50%,Saint Mary's (CA) -2.76,6.4,142,96,Saint Mary's (CA) 5-4
2/27/26,Wright St.,Campbell,Home,25.20%,74.80%,Campbell -3.98,6.4,153,53,Wright St. 6-4
2/27/26,California Baptist,San Francisco,Away,69.70%,30.30%,California Baptist -3.01,6.3,42,175,California Baptist 7-1
2/27/26,Sam Houston,Oklahoma St.,Home,16.20%,83.80%,Oklahoma St. -5.68,6.3,146,27,Oklahoma St. 5-1
2/27/26,Northwestern,Georgia Tech,Home,7.60%,92.40%,Georgia Tech -8.6,6.2,141,4,Georgia Tech 17-3
2/27/26,Toledo,Lipscomb,Home,50.20%,49.80%,Toledo -0.0,6.2,170,165,Toledo 5-1
2/27/26,NIU,Lindenwood,Home,55.10%,44.90%,NIU -0.89,6.2,99,195,Lindenwood 13-3
2/27/26,Illinois St.,Middle Tenn.,Away,50.10%,49.90%,Illinois St. -0.02,6.2,145,179,Middle Tenn. 13-3
2/27/26,Washington St.,Long Beach St.,Home,55.60%,44.40%,Washington St. -1.06,6.1,79,210,Washington St. 10-4
2/27/26,UNC Greensboro,Pittsburgh,Home,21.30%,78.70%,Pittsburgh -4.53,6.1,168,36,Pittsburgh 14-6
2/27/26,McNeese,Nicholls,Away,57.90%,42.10%,McNeese -1.21,6.1,139,166,McNeese 8-1
2/27/26,Western Mich.,CSUN,Home,38.30%,61.70%,CSUN -1.46,6,162,144,Western Mich. 11-1
2/27/26,Binghamton,High Point,Away,22.90%,77.10%,High Point -4.01,5.9,163,77,Binghamton 9-7
2/27/26,Indiana St.,Penn St.,Neutral,57.30%,42.70%,Indiana St. -0.93,5.8,138,192,Indiana St. 8-5
2/27/26,UT Arlington,Arkansas,Home,11.90%,88.10%,Arkansas -7.0,5.8,172,17,UT Arlington 4-3
2/27/26,SFA,New Orleans,Home,47.10%,52.90%,New Orleans -0.52,5.7,173,188,SFA 6-5
2/27/26,Hofstra,Liberty,Away,14.50%,85.50%,Liberty -6.08,5.7,178,31,Liberty 7-2
2/27/26,Yale,Pepperdine,Home,52.20%,47.80%,Yale -0.6,5.7,164,198,Yale 7-1
2/27/26,James Madison,Col. of Charleston,Neutral,36.80%,63.20%,Col. of Charleston -1.95,5.6,182,152,Col. of Charleston 8-7
2/27/26,Omaha,Wichita St.,Away,30.10%,69.90%,Wichita St. -2.97,5.5,189,114,Wichita St. 10-3
2/27/26,Austin Peay,Cincinnati,Away,16.70%,83.30%,Cincinnati -5.68,5.5,201,24,Cincinnati 5-4
2/27/26,CSU Bakersfield,Texas Tech,Away,23.80%,76.20%,Texas Tech -3.98,5.5,191,80,Texas Tech 17-4
2/27/26,App State,Gardner-Webb,Away,68.60%,31.40%,App State -2.81,5.4,106,205,Gardner-Webb 7-6
2/27/26,Milwaukee,Evansville,Home,45.20%,54.80%,Evansville -0.31,5.4,180,200,Milwaukee 12-9
2/27/26,Pacific,Grand Canyon,Home,34.70%,65.30%,Grand Canyon -2.15,5.4,193,148,Grand Canyon 5-4
2/27/26,Eastern Ill.,Northern Ky.,Away,55.10%,44.90%,Eastern Ill. -1.12,5.4,133,227,Northern Ky. 3-1
2/27/26,Georgia St.,Belmont,Home,53.70%,46.30%,Georgia St. -0.84,5.3,143,233,Georgia St. 4-1
2/27/26,Penn,Mercer,Home,15.70%,84.30%,Mercer -5.86,5.3,206,41,Mercer 5-4
2/27/26,Rhode Island,Kent St.,Home,20.80%,79.20%,Kent St. -4.49,5.2,214,61,Kent St. 8-7
2/27/26,South Dakota St.,Central Ark.,Home,38.30%,61.70%,Central Ark. -1.71,5.2,209,161,Central Ark. 5-1
2/27/26,Bryant,Radford,Away,47.50%,52.50%,Radford -0.46,5.2,217,187,Radford 5-4
2/27/26,Rider,Delaware,Home,48.50%,51.50%,Rider -0.02,5.1,184,229,Delaware 13-8
2/27/26,Southern Ind.,North Ala.,Home,35.70%,64.30%,North Ala. -1.99,5,204,176,Southern Ind. 20-1
2/27/26,Stony Brook,FIU,Home,44.00%,56.00%,FIU -0.76,5,207,211,Stony Brook 11-1
2/27/26,UIW,Houston Christian,Home,33.70%,66.30%,Houston Christian -2.42,5,202,169,UIW 8-6
2/27/26,Ball St.,Hawaii,Away,24.40%,75.60%,Hawaii -3.92,5,212,112,Hawaii 12-0
2/27/26,Davidson,Wake Forest,Away,9.70%,90.30%,Wake Forest -7.67,5,220,25,Wake Forest 7-1
2/27/26,Morehead St.,Southern U.,Away,60.30%,39.70%,Morehead St. -1.5,4.9,158,232,Southern U. 5-3
2/27/26,Columbia,Kansas St.,Away,14.30%,85.70%,Kansas St. -6.02,4.9,226,44,Kansas St. 2-1
2/27/26,Columbia,Kansas St.,Away,14.30%,85.70%,Kansas St. -6.02,4.9,226,44,Columbia 9-8
2/27/26,Maine,Winthrop,Away,27.10%,72.90%,Winthrop -3.13,4.9,216,129,Winthrop 7-4
2/27/26,Fresno St.,Stanford,Away,20.10%,79.90%,Stanford -5.01,4.7,248,64,Stanford 6-5
2/27/26,Army West Point,Queens (NC),Away,50.70%,49.30%,Army West Point -0.35,4.7,197,255,Army West Point 3-2
2/27/26,Central Mich.,Louisville,Away,12.00%,88.00%,Louisville -6.82,4.7,224,67,Louisville 16-2
2/27/26,Bowling Green,Samford,Away,21.60%,78.40%,Samford -4.72,4.7,234,89,Bowling Green 7-1
2/27/26,Fairfield,Elon,Home,42.60%,57.40%,Elon -0.64,4.7,213,228,Elon 3-2
2/27/26,North Dakota St.,Missouri,Home,20.90%,79.10%,Missouri -4.7,4.6,244,87,Missouri 11-5
2/27/26,Marist,Purdue,Neutral,13.40%,86.60%,Purdue -6.29,4.6,242,54,Purdue 9-4
2/27/26,UIC,Tennessee Tech,Home,58.20%,41.80%,UIC -1.39,4.5,190,251,UIC 8-0
2/27/26,Niagara,Portland,Away,22.00%,78.00%,Portland -4.03,4.5,230,127,Portland 8-5
2/27/26,Eastern Mich.,SIUE,Away,26.40%,73.60%,SIUE -3.7,4.5,238,140,SIUE 12-7
2/27/26,LMU (CA),Wake Forest,Away,7.70%,92.30%,Wake Forest -8.56,4.4,254,25,Wake Forest 12-2
2/27/26,Villanova,Fla. Atlantic,Home,19.20%,80.80%,Fla. Atlantic -4.86,4.3,241,115,Fla. Atlantic 11-4
2/27/26,West Ga.,South Alabama,Home,18.00%,82.00%,South Alabama -5.42,4.3,268,66,South Alabama 7-4
2/27/26,Princeton,Duke,Home,16.10%,83.90%,Duke -5.75,4.3,250,82,Duke 6-2
2/27/26,LIU,UMass Lowell,Away,45.50%,54.50%,UMass Lowell -0.27,4.2,239,253,LIU 0-0
2/27/26,Northern Colo.,Utah Tech,Away,19.80%,80.20%,Utah Tech -4.83,4.2,256,105,Utah Tech 11-8
2/27/26,Harvard,Rice,Away,12.30%,87.70%,Rice -6.75,4.1,262,65,Rice 11-7
2/27/26,Oakland,Georgia,Home,1.90%,98.10%,Georgia -13.16,4.1,271,2,Georgia 16-6
2/27/26,Merrimack,Bucknell,Home,41.90%,58.10%,Bucknell -1.11,4.1,257,223,Merrimack 24-2
2/27/26,Wagner,Maryland,Home,11.00%,89.00%,Maryland -6.93,4,247,101,Maryland 10-9
2/27/26,Quinnipiac,ETSU,Home,17.80%,82.20%,ETSU -5.16,4,252,123,ETSU 8-2
2/27/26,Butler,Marshall,Away,21.70%,78.30%,Marshall -4.17,4,236,174,Marshall 4-3
2/27/26,Le Moyne,North Carolina,Away,2.40%,97.50%,North Carolina -12.36,4,275,5,North Carolina 16-3
2/27/26,UC Riverside,Utah Valley,Away,37.60%,62.40%,Utah Valley -1.56,3.9,246,243,UC Riverside 10-9
2/27/26,Dartmouth,LSU,Away,7.20%,92.80%,LSU -8.67,3.9,277,45,LSU 5-2
2/27/26,Ark.-Pine Bluff,Arkansas St.,Away,11.70%,88.30%,Arkansas St. -6.77,3.9,266,83,Arkansas St. 11-3
2/27/26,Holy Cross,Seattle U,Away,36.20%,63.80%,Seattle U -1.7,3.9,249,237,Holy Cross 11-1
2/27/26,Eastern Ky.,Tulane,Away,19.30%,80.70%,Tulane -4.84,3.9,258,137,Tulane 5-4
2/27/26,FDU,Georgetown,Away,27.60%,72.40%,Georgetown -3.02,3.8,240,219,Georgetown 12-1
2/27/26,Valparaiso,Alabama St.,Home,34.60%,65.40%,Alabama St. -2.59,3.8,276,194,Alabama St. 6-1
2/27/26,Youngstown St.,Longwood,Home,21.70%,78.30%,Longwood -4.48,3.7,270,156,Youngstown St. 2-1
2/27/26,Western Ill.,ULM,Home,24.10%,75.90%,ULM -3.97,3.6,281,150,ULM 12-5
2/27/26,Sacred Heart,NC State,Home,5.10%,94.90%,NC State -9.86,3.6,284,51,NC State 17-4
2/27/26,St. Thomas (MN),New Mexico,Home,18.30%,81.70%,New Mexico -5.1,3.6,267,155,New Mexico 11-6
2/27/26,New Haven,TCU,Away,3.10%,96.90%,TCU -11.58,3.5,302,30,TCU 14-3
2/27/26,Grambling,Northeastern,Neutral,8.50%,91.50%,Northeastern -8.1,3.5,273,102,Northeastern 4-1
2/27/26,Bellarmine,Saint Louis,Away,37.60%,62.40%,Saint Louis -1.69,3.5,260,264,Saint Louis 13-3
2/27/26,Seton Hall,Southern Ill.,Away,26.70%,73.30%,Southern Ill. -3.5,3.5,263,218,Southern Ill. 5-3
2/27/26,Presbyterian,North Florida,Home,17.90%,82.10%,North Florida -5.29,3.4,278,149,North Florida 15-6
2/27/26,Canisius,Towson,Away,34.20%,65.80%,Towson -2.12,3.4,274,245,Canisius 3-2
2/27/26,Dayton,Ohio,Away,75.10%,24.90%,Dayton -4.01,3.2,185,294,Dayton 7-4
2/27/26,Notre Dame,Alabama A&M,Neutral,98.60%,1.40%,Notre Dame -14.06,3.2,47,304,Notre Dame 19-2
2/27/26,Cornell,Richmond,Away,17.40%,82.60%,Richmond -5.34,3.2,287,160,Richmond 9-6
2/27/26,George Mason,Lehigh,Away,76.10%,23.90%,George Mason -4.15,3.2,181,296,George Mason 7-4
2/27/26,Massachusetts,Siena,Neutral,63.90%,36.10%,Massachusetts -1.84,3.2,269,279,Massachusetts 6-2
2/27/26,Texas Southern,A&M-Corpus Christi,Home,19.40%,80.60%,A&M-Corpus Christi -4.87,3,285,199,A&M-Corpus Christi 5-4
2/27/26,St. Bonaventure,Navy,Home,24.00%,76.00%,Navy -4.01,3,292,215,Navy 5-4
2/27/26,Stonehill,VMI,Away,16.90%,83.00%,VMI -5.21,2.9,286,196,VMI 8-2
2/27/26,Bradley,UT Martin,Away,24.20%,75.80%,UT Martin -4.0,2.9,289,231,UT Martin 17-2
2/27/26,Lafayette,William & Mary,Away,23.10%,76.90%,William & Mary -4.01,2.8,295,222,William & Mary 10-3
2/27/26,Mercyhurst,Murray St.,Neutral,12.10%,87.90%,Murray St. -6.78,2.8,299,159,Murray St. 12-4
2/27/26,Prairie View,New Mexico St.,Home,10.10%,89.90%,New Mexico St. -7.29,2.5,300,186,New Mexico St. 12-6
2/27/26,Central Conn. St.,Florida A&M,Away,13.50%,86.50%,Florida A&M -6.37,2.4,297,225,Central Conn. St. 0-0
2/27/26,Mount St. Mary's,Norfolk St.,Away,76.30%,23.70%,Mount St. Mary's -3.93,2.3,280,298,Mount St. Mary's 13-6
2/27/26,La Salle,Coppin St.,Home,86.40%,13.60%,La Salle -6.28,2,261,303,La Salle 10-2
2/27/26,UNC Asheville,Mississippi Val.,Neutral,87.50%,12.60%,UNC Asheville -6.57,2,259,301,UNC Asheville 13-1
2/27/26,Alcorn,Jackson St.,Away,6.80%,93.20%,Jackson St. -8.75,1.5,305,283,Jackson St. 13-8
2/27/26,Saint Peter's,George Washington,Home,7.60%,92.40%,George Washington -8.35,1.5,308,282,George Washington 17-0
2/26/26,Southern California,Cal Poly,Home,59.30%,40.80%,Southern California -1.43,8.8,15,52,Southern California 4-0
2/26/26,BYU,Washington St.,Neutral,57.10%,42.90%,BYU -0.99,8.1,62,79,BYU 6-4
2/26/26,Oral Roberts,DBU,Home,33.00%,67.00%,DBU -2.55,7.1,116,71,DBU 6-5
2/26/26,California Baptist,San Francisco,Away,69.70%,30.30%,California Baptist -3.01,6.3,42,175,California Baptist 16-2
2/26/26,Omaha,Wichita St.,Away,30.10%,69.90%,Wichita St. -2.97,5.5,189,114,Wichita St. 3-2
2/26/26,Ball St.,Hawaii,Away,24.40%,75.60%,Hawaii -3.92,5,212,112,Hawaii 6-1
2/25/26,Arizona St.,Oklahoma,Away,38.90%,61.10%,Oklahoma -1.68,9.1,23,13,Oklahoma 4-3
2/25/26,Kansas St.,Louisiana,Away,47.50%,52.50%,Louisiana -0.51,9,44,39,Louisiana 3-2
2/25/26,Kansas,Minnesota,Away,61.90%,38.10%,Kansas -2.09,8.4,12,72,Kansas 8-7
2/25/26,High Point,Liberty,Away,31.90%,68.10%,Liberty -2.67,7.9,77,31,Liberty 9-3
2/25/26,Troy,Georgia,Home,17.00%,83.00%,Georgia -5.45,7.9,57,2,Troy 6-5
2/25/26,California,UC Davis,Away,56.30%,43.70%,California -1.08,7.7,56,111,California 7-2
2/25/26,Indiana,Xavier,Away,44.90%,55.10%,Xavier -0.79,7.6,103,91,Indiana 10-4
2/25/26,Western Ky.,Kentucky,Home,34.40%,65.60%,Kentucky -2.36,7.6,110,28,Kentucky 13-9
2/25/26,Arkansas St.,Arkansas,Home,21.70%,78.30%,Arkansas -4.61,7.5,83,17,Arkansas 1-0
2/25/26,Miami (FL),Fla. Atlantic,Home,68.00%,32.00%,Miami (FL) -2.78,7.4,29,115,Miami (FL) 11-7
2/25/26,App State,ETSU,Away,41.10%,58.90%,ETSU -1.07,7,106,123,App State 8-5
2/25/26,Kent St.,Wright St.,Away,59.90%,40.10%,Kent St. -1.73,6.9,61,153,Wright St. 8-1
2/25/26,Tulane,South Alabama,Home,35.90%,64.10%,South Alabama -2.11,6.9,137,66,Tulane 15-2
2/25/26,VCU,North Carolina,Home,11.00%,89.00%,North Carolina -7.19,6.7,117,5,North Carolina 13-3
2/25/26,Col. of Charleston,East Carolina,Neutral,29.00%,71.00%,East Carolina -3.23,6.6,152,43,East Carolina 8-7
2/25/26,Indiana St.,FGCU,Home,39.40%,60.60%,FGCU -1.56,6.6,138,118,Indiana St. 5-4
2/25/26,Grand Canyon,UC Irvine,Away,35.20%,64.80%,UC Irvine -2.08,6.5,148,93,Grand Canyon 9-4
2/25/26,UNCW,Charleston So.,Home,53.80%,46.30%,UNCW -0.53,6.5,131,154,UNCW 11-10
2/25/26,North Florida,Florida St.,Home,15.70%,84.30%,Florida St. -5.8,6.3,149,19,Florida St. 14-9
2/25/26,USC Upstate,Stetson,Home,54.50%,45.50%,USC Upstate -0.87,6.3,108,183,USC Upstate 2-1
2/25/26,Toledo,Dayton,Home,50.60%,49.40%,Toledo -0.14,5.9,170,185,Dayton 18-8
2/25/26,BYU,Long Beach St.,Away,62.50%,37.50%,BYU -2.03,5.9,62,210,Long Beach St. 10-7
2/25/26,Western Mich.,UNLV,Home,32.30%,67.70%,UNLV -2.37,5.8,162,136,UNLV 16-1
2/25/26,Miami (OH),Southern Ill.,Away,60.80%,39.20%,Miami (OH) -1.73,5.8,76,218,Miami (OH) 11-0
2/25/26,Sacramento St.,Pacific,Home,62.10%,37.90%,Sacramento St. -1.97,5.7,120,193,Pacific 8-7
2/25/26,Lindenwood,Illinois,Home,25.60%,74.40%,Illinois -3.58,5.4,195,94,Illinois 13-9
2/25/26,Morehead St.,Northern Ky.,Away,46.80%,53.20%,Morehead St. -0.04,5.3,158,227,Northern Ky. 21-6
2/25/26,FIU,Florida,Away,8.00%,92.00%,Florida -8.34,5.1,211,14,Florida 11-4
2/25/26,Florida A&M,Mercer,Away,12.80%,87.20%,Mercer -6.53,4.9,225,41,Mercer 5-1
2/25/26,Maine,Charlotte,Home,21.30%,78.70%,Charlotte -4.43,4.9,216,98,Charlotte 9-4
2/25/26,Bucknell,Pittsburgh,Away,10.30%,89.70%,Pittsburgh -7.31,4.9,223,36,Pittsburgh 18-3
2/25/26,Bowling Green,Cincinnati,Away,10.50%,89.50%,Cincinnati -7.43,4.8,234,24,Cincinnati 11-1
2/25/26,UMBC,Georgetown,Home,40.30%,59.70%,Georgetown -1.23,4.6,221,219,UMBC 12-7
2/25/26,Southern Ind.,Saint Louis,Home,50.80%,49.20%,Southern Ind. -0.31,4.5,204,264,Saint Louis 3-1
2/25/26,West Ga.,Auburn,Home,5.50%,94.50%,Auburn -9.7,4.2,268,8,Auburn 4-3
2/25/26,Queens (NC),South Carolina,Away,18.30%,81.70%,South Carolina -5.05,4.2,255,104,Queens (NC) 9-8
2/25/26,Southern U.,New Orleans,Home,26.40%,73.60%,New Orleans -3.44,4.1,232,188,New Orleans 4-0
2/25/26,Eastern Ky.,Louisville,Away,9.40%,90.60%,Louisville -7.7,4.1,258,67,Louisville 6-5
2/25/26,Akron,NC State,Away,7.80%,92.20%,NC State -8.46,4,265,51,NC State 18-3
2/25/26,Ark.-Pine Bluff,Missouri,Away,13.60%,86.40%,Missouri -6.26,4,266,87,Missouri 5-1
2/25/26,George Washington,Virginia,Away,7.90%,92.20%,Virginia -8.41,3.9,282,34,Virginia 11-0
2/25/26,Ohio,West Virginia,Away,2.70%,97.30%,West Virginia -12.0,3.8,294,6,West Virginia 19-6
2/25/26,Mississippi Val.,Jacksonville St.,Home,1.10%,98.90%,Jacksonville St. -14.88,3.5,301,22,Jacksonville St. 7-4
2/25/26,La Salle,Delaware,Home,30.10%,69.90%,Delaware -2.85,3.5,261,229,Delaware 8-4
2/25/26,Wagner,Seton Hall,Home,29.40%,70.60%,Seton Hall -2.6,3.3,247,263,Wagner 0-0
2/25/26,Old Dominion,Norfolk St.,Home,91.50%,8.50%,Old Dominion -8.12,3,125,298,Old Dominion 15-0
2/25/26,Illinois St.,Alabama A&M,Home,95.60%,4.40%,Illinois St. -10.34,2.6,145,304,Illinois St. 14-2
2/25/26,Alcorn,ULM,Away,2.00%,98.00%,ULM -12.95,2.4,305,150,ULM 12-0
2/24/26,Alabama,Southern Miss.,Away,48.20%,51.80%,Alabama -0.02,9.6,9,21,Southern Miss. 14-4
2/24/26,Arizona St.,Oklahoma,Away,38.90%,61.10%,Oklahoma -1.68,9.1,23,13,Arizona St. 15-3
2/24/26,Kansas St.,Louisiana,Away,47.50%,52.50%,Louisiana -0.51,9,44,39,Louisiana 1-0
2/24/26,UTSA,Texas St.,Home,53.00%,47.00%,UTSA -0.43,8.7,46,59,Texas St. 7-2
2/24/26,Campbell,Coastal Carolina,Away,41.40%,58.60%,Coastal Carolina -0.96,8.6,53,40,Coastal Carolina 13-7
2/24/26,South Alabama,Southeastern La.,Away,41.60%,58.40%,Southeastern La. -1.02,7.9,66,86,South Alabama 9-7
2/24/26,San Diego St.,UCLA,Away,12.90%,87.10%,UCLA -6.63,7.5,73,1,San Diego St. 4-3
2/24/26,Arkansas St.,Arkansas,Home,21.70%,78.30%,Arkansas -4.61,7.5,83,17,Arkansas St. 12-4
2/24/26,Southeast Mo. St.,Ole Miss,Home,16.10%,83.90%,Ole Miss -5.71,7.5,75,11,Ole Miss 13-3
2/24/26,Oral Roberts,Missouri St.,Home,34.50%,65.50%,Missouri St. -2.34,7.4,116,35,Missouri St. 13-1
2/24/26,Lamar University,Texas A&M,Away,17.10%,82.90%,Texas A&M -5.39,7.3,95,7,Texas A&M 25-5
2/24/26,UC Davis,California,Home,31.80%,68.20%,California -2.68,7.2,111,56,UC Davis 0-0
2/24/26,Duke,UNCW,Away,44.00%,56.00%,UNCW -0.55,7.2,82,131,Duke 6-3
2/24/26,UCF,Jacksonville,Home,68.80%,31.10%,UCF -2.76,7.1,33,132,UCF 0-0
2/24/26,USC Upstate,North Florida,Home,49.20%,50.80%,USC Upstate -0.11,6.9,108,149,USC Upstate 7-3
2/24/26,Houston,Sam Houston,Away,59.60%,40.40%,Houston -1.4,6.8,90,146,Houston 5-4
2/24/26,Memphis,Little Rock,Home,35.50%,64.50%,Little Rock -2.06,6.6,134,113,Memphis 24-5
2/24/26,CSUN,California Baptist,Away,25.50%,74.50%,California Baptist -3.81,6.6,144,42,CSUN 7-5
2/24/26,UTRGV,Texas,Home,10.90%,89.10%,Texas -7.25,6.6,126,3,Texas 14-0
2/24/26,Indiana St.,FGCU,Home,39.40%,60.60%,FGCU -1.56,6.6,138,118,FGCU 17-1
2/24/26,Grand Canyon,UC Irvine,Away,35.20%,64.80%,UC Irvine -2.08,6.5,148,93,UC Irvine 3-0
2/24/26,McNeese,LSU,Home,22.90%,77.10%,LSU -4.09,6.5,139,45,McNeese 7-6
2/24/26,Northwestern St.,Louisiana Tech,Home,34.00%,66.00%,Louisiana Tech -2.46,6.4,157,81,Louisiana Tech 5-2
2/24/26,South Fla.,Bethune-Cookman,Home,68.30%,31.70%,South Fla. -2.59,6.2,74,171,Bethune-Cookman 4-3
2/24/26,DBU,UT Arlington,Away,69.20%,30.80%,DBU -3.0,6.2,71,172,DBU 6-1
2/24/26,Georgia St.,Georgia Tech,Away,7.00%,93.00%,Georgia Tech -8.83,6.2,143,4,Georgia St. 9-4
2/24/26,Wake Forest,UNC Greensboro,Home,78.80%,21.20%,Wake Forest -4.67,6.2,25,168,Wake Forest 5-1
2/24/26,Houston Christian,Rice,Away,28.50%,71.50%,Rice -3.19,6.2,169,65,Houston Christian 11-8
2/24/26,Richmond,NC State,Home,22.10%,77.90%,NC State -4.3,6.1,160,51,NC State 27-0
2/24/26,San Diego,UC San Diego,Away,34.00%,66.00%,UC San Diego -2.39,6.1,177,85,UC San Diego 8-7
2/24/26,Virginia Tech,James Madison,Home,71.70%,28.30%,Virginia Tech -3.45,6.1,49,182,Virginia Tech 5-4
2/24/26,Kennesaw St.,Ga. Southern,Home,58.90%,41.10%,Kennesaw St. -1.43,6,88,203,Kennesaw St. 7-5
2/24/26,Central Ark.,Oklahoma St.,Away,12.90%,87.10%,Oklahoma St. -6.55,6,161,27,Oklahoma St. 14-3
2/24/26,North Ala.,Samford,Away,29.90%,70.10%,Samford -3.04,5.9,176,89,Samford 6-5
2/24/26,SFA,Baylor,Home,22.40%,77.60%,Baylor -4.22,5.9,173,60,Baylor 9-8
2/24/26,Tulane,New Orleans,Home,55.80%,44.20%,Tulane -0.66,5.9,137,188,New Orleans 11-3
2/24/26,Western Mich.,UNLV,Home,32.30%,67.70%,UNLV -2.37,5.8,162,136,UNLV 9-5
2/24/26,Saint Mary's (CA),CSU Bakersfield,Home,68.20%,31.80%,Saint Mary's (CA) -2.74,5.7,96,191,Saint Mary's (CA) 10-8
2/24/26,UIW,Tarleton St.,Home,23.60%,76.40%,Tarleton St. -4.28,5.5,202,58,Tarleton St. 17-5
2/24/26,Longwood,Elon,Home,50.20%,49.80%,Longwood -0.32,5.4,156,228,Longwood 8-3
2/24/26,Alabama St.,UAB,Away,19.80%,80.20%,UAB -4.53,5.4,194,68,UAB 10-5
2/24/26,Austin Peay,Mississippi St.,Away,9.60%,90.40%,Mississippi St. -7.78,5.4,201,10,Mississippi St. 16-3
2/24/26,Evansville,Vanderbilt,Away,10.60%,89.40%,Vanderbilt -7.32,5.2,200,38,Vanderbilt 15-3
2/24/26,FIU,Florida,Away,8.00%,92.00%,Florida -8.34,5.1,211,14,Florida 17-11
2/24/26,Florida A&M,Mercer,Away,12.80%,87.20%,Mercer -6.53,4.9,225,41,Mercer 7-0
2/24/26,Rhode Island,Bryant,Home,41.60%,58.40%,Bryant -0.81,4.8,214,217,Rhode Island 0-0
2/24/26,Murray St.,UT Martin,Away,62.50%,37.50%,Murray St. -1.78,4.8,159,231,Murray St. 7-5
2/24/26,Davidson,Wofford,Away,24.30%,75.70%,Wofford -3.88,4.8,220,122,Wofford 12-8
2/24/26,Delaware,Maryland,Away,22.40%,77.60%,Maryland -4.14,4.7,229,101,Maryland 15-14
2/24/26,Belmont,Lipscomb,Away,35.80%,64.20%,Lipscomb -2.16,4.7,233,165,Lipscomb 8-2
2/24/26,UC Santa Barbara,LMU (CA),Home,82.50%,17.50%,UC Santa Barbara -5.6,4.7,32,254,UC Santa Barbara 5-3
2/24/26,William & Mary,George Mason,Home,30.20%,69.80%,George Mason -3.01,4.5,222,181,William & Mary 0-0
2/24/26,Seattle U,Washington,Away,22.40%,77.60%,Washington -4.28,4.4,237,128,Seattle U 14-11
2/24/26,Merrimack,Boston College,Home,11.50%,88.50%,Boston College -6.94,4.4,257,37,Merrimack 0-0
2/24/26,Bellarmine,Tennessee,Away,5.50%,94.50%,Tennessee -9.68,4.2,260,26,Tennessee 8-3
2/24/26,Canisius,West Virginia,Away,3.50%,96.50%,West Virginia -11.17,4.1,274,6,Canisius 0-0
2/24/26,Tennessee Tech,Middle Tenn.,Home,29.80%,70.20%,Middle Tenn. -2.93,4.1,251,179,Middle Tenn. 11-1
2/24/26,N.C. A&T,North Carolina,Away,2.90%,97.10%,North Carolina -11.8,4.1,272,5,North Carolina 9-1
2/24/26,Saint Louis,SIUE,Home,24.90%,75.10%,SIUE -3.96,4,264,140,SIUE 17-7
2/24/26,Ark.-Pine Bluff,Missouri,Away,13.60%,86.40%,Missouri -6.26,4,266,87,Missouri 15-1
2/24/26,Akron,Western Caro.,Away,13.60%,86.40%,Western Caro. -6.44,4,265,84,Western Caro. 12-2
2/24/26,Presbyterian,Clemson,Home,7.10%,92.90%,Clemson -8.72,3.8,278,55,Clemson 6-2
2/24/26,Mississippi Val.,Jacksonville St.,Home,1.10%,98.90%,Jacksonville St. -14.88,3.5,301,22,Jacksonville St. 15-3
2/24/26,Grambling,ULM,Away,13.40%,86.60%,ULM -6.19,3.3,273,150,ULM 19-9
2/24/26,Prairie View,A&M-Corpus Christi,Home,8.70%,91.30%,A&M-Corpus Christi -7.86,2.4,300,199,A&M-Corpus Christi 9-2
2/24/26,Navy,Coppin St.,Home,92.80%,7.20%,Navy -8.61,2.1,215,303,Navy 0-0
2/23/26,Washington St.,Cal Poly,Home,28.30%,71.70%,Cal Poly -3.19,7.6,79,52,Washington St. 5-4
2/23/26,Air Force,Col. of Charleston,Away,46.30%,53.70%,Col. of Charleston -0.51,6.7,121,152,Air Force 0-0
2/23/26,Marshall,Winthrop,Away,43.50%,56.50%,Winthrop -0.87,6.2,174,129,Winthrop 11-7
2/23/26,BYU,UC Riverside,Away,75.10%,24.90%,BYU -4.01,4.9,62,246,BYU 11-3
2/23/26,Pepperdine,Fresno St.,Home,47.80%,52.20%,Fresno St. -0.02,4.7,198,248,Fresno St. 11-3
2/23/26,TCU,LMU (CA),Home,84.60%,15.40%,TCU -6.11,4.7,30,254,TCU 17-7
2/22/26,Nebraska,Florida St.,Neutral,44.60%,55.40%,Florida St. -0.72,9.4,16,19,Nebraska 10-1
2/22/26,LSU,UCF,Neutral,55.40%,44.60%,LSU -0.72,8.9,45,33,LSU 11-0
2/22/26,Michigan,Kansas St.,Neutral,43.40%,56.60%,Kansas St. -0.85,8.7,50,44,Kansas St. 10-6
2/22/26,TCU,UCLA,Away,22.00%,78.00%,UCLA -4.38,8.5,30,1,UCLA 15-5
2/22/26,Campbell,Troy,Away,42.30%,57.70%,Troy -1.17,8.4,53,57,Troy 8-4
2/22/26,Purdue,Oregon St.,Neutral,32.90%,67.10%,Oregon St. -2.55,8.4,54,18,Purdue 5-2
2/22/26,Campbell,Troy,Away,42.30%,57.70%,Troy -1.17,8.4,53,57,Campbell 13-1
2/22/26,Southern Miss.,Baylor,Neutral,64.40%,35.60%,Southern Miss. -2.16,8.4,21,60,Southern Miss. 5-1
2/22/26,Gonzaga,Texas St.,Away,40.50%,59.50%,Texas St. -1.22,8.4,48,59,Texas St. 5-0
2/22/26,Cincinnati,UAB,Away,62.30%,37.70%,Cincinnati -1.86,8.3,24,68,Cincinnati 8-6
2/22/26,Missouri St.,Ole Miss,Away,22.80%,77.20%,Ole Miss -4.28,8.3,35,11,Ole Miss 3-2
2/22/26,East Carolina,North Carolina,Away,23.60%,76.40%,North Carolina -4.12,8.3,43,5,East Carolina 3-3
2/22/26,California,UC Irvine,Away,50.50%,49.50%,California -0.3,8.2,56,93,California 4-2
2/22/26,Auburn,Louisville,Neutral,69.30%,30.70%,Auburn -2.95,8.2,8,67,Auburn 10-6
2/22/26,DBU,UTSA,Away,38.00%,62.00%,UTSA -1.62,8.1,71,46,UTSA 6-3
2/22/26,Creighton,Utah,Neutral,51.80%,48.20%,Creighton -0.21,8,97,70,Utah 9-4
2/22/26,Kent St.,Tennessee,Away,26.40%,73.60%,Tennessee -3.49,8,61,26,Kent St. 9-5
2/22/26,Northeastern,Minnesota,Neutral,48.20%,51.80%,Northeastern -0.0,7.9,102,72,Minnesota 15-5
2/22/26,Rice,Southern California,Away,22.50%,77.50%,Southern California -4.24,7.8,65,15,Southern California 4-2
2/22/26,Washington St.,Cal Poly,Home,28.30%,71.70%,Cal Poly -3.19,7.6,79,52,Washington St. 8-3
2/22/26,Illinois,Coastal Carolina,Home,33.20%,66.80%,Coastal Carolina -2.4,7.6,94,40,Illinois 14-5
2/22/26,Iowa,Fla. Atlantic,Home,54.40%,45.60%,Iowa -0.74,7.6,63,115,Fla. Atlantic 3-2
2/22/26,Indiana,Notre Dame,Neutral,34.80%,65.30%,Notre Dame -2.37,7.5,103,47,Notre Dame 9-8
2/22/26,Maryland,Louisiana,Home,32.80%,67.20%,Louisiana -2.65,7.5,101,39,Louisiana 6-5
2/22/26,Xavier,Arkansas,Home,18.70%,81.30%,Arkansas -5.12,7.3,91,17,Arkansas 11-0
2/22/26,Cal St. Fullerton,Stanford,Away,38.00%,62.00%,Stanford -1.93,7.3,119,64,Stanford 3-2
2/22/26,St. John's (NY),Arizona St.,Home,20.20%,79.80%,Arizona St. -4.44,7.3,92,23,Arizona St. 16-6
2/22/26,Kennesaw St.,Florida,Home,14.20%,85.80%,Florida -6.15,7.2,88,14,Florida 12-9
2/22/26,South Alabama,Col. of Charleston,Home,50.20%,49.80%,South Alabama -0.26,7.2,66,152,Col. of Charleston 7-6
2/22/26,NIU,Wofford,Away,41.70%,58.30%,Wofford -1.03,7.1,99,122,NIU 9-6
2/22/26,Samford,Georgia,Home,10.20%,89.80%,Georgia -7.46,7.1,89,2,Georgia 22-0
2/22/26,Air Force,South Carolina,Away,40.50%,59.50%,South Carolina -1.16,7,121,104,South Carolina 4-2
2/22/26,Ohio St.,Memphis,Home,61.00%,39.00%,Ohio St. -1.52,7,78,134,Ohio St. 8-2
2/22/26,Kansas,McNeese,Away,73.40%,26.60%,Kansas -3.76,7,12,139,Kansas 6-1
2/22/26,Northwestern,Boston College,Neutral,33.30%,66.70%,Boston College -2.58,7,141,37,Northwestern 8-5
2/22/26,UConn,Arizona,Home,42.20%,57.80%,Arizona -0.98,7,100,130,UConn 11-2
2/22/26,VCU,Coastal Carolina,Home,24.80%,75.20%,Coastal Carolina -3.53,7,117,40,Coastal Carolina 6-3
2/22/26,Wichita St.,Hawaii,Home,36.60%,63.40%,Hawaii -1.7,6.9,114,112,Wichita St. 7-1
2/22/26,Wichita St.,Hawaii,Home,36.60%,63.40%,Hawaii -1.7,6.9,114,112,Wichita St. 13-3
2/22/26,Michigan St.,Texas,Away,11.40%,88.60%,Texas -7.08,6.9,109,3,Texas 4-0
2/22/26,Rutgers,Virginia Tech,Away,28.00%,72.00%,Virginia Tech -3.38,6.9,124,49,Virginia Tech 4-3
2/22/26,UTRGV,Houston,Home,35.70%,64.30%,Houston -1.9,6.9,126,90,UTRGV 8-4
2/22/26,Miami (OH),Illinois St.,Neutral,60.50%,39.50%,Miami (OH) -1.71,6.9,76,145,Miami (OH) 5-3
2/22/26,Portland,UC Santa Barbara,Away,21.80%,78.20%,UC Santa Barbara -4.5,6.8,127,32,UC Santa Barbara 6-2
2/22/26,Oral Roberts,Abilene Christian,Home,49.00%,51.00%,Abilene Christian -0.04,6.8,116,151,Abilene Christian 8-7
2/22/26,Oklahoma St.,Grand Canyon,Home,72.50%,27.50%,Oklahoma St. -3.57,6.7,27,148,Oklahoma St. 13-2
2/22/26,UC Davis,Santa Clara,Home,44.10%,55.90%,Santa Clara -0.7,6.7,111,147,UC Davis 13-8
2/22/26,Saint Joseph's,Sacramento St.,Home,29.50%,70.50%,Sacramento St. -2.85,6.6,107,120,Sacramento St. 21-2
2/22/26,Eastern Ill.,Arkansas St.,Home,28.70%,71.30%,Arkansas St. -2.85,6.5,133,83,Arkansas St. 9-2
2/22/26,SIUE,Southeastern La.,Away,31.60%,68.40%,Southeastern La. -2.53,6.5,140,86,Southeastern La. 6-5
2/22/26,Wright St.,Charlotte,Home,34.70%,65.30%,Charlotte -2.37,6.4,153,98,Charlotte 9-2
2/22/26,CSUN,Saint Mary's (CA),Away,29.30%,70.70%,Saint Mary's (CA) -3.05,6.3,144,96,Saint Mary's (CA) 12-0
2/22/26,Northwestern St.,Central Ark.,Home,53.30%,46.70%,Northwestern St. -0.35,6.3,157,161,Central Ark. 13-5
2/22/26,Lamar University,UT Arlington,Away,61.60%,38.40%,Lamar University -1.92,6.3,95,172,Lamar University 5-3
2/22/26,San Jose St.,San Francisco,Home,51.70%,48.30%,San Jose St. -0.29,6.2,142,175,San Francisco 9-3
2/22/26,Western Mich.,UC San Diego,Home,31.50%,68.50%,UC San Diego -2.68,6.2,162,85,Western Mich. 5-2
2/22/26,Yale,Bethune-Cookman,Home,52.60%,47.40%,Yale -0.46,6.1,164,171,Yale 8-3
2/22/26,Toledo,Jacksonville St.,Home,18.70%,81.30%,Jacksonville St. -5.14,6.1,170,22,Jacksonville St. 12-9
2/22/26,ULM,New Orleans,Home,51.80%,48.20%,ULM -0.08,6,150,188,ULM 9-1
2/22/26,San Diego,San Diego St.,Away,30.40%,69.60%,San Diego St. -2.91,6,177,73,San Diego 15-4
2/22/26,Pittsburgh,A&M-Corpus Christi,Home,73.60%,26.40%,Pittsburgh -3.72,5.9,36,199,A&M-Corpus Christi 5-2
2/22/26,Morehead St.,Winthrop,Away,29.70%,70.30%,Winthrop -2.53,5.8,158,129,Winthrop 4-3
2/22/26,UIC,Sam Houston,Home,41.40%,58.60%,Sam Houston -1.1,5.7,190,146,Sam Houston 6-4
2/22/26,Milwaukee,Duke,Home,23.80%,76.20%,Duke -3.89,5.7,180,82,Duke 6-1
2/22/26,Penn St.,Richmond,Away,36.80%,63.20%,Richmond -1.87,5.4,192,160,Penn St. 0-0
2/22/26,Monmouth,Stetson,Away,34.30%,65.70%,Stetson -1.99,5.4,167,183,Stetson 14-8
2/22/26,South Dakota St.,Tarleton St.,Away,22.80%,77.20%,Tarleton St. -4.41,5.4,209,58,South Dakota St. 5-1
2/22/26,Army West Point,The Citadel,Away,21.20%,78.80%,The Citadel -4.6,5.4,197,69,The Citadel 14-8
2/22/26,Ga. Southern,South Fla.,Away,21.20%,78.80%,South Fla. -4.42,5.3,203,74,South Fla. 4-3
2/22/26,Stony Brook,Georgia Tech,Home,5.20%,94.80%,Georgia Tech -9.89,5.2,207,4,Georgia Tech 21-3
2/22/26,Southern Ill.,App State,Home,31.60%,68.40%,App State -2.65,5.2,218,106,App State 9-8
2/22/26,CSU Bakersfield,Long Beach St.,Neutral,46.10%,53.90%,Long Beach St. -0.45,5.2,191,210,CSU Bakersfield 15-2
2/22/26,Penn,Texas A&M,Away,6.70%,93.30%,Texas A&M -8.95,5.2,206,7,Texas A&M 7-1
2/22/26,Bryant,Clemson,Away,16.60%,83.40%,Clemson -5.6,5.1,217,55,Clemson 7-5
2/22/26,Maine,High Point,Home,18.50%,81.50%,High Point -4.99,5,216,77,High Point 10-7
2/22/26,Columbia,Mercer,Away,14.80%,85.20%,Mercer -6.06,5,226,41,Mercer 5-4
2/22/26,Fairfield,Davidson,Home,45.20%,54.80%,Davidson -0.36,4.9,213,220,Fairfield 0-0
2/22/26,Seattle U,California Baptist,Home,15.90%,84.10%,California Baptist -5.77,4.8,237,42,California Baptist 5-1
2/22/26,Delaware,Mississippi St.,Away,5.80%,94.20%,Mississippi St. -9.46,4.8,229,10,Mississippi St. 7-3
2/22/26,Navy,Marshall,Neutral,33.50%,66.50%,Marshall -2.16,4.8,215,174,Navy 8-1
2/22/26,Elon,Charleston So.,Home,30.90%,69.10%,Charleston So. -2.8,4.7,228,154,Charleston So. 12-7
2/22/26,Elon,Charleston So.,Home,30.90%,69.10%,Charleston So. -2.8,4.7,228,154,Charleston So. 5-4
2/22/26,Pepperdine,Fresno St.,Home,47.80%,52.20%,Fresno St. -0.02,4.7,198,248,Fresno St. 11-7
2/22/26,UT Martin,Nicholls,Home,34.20%,65.80%,Nicholls -2.18,4.7,231,166,Nicholls 15-8
2/22/26,North Dakota St.,Virginia,Neutral,12.50%,87.50%,Virginia -6.79,4.7,244,34,Virginia 5-4
2/22/26,LIU,Jacksonville,Home,25.00%,75.00%,Jacksonville -3.66,4.4,239,132,Jacksonville 11-3
2/22/26,LIU,Jacksonville,Home,25.00%,75.00%,Jacksonville -3.66,4.4,239,132,Jacksonville 5-4
2/22/26,Utah Valley,Nevada,Home,27.00%,73.00%,Nevada -3.34,4.4,243,135,Nevada 5-3
2/22/26,Florida A&M,Southern U.,Neutral,59.20%,40.80%,Florida A&M -1.26,4.4,225,232,Florida A&M 0-0
2/22/26,Fordham,UNCW,Away,23.50%,76.50%,UNCW -4.05,4.4,235,131,UNCW 7-0
2/22/26,Marist,Vanderbilt,Away,6.10%,93.90%,Vanderbilt -9.13,4.4,242,38,Vanderbilt 8-1
2/22/26,Washington,LMU (CA),Home,73.00%,27.00%,Washington -3.73,4.3,128,254,LMU (CA) 7-6
2/22/26,Towson,New Mexico St.,Home,35.60%,64.40%,New Mexico St. -1.93,4.3,245,186,Towson 8-6
2/22/26,Central Mich.,Belmont,Home,36.90%,63.10%,Belmont -1.7,4.3,224,233,Central Mich. 0-0
2/22/26,Villanova,Lipscomb,Home,27.40%,72.60%,Lipscomb -3.35,4.2,241,165,Villanova 0-0
2/22/26,Indiana St.,UMass Lowell,Neutral,74.20%,25.80%,Indiana St. -3.62,4.2,138,253,Indiana St. 10-2
2/22/26,Butler,Murray St.,Away,22.70%,77.30%,Murray St. -4.08,4.2,236,159,Butler 0-0
2/22/26,West Ga.,Little Rock,Home,23.30%,76.70%,Little Rock -4.39,4.1,268,113,Little Rock 6-1
2/22/26,Eastern Mich.,Austin Peay,Home,29.00%,71.00%,Austin Peay -2.87,4.1,238,201,Austin Peay 6-1
2/22/26,Youngstown St.,Oregon,Home,4.60%,95.40%,Oregon -10.27,4.1,270,20,Oregon 15-6
2/22/26,Cornell,Boston College,Neutral,13.00%,87.00%,Boston College -6.58,4,287,37,Boston College 7-6
2/22/26,Holy Cross,FIU,Home,33.00%,67.00%,FIU -2.31,4,249,211,Holy Cross 20-17
2/22/26,George Mason,Seton Hall,Neutral,67.30%,32.70%,George Mason -2.74,4,181,263,George Mason 11-4
2/22/26,SFA,Ark.-Pine Bluff,Home,68.20%,31.80%,SFA -2.67,4,173,266,SFA 11-5
2/22/26,Saint Louis,North Ala.,Home,29.40%,70.60%,North Ala. -3.09,3.9,264,176,North Ala. 8-6
2/22/26,Siena,Wake Forest,Away,4.10%,95.90%,Wake Forest -10.63,3.9,279,25,Wake Forest 15-1
2/22/26,Bellarmine,Georgia St.,Away,22.40%,77.60%,Georgia St. -4.42,3.9,260,143,Georgia St. 18-8
2/22/26,Ball St.,Merrimack,Neutral,67.30%,32.70%,Ball St. -2.23,3.8,212,257,Ball St. 14-6
2/22/26,Dartmouth,FDU,Neutral,55.80%,44.20%,Dartmouth -0.55,3.8,277,240,Dartmouth 0-0
2/22/26,Harvard,Tulane,Away,18.20%,81.80%,Tulane -5.1,3.8,262,137,Tulane 11-1
2/22/26,Dartmouth,Gardner-Webb,Away,34.00%,66.00%,Gardner-Webb -2.26,3.7,277,205,Gardner-Webb 6-2
2/22/26,Eastern Ky.,Dayton,Home,24.50%,75.50%,Dayton -3.81,3.7,258,185,Eastern Ky. 0-0
2/22/26,Northern Colo.,New Mexico,Home,17.90%,82.10%,New Mexico -5.1,3.7,256,155,New Mexico 12-11
2/22/26,Valparaiso,Presbyterian,Home,47.80%,52.20%,Presbyterian -0.42,3.6,276,278,Valparaiso 21-9
2/22/26,Akron,Western Ill.,Neutral,45.20%,54.80%,Western Ill. -0.68,3.6,265,281,Western Ill. 16-8
2/22/26,Lafayette,Miami (FL),Away,3.70%,96.30%,Miami (FL) -10.96,3.6,295,29,Miami (FL) 30-5
2/22/26,St. Thomas (MN),Lindenwood,Home,28.10%,71.90%,Lindenwood -3.34,3.6,267,195,St. Thomas (MN) 0-0
2/22/26,Wagner,UC Riverside,Home,27.60%,72.40%,UC Riverside -2.94,3.5,247,246,Wagner 6-4
2/22/26,Coppin St.,Oklahoma,Away,0.50%,99.50%,Oklahoma -17.29,3.5,303,13,Oklahoma 11-0
2/22/26,UAlbany,Texas Tech,Home,8.60%,91.40%,Texas Tech -8.03,3.5,288,80,Texas Tech 10-0
2/22/26,NJIT,USC Upstate,Away,14.90%,85.10%,USC Upstate -6.08,3.4,293,108,USC Upstate 17-1
2/22/26,Canisius,UNC Greensboro,Away,20.10%,79.90%,UNC Greensboro -4.64,3.4,274,168,UNC Greensboro 12-2
2/22/26,Alabama St.,Texas Southern,Neutral,71.30%,28.70%,Alabama St. -3.36,3.4,194,285,Alabama St. 2-1
2/22/26,N.C. A&T,Queens (NC),Away,33.40%,66.60%,Queens (NC) -2.21,3.3,272,255,N.C. A&T 6-3
2/22/26,Grambling,Jackson St.,Neutral,41.90%,58.10%,Jackson St. -0.99,3.3,273,283,Grambling 8-7
2/22/26,Stonehill,FGCU,Home,9.60%,90.40%,FGCU -7.58,3.3,286,118,FGCU 14-7
2/22/26,New Haven,Missouri,Neutral,8.30%,91.70%,Missouri -8.26,3.2,302,87,Missouri 16-2
2/22/26,Bradley,UNLV,Away,10.70%,89.30%,UNLV -7.19,3.1,289,136,UNLV 20-9
2/22/26,Iona,Hofstra,Home,19.40%,80.60%,Hofstra -4.85,3.1,290,178,Iona 0-0
2/22/26,St. Bonaventure,Middle Tenn.,Home,17.20%,82.80%,Middle Tenn. -5.34,3,292,179,Middle Tenn. 7-0
2/22/26,Ohio,Tennessee Tech,Away,25.60%,74.40%,Tennessee Tech -3.63,2.7,294,251,Tennessee Tech 6-3
2/22/26,Manhattan,Norfolk St.,Away,70.20%,29.80%,Manhattan -2.88,2.5,291,298,Manhattan 0-0
2/22/26,Prairie View,UIW,Away,9.60%,90.50%,UIW -7.4,2.4,300,202,UIW 8-1
2/22/26,Alcorn,Houston Christian,Away,2.00%,98.00%,Houston Christian -12.86,2.3,305,169,Houston Christian 10-4
2/22/26,Northern Ky.,Alabama A&M,Neutral,93.20%,6.80%,Northern Ky. -8.75,2,227,304,Northern Ky. 8-5
2/22/26,La Salle,Delaware St.,Home,89.30%,10.70%,La Salle -7.17,1.8,261,306,La Salle 0-0
2/21/26,Southern Miss.,Oregon St.,Neutral,46.30%,53.70%,Oregon St. -0.53,9.4,21,18,Southern Miss. 9-4
2/21/26,Florida St.,Auburn,Neutral,42.90%,57.10%,Auburn -1.04,9.4,19,8,Auburn 8-5
2/21/26,West Virginia,Liberty,Home,59.30%,40.80%,West Virginia -1.51,9.1,6,31,Liberty 4-1
2/21/26,West Virginia,Liberty,Home,59.30%,40.80%,West Virginia -1.51,9.1,6,31,West Virginia 2-0
2/21/26,Kansas St.,Nebraska,Neutral,41.80%,58.20%,Nebraska -1.32,8.9,44,16,Kansas St. 5-3
2/21/26,Notre Dame,LSU,Neutral,44.60%,55.40%,LSU -0.6,8.8,47,45,LSU 9-4
2/21/26,Baylor,Purdue,Neutral,49.40%,50.60%,Purdue -0.13,8.7,60,54,Purdue 6-5
2/21/26,East Carolina,North Carolina,Neutral,28.50%,71.50%,North Carolina -3.32,8.5,43,5,East Carolina 10-3
2/21/26,TCU,UCLA,Away,22.00%,78.00%,UCLA -4.38,8.5,30,1,UCLA 5-1
2/21/26,Gonzaga,Texas St.,Away,40.50%,59.50%,Texas St. -1.22,8.4,48,59,Gonzaga 5-1
2/21/26,Louisville,Michigan,Neutral,57.10%,42.90%,Louisville -0.97,8.4,67,50,Michigan 8-5
2/21/26,Missouri St.,Ole Miss,Away,22.80%,77.20%,Ole Miss -4.28,8.3,35,11,Ole Miss 6-3
2/21/26,Cincinnati,UAB,Away,62.30%,37.70%,Cincinnati -1.86,8.3,24,68,Cincinnati 8-4
2/21/26,California,UC Irvine,Away,50.50%,49.50%,California -0.3,8.2,56,93,California 11-2
2/21/26,BYU,UC San Diego,Away,49.40%,50.60%,UC San Diego -0.01,8.2,62,85,BYU 9-7
2/21/26,Ohio St.,Louisiana Tech,Neutral,50.20%,49.80%,Ohio St. -0.01,8.2,78,81,Louisiana Tech 9-3
2/21/26,DBU,UTSA,Away,38.00%,62.00%,UTSA -1.62,8.1,71,46,UTSA 10-8
2/21/26,Kent St.,Tennessee,Away,26.40%,73.60%,Tennessee -3.49,8,61,26,Kent St. 2-1
2/21/26,Utah,San Diego St.,Home,40.80%,59.20%,San Diego St. -1.16,8,70,73,Utah 7-0
2/21/26,Northeastern,Minnesota,Neutral,48.20%,51.80%,Northeastern -0.0,7.9,102,72,Minnesota 12-2
2/21/26,Rice,Southern California,Away,22.50%,77.50%,Southern California -4.24,7.8,65,15,Southern California 4-1
2/21/26,Illinois,Coastal Carolina,Home,33.20%,66.80%,Coastal Carolina -2.4,7.6,94,40,Illinois 0-0
2/21/26,UCF,Indiana,Neutral,65.30%,34.80%,UCF -2.27,7.6,33,103,Indiana 6-1
2/21/26,Washington St.,Cal Poly,Home,28.30%,71.70%,Cal Poly -3.19,7.6,79,52,Cal Poly 3-2
2/21/26,Iowa,Fla. Atlantic,Home,54.40%,45.60%,Iowa -0.74,7.6,63,115,Iowa 6-1
2/21/26,Maryland,Louisiana,Home,32.80%,67.20%,Louisiana -2.65,7.5,101,39,Louisiana 9-1
2/21/26,Xavier,Arkansas,Home,18.70%,81.30%,Arkansas -5.12,7.3,91,17,Arkansas 7-6
2/21/26,Cal St. Fullerton,Stanford,Away,38.00%,62.00%,Stanford -1.93,7.3,119,64,Stanford 4-3
2/21/26,Cal St. Fullerton,Stanford,Away,38.00%,62.00%,Stanford -1.93,7.3,119,64,Cal St. Fullerton 4-3
2/21/26,St. John's (NY),Arizona St.,Home,20.20%,79.80%,Arizona St. -4.44,7.3,92,23,Arizona St. 3-1
2/21/26,Kennesaw St.,Florida,Home,14.20%,85.80%,Florida -6.15,7.2,88,14,Florida 11-0
2/21/26,South Alabama,Col. of Charleston,Home,50.20%,49.80%,South Alabama -0.26,7.2,66,152,South Alabama 3-1
2/21/26,Southeast Mo. St.,Western Ky.,Away,34.60%,65.40%,Western Ky. -1.91,7.2,75,110,Southeast Mo. St. 8-7
2/21/26,Southeast Mo. St.,Western Ky.,Away,34.60%,65.40%,Western Ky. -1.91,7.2,75,110,Western Ky. 12-4
2/21/26,Samford,Georgia,Home,10.20%,89.80%,Georgia -7.46,7.1,89,2,Georgia 12-4
2/21/26,VCU,Illinois,Neutral,39.90%,60.10%,Illinois -1.13,7.1,117,94,VCU 3-2
2/21/26,Louisiana Tech,Memphis,Away,60.90%,39.10%,Louisiana Tech -1.51,7,81,134,Louisiana Tech 8-5
2/21/26,Kansas,McNeese,Away,73.40%,26.60%,Kansas -3.76,7,12,139,Kansas 8-2
2/21/26,Boston College,Northwestern,Neutral,66.70%,33.30%,Boston College -2.58,7,37,141,Northwestern 5-4
2/21/26,UConn,Arizona,Home,42.20%,57.80%,Arizona -0.98,7,100,130,Arizona 5-4
2/21/26,Michigan St.,Texas,Away,11.40%,88.60%,Texas -7.08,6.9,109,3,Texas 3-1
2/21/26,Rutgers,Virginia Tech,Away,28.00%,72.00%,Virginia Tech -3.38,6.9,124,49,Virginia Tech 9-8
2/21/26,UTRGV,Houston,Home,35.70%,64.30%,Houston -1.9,6.9,126,90,UTRGV 10-6
2/21/26,Portland,UC Santa Barbara,Away,21.80%,78.20%,UC Santa Barbara -4.5,6.8,127,32,UC Santa Barbara 3-2
2/21/26,Oral Roberts,Abilene Christian,Home,49.00%,51.00%,Abilene Christian -0.04,6.8,116,151,Abilene Christian 12-3
2/21/26,Oklahoma St.,Grand Canyon,Home,72.50%,27.50%,Oklahoma St. -3.57,6.7,27,148,Oklahoma St. 10-7
2/21/26,UC Davis,Santa Clara,Home,44.10%,55.90%,Santa Clara -0.7,6.7,111,147,UC Davis 6-4
2/21/26,Saint Joseph's,Sacramento St.,Home,29.50%,70.50%,Sacramento St. -2.85,6.6,107,120,Sacramento St. 4-2
2/21/26,Eastern Ill.,Arkansas St.,Home,28.70%,71.30%,Arkansas St. -2.85,6.5,133,83,Arkansas St. 11-3
2/21/26,SIUE,Southeastern La.,Away,31.60%,68.40%,Southeastern La. -2.53,6.5,140,86,Southeastern La. 7-2
2/21/26,Creighton,San Diego,Away,56.80%,43.30%,Creighton -1.16,6.4,97,177,San Diego 15-5
2/21/26,Wright St.,Charlotte,Home,34.70%,65.30%,Charlotte -2.37,6.4,153,98,Charlotte 5-4
2/21/26,CSUN,Saint Mary's (CA),Away,29.30%,70.70%,Saint Mary's (CA) -3.05,6.3,144,96,CSUN 12-7
2/21/26,Northwestern St.,Central Ark.,Home,53.30%,46.70%,Northwestern St. -0.35,6.3,157,161,Central Ark. 3-2
2/21/26,Northwestern St.,Central Ark.,Home,53.30%,46.70%,Northwestern St. -0.35,6.3,157,161,Northwestern St. 5-2
2/21/26,Lamar University,UT Arlington,Away,61.60%,38.40%,Lamar University -1.92,6.3,95,172,Lamar University 5-4
2/21/26,Marshall,The Citadel,Away,34.50%,65.50%,The Citadel -2.52,6.3,174,69,The Citadel 11-6
2/21/26,Toledo,Jacksonville St.,Home,18.70%,81.30%,Jacksonville St. -5.14,6.1,170,22,Jacksonville St. 2-1
2/21/26,Utah Tech,Pacific,Home,54.80%,45.20%,Utah Tech -0.86,6.1,105,193,Utah Tech 8-5
2/21/26,Virginia,Stetson,Home,75.40%,24.60%,Virginia -3.96,6,34,183,Stetson 6-5
2/21/26,Omaha,Western Mich.,Neutral,45.60%,54.40%,Western Mich. -0.71,5.8,189,162,Omaha 9-4
2/21/26,Pittsburgh,CSU Bakersfield,Neutral,77.80%,22.20%,Pittsburgh -4.47,5.8,36,191,Pittsburgh 14-0
2/21/26,Morehead St.,Winthrop,Away,29.70%,70.30%,Winthrop -2.53,5.8,158,129,Winthrop 19-4
2/21/26,Kentucky,Evansville,Home,79.60%,20.40%,Kentucky -4.89,5.7,28,200,Kentucky 5-3
2/21/26,Kentucky,Evansville,Home,79.60%,20.40%,Kentucky -4.89,5.7,28,200,Evansville 1-0
2/21/26,UIC,Sam Houston,Home,41.40%,58.60%,Sam Houston -1.1,5.7,190,146,UIC 2-1
2/21/26,San Francisco,San Jose St.,Away,35.90%,64.10%,San Jose St. -1.89,5.7,175,142,San Jose St. 7-3
2/21/26,Milwaukee,Duke,Home,23.80%,76.20%,Duke -3.89,5.7,180,82,Duke 10-8
2/21/26,Milwaukee,Duke,Home,23.80%,76.20%,Duke -3.89,5.7,180,82,Milwaukee 9-6
2/21/26,Army West Point,Air Force,Neutral,30.50%,69.50%,Air Force -2.74,5.4,197,121,Army West Point 11-3
2/21/26,Penn St.,Richmond,Away,36.80%,63.20%,Richmond -1.87,5.4,192,160,Richmond 4-3
2/21/26,Penn St.,Richmond,Away,36.80%,63.20%,Richmond -1.87,5.4,192,160,Richmond 3-0
2/21/26,South Dakota St.,Tarleton St.,Away,22.80%,77.20%,Tarleton St. -4.41,5.4,209,58,South Dakota St. 6-2
2/21/26,Long Beach St.,A&M-Corpus Christi,Home,48.20%,51.80%,A&M-Corpus Christi -0.32,5.3,210,199,Long Beach St. 10-5
2/21/26,Binghamton,William & Mary,Away,54.40%,45.60%,Binghamton -0.9,5.3,163,222,William & Mary 5-4
2/21/26,Binghamton,William & Mary,Away,54.40%,45.60%,Binghamton -0.9,5.3,163,222,William & Mary 10-5
2/21/26,Ga. Southern,South Fla.,Away,21.20%,78.80%,South Fla. -4.42,5.3,203,74,South Fla. 29-4
2/21/26,George Mason,Ball St.,Neutral,54.90%,45.10%,George Mason -0.98,5.2,181,212,George Mason 6-1
2/21/26,Rhode Island,Alabama,Home,10.70%,89.30%,Alabama -7.32,5.2,214,9,Alabama 8-5
2/21/26,Rhode Island,Alabama,Home,10.70%,89.30%,Alabama -7.32,5.2,214,9,Alabama 11-1
2/21/26,Penn,Texas A&M,Away,6.70%,93.30%,Texas A&M -8.95,5.2,206,7,Texas A&M 2-1
2/21/26,Stony Brook,Georgia Tech,Home,5.20%,94.80%,Georgia Tech -9.89,5.2,207,4,Georgia Tech 6-5
2/21/26,Indiana St.,Brown,Neutral,69.10%,30.90%,Indiana St. -2.57,5.1,138,208,Brown 16-12
2/21/26,Bryant,Clemson,Away,16.60%,83.40%,Clemson -5.6,5.1,217,55,Clemson 5-3
2/21/26,Brown,Illinois St.,Neutral,30.40%,69.60%,Illinois St. -2.62,5,208,145,Illinois St. 9-7
2/21/26,Maine,High Point,Home,18.50%,81.50%,High Point -4.99,5,216,77,High Point 6-3
2/21/26,Maine,High Point,Home,18.50%,81.50%,High Point -4.99,5,216,77,High Point 14-8
2/21/26,Columbia,Mercer,Away,14.80%,85.20%,Mercer -6.06,5,226,41,Mercer 20-6
2/21/26,Navy,South Carolina,Away,22.80%,77.20%,South Carolina -4.0,4.9,215,104,South Carolina 8-0
2/21/26,Fairfield,Davidson,Home,45.20%,54.80%,Davidson -0.36,4.9,213,220,Davidson 8-6
2/21/26,Bethune-Cookman,Florida A&M,Neutral,60.10%,39.90%,Bethune-Cookman -1.3,4.9,171,225,Bethune-Cookman 6-2
2/21/26,Monmouth,North Dakota St.,Neutral,54.50%,45.50%,Monmouth -0.97,4.9,167,244,North Dakota St. 5-1
2/21/26,Seattle U,California Baptist,Home,15.90%,84.10%,California Baptist -5.77,4.8,237,42,California Baptist 7-1
2/21/26,UMBC,Longwood,Home,31.70%,68.30%,Longwood -2.66,4.8,221,156,Longwood 17-11
2/21/26,UMBC,Longwood,Home,31.70%,68.30%,Longwood -2.66,4.8,221,156,Longwood 4-3
2/21/26,Delaware,Mississippi St.,Away,5.80%,94.20%,Mississippi St. -9.46,4.8,229,10,Mississippi St. 10-0
2/21/26,Pepperdine,Fresno St.,Home,47.80%,52.20%,Fresno St. -0.02,4.7,198,248,Fresno St. 10-6
2/21/26,UT Martin,Nicholls,Home,34.20%,65.80%,Nicholls -2.18,4.7,231,166,Nicholls 9-8
2/21/26,Bowling Green,Western Caro.,Away,20.10%,79.90%,Western Caro. -4.95,4.7,234,84,Western Caro. 5-0
2/21/26,Bowling Green,Western Caro.,Away,20.10%,79.90%,Western Caro. -4.95,4.7,234,84,Bowling Green 6-5
2/21/26,Northern Ky.,New Orleans,Home,38.20%,61.80%,New Orleans -1.97,4.7,227,188,New Orleans 10-3
2/21/26,UT Martin,Nicholls,Home,34.20%,65.80%,Nicholls -2.18,4.7,231,166,Nicholls 13-5
2/21/26,Rider,UNC Asheville,Away,56.50%,43.50%,Rider -1.16,4.5,184,259,Rider 10-8
2/21/26,Rider,UNC Asheville,Away,56.50%,43.50%,Rider -1.16,4.5,184,259,Rider 10-2
2/21/26,Niagara,Old Dominion,Away,20.70%,79.30%,Old Dominion -4.57,4.5,230,125,Old Dominion 8-5
2/21/26,Niagara,Old Dominion,Away,20.70%,79.30%,Old Dominion -4.57,4.5,230,125,Old Dominion 5-4
2/21/26,Butler,Murray St.,Neutral,27.50%,72.50%,Murray St. -3.28,4.4,236,159,Murray St. 3-2
2/21/26,LIU,Jacksonville,Home,25.00%,75.00%,Jacksonville -3.66,4.4,239,132,Jacksonville 12-7
2/21/26,Butler,Murray St.,Neutral,27.50%,72.50%,Murray St. -3.28,4.4,236,159,Murray St. 6-4
2/21/26,Utah Valley,Nevada,Home,27.00%,73.00%,Nevada -3.34,4.4,243,135,Nevada 9-5
2/21/26,Utah Valley,Nevada,Home,27.00%,73.00%,Nevada -3.34,4.4,243,135,Nevada 7-4
2/21/26,UMass Lowell,Miami (OH),Neutral,18.20%,81.80%,Miami (OH) -5.29,4.4,253,76,Miami (OH) 14-12
2/21/26,Bucknell,Radford,Away,29.60%,70.40%,Radford -2.79,4.4,223,187,Bucknell 4-1
2/21/26,Bucknell,Radford,Away,29.60%,70.40%,Radford -2.79,4.4,223,187,Radford 11-9
2/21/26,Fordham,UNCW,Away,23.50%,76.50%,UNCW -4.05,4.4,235,131,UNCW 19-0
2/21/26,Marist,Vanderbilt,Away,6.10%,93.90%,Vanderbilt -9.13,4.4,242,38,Vanderbilt 12-1
2/21/26,Washington,LMU (CA),Home,73.00%,27.00%,Washington -3.73,4.3,128,254,LMU (CA) 7-1
2/21/26,Princeton,NC State,Home,9.50%,90.50%,NC State -7.74,4.3,250,51,Princeton 1-0
2/21/26,Princeton,NC State,Home,9.50%,90.50%,NC State -7.74,4.3,250,51,NC State 16-1
2/21/26,Central Mich.,Belmont,Home,36.90%,63.10%,Belmont -1.7,4.3,224,233,Central Mich. 6-4
2/21/26,Towson,New Mexico St.,Home,35.60%,64.40%,New Mexico St. -1.93,4.3,245,186,New Mexico St. 9-3
2/21/26,Villanova,Lipscomb,Home,27.40%,72.60%,Lipscomb -3.35,4.2,241,165,Lipscomb 9-8
2/21/26,West Ga.,Little Rock,Home,23.30%,76.70%,Little Rock -4.39,4.1,268,113,Little Rock 4-3
2/21/26,Southern Ill.,Queens (NC),Home,60.50%,39.50%,Southern Ill. -1.6,4.1,218,255,Queens (NC) 9-8
2/21/26,Quinnipiac,North Florida,Home,24.70%,75.30%,North Florida -3.83,4.1,252,149,Quinnipiac 6-3
2/21/26,Youngstown St.,Oregon,Home,4.60%,95.40%,Oregon -10.27,4.1,270,20,Oregon 7-0
2/21/26,NIU,Presbyterian,Away,76.30%,23.70%,NIU -4.23,4.1,99,278,NIU 3-1
2/21/26,Eastern Mich.,Austin Peay,Home,29.00%,71.00%,Austin Peay -2.87,4.1,238,201,Austin Peay 8-7
2/21/26,Quinnipiac,North Florida,Home,24.70%,75.30%,North Florida -3.83,4.1,252,149,North Florida 5-4
2/21/26,Holy Cross,FIU,Home,33.00%,67.00%,FIU -2.31,4,249,211,FIU 14-10
2/21/26,Holy Cross,FIU,Home,33.00%,67.00%,FIU -2.31,4,249,211,FIU 6-5
2/21/26,FDU,Gardner-Webb,Away,29.00%,71.00%,Gardner-Webb -2.8,4,240,205,Gardner-Webb 10-1
2/21/26,SFA,Ark.-Pine Bluff,Home,68.20%,31.80%,SFA -2.67,4,173,266,SFA 2-1
2/21/26,SFA,Ark.-Pine Bluff,Home,68.20%,31.80%,SFA -2.67,4,173,266,Ark.-Pine Bluff 4-3
2/21/26,Saint Louis,North Ala.,Home,29.40%,70.60%,North Ala. -3.09,3.9,264,176,North Ala. 12-2
2/21/26,Siena,Wake Forest,Away,4.10%,95.90%,Wake Forest -10.63,3.9,279,25,Wake Forest 8-1
2/21/26,Bellarmine,Georgia St.,Away,22.40%,77.60%,Georgia St. -4.42,3.9,260,143,Georgia St. 9-3
2/21/26,Seton Hall,Merrimack,Neutral,54.90%,45.10%,Seton Hall -0.44,3.9,263,257,Seton Hall 11-10
2/21/26,Ball St.,Seton Hall,Neutral,62.80%,37.20%,Ball St. -1.79,3.9,212,263,Ball St. 0-0
2/21/26,Dartmouth,FDU,Neutral,55.80%,44.20%,Dartmouth -0.55,3.8,277,240,Dartmouth 7-6
2/21/26,Valparaiso,USC Upstate,Home,17.00%,83.00%,USC Upstate -5.65,3.8,276,108,Valparaiso 10-5
2/21/26,Harvard,Tulane,Away,18.20%,81.80%,Tulane -5.1,3.8,262,137,Tulane 11-9
2/21/26,N.C. A&T,App State,Home,13.10%,86.90%,App State -6.41,3.7,272,106,App State 10-0
2/21/26,Dartmouth,Gardner-Webb,Away,34.00%,66.00%,Gardner-Webb -2.26,3.7,277,205,Gardner-Webb 8-7
2/21/26,Massachusetts,Mount St. Mary's,Away,49.70%,50.30%,Mount St. Mary's -0.08,3.7,269,280,Massachusetts 10-6
2/21/26,Massachusetts,Mount St. Mary's,Away,49.70%,50.30%,Mount St. Mary's -0.08,3.7,269,280,Massachusetts 7-5
2/21/26,Eastern Ky.,Dayton,Home,24.50%,75.50%,Dayton -3.81,3.7,258,185,Dayton 12-9
2/21/26,Eastern Ky.,Dayton,Home,24.50%,75.50%,Dayton -3.81,3.7,258,185,Dayton 3-1
2/21/26,Northern Colo.,New Mexico,Home,17.90%,82.10%,New Mexico -5.1,3.7,256,155,New Mexico 6-5
2/21/26,Northern Colo.,New Mexico,Home,17.90%,82.10%,New Mexico -5.1,3.7,256,155,New Mexico 5-0
2/21/26,Western Ill.,Akron,Neutral,54.80%,45.20%,Western Ill. -0.68,3.6,281,265,Akron 5-0
2/21/26,Lafayette,Miami (FL),Away,3.70%,96.30%,Miami (FL) -10.96,3.6,295,29,Miami (FL) 14-3
2/21/26,Cornell,Northwestern,Neutral,23.10%,76.90%,Northwestern -4.12,3.6,287,141,Northwestern 6-5
2/21/26,Lafayette,Miami (FL),Away,3.70%,96.30%,Miami (FL) -10.96,3.6,295,29,Miami (FL) 14-4
2/21/26,St. Thomas (MN),Lindenwood,Home,28.10%,71.90%,Lindenwood -3.34,3.6,267,195,Lindenwood 6-0
2/21/26,Wagner,UC Riverside,Home,27.60%,72.40%,UC Riverside -2.94,3.5,247,246,UC Riverside 7-2
2/21/26,Coppin St.,Oklahoma,Away,0.50%,99.50%,Oklahoma -17.29,3.5,303,13,Oklahoma 24-0
2/21/26,Grambling,Alabama St.,Neutral,27.10%,72.90%,Alabama St. -3.51,3.5,273,194,Alabama St. 7-0
2/21/26,UAlbany,Texas Tech,Home,8.60%,91.40%,Texas Tech -8.03,3.5,288,80,Texas Tech 8-6
2/21/26,UAlbany,Texas Tech,Home,8.60%,91.40%,Texas Tech -8.03,3.5,288,80,Texas Tech 15-1
2/21/26,Southern U.,Texas Southern,Neutral,60.60%,39.40%,Southern U. -1.75,3.5,232,285,Texas Southern 15-12
2/21/26,Oakland,Southern Ind.,Away,25.30%,74.70%,Southern Ind. -3.87,3.4,271,204,Southern Ind. 7-6
2/21/26,Yale,Jackson St.,Neutral,79.00%,21.00%,Yale -4.65,3.4,164,283,Jackson St. 6-5
2/21/26,Canisius,UNC Greensboro,Away,20.10%,79.90%,UNC Greensboro -4.64,3.4,274,168,UNC Greensboro 7-3
2/21/26,NJIT,Wofford,Away,14.80%,85.20%,Wofford -6.03,3.3,293,122,Wofford 1-0
2/21/26,Le Moyne,James Madison,Home,20.90%,79.10%,James Madison -4.42,3.3,275,182,James Madison 16-1
2/21/26,Le Moyne,James Madison,Home,20.90%,79.10%,James Madison -4.42,3.3,275,182,James Madison 11-4
2/21/26,Stonehill,FGCU,Home,9.60%,90.40%,FGCU -7.58,3.3,286,118,FGCU 4-3
2/21/26,Sacred Heart,ETSU,Home,9.00%,91.00%,ETSU -7.72,3.2,284,123,ETSU 26-3
2/21/26,Sacred Heart,ETSU,Home,9.00%,91.00%,ETSU -7.72,3.2,284,123,ETSU 11-8
2/21/26,New Haven,Missouri,Neutral,8.30%,91.70%,Missouri -8.26,3.2,302,87,Missouri 17-5
2/21/26,Bradley,UNLV,Away,10.70%,89.30%,UNLV -7.19,3.1,289,136,UNLV 13-5
2/21/26,Iona,Hofstra,Home,19.40%,80.60%,Hofstra -4.85,3.1,290,178,Iona 0-0
2/21/26,St. Bonaventure,Middle Tenn.,Home,17.20%,82.80%,Middle Tenn. -5.34,3,292,179,St. Bonaventure 6-5
2/21/26,Ohio,Tennessee Tech,Away,25.60%,74.40%,Tennessee Tech -3.63,2.7,294,251,Tennessee Tech 6-4
2/21/26,Ohio,Tennessee Tech,Away,25.60%,74.40%,Tennessee Tech -3.63,2.7,294,251,Tennessee Tech 6-1
2/21/26,Lehigh,George Washington,Home,29.70%,70.30%,George Washington -2.71,2.6,296,282,George Washington 7-3
2/21/26,Lehigh,George Washington,Home,29.70%,70.30%,George Washington -2.71,2.6,296,282,Lehigh 6-3
2/21/26,Alabama A&M,ULM,Neutral,4.00%,96.00%,ULM -10.65,2.5,304,150,Alabama A&M 11-7
2/21/26,Manhattan,Norfolk St.,Away,70.20%,29.80%,Manhattan -2.88,2.5,291,298,Norfolk St. 11-10
2/21/26,Manhattan,Norfolk St.,Away,70.20%,29.80%,Manhattan -2.88,2.5,291,298,Manhattan 13-4
2/21/26,Prairie View,UIW,Away,9.60%,90.50%,UIW -7.4,2.4,300,202,UIW 3-2
2/21/26,Alcorn,Houston Christian,Away,2.00%,98.00%,Houston Christian -12.86,2.3,305,169,Houston Christian 9-2
2/21/26,UMES,VMI,Away,3.40%,96.60%,VMI -11.1,2.1,307,196,VMI 7-3
2/21/26,UMES,VMI,Away,3.40%,96.60%,VMI -11.1,2.1,307,196,VMI 14-4
2/21/26,Saint Peter's,Georgetown,Home,5.30%,94.70%,Georgetown -9.71,1.9,308,219,Georgetown 13-0
2/21/26,Saint Peter's,Georgetown,Home,5.30%,94.70%,Georgetown -9.71,1.9,308,219,Georgetown 18-2
2/20/26,UCF,Notre Dame,Neutral,50.00%,50.00%,Notre Dame -0.12,9.1,33,47,UCF 4-2
2/20/26,West Virginia,Liberty,Home,59.30%,40.80%,West Virginia -1.51,9.1,6,31,West Virginia 12-0
2/20/26,North Carolina,East Carolina,Home,66.00%,34.00%,North Carolina -2.52,8.7,5,43,North Carolina 10-0
2/20/26,Nebraska,Louisville,Neutral,57.80%,42.20%,Nebraska -1.21,8.6,16,67,Louisville 4-2
2/20/26,TCU,UCLA,Away,22.00%,78.00%,UCLA -4.38,8.5,30,1,UCLA 10-2
2/20/26,Purdue,Southern Miss.,Neutral,36.20%,63.80%,Southern Miss. -2.03,8.5,54,21,Southern Miss. 5-4
2/20/26,Auburn,Kansas St.,Neutral,69.70%,30.30%,Auburn -3.06,8.5,8,44,Auburn 5-1
2/20/26,Michigan,Florida St.,Neutral,30.70%,69.30%,Florida St. -2.89,8.4,50,19,Florida St. 6-1
2/20/26,Campbell,Troy,Away,42.30%,57.70%,Troy -1.17,8.4,53,57,Troy 13-3
2/20/26,Gonzaga,Texas St.,Away,40.50%,59.50%,Texas St. -1.22,8.4,48,59,Texas St. 8-6
2/20/26,Missouri St.,Ole Miss,Away,22.80%,77.20%,Ole Miss -4.28,8.3,35,11,Ole Miss 11-6
2/20/26,Oregon St.,Baylor,Neutral,67.70%,32.30%,Oregon St. -2.67,8.3,18,60,Oregon St. 3-1
2/20/26,Cincinnati,UAB,Away,62.30%,37.70%,Cincinnati -1.86,8.3,24,68,UAB 8-3
2/20/26,BYU,San Diego St.,Away,45.30%,54.70%,San Diego St. -0.52,8.3,62,73,San Diego St. 3-0
2/20/26,California,UC Irvine,Away,50.50%,49.50%,California -0.3,8.2,56,93,UC Irvine 5-3
2/20/26,Louisiana Tech,Ohio St.,Neutral,49.80%,50.20%,Ohio St. -0.01,8.2,81,78,Louisiana Tech 6-0
2/20/26,DBU,UTSA,Away,38.00%,62.00%,UTSA -1.62,8.1,71,46,UTSA 12-8
2/20/26,Kent St.,Tennessee,Away,26.40%,73.60%,Tennessee -3.49,8,61,26,Tennessee 4-3
2/20/26,Creighton,UC San Diego,Away,46.60%,53.40%,UC San Diego -0.43,7.8,97,85,UC San Diego 8-7
2/20/26,Rice,Southern California,Away,22.50%,77.50%,Southern California -4.24,7.8,65,15,Southern California 5-0
2/20/26,Washington St.,Cal Poly,Home,28.30%,71.70%,Cal Poly -3.19,7.6,79,52,Cal Poly 9-0
2/20/26,Iowa,Fla. Atlantic,Home,54.40%,45.60%,Iowa -0.74,7.6,63,115,Iowa 7-2
2/20/26,Maryland,Louisiana,Home,32.80%,67.20%,Louisiana -2.65,7.5,101,39,Louisiana 7-6
2/20/26,LSU,Indiana,Neutral,70.00%,30.00%,LSU -2.98,7.3,45,103,LSU 14-7
2/20/26,NIU,USC Upstate,Away,41.90%,58.10%,USC Upstate -1.14,7.3,99,108,USC Upstate 8-5
2/20/26,Cal St. Fullerton,Stanford,Away,38.00%,62.00%,Stanford -1.93,7.3,119,64,Cal St. Fullerton 4-2
2/20/26,Xavier,Arkansas,Home,18.70%,81.30%,Arkansas -5.12,7.3,91,17,Arkansas 5-2
2/20/26,St. John's (NY),Arizona St.,Home,20.20%,79.80%,Arizona St. -4.44,7.3,92,23,Arizona St. 9-1
2/20/26,Kennesaw St.,Florida,Home,14.20%,85.80%,Florida -6.15,7.2,88,14,Florida 9-3
2/20/26,South Alabama,Col. of Charleston,Home,50.20%,49.80%,South Alabama -0.26,7.2,66,152,South Alabama 16-2
2/20/26,Southeast Mo. St.,Western Ky.,Away,34.60%,65.40%,Western Ky. -1.91,7.2,75,110,Western Ky. 4-2
2/20/26,Southeast Mo. St.,Western Ky.,Away,34.60%,65.40%,Western Ky. -1.91,7.2,75,110,Western Ky. 4-2
2/20/26,Illinois,VCU,Neutral,60.10%,39.90%,Illinois -1.13,7.1,94,117,Illinois 9-4
2/20/26,Samford,Georgia,Home,10.20%,89.80%,Georgia -7.46,7.1,89,2,Georgia 11-1
2/20/26,Ohio St.,Memphis,Home,61.00%,39.00%,Ohio St. -1.52,7,78,134,Ohio St. 12-5
2/20/26,Kansas,McNeese,Away,73.40%,26.60%,Kansas -3.76,7,12,139,Kansas 11-2
2/20/26,UConn,Arizona,Home,42.20%,57.80%,Arizona -0.98,7,100,130,UConn 4-0
2/20/26,VCU,Coastal Carolina,Home,24.80%,75.20%,Coastal Carolina -3.53,7,117,40,Coastal Carolina 13-2
2/20/26,Wichita St.,Hawaii,Home,36.60%,63.40%,Hawaii -1.7,6.9,114,112,Hawaii 4-2
2/20/26,Michigan St.,Texas,Away,11.40%,88.60%,Texas -7.08,6.9,109,3,Texas 8-1
2/20/26,Rutgers,Virginia Tech,Away,28.00%,72.00%,Virginia Tech -3.38,6.9,124,49,Rutgers 16-1
2/20/26,Miami (OH),Indiana St.,Neutral,61.10%,38.90%,Miami (OH) -1.75,6.9,76,138,Indiana St. 11-3
2/20/26,UTRGV,Houston,Home,35.70%,64.30%,Houston -1.9,6.9,126,90,Houston 11-3
2/20/26,Portland,UC Santa Barbara,Away,21.80%,78.20%,UC Santa Barbara -4.5,6.8,127,32,UC Santa Barbara 4-1
2/20/26,Oral Roberts,Abilene Christian,Home,49.00%,51.00%,Abilene Christian -0.04,6.8,116,151,Oral Roberts 9-2
2/20/26,Oklahoma St.,Grand Canyon,Home,72.50%,27.50%,Oklahoma St. -3.57,6.7,27,148,Oklahoma St. 9-1
2/20/26,Utah,San Diego,Home,55.00%,45.00%,Utah -0.94,6.7,70,177,San Diego 8-4
2/20/26,UC Davis,Santa Clara,Home,44.10%,55.90%,Santa Clara -0.7,6.7,111,147,Santa Clara 5-2
2/20/26,Saint Joseph's,Sacramento St.,Home,29.50%,70.50%,Sacramento St. -2.85,6.6,107,120,Saint Joseph's 5-4
2/20/26,Eastern Ill.,Arkansas St.,Home,28.70%,71.30%,Arkansas St. -2.85,6.5,133,83,Eastern Ill. 3-2
2/20/26,SIUE,Southeastern La.,Away,31.60%,68.40%,Southeastern La. -2.53,6.5,140,86,SIUE 4-2
2/20/26,Wright St.,Charlotte,Home,34.70%,65.30%,Charlotte -2.37,6.4,153,98,Charlotte 10-3
2/20/26,CSUN,Saint Mary's (CA),Away,29.30%,70.70%,Saint Mary's (CA) -3.05,6.3,144,96,Saint Mary's (CA) 8-0
2/20/26,Northwestern St.,Central Ark.,Home,53.30%,46.70%,Northwestern St. -0.35,6.3,157,161,Central Ark. 5-4
2/20/26,Lamar University,UT Arlington,Away,61.60%,38.40%,Lamar University -1.92,6.3,95,172,UT Arlington 10-2
2/20/26,Marshall,The Citadel,Away,34.50%,65.50%,The Citadel -2.52,6.3,174,69,The Citadel 4-3
2/20/26,Yale,Bethune-Cookman,Home,52.60%,47.40%,Yale -0.46,6.1,164,171,Bethune-Cookman 7-5
2/20/26,Toledo,Jacksonville St.,Home,18.70%,81.30%,Jacksonville St. -5.14,6.1,170,22,Jacksonville St. 5-0
2/20/26,Utah Tech,Pacific,Home,54.80%,45.20%,Utah Tech -0.86,6.1,105,193,Utah Tech 2-1
2/20/26,Virginia,Monmouth,Neutral,85.40%,14.60%,Virginia -5.96,5.9,34,167,Virginia 21-8
2/20/26,Morehead St.,Winthrop,Away,29.70%,70.30%,Winthrop -2.53,5.8,158,129,Winthrop 10-0
2/20/26,Western Mich.,Omaha,Neutral,54.40%,45.60%,Western Mich. -0.71,5.8,162,189,Omaha 8-7
2/20/26,Kentucky,Evansville,Home,79.60%,20.40%,Kentucky -4.89,5.7,28,200,Kentucky 9-2
2/20/26,UIC,Sam Houston,Home,41.40%,58.60%,Sam Houston -1.1,5.7,190,146,UIC 2-0
2/20/26,San Francisco,San Jose St.,Away,35.90%,64.10%,San Jose St. -1.89,5.7,175,142,San Francisco 7-6
2/20/26,Long Beach St.,Pittsburgh,Neutral,25.00%,75.00%,Pittsburgh -4.01,5.7,210,36,Pittsburgh 6-2
2/20/26,Milwaukee,Duke,Home,23.80%,76.20%,Duke -3.89,5.7,180,82,Duke 20-3
2/20/26,Penn St.,Richmond,Away,36.80%,63.20%,Richmond -1.87,5.4,192,160,Penn St. 5-0
2/20/26,South Dakota St.,Tarleton St.,Away,22.80%,77.20%,Tarleton St. -4.41,5.4,209,58,Tarleton St. 9-2
2/20/26,CSU Bakersfield,A&M-Corpus Christi,Home,44.30%,55.70%,A&M-Corpus Christi -0.77,5.3,191,199,CSU Bakersfield 7-4
2/20/26,Binghamton,William & Mary,Away,54.40%,45.60%,Binghamton -0.9,5.3,163,222,Binghamton 9-8
2/20/26,Ga. Southern,South Fla.,Away,21.20%,78.80%,South Fla. -4.42,5.3,203,74,South Fla. 9-7
2/20/26,Army West Point,South Carolina,Away,23.00%,77.00%,South Carolina -3.91,5.2,197,104,Army West Point 9-5
2/20/26,Brown,Miami (OH),Neutral,22.20%,77.80%,Miami (OH) -4.32,5.2,208,76,Miami (OH) 11-8
2/20/26,Stony Brook,Georgia Tech,Home,5.20%,94.80%,Georgia Tech -9.89,5.2,207,4,Georgia Tech 10-5
2/20/26,Rhode Island,Alabama,Home,10.70%,89.30%,Alabama -7.32,5.2,214,9,Alabama 19-4
2/20/26,Penn,Texas A&M,Away,6.70%,93.30%,Texas A&M -8.95,5.2,206,7,Texas A&M 1-0
2/20/26,Stony Brook,Georgia Tech,Home,5.20%,94.80%,Georgia Tech -9.89,5.2,207,4,Georgia Tech 14-5
2/20/26,Navy,Air Force,Neutral,30.20%,69.80%,Air Force -2.83,5.1,215,121,Navy 5-3
2/20/26,Bryant,Clemson,Away,16.60%,83.40%,Clemson -5.6,5.1,217,55,Clemson 9-3
2/20/26,Alabama St.,Florida A&M,Neutral,52.60%,47.40%,Alabama St. -0.4,5,194,225,Alabama St. 11-4
2/20/26,Columbia,Mercer,Away,14.80%,85.20%,Mercer -6.06,5,226,41,Mercer 14-8
2/20/26,Maine,High Point,Home,18.50%,81.50%,High Point -4.99,5,216,77,Maine 7-5
2/20/26,Fairfield,Davidson,Home,45.20%,54.80%,Davidson -0.36,4.9,213,220,Davidson 1-0
2/20/26,ULM,Northern Ky.,Neutral,63.40%,36.60%,ULM -2.08,4.9,150,227,Northern Ky. 6-4
2/20/26,Seattle U,California Baptist,Home,15.90%,84.10%,California Baptist -5.77,4.8,237,42,California Baptist 5-0
2/20/26,UMBC,Longwood,Home,31.70%,68.30%,Longwood -2.66,4.8,221,156,Longwood 6-4
2/20/26,Delaware,Mississippi St.,Away,5.80%,94.20%,Mississippi St. -9.46,4.8,229,10,Mississippi St. 9-2
2/20/26,Elon,Charleston So.,Home,30.90%,69.10%,Charleston So. -2.8,4.7,228,154,Charleston So. 7-4
2/20/26,Pepperdine,Fresno St.,Home,47.80%,52.20%,Fresno St. -0.02,4.7,198,248,Pepperdine 2-1
2/20/26,Bowling Green,Western Caro.,Away,20.10%,79.90%,Western Caro. -4.95,4.7,234,84,Western Caro. 4-3
2/20/26,UT Martin,Nicholls,Home,34.20%,65.80%,Nicholls -2.18,4.7,231,166,UT Martin 6-3
2/20/26,Rider,UNC Asheville,Away,56.50%,43.50%,Rider -1.16,4.5,184,259,Rider 6-5
2/20/26,Niagara,Old Dominion,Away,20.70%,79.30%,Old Dominion -4.57,4.5,230,125,Old Dominion 5-4
2/20/26,LIU,Jacksonville,Home,25.00%,75.00%,Jacksonville -3.66,4.4,239,132,Jacksonville 12-0
2/20/26,Butler,Murray St.,Neutral,27.50%,72.50%,Murray St. -3.28,4.4,236,159,Murray St. 6-0
2/20/26,Bucknell,Radford,Away,29.60%,70.40%,Radford -2.79,4.4,223,187,Radford 7-1
2/20/26,Fordham,UNCW,Away,23.50%,76.50%,UNCW -4.05,4.4,235,131,Fordham 3-1
2/20/26,Marist,Vanderbilt,Away,6.10%,93.90%,Vanderbilt -9.13,4.4,242,38,Vanderbilt 16-5
2/20/26,Central Mich.,Belmont,Home,36.90%,63.10%,Belmont -1.7,4.3,224,233,Central Mich. 9-3
2/20/26,Central Mich.,Belmont,Home,36.90%,63.10%,Belmont -1.7,4.3,224,233,Belmont 5-2
2/20/26,Washington,LMU (CA),Home,73.00%,27.00%,Washington -3.73,4.3,128,254,Washington 8-3
2/20/26,Princeton,NC State,Home,9.50%,90.50%,NC State -7.74,4.3,250,51,NC State 6-4
2/20/26,Towson,New Mexico St.,Home,35.60%,64.40%,New Mexico St. -1.93,4.3,245,186,Towson 8-7
2/20/26,Villanova,Lipscomb,Home,27.40%,72.60%,Lipscomb -3.35,4.2,241,165,Villanova 11-5
2/20/26,North Dakota St.,Stetson,Away,30.30%,69.70%,Stetson -2.97,4.2,244,183,Stetson 8-4
2/20/26,West Ga.,Little Rock,Home,23.30%,76.70%,Little Rock -4.39,4.1,268,113,Little Rock 6-5
2/20/26,Southern Ill.,Queens (NC),Home,60.50%,39.50%,Southern Ill. -1.6,4.1,218,255,Queens (NC) 2-0
2/20/26,Illinois St.,UMass Lowell,Neutral,74.60%,25.40%,Illinois St. -3.66,4.1,145,253,Illinois St. 12-1
2/20/26,Youngstown St.,Oregon,Home,4.60%,95.40%,Oregon -10.27,4.1,270,20,Oregon 3-0
2/20/26,Eastern Mich.,Austin Peay,Home,29.00%,71.00%,Austin Peay -2.87,4.1,238,201,Eastern Mich. 7-6
2/20/26,Quinnipiac,North Florida,Home,24.70%,75.30%,North Florida -3.83,4.1,252,149,North Florida 10-0
2/20/26,Boston College,Cornell,Neutral,86.90%,13.10%,Boston College -6.58,4,37,287,Boston College 9-1
2/20/26,Holy Cross,FIU,Home,33.00%,67.00%,FIU -2.31,4,249,211,FIU 7-4
2/20/26,FDU,Gardner-Webb,Away,29.00%,71.00%,Gardner-Webb -2.8,4,240,205,FDU 6-0
2/20/26,SFA,Ark.-Pine Bluff,Home,68.20%,31.80%,SFA -2.67,4,173,266,Ark.-Pine Bluff 6-3
2/20/26,Seton Hall,George Mason,Neutral,32.70%,67.30%,George Mason -2.74,4,263,181,Seton Hall 8-6
2/20/26,Saint Louis,North Ala.,Home,29.40%,70.60%,North Ala. -3.09,3.9,264,176,North Ala. 7-4
2/20/26,Siena,Wake Forest,Away,4.10%,95.90%,Wake Forest -10.63,3.9,279,25,Wake Forest 11-7
2/20/26,Bellarmine,Georgia St.,Away,22.40%,77.60%,Georgia St. -4.42,3.9,260,143,Georgia St. 14-1
2/20/26,Merrimack,Ball St.,Neutral,32.70%,67.30%,Ball St. -2.23,3.8,257,212,Merrimack 9-5
2/20/26,Harvard,Tulane,Away,18.20%,81.80%,Tulane -5.1,3.8,262,137,Tulane 7-3
2/20/26,Valparaiso,Wofford,Away,16.90%,83.10%,Wofford -5.62,3.7,276,122,Wofford 15-9
2/20/26,N.C. A&T,App State,Home,13.10%,86.90%,App State -6.41,3.7,272,106,App State 9-3
2/20/26,Massachusetts,Mount St. Mary's,Away,49.70%,50.30%,Mount St. Mary's -0.08,3.7,269,280,Massachusetts 6-4
2/20/26,Eastern Ky.,Dayton,Home,24.50%,75.50%,Dayton -3.81,3.7,258,185,Dayton 17-7
2/20/26,Northern Colo.,New Mexico,Home,17.90%,82.10%,New Mexico -5.1,3.7,256,155,New Mexico 16-5
2/20/26,St. Thomas (MN),Lindenwood,Home,28.10%,71.90%,Lindenwood -3.34,3.6,267,195,Lindenwood 4-2
2/20/26,Southern U.,Grambling,Neutral,62.50%,37.50%,Southern U. -1.87,3.6,232,273,Southern U. 13-3
2/20/26,Akron,Western Ill.,Neutral,45.20%,54.80%,Western Ill. -0.68,3.6,265,281,Western Ill. 16-8
2/20/26,Northwestern,Cornell,Neutral,76.90%,23.10%,Northwestern -4.12,3.6,141,287,Northwestern 13-5
2/20/26,Lafayette,Miami (FL),Away,3.70%,96.30%,Miami (FL) -10.96,3.6,295,29,Miami (FL) 15-2
2/20/26,St. Thomas (MN),Lindenwood,Home,28.10%,71.90%,Lindenwood -3.34,3.6,267,195,St. Thomas (MN) 8-2
2/20/26,Wagner,UC Riverside,Home,27.60%,72.40%,UC Riverside -2.94,3.5,247,246,UC Riverside 8-5
2/20/26,Coppin St.,Oklahoma,Away,0.50%,99.50%,Oklahoma -17.29,3.5,303,13,Oklahoma 22-1
2/20/26,UAlbany,Texas Tech,Home,8.60%,91.40%,Texas Tech -8.03,3.5,288,80,Texas Tech 16-8
2/20/26,Oakland,Southern Ind.,Away,25.30%,74.70%,Southern Ind. -3.87,3.4,271,204,Southern Ind. 14-4
2/20/26,Canisius,UNC Greensboro,Away,20.10%,79.90%,UNC Greensboro -4.64,3.4,274,168,UNC Greensboro 3-1
2/20/26,Oakland,Southern Ind.,Away,25.30%,74.70%,Southern Ind. -3.87,3.4,271,204,Southern Ind. 10-7
2/20/26,Le Moyne,James Madison,Home,20.90%,79.10%,James Madison -4.42,3.3,275,182,James Madison 13-11
2/20/26,Stonehill,FGCU,Home,9.60%,90.40%,FGCU -7.58,3.3,286,118,FGCU 10-0
2/20/26,Texas Southern,Jackson St.,Neutral,43.90%,56.10%,Jackson St. -0.88,3.3,285,283,Jackson St. 3-2
2/20/26,NJIT,Presbyterian,Away,43.90%,56.10%,Presbyterian -0.76,3.2,293,278,NJIT 14-2
2/20/26,Sacred Heart,ETSU,Home,9.00%,91.00%,ETSU -7.72,3.2,284,123,ETSU 10-0
2/20/26,New Haven,Missouri,Neutral,8.30%,91.70%,Missouri -8.26,3.2,302,87,Missouri 12-2
2/20/26,Bradley,UNLV,Away,10.70%,89.30%,UNLV -7.19,3.1,289,136,UNLV 12-9
2/20/26,Iona,Hofstra,Home,19.40%,80.60%,Hofstra -4.85,3.1,290,178,Iona 0-0
2/20/26,St. Bonaventure,Middle Tenn.,Home,17.20%,82.80%,Middle Tenn. -5.34,3,292,179,Middle Tenn. 2-1
2/20/26,Ohio,Tennessee Tech,Away,25.60%,74.40%,Tennessee Tech -3.63,2.7,294,251,Tennessee Tech 8-3
2/20/26,Lehigh,George Washington,Home,29.70%,70.30%,George Washington -2.71,2.6,296,282,Lehigh 5-3
2/20/26,Manhattan,Norfolk St.,Away,70.20%,29.80%,Manhattan -2.88,2.5,291,298,Manhattan 16-10
2/20/26,Prairie View,UIW,Away,9.60%,90.50%,UIW -7.4,2.4,300,202,UIW 7-2
2/20/26,Alcorn,Houston Christian,Away,2.00%,98.00%,Houston Christian -12.86,2.3,305,169,Houston Christian 12-0
2/20/26,Alabama A&M,New Orleans,Away,4.30%,95.70%,New Orleans -10.47,2.2,304,188,Alabama A&M 10-8
2/20/26,UMES,VMI,Away,3.40%,96.60%,VMI -11.1,2.1,307,196,VMI 13-3
2/20/26,Saint Peter's,Georgetown,Home,5.30%,94.70%,Georgetown -9.71,1.9,308,219,Georgetown 4-2
2/20/26,Saint Peter's,Georgetown,Home,5.30%,94.70%,Georgetown -9.71,1.9,308,219,Georgetown 13-3
2/20/26,Delaware St.,La Salle,Away,6.70%,93.30%,La Salle -8.77,1.7,306,261,La Salle 9-8
2/20/26,Delaware St.,La Salle,Away,6.70%,93.30%,La Salle -8.77,1.7,306,261,La Salle 13-4
2/19/26,Cincinnati,UAB,Away,62.30%,37.70%,Cincinnati -1.86,8.3,24,68,UAB 12-11
2/19/26,Utah,UC San Diego,Home,44.80%,55.20%,UC San Diego -0.64,8,70,85,Utah 0-0
2/19/26,UConn,Arizona,Home,42.20%,57.80%,Arizona -0.98,7,100,130,UConn 6-4
2/19/26,Wichita St.,Hawaii,Home,36.60%,63.40%,Hawaii -1.7,6.9,114,112,Hawaii 7-6
2/19/26,Oklahoma St.,Grand Canyon,Home,72.50%,27.50%,Oklahoma St. -3.57,6.7,27,148,Grand Canyon 12-8
2/19/26,Saint Joseph's,Sacramento St.,Home,29.50%,70.50%,Sacramento St. -2.85,6.6,107,120,Sacramento St. 4-1
2/19/26,Utah Tech,Pacific,Home,54.80%,45.20%,Utah Tech -0.86,6.1,105,193,Pacific 4-3
2/19/26,Omaha,BYU,Neutral,28.30%,71.70%,BYU -3.35,5.9,189,62,Omaha 0-0
2/19/26,Omaha,San Diego St.,Away,24.70%,75.30%,San Diego St. -3.89,5.6,189,73,Omaha 0-0
2/19/26,Seattle U,California Baptist,Home,15.90%,84.10%,California Baptist -5.77,4.8,237,42,California Baptist 14-6
2/19/26,Youngstown St.,Oregon,Home,4.60%,95.40%,Oregon -10.27,4.1,270,20,Oregon 18-1
2/19/26,Oakland,Southern Ind.,Away,25.30%,74.70%,Southern Ind. -3.87,3.4,271,204,Southern Ind. 18-9
2/18/26,Purdue,Rice,Away,48.60%,51.40%,Rice -0.18,8.6,54,65,Rice 5-2
2/18/26,Kansas,Lamar University,Away,68.20%,31.80%,Kansas -2.87,7.8,12,95,Lamar University 4-1
2/18/26,San Diego St.,UC Irvine,Away,44.10%,55.90%,UC Irvine -0.71,7.8,73,93,UC Irvine 5-2
2/18/26,Minnesota,FGCU,Home,56.80%,43.30%,Minnesota -0.89,7.4,72,118,FGCU 6-5
2/18/26,NIU,East Carolina,Home,24.70%,75.30%,East Carolina -3.9,7.2,99,43,East Carolina 11-5
2/18/26,McNeese,Louisiana Tech,Home,38.80%,61.20%,Louisiana Tech -1.55,6.9,139,81,McNeese 8-3
2/18/26,USC Upstate,Georgia,Home,9.40%,90.60%,Georgia -7.82,6.8,108,2,Georgia 12-6
2/18/26,Winthrop,NC State,Home,22.90%,77.10%,NC State -4.28,6.6,129,51,NC State 7-3
2/18/26,Portland,CSUN,Home,41.90%,58.10%,CSUN -1.0,6.6,127,144,Portland 5-4
2/18/26,Georgia St.,Mercer,Away,22.30%,77.70%,Mercer -4.33,6.5,143,41,Mercer 8-0
2/18/26,Indiana St.,Miami (FL),Away,19.00%,81.00%,Miami (FL) -5.12,6.5,138,29,Miami (FL) 6-2
2/18/26,San Jose St.,Santa Clara,Away,40.30%,59.70%,Santa Clara -1.27,6.3,142,147,Santa Clara 8-6
2/18/26,UC Davis,San Francisco,Home,55.60%,44.40%,UC Davis -0.86,6.3,111,175,UC Davis 2-1
2/18/26,Utah Tech,CSU Bakersfield,Home,57.40%,42.60%,Utah Tech -1.18,6.1,105,191,Utah Tech 14-4
2/18/26,Murray St.,North Ala.,Away,50.80%,49.20%,Murray St. -0.08,6.1,159,176,North Ala. 15-5
2/18/26,Longwood,North Carolina,Away,7.80%,92.20%,North Carolina -8.45,6,156,5,North Carolina 5-3
2/18/26,Nicholls,LSU,Home,14.40%,85.60%,LSU -6.06,5.8,166,45,LSU 12-1
2/18/26,Stetson,Florida,Home,10.30%,89.70%,Florida -7.45,5.6,183,14,Florida 9-3
2/18/26,James Madison,Richmond,Away,33.00%,67.00%,Richmond -2.45,5.4,182,160,Richmond 9-5
2/18/26,Alabama St.,Alabama,Home,8.00%,92.00%,Alabama -8.32,5.4,194,9,Alabama 2-1
2/18/26,Morehead St.,Butler,Home,54.40%,45.60%,Morehead St. -0.89,5.1,158,236,Butler 20-5
2/18/26,North Florida,Florida A&M,Home,63.90%,36.10%,North Florida -1.87,5,149,225,North Florida 15-4
2/18/26,South Dakota St.,UIW,Away,42.60%,57.40%,UIW -0.93,5,209,202,UIW 19-18
2/18/26,Gardner-Webb,South Carolina,Away,20.90%,79.10%,South Carolina -4.43,5,205,104,South Carolina 12-2
2/18/26,New Orleans,Southern U.,Away,62.60%,37.40%,New Orleans -1.84,4.6,188,232,New Orleans 14-5
2/18/26,Eastern Mich.,Vanderbilt,Away,8.30%,91.70%,Vanderbilt -8.22,4.6,238,38,Vanderbilt 16-2
2/18/26,North Dakota St.,South Fla.,Away,16.20%,83.80%,South Fla. -5.7,4.5,244,74,South Fla. 3-1
2/18/26,LMU (CA),Southern California,Away,6.60%,93.40%,Southern California -9.11,4.4,254,15,Southern California 14-4
2/18/26,Jackson St.,Ole Miss,Away,3.40%,96.60%,Ole Miss -11.25,3.9,283,11,Ole Miss 18-3
2/18/26,Merrimack,UNCW,Away,13.90%,86.10%,UNCW -6.04,3.7,257,131,UNCW 10-0
2/18/26,N.C. A&T,UNC Greensboro,Away,20.80%,79.30%,UNC Greensboro -4.58,3.5,272,168,UNC Greensboro 4-3
2/18/26,Alcorn,Mississippi St.,Away,0.30%,99.70%,Mississippi St. -19.07,3.5,305,10,Mississippi St. 19-0
2/18/26,Manhattan,Old Dominion,Away,14.50%,85.50%,Old Dominion -6.14,3.3,291,125,Manhattan 10-7
2/17/26,Cincinnati,Auburn,Home,31.20%,68.80%,Auburn -2.78,8.9,24,8,Cincinnati 8-0
2/17/26,UCF,Miami (FL),Home,36.80%,63.20%,Miami (FL) -1.88,8.8,33,29,Miami (FL) 8-7
2/17/26,East Carolina,Campbell,Home,47.50%,52.50%,Campbell -0.2,8.8,43,53,Campbell 2-1
2/17/26,Louisiana,Rice,Away,48.50%,51.50%,Louisiana -0.0,8.7,39,65,Louisiana 3-0
2/17/26,Texas St.,Baylor,Home,42.90%,57.10%,Baylor -0.83,8.4,59,60,Baylor 14-4
2/17/26,Troy,Mississippi St.,Home,24.00%,76.00%,Mississippi St. -3.77,8.1,57,10,Mississippi St. 13-7
2/17/26,Southern Miss.,Southeastern La.,Home,63.80%,36.20%,Southern Miss. -2.07,8,21,86,Southern Miss. 3-1
2/17/26,Missouri St.,Oral Roberts,Away,53.20%,46.80%,Missouri St. -0.74,7.9,35,116,Missouri St. 11-0
2/17/26,High Point,Wake Forest,Away,26.60%,73.40%,Wake Forest -3.56,7.8,77,25,Wake Forest 7-6
2/17/26,Alabama,Samford,Away,70.90%,29.10%,Alabama -3.24,7.8,9,89,Alabama 3-2
2/17/26,Western Caro.,USC Upstate,Home,48.30%,51.70%,USC Upstate -0.18,7.7,84,108,USC Upstate 17-0
2/17/26,Texas Tech,UTRGV,Away,50.50%,49.50%,Texas Tech -0.13,7.5,80,126,Texas Tech 21-12
2/17/26,Arkansas St.,Ole Miss,Away,18.30%,81.70%,Ole Miss -5.28,7.5,83,11,Ole Miss 7-6
2/17/26,App State,Duke,Away,40.90%,59.10%,Duke -1.29,7.4,106,82,Duke 10-5
2/17/26,Missouri,Fla. Atlantic,Home,45.10%,54.90%,Fla. Atlantic -0.58,7.4,87,115,Fla. Atlantic 4-2
2/17/26,Xavier,Louisville,Home,29.30%,70.70%,Louisville -2.88,7.3,91,67,Louisville 23-11
2/17/26,UConn,Arizona St.,Home,23.00%,77.00%,Arizona St. -4.16,7.3,100,23,Arizona St. 17-7
2/17/26,Charlotte,Clemson,Away,29.00%,71.00%,Clemson -2.97,7.3,98,55,Clemson 11-1
2/17/26,South Carolina,Wofford,Away,46.70%,53.30%,Wofford -0.52,7.3,104,122,South Carolina 8-2
2/17/26,ETSU,Virginia Tech,Away,35.50%,64.50%,Virginia Tech -2.25,7.2,123,49,Virginia Tech 7-5
2/17/26,Lamar University,Texas,Away,13.90%,86.10%,Texas -6.32,7.2,95,3,Texas 14-4
2/17/26,Little Rock,Memphis,Away,52.20%,47.80%,Little Rock -0.46,7.1,113,134,Little Rock 12-11
2/17/26,Cal Poly,San Jose St.,Away,64.70%,35.30%,Cal Poly -2.3,6.9,52,142,Cal Poly 0-0
2/17/26,Florida St.,Jacksonville,Away,78.00%,22.00%,Florida St. -4.45,6.8,19,132,Florida St. 13-3
2/17/26,South Alabama,Nicholls,Home,61.90%,38.10%,South Alabama -1.92,6.6,66,166,South Alabama 7-5
2/17/26,Illinois St.,SIUE,Away,46.40%,53.60%,SIUE -0.74,6.6,145,140,Illinois St. 9-5
2/17/26,UAB,North Ala.,Home,60.80%,39.20%,UAB -1.58,6.5,68,176,UAB 15-3
2/17/26,Col. of Charleston,Coastal Carolina,Home,25.30%,74.70%,Coastal Carolina -3.62,6.5,152,40,Col. of Charleston 4-3
2/17/26,Tulane,UCLA,Away,9.40%,90.60%,UCLA -7.82,6.4,137,1,UCLA 13-5
2/17/26,Abilene Christian,DBU,Away,28.40%,71.60%,DBU -3.3,6.4,151,71,DBU 12-3
2/17/26,Georgia St.,Jacksonville St.,Away,16.00%,84.00%,Jacksonville St. -5.68,6.4,143,22,Jacksonville St. 3-2
2/17/26,Charleston So.,North Florida,Away,43.90%,56.10%,North Florida -0.82,6.3,154,149,Charleston So. 12-4
2/17/26,Sam Houston,Houston Christian,Home,44.10%,55.90%,Houston Christian -0.74,6.1,146,169,Sam Houston 4-3
2/17/26,Richmond,North Carolina,Home,10.40%,89.60%,North Carolina -7.46,6.1,160,5,North Carolina 10-0
2/17/26,TCU,UT Arlington,Neutral,79.00%,21.00%,TCU -4.77,6.1,30,172,UT Arlington 11-8
2/17/26,ULM,Northwestern St.,Home,41.00%,59.00%,Northwestern St. -1.03,6.1,150,157,Northwestern St. 13-10
2/17/26,Morehead St.,Kentucky,Home,13.50%,86.50%,Kentucky -6.21,6,158,28,Morehead St. 8-6
2/17/26,UC Santa Barbara,Pepperdine,Home,74.20%,25.80%,UC Santa Barbara -3.89,5.9,32,198,UC Santa Barbara 0-0
2/17/26,Florida,Stetson,Away,84.00%,16.00%,Florida -5.85,5.9,14,183,Florida 12-2
2/17/26,UIC,UTSA,Away,18.20%,81.80%,UTSA -5.11,5.6,190,46,UTSA 10-3
2/17/26,San Diego,Long Beach St.,Home,46.80%,53.20%,Long Beach St. -0.33,5.4,177,210,San Diego 6-3
2/17/26,VMI,Virginia,Away,13.60%,86.40%,Virginia -6.41,5.4,196,34,Virginia 5-2
2/17/26,A&M-Corpus Christi,Texas A&M,Away,7.50%,92.50%,Texas A&M -8.53,5.4,199,7,Texas A&M 8-3
2/17/26,Georgia Tech,Ga. Southern,Home,91.50%,8.50%,Georgia Tech -8.23,5.4,4,203,Georgia Tech 25-1
2/17/26,UNC Greensboro,Davidson,Home,53.90%,46.10%,UNC Greensboro -0.7,5.3,168,220,Davidson 7-4
2/17/26,FIU,Bethune-Cookman,Home,41.90%,58.10%,Bethune-Cookman -1.12,5.2,211,171,FIU 12-5
2/17/26,Omaha,Arizona,Home,23.50%,76.50%,Arizona -4.07,5.1,189,130,Omaha 3-1
2/17/26,South Dakota St.,UIW,Away,42.60%,57.40%,UIW -0.93,5,209,202,South Dakota St. 19-11
2/17/26,Georgetown,Maryland,Away,23.70%,76.30%,Maryland -3.98,4.9,219,101,Maryland 16-3
2/17/26,Lipscomb,Tennessee Tech,Away,57.70%,42.30%,Lipscomb -1.37,4.7,165,251,Tennessee Tech 7-5
2/17/26,Eastern Mich.,Vanderbilt,Away,8.30%,91.70%,Vanderbilt -8.22,4.6,238,38,Vanderbilt 13-2
2/17/26,Radford,Queens (NC),Home,53.80%,46.20%,Radford -0.75,4.6,187,255,Radford 11-2
2/17/26,UNLV,UC Riverside,Home,69.70%,30.30%,UNLV -2.97,4.5,136,246,UNLV 0-0
2/17/26,North Dakota St.,South Fla.,Away,16.20%,83.80%,South Fla. -5.7,4.5,244,74,South Fla. 9-5
2/17/26,Butler,Illinois,Away,15.30%,84.70%,Illinois -5.75,4.4,236,94,Butler 10-8
2/17/26,UNC Asheville,Tennessee,Home,6.00%,94.00%,Tennessee -9.32,4.3,259,26,Tennessee 10-3
2/17/26,Saint Louis,Southeast Mo. St.,Away,18.90%,81.10%,Southeast Mo. St. -5.09,4.3,264,75,Southeast Mo. St. 11-3
2/17/26,Northern Ky.,Eastern Ky.,Home,55.20%,44.80%,Northern Ky. -0.57,4.2,227,258,Eastern Ky. 16-11
2/17/26,West Ga.,Kennesaw St.,Home,21.60%,78.50%,Kennesaw St. -4.63,4.2,268,88,Kennesaw St. 9-4
2/17/26,Bellarmine,Belmont,Away,30.10%,69.90%,Belmont -2.83,3.5,260,233,Bellarmine 11-4
2/17/26,La Salle,Delaware,Home,30.10%,69.90%,Delaware -2.85,3.5,261,229,Delaware 6-4
2/17/26,Bradley,Indiana,Away,9.80%,90.20%,Indiana -7.58,3.3,289,103,Indiana 15-3
2/17/26,Presbyterian,Elon,Home,27.20%,72.80%,Elon -3.33,3.2,278,228,Elon 6-4
2/17/26,Alabama A&M,Middle Tenn.,Away,3.40%,96.50%,Middle Tenn. -11.12,2.2,304,179,Middle Tenn. 19-2
2/17/26,Delaware St.,Navy,Away,3.40%,96.60%,Navy -11.1,1.9,306,215,Navy 12-0
2/17/26,Mount St. Mary's,Coppin St.,Home,87.20%,12.80%,Mount St. Mary's -6.49,1.8,280,303,Mount St. Mary's 11-5
2/16/26,Michigan,Oregon St.,Neutral,30.50%,69.50%,Oregon St. -2.93,8.4,50,18,Oregon St. 5-4
2/16/26,Stanford,Nebraska,Neutral,34.20%,65.80%,Nebraska -2.23,8.3,64,16,Stanford 11-6
2/16/26,Kent St.,LSU,Away,32.20%,67.80%,LSU -2.45,8,61,45,LSU 10-7
2/16/26,Arkansas,Tarleton St.,Neutral,75.50%,24.50%,Arkansas -3.92,8,17,58,Arkansas 3-1
2/16/26,Gonzaga,Hawaii,Away,46.00%,54.00%,Hawaii -0.26,7.8,48,112,Hawaii 4-3
2/16/26,BYU,Western Ky.,Away,38.90%,61.10%,Western Ky. -1.3,7.5,62,110,BYU 12-8
2/16/26,Kansas St.,Air Force,Neutral,65.70%,34.30%,Kansas St. -2.3,7.3,44,121,Kansas St. 11-8
2/16/26,Houston,Washington,Neutral,54.20%,45.80%,Houston -0.58,7.2,90,128,Houston 8-7
2/16/26,California,Santa Clara,Away,56.80%,43.30%,California -1.18,7.1,56,147,Santa Clara 10-4
2/16/26,New Mexico St.,Oklahoma,Neutral,10.00%,90.00%,Oklahoma -7.62,5.6,186,13,Oklahoma 10-6
2/16/26,Utah,Fresno St.,Home,65.00%,35.00%,Utah -2.51,5.2,70,248,Utah 0-0
2/16/26,NIU,N.C. A&T,Home,77.10%,22.90%,NIU -4.3,4.1,99,272,NIU 6-5
2/15/26,Vanderbilt,Oklahoma St.,Neutral,51.60%,48.40%,Vanderbilt -0.11,9.2,38,27,Oklahoma St. 11-1
2/15/26,Cincinnati,Jacksonville St.,Away,42.00%,58.00%,Jacksonville St. -1.18,9.2,24,22,Jacksonville St. 1-0
2/15/26,TCU,Oklahoma,Neutral,37.40%,62.60%,Oklahoma -1.86,9,30,13,Oklahoma 12-2
2/15/26,Missouri St.,Louisiana,Home,44.00%,56.00%,Louisiana -0.93,8.9,35,39,Louisiana 9-7
2/15/26,UC Santa Barbara,Southern Miss.,Home,34.70%,65.30%,Southern Miss. -2.12,8.8,32,21,Southern Miss. 6-5
2/15/26,Liberty,The Citadel,Away,58.90%,41.10%,Liberty -1.23,8.4,31,69,Liberty 5-4
2/15/26,Kent St.,Southeastern La.,Away,49.00%,51.00%,Southeastern La. -0.11,8.2,61,86,Kent St. 14-7
2/15/26,Stanford,Oregon St.,Neutral,29.30%,70.70%,Oregon St. -3.0,8.1,64,18,Oregon St. 3-2
2/15/26,Northeastern,Iowa,Neutral,50.20%,49.80%,Northeastern -0.1,8,102,63,Iowa 21-13
2/15/26,Texas Tech,Arkansas,Neutral,26.60%,73.40%,Arkansas -3.74,7.8,80,17,Arkansas 6-5
2/15/26,Gonzaga,Hawaii,Away,46.00%,54.00%,Hawaii -0.26,7.8,48,112,Gonzaga 7-2
2/15/26,California Baptist,Cal St. Fullerton,Home,54.90%,45.10%,California Baptist -0.99,7.7,42,119,California Baptist 7-0
2/15/26,Illinois,South Fla.,Away,41.10%,58.90%,South Fla. -1.17,7.7,94,74,South Fla. 11-10
2/15/26,Arizona,Michigan,Neutral,47.00%,53.00%,Michigan -0.53,7.6,130,50,Michigan 4-1
2/15/26,Washington,Boston College,Neutral,43.30%,56.70%,Boston College -1.08,7.6,128,37,Boston College 10-0
2/15/26,Notre Dame,Fla. Atlantic,Home,61.50%,38.50%,Notre Dame -1.83,7.5,47,115,Notre Dame 7-1
2/15/26,USC Upstate,South Alabama,Home,39.80%,60.30%,South Alabama -1.39,7.5,108,66,South Alabama 7-3
2/15/26,Air Force,UConn,Neutral,44.90%,55.10%,UConn -0.74,7.2,121,100,Air Force 12-6
2/15/26,UC San Diego,UCLA,Away,11.20%,88.80%,UCLA -7.15,7.2,85,1,UC San Diego 8-7
2/15/26,Kansas,UTRGV,Away,73.80%,26.20%,Kansas -3.83,7.1,12,126,Kansas 8-7
2/15/26,California,Santa Clara,Away,56.80%,43.30%,California -1.18,7.1,56,147,California 0-0
2/15/26,Michigan St.,Louisville,Home,28.70%,71.30%,Louisville -3.04,7,109,67,Louisville 9-1
2/15/26,Portland,Purdue,Neutral,30.30%,69.70%,Purdue -3.02,6.9,127,54,Purdue 10-7
2/15/26,UC Davis,Texas,Home,10.70%,89.30%,Texas -7.34,6.8,111,3,Texas 9-1
2/15/26,Illinois St.,Southeast Mo. St.,Away,37.90%,62.10%,Southeast Mo. St. -1.88,6.8,145,75,Southeast Mo. St. 10-1
2/15/26,Nebraska,Grand Canyon,Neutral,76.20%,23.80%,Nebraska -4.18,6.7,16,148,Nebraska 9-1
2/15/26,Wake Forest,Indiana St.,Neutral,78.50%,21.60%,Wake Forest -4.65,6.7,25,138,Wake Forest 10-1
2/15/26,Northwestern,Rice,Away,30.00%,70.00%,Rice -3.03,6.6,141,65,Northwestern 17-6
2/15/26,Rutgers,Col. of Charleston,Home,42.50%,57.50%,Col. of Charleston -1.03,6.5,124,152,Rutgers 14-4
2/15/26,Nevada,Ole Miss,Away,13.80%,86.20%,Ole Miss -6.48,6.5,135,11,Ole Miss 13-2
2/15/26,St. John's (NY),Stetson,Away,55.50%,44.50%,St. John's (NY) -1.13,6.4,92,183,St. John's (NY) 11-7
2/15/26,Toledo,Memphis,Home,51.50%,48.50%,Toledo -0.08,6.4,170,134,Memphis 6-4
2/15/26,Marshall,Kennesaw St.,Home,41.50%,58.50%,Kennesaw St. -1.38,6.4,174,88,Marshall 0-0
2/15/26,Western Mich.,Pittsburgh,Neutral,25.30%,74.70%,Pittsburgh -3.87,6.4,162,36,Pittsburgh 17-7
2/15/26,Sam Houston,McNeese,Home,35.70%,64.30%,McNeese -1.98,6.2,146,139,Sam Houston 8-5
2/15/26,Houston Christian,Louisiana Tech,Away,30.90%,69.10%,Louisiana Tech -2.78,6.1,169,81,Louisiana Tech 11-0
2/15/26,Central Ark.,ULM,Away,37.00%,63.00%,ULM -1.72,5.9,161,150,ULM 10-2
2/15/26,Central Ark.,ULM,Away,37.00%,63.00%,ULM -1.72,5.9,161,150,Central Ark. 6-4
2/15/26,Kansas St.,Penn St.,Neutral,75.60%,24.40%,Kansas St. -3.94,5.8,44,192,Kansas St. 24-5
2/15/26,Binghamton,DBU,Away,19.10%,80.90%,DBU -4.82,5.8,163,71,DBU 6-3
2/15/26,San Jose St.,Long Beach St.,Home,50.90%,49.10%,San Jose St. -0.34,5.8,142,210,San Jose St. 3-2
2/15/26,George Mason,Oregon,Away,12.40%,87.60%,Oregon -6.7,5.7,181,20,Oregon 11-1
2/15/26,UT Arlington,Northwestern St.,Home,37.30%,62.70%,Northwestern St. -1.68,5.7,172,157,Northwestern St. 10-3
2/15/26,Dayton,Lipscomb,Away,43.30%,56.80%,Lipscomb -0.94,5.7,185,165,Lipscomb 9-6
2/15/26,James Madison,Florida St.,Home,10.90%,89.10%,Florida St. -7.23,5.6,182,19,James Madison 0-0
2/15/26,New Mexico St.,Baylor,Home,17.20%,82.80%,Baylor -5.39,5.5,186,60,Baylor 7-3
2/15/26,Milwaukee,LSU,Home,13.00%,87.00%,LSU -6.37,5.5,180,45,LSU 21-7
2/15/26,Omaha,Arizona St.,Home,11.10%,88.90%,Arizona St. -7.14,5.5,189,23,Arizona St. 6-4
2/15/26,Evansville,Kennesaw St.,Away,27.80%,72.20%,Kennesaw St. -3.43,5.5,200,88,Evansville 0-0
2/15/26,Pepperdine,Southern California,Away,10.30%,89.70%,Southern California -7.47,5.4,198,15,Southern California 8-5
2/15/26,UIC,UIW,Away,52.40%,47.60%,UIC -0.58,5.4,190,202,UIW 13-4
2/15/26,UIC,UIW,Away,52.40%,47.60%,UIC -0.58,5.4,190,202,UIC 9-2
2/15/26,Eastern Ill.,Florida A&M,Away,59.40%,40.60%,Eastern Ill. -1.33,5.3,133,225,Eastern Ill. 0-0
2/15/26,Austin Peay,UNLV,Away,34.20%,65.80%,UNLV -2.33,5.3,201,136,Austin Peay 13-12
2/15/26,Rhode Island,Jacksonville,Home,36.40%,63.60%,Jacksonville -1.87,5.3,214,132,Jacksonville 15-1
2/15/26,Ball St.,Minnesota,Neutral,23.60%,76.40%,Minnesota -4.11,5.3,212,72,Minnesota 8-0
2/15/26,Utah,Fresno St.,Home,65.00%,35.00%,Utah -2.51,5.2,70,248,Fresno St. 14-8
2/15/26,Stony Brook,Arkansas St.,Home,23.30%,76.70%,Arkansas St. -3.97,5.2,207,83,Arkansas St. 12-5
2/15/26,South Dakota St.,UTSA,Away,13.00%,87.00%,UTSA -6.54,5.1,209,46,UTSA 13-1
2/15/26,Southern Ind.,CSU Bakersfield,Home,39.50%,60.50%,CSU Bakersfield -1.34,5.1,204,191,CSU Bakersfield 11-10
2/15/26,Southern Ill.,Oral Roberts,Home,30.80%,69.20%,Oral Roberts -2.63,5.1,218,116,Oral Roberts 6-2
2/15/26,Southern Ind.,CSU Bakersfield,Home,39.50%,60.50%,CSU Bakersfield -1.34,5.1,204,191,Southern Ind. 14-8
2/15/26,Utah Tech,UC Riverside,Home,67.50%,32.50%,Utah Tech -2.73,4.9,105,246,Utah Tech 8-1
2/15/26,Seattle U,CSUN,Home,30.10%,69.90%,CSUN -2.81,4.6,237,144,CSUN 15-6
2/15/26,Eastern Mich.,Little Rock,Away,24.40%,75.60%,Little Rock -4.13,4.6,238,113,Little Rock 2-0
2/15/26,Niagara,Texas St.,Away,11.50%,88.50%,Texas St. -6.87,4.6,230,59,Texas St. 11-0
2/15/26,LIU,San Diego St.,Away,16.60%,83.40%,San Diego St. -5.35,4.6,239,73,San Diego St. 6-5
2/15/26,Tulane,LMU (CA),Home,66.80%,33.20%,Tulane -2.74,4.5,137,254,Tulane 6-2
2/15/26,Tennessee Tech,Texas A&M,Away,5.50%,94.50%,Texas A&M -9.67,4.5,251,7,Texas A&M 7-1
2/15/26,Fordham,New Mexico,Away,26.60%,73.40%,New Mexico -3.4,4.4,235,155,New Mexico 24-5
2/15/26,Utah Valley,Pacific,Home,36.70%,63.30%,Pacific -1.93,4.4,243,193,Pacific 3-2
2/15/26,North Dakota St.,FGCU,Home,22.10%,77.90%,FGCU -4.45,4.4,244,118,FGCU 10-6
2/15/26,Butler,UT Martin,Away,38.80%,61.20%,UT Martin -1.5,4.2,236,231,Butler 0-0
2/15/26,NC State,Seton Hall,Neutral,88.00%,12.00%,NC State -6.92,4.2,51,263,NC State 0-0
2/15/26,Villanova,FIU,Home,32.80%,67.20%,FIU -2.38,4.1,241,211,FIU 4-3
2/15/26,Northern Colo.,Wichita St.,Away,19.40%,80.60%,Wichita St. -4.95,4.1,256,114,Wichita St. 11-0
2/15/26,Northern Colo.,Wichita St.,Away,19.40%,80.60%,Wichita St. -4.95,4.1,256,114,Wichita St. 7-3
2/15/26,Le Moyne,Tarleton St.,Away,10.80%,89.20%,Tarleton St. -7.27,4,275,58,Tarleton St. 13-8
2/15/26,Mount St. Mary's,Missouri,Neutral,17.80%,82.20%,Missouri -5.29,3.9,280,87,Missouri 34-3
2/15/26,Siena,UCF,Away,5.90%,94.10%,UCF -9.37,3.9,279,33,UCF 15-0
2/15/26,Lindenwood,Ark.-Pine Bluff,Home,67.70%,32.30%,Lindenwood -2.55,3.8,195,266,Ark.-Pine Bluff 8-6
2/15/26,Oakland,Lamar University,Home,10.30%,89.70%,Lamar University -7.48,3.7,271,95,Oakland 3-2
2/15/26,St. Thomas (MN),Abilene Christian,Home,20.00%,80.00%,Abilene Christian -4.75,3.7,267,151,Abilene Christian 13-2
2/15/26,Lehigh,Miami (FL),Away,4.10%,95.90%,Miami (FL) -10.59,3.6,296,29,Miami (FL) 27-3
2/15/26,Manhattan,Houston,Neutral,11.20%,88.80%,Houston -7.07,3.5,291,90,Houston 4-2
2/15/26,NJIT,Longwood,Home,22.50%,77.50%,Longwood -4.37,3.4,293,156,NJIT 0-0
2/15/26,Sacred Heart,North Florida,Home,13.00%,87.00%,North Florida -6.39,3.2,284,149,North Florida 12-2
2/15/26,Ohio,Murray St.,Neutral,16.50%,83.50%,Murray St. -5.62,3.1,294,159,Murray St. 11-8
2/15/26,Bradley,Bethune-Cookman,Home,18.60%,81.40%,Bethune-Cookman -5.19,3.1,289,171,Bradley 7-6
2/15/26,Ohio,Murray St.,Neutral,16.50%,83.50%,Murray St. -5.62,3.1,294,159,Ohio 15-13
2/15/26,Stonehill,A&M-Corpus Christi,Home,17.40%,82.60%,A&M-Corpus Christi -5.29,2.9,286,199,A&M-Corpus Christi 11-1
2/15/26,Stonehill,A&M-Corpus Christi,Home,17.40%,82.60%,A&M-Corpus Christi -5.29,2.9,286,199,A&M-Corpus Christi 11-8
2/15/26,Texas Southern,Prairie View,Neutral,71.50%,28.50%,Texas Southern -3.03,2.4,285,300,Texas Southern 0-0
2/15/26,Mississippi Val.,SFA,Away,4.90%,95.10%,SFA -9.9,2.4,301,173,SFA 10-0
2/15/26,Lafayette,Coppin St.,Home,80.20%,19.80%,Lafayette -4.71,2,295,303,Lafayette 0-0
2/15/26,Alabama A&M,Grambling,Neutral,17.40%,82.60%,Grambling -5.44,2,304,273,Grambling 9-7
2/15/26,UMES,La Salle,Home,7.80%,92.20%,La Salle -8.31,1.7,307,261,La Salle 7-4
2/15/26,Jackson St.,Alcorn,Neutral,91.40%,8.60%,Jackson St. -7.95,1.6,283,305,Alcorn 8-7
2/14/26,Cincinnati,Jacksonville St.,Away,42.00%,58.00%,Jacksonville St. -1.18,9.2,24,22,Cincinnati 6-5
2/14/26,Oklahoma St.,Oklahoma,Neutral,42.40%,57.60%,Oklahoma -1.18,9.2,27,13,Oklahoma 10-1
2/14/26,Arkansas,TCU,Neutral,60.40%,39.60%,Arkansas -1.58,9,17,30,TCU 5-4
2/14/26,Missouri St.,Louisiana,Home,44.00%,56.00%,Louisiana -0.93,8.9,35,39,Missouri St. 13-12
2/14/26,UC Santa Barbara,Southern Miss.,Home,34.70%,65.30%,Southern Miss. -2.12,8.8,32,21,Southern Miss. 8-6
2/14/26,Troy,Mercer,Home,45.50%,54.50%,Mercer -0.45,8.7,57,41,Troy 19-3
2/14/26,Troy,Mercer,Home,45.50%,54.50%,Mercer -0.45,8.7,57,41,Mercer 17-5
2/14/26,Michigan,Stanford,Neutral,51.40%,48.60%,Michigan -0.06,8.6,50,64,Michigan 7-6
2/14/26,Cal Poly,Campbell,Away,44.00%,56.00%,Campbell -0.75,8.6,52,53,Cal Poly 16-5
2/14/26,Cal Poly,Campbell,Away,44.00%,56.00%,Campbell -0.75,8.6,52,53,Cal Poly 4-3
2/14/26,Liberty,The Citadel,Away,58.90%,41.10%,Liberty -1.23,8.4,31,69,The Citadel 4-3
2/14/26,Houston,Boston College,Neutral,47.50%,52.50%,Boston College -0.5,8.3,90,37,Houston 5-1
2/14/26,Kent St.,Southeastern La.,Away,49.00%,51.00%,Southeastern La. -0.11,8.2,61,86,Kent St. 11-2
2/14/26,Nebraska,Northeastern,Neutral,63.10%,36.90%,Nebraska -1.9,7.9,16,102,Nebraska 7-4
2/14/26,Gonzaga,Hawaii,Away,46.00%,54.00%,Hawaii -0.26,7.8,48,112,Hawaii 5-3
2/14/26,UConn,Kansas St.,Neutral,39.10%,60.90%,Kansas St. -1.56,7.8,100,44,Kansas St. 7-3
2/14/26,Illinois,South Fla.,Away,41.10%,58.90%,South Fla. -1.17,7.7,94,74,Illinois 4-2
2/14/26,Texas Tech,Vanderbilt,Neutral,29.60%,70.40%,Vanderbilt -3.02,7.7,80,38,Vanderbilt 13-3
2/14/26,UAB,Florida,Home,17.70%,82.30%,Florida -5.33,7.6,68,14,Florida 6-1
2/14/26,UAB,Florida,Home,17.70%,82.30%,Florida -5.33,7.6,68,14,Florida 11-0
2/14/26,Minnesota,St. John's (NY),Neutral,61.80%,38.20%,Minnesota -1.25,7.6,72,92,Minnesota 8-0
2/14/26,Notre Dame,Fla. Atlantic,Home,61.50%,38.50%,Notre Dame -1.83,7.5,47,115,Notre Dame 14-1
2/14/26,BYU,Western Ky.,Away,38.90%,61.10%,Western Ky. -1.3,7.5,62,110,Western Ky. 4-2
2/14/26,Washington St.,Alabama,Home,17.90%,82.10%,Alabama -5.36,7.5,79,9,Alabama 8-1
2/14/26,USC Upstate,South Alabama,Home,39.80%,60.30%,South Alabama -1.39,7.5,108,66,USC Upstate 10-7
2/14/26,Washington St.,Alabama,Home,17.90%,82.10%,Alabama -5.36,7.5,79,9,Alabama 11-1
2/14/26,Xavier,East Carolina,Home,26.90%,73.10%,East Carolina -3.42,7.4,91,43,Xavier 9-3
2/14/26,Xavier,East Carolina,Home,26.90%,73.10%,East Carolina -3.42,7.4,91,43,East Carolina 12-5
2/14/26,Creighton,Saint Mary's (CA),Away,38.70%,61.30%,Saint Mary's (CA) -1.47,7.4,97,96,Saint Mary's (CA) 7-2
2/14/26,Creighton,Saint Mary's (CA),Away,38.70%,61.30%,Saint Mary's (CA) -1.47,7.4,97,96,Creighton 9-8
2/14/26,Iowa,Air Force,Neutral,60.70%,39.30%,Iowa -1.63,7.3,63,121,Iowa 4-3
2/14/26,Cal St. Fullerton,California Baptist,Away,33.00%,67.00%,California Baptist -2.59,7.3,119,42,California Baptist 7-6
2/14/26,Cal St. Fullerton,California Baptist,Away,33.00%,67.00%,California Baptist -2.59,7.3,119,42,California Baptist 5-4
2/14/26,UC San Diego,UCLA,Away,11.20%,88.80%,UCLA -7.15,7.2,85,1,UCLA 7-2
2/14/26,UC Irvine,Sacramento St.,Home,43.20%,56.80%,Sacramento St. -0.96,7.2,93,120,UC Irvine 6-2
2/14/26,UC Irvine,Sacramento St.,Home,43.20%,56.80%,Sacramento St. -0.96,7.2,93,120,UC Irvine 7-3
2/14/26,Kansas,UTRGV,Away,73.80%,26.20%,Kansas -3.83,7.1,12,126,Kansas 10-3
2/14/26,Arizona,Oregon St.,Neutral,28.00%,72.00%,Oregon St. -3.43,7.1,130,18,Oregon St. 7-6
2/14/26,Indiana,North Carolina,Away,13.40%,86.60%,North Carolina -6.54,7,103,5,North Carolina 12-2
2/14/26,Indiana,North Carolina,Away,13.40%,86.60%,North Carolina -6.54,7,103,5,North Carolina 4-3
2/14/26,Washington,Wake Forest,Neutral,27.40%,72.60%,Wake Forest -3.51,7,128,25,Wake Forest 5-0
2/14/26,Michigan St.,Louisville,Home,28.70%,71.30%,Louisville -3.04,7,109,67,Michigan St. 13-4
2/14/26,Saint Joseph's,High Point,Home,26.50%,73.50%,High Point -3.31,6.9,107,77,Saint Joseph's 6-1
2/14/26,Saint Joseph's,High Point,Home,26.50%,73.50%,High Point -3.31,6.9,107,77,High Point 3-0
2/14/26,Portland,Purdue,Neutral,30.30%,69.70%,Purdue -3.02,6.9,127,54,Purdue 2-1
2/14/26,Maryland,UNCW,Away,39.80%,60.20%,UNCW -1.26,6.9,101,131,UNCW 8-4
2/14/26,Maryland,UNCW,Away,39.80%,60.20%,UNCW -1.26,6.9,101,131,Maryland 5-1
2/14/26,UC Davis,Texas,Home,10.70%,89.30%,Texas -7.34,6.8,111,3,Texas 6-4
2/14/26,Santa Clara,California,Home,31.40%,68.60%,California -2.78,6.7,147,56,California 4-3
2/14/26,Santa Clara,California,Home,31.40%,68.60%,California -2.78,6.7,147,56,California 5-4
2/14/26,Indiana St.,NC State,Neutral,27.00%,73.00%,NC State -3.6,6.7,138,51,NC State 10-4
2/14/26,Nevada,Ole Miss,Away,13.80%,86.20%,Ole Miss -6.48,6.5,135,11,Ole Miss 5-1
2/14/26,Rutgers,Col. of Charleston,Home,42.50%,57.50%,Col. of Charleston -1.03,6.5,124,152,Rutgers 13-2
2/14/26,Rutgers,Col. of Charleston,Home,42.50%,57.50%,Col. of Charleston -1.03,6.5,124,152,Rutgers 5-2
2/14/26,Kentucky,UNC Greensboro,Away,74.10%,25.90%,Kentucky -3.76,6.4,28,168,Kentucky 11-3
2/14/26,Kentucky,UNC Greensboro,Away,74.10%,25.90%,Kentucky -3.76,6.4,28,168,Kentucky 10-6
2/14/26,Marshall,Kennesaw St.,Home,41.50%,58.50%,Kennesaw St. -1.38,6.4,174,88,Kennesaw St. 10-9
2/14/26,Toledo,Memphis,Home,51.50%,48.50%,Toledo -0.08,6.4,170,134,Memphis 5-4
2/14/26,Western Mich.,Pittsburgh,Neutral,25.30%,74.70%,Pittsburgh -3.87,6.4,162,36,Western Mich. 7-5
2/14/26,SIUE,North Ala.,Home,49.30%,50.70%,SIUE -0.11,6.3,140,176,SIUE 2-1
2/14/26,Sam Houston,McNeese,Home,35.70%,64.30%,McNeese -1.98,6.2,146,139,Sam Houston 11-2
2/14/26,Wright St.,Georgia,Home,7.80%,92.20%,Georgia -8.56,6.1,153,2,Wright St. 6-3
2/14/26,Wright St.,Georgia,Home,7.80%,92.20%,Georgia -8.56,6.1,153,2,Georgia 9-0
2/14/26,Houston Christian,Louisiana Tech,Away,30.90%,69.10%,Louisiana Tech -2.78,6.1,169,81,Louisiana Tech 5-3
2/14/26,Houston Christian,Louisiana Tech,Away,30.90%,69.10%,Louisiana Tech -2.78,6.1,169,81,Louisiana Tech 6-4
2/14/26,San Diego,Charlotte,Home,30.90%,69.10%,Charlotte -2.87,5.9,177,98,San Diego 14-4
2/14/26,San Diego,Charlotte,Home,30.90%,69.10%,Charlotte -2.87,5.9,177,98,Charlotte 13-0
2/14/26,Central Ark.,ULM,Away,37.00%,63.00%,ULM -1.72,5.9,161,150,Central Ark. 12-11
2/14/26,San Jose St.,Long Beach St.,Home,50.90%,49.10%,San Jose St. -0.34,5.8,142,210,Long Beach St. 12-3
2/14/26,Nicholls,Tennessee,Away,11.30%,88.70%,Tennessee -7.04,5.8,166,26,Tennessee 12-2
2/14/26,Nicholls,Tennessee,Away,11.30%,88.70%,Tennessee -7.04,5.8,166,26,Tennessee 5-1
2/14/26,Dayton,Lipscomb,Away,43.30%,56.80%,Lipscomb -0.94,5.7,185,165,Dayton 3-1
2/14/26,George Mason,Oregon,Away,12.40%,87.60%,Oregon -6.7,5.7,181,20,Oregon 14-5
2/14/26,George Mason,Oregon,Away,12.40%,87.60%,Oregon -6.7,5.7,181,20,Oregon 14-4
2/14/26,UT Arlington,Northwestern St.,Home,37.30%,62.70%,Northwestern St. -1.68,5.7,172,157,Northwestern St. 8-3
2/14/26,Penn St.,Grand Canyon,Neutral,42.50%,57.50%,Grand Canyon -1.03,5.7,192,148,Penn St. 9-3
2/14/26,New Orleans,Georgia St.,Home,37.10%,62.90%,Georgia St. -1.65,5.6,188,143,Georgia St. 12-4
2/14/26,New Orleans,Georgia St.,Home,37.10%,62.90%,Georgia St. -1.65,5.6,188,143,Georgia St. 5-4
2/14/26,James Madison,Florida St.,Home,10.90%,89.10%,Florida St. -7.23,5.6,182,19,Florida St. 16-5
2/14/26,Hofstra,Mississippi St.,Away,7.50%,92.50%,Mississippi St. -8.53,5.6,178,10,Mississippi St. 6-1
2/14/26,Hofstra,Mississippi St.,Away,7.50%,92.50%,Mississippi St. -8.53,5.6,178,10,Mississippi St. 7-5
2/14/26,New Mexico St.,Baylor,Home,17.20%,82.80%,Baylor -5.39,5.5,186,60,Baylor 5-2
2/14/26,Milwaukee,LSU,Home,13.00%,87.00%,LSU -6.37,5.5,180,45,LSU 5-3
2/14/26,Omaha,Arizona St.,Home,11.10%,88.90%,Arizona St. -7.14,5.5,189,23,Arizona St. 11-5
2/14/26,Ball St.,St. John's (NY),Neutral,33.20%,66.80%,St. John's (NY) -2.78,5.5,212,92,Ball St. 8-2
2/14/26,West Virginia,Ga. Southern,Home,87.00%,13.00%,West Virginia -6.69,5.5,6,203,West Virginia 11-10
2/14/26,West Virginia,Ga. Southern,Home,87.00%,13.00%,West Virginia -6.69,5.5,6,203,West Virginia 5-2
2/14/26,Monmouth,Richmond,Away,29.10%,70.90%,Richmond -2.9,5.4,167,160,Richmond 7-5
2/14/26,Monmouth,Richmond,Away,29.10%,70.90%,Richmond -2.9,5.4,167,160,Richmond 10-8
2/14/26,Pepperdine,Southern California,Away,10.30%,89.70%,Southern California -7.47,5.4,198,15,Southern California 11-0
2/14/26,Eastern Ill.,Florida A&M,Away,59.40%,40.60%,Eastern Ill. -1.33,5.3,133,225,Florida A&M 7-6
2/14/26,Eastern Ill.,Florida A&M,Away,59.40%,40.60%,Eastern Ill. -1.33,5.3,133,225,Eastern Ill. 2-0
2/14/26,Rhode Island,Jacksonville,Home,36.40%,63.60%,Jacksonville -1.87,5.3,214,132,Jacksonville 4-3
2/14/26,Rhode Island,Jacksonville,Home,36.40%,63.60%,Jacksonville -1.87,5.3,214,132,Jacksonville 11-6
2/14/26,Austin Peay,UNLV,Away,34.20%,65.80%,UNLV -2.33,5.3,201,136,UNLV 9-8
2/14/26,Austin Peay,UNLV,Away,34.20%,65.80%,UNLV -2.33,5.3,201,136,Austin Peay 5-3
2/14/26,Utah,Fresno St.,Home,65.00%,35.00%,Utah -2.51,5.2,70,248,Utah 5-4
2/14/26,Army West Point,Clemson,Away,13.10%,86.90%,Clemson -6.38,5.2,197,55,Clemson 7-0
2/14/26,Army West Point,Clemson,Away,13.10%,86.90%,Clemson -6.38,5.2,197,55,Clemson 10-0
2/14/26,Marshall,Evansville,Neutral,64.90%,35.10%,Marshall -2.07,5.1,174,200,Marshall 18-11
2/14/26,South Dakota St.,UTSA,Away,13.00%,87.00%,UTSA -6.54,5.1,209,46,UTSA 13-5
2/14/26,Fairfield,Coastal Carolina,Home,14.40%,85.60%,Coastal Carolina -5.89,5.1,213,40,Coastal Carolina 5-0
2/14/26,Southern Ind.,CSU Bakersfield,Home,39.50%,60.50%,CSU Bakersfield -1.34,5.1,204,191,Southern Ind. 7-6
2/14/26,Southern Ill.,Oral Roberts,Home,30.80%,69.20%,Oral Roberts -2.63,5.1,218,116,Oral Roberts 1-0
2/14/26,Fairfield,Coastal Carolina,Home,14.40%,85.60%,Coastal Carolina -5.89,5.1,213,40,Coastal Carolina 5-1
2/14/26,Bryant,Davidson,Away,51.80%,48.20%,Bryant -0.21,5,217,220,Bryant 8-5
2/14/26,Bryant,Davidson,Away,51.80%,48.20%,Bryant -0.21,5,217,220,Davidson 11-10
2/14/26,Maine,Duke,Home,20.80%,79.20%,Duke -4.56,5,216,82,Duke 3-0
2/14/26,Maine,Duke,Home,20.80%,79.20%,Duke -4.56,5,216,82,Duke 7-1
2/14/26,Ball St.,Stetson,Away,38.30%,61.70%,Stetson -1.73,5,212,183,Ball St. 5-2
2/14/26,William & Mary,Virginia Tech,Home,13.80%,86.20%,Virginia Tech -6.38,4.9,222,49,Virginia Tech 8-7
2/14/26,William & Mary,Virginia Tech,Home,13.80%,86.20%,Virginia Tech -6.38,4.9,222,49,Virginia Tech 8-2
2/14/26,Belmont,Samford,Away,24.30%,75.70%,Samford -4.13,4.9,233,89,Samford 10-1
2/14/26,Utah Tech,UC Riverside,Home,67.50%,32.50%,Utah Tech -2.73,4.9,105,246,Utah Tech 4-3
2/14/26,Utah Tech,UC Riverside,Home,67.50%,32.50%,Utah Tech -2.73,4.9,105,246,Utah Tech 12-8
2/14/26,Miami (OH),Southern U.,Away,80.80%,19.20%,Miami (OH) -4.87,4.8,76,232,Miami (OH) 10-3
2/14/26,Miami (OH),Southern U.,Away,80.80%,19.20%,Miami (OH) -4.87,4.8,76,232,Miami (OH) 15-2
2/14/26,Georgetown,Winthrop,Away,27.10%,72.90%,Winthrop -3.24,4.8,219,129,Georgetown 8-3
2/14/26,Georgetown,Winthrop,Away,27.10%,72.90%,Winthrop -3.24,4.8,219,129,Winthrop 13-3
2/14/26,Northern Ky.,South Carolina,Away,22.00%,78.00%,South Carolina -4.35,4.7,227,104,Northern Ky. 3-2
2/14/26,Bowling Green,Georgia Tech,Away,4.10%,95.90%,Georgia Tech -10.69,4.7,234,4,Georgia Tech 12-2
2/14/26,Bowling Green,Georgia Tech,Away,4.10%,95.90%,Georgia Tech -10.69,4.7,234,4,Georgia Tech 27-4
2/14/26,Seattle U,CSUN,Home,30.10%,69.90%,CSUN -2.81,4.6,237,144,CSUN 4-3
2/14/26,Eastern Mich.,Little Rock,Away,24.40%,75.60%,Little Rock -4.13,4.6,238,113,Eastern Mich. 11-6
2/14/26,Niagara,Texas St.,Away,11.50%,88.50%,Texas St. -6.87,4.6,230,59,Texas St. 11-3
2/14/26,LIU,San Diego St.,Away,16.60%,83.40%,San Diego St. -5.35,4.6,239,73,San Diego St. 12-5
2/14/26,Tennessee Tech,Texas A&M,Away,5.50%,94.50%,Texas A&M -9.67,4.5,251,7,Texas A&M 23-7
2/14/26,Tulane,LMU (CA),Home,66.80%,33.20%,Tulane -2.74,4.5,137,254,LMU (CA) 6-4
2/14/26,Navy,Queens (NC),Away,50.40%,49.60%,Navy -0.27,4.5,215,255,Queens (NC) 2-1
2/14/26,Navy,Queens (NC),Away,50.40%,49.60%,Navy -0.27,4.5,215,255,Navy 12-4
2/14/26,Fordham,New Mexico,Away,26.60%,73.40%,New Mexico -3.4,4.4,235,155,New Mexico 16-6
2/14/26,Fordham,New Mexico,Away,26.60%,73.40%,New Mexico -3.4,4.4,235,155,New Mexico 18-8
2/14/26,Delaware,Elon,Away,39.10%,60.90%,Elon -1.26,4.4,229,228,Elon 17-4
2/14/26,Delaware,Elon,Away,39.10%,60.90%,Elon -1.26,4.4,229,228,Elon 7-5
2/14/26,Saint Louis,Ohio St.,Neutral,21.20%,78.80%,Ohio St. -4.67,4.4,264,78,Ohio St. 7-3
2/14/26,Saint Louis,Ohio St.,Neutral,21.20%,78.80%,Ohio St. -4.67,4.4,264,78,Ohio St. 3-2
2/14/26,Utah Valley,Pacific,Home,36.70%,63.30%,Pacific -1.93,4.4,243,193,Pacific 13-7
2/14/26,Utah Valley,Pacific,Home,36.70%,63.30%,Pacific -1.93,4.4,243,193,Utah Valley 9-6
2/14/26,North Dakota St.,FGCU,Home,22.10%,77.90%,FGCU -4.45,4.4,244,118,FGCU 19-18
2/14/26,Bucknell,Charleston So.,Away,20.60%,79.40%,Charleston So. -4.41,4.3,223,154,Charleston So. 8-5
2/14/26,UMass Lowell,Morehead St.,Home,32.20%,67.80%,Morehead St. -2.77,4.3,253,158,Morehead St. 3-2
2/14/26,UMass Lowell,Morehead St.,Home,32.20%,67.80%,Morehead St. -2.77,4.3,253,158,Morehead St. 22-10
2/14/26,Bucknell,Charleston So.,Away,20.60%,79.40%,Charleston So. -4.41,4.3,223,154,Charleston So. 6-1
2/14/26,Quinnipiac,Old Dominion,Home,25.30%,74.70%,Old Dominion -3.87,4.3,252,125,Quinnipiac 6-5
2/14/26,Quinnipiac,Old Dominion,Home,25.30%,74.70%,Old Dominion -3.87,4.3,252,125,Old Dominion 15-5
2/14/26,Holy Cross,VCU,Away,21.60%,78.40%,VCU -4.48,4.3,249,117,VCU 19-7
2/14/26,Holy Cross,VCU,Away,21.60%,78.40%,VCU -4.48,4.3,249,117,VCU 14-1
2/14/26,Wagner,Virginia,Home,4.80%,95.20%,Virginia -9.99,4.3,247,34,Virginia 31-9
2/14/26,Wagner,Virginia,Home,4.80%,95.20%,Virginia -9.99,4.3,247,34,Virginia 25-10
2/14/26,Butler,UT Martin,Away,38.80%,61.20%,UT Martin -1.5,4.2,236,231,UT Martin 13-11
2/14/26,Central Mich.,West Ga.,Away,44.50%,55.50%,West Ga. -0.48,4.1,224,268,Central Mich. 15-6
2/14/26,Central Mich.,West Ga.,Away,44.50%,55.50%,West Ga. -0.48,4.1,224,268,Central Mich. 6-1
2/14/26,Villanova,FIU,Home,32.80%,67.20%,FIU -2.38,4.1,241,211,FIU 13-3
2/14/26,NIU,N.C. A&T,Home,77.10%,22.90%,NIU -4.3,4.1,99,272,N.C. A&T 10-3
2/14/26,Youngstown St.,Auburn,Home,3.60%,96.40%,Auburn -11.05,4.1,270,8,Auburn 2-1
2/14/26,Youngstown St.,Auburn,Home,3.60%,96.40%,Auburn -11.05,4.1,270,8,Auburn 17-2
2/14/26,Northern Colo.,Wichita St.,Away,19.40%,80.60%,Wichita St. -4.95,4.1,256,114,Wichita St. 14-1
2/14/26,Le Moyne,Tarleton St.,Away,10.80%,89.20%,Tarleton St. -7.27,4,275,58,Tarleton St. 5-4
2/14/26,Marist,ETSU,Home,14.00%,86.00%,ETSU -5.92,4,242,123,ETSU 7-5
2/14/26,Marist,ETSU,Home,14.00%,86.00%,ETSU -5.92,4,242,123,ETSU 7-2
2/14/26,Eastern Ky.,Alabama St.,Home,34.30%,65.70%,Alabama St. -2.39,4,258,194,Eastern Ky. 14-7
2/14/26,Eastern Ky.,Alabama St.,Home,34.30%,65.70%,Alabama St. -2.39,4,258,194,Alabama St. 13-0
2/14/26,Mount St. Mary's,Missouri,Neutral,17.80%,82.20%,Missouri -5.29,3.9,280,87,Missouri 5-4
2/14/26,Siena,UCF,Away,5.90%,94.10%,UCF -9.37,3.9,279,33,UCF 13-1
2/14/26,Lindenwood,Ark.-Pine Bluff,Home,67.70%,32.30%,Lindenwood -2.55,3.8,195,266,Lindenwood 3-0
2/14/26,George Washington,Western Caro.,Away,15.30%,84.70%,Western Caro. -5.99,3.8,282,84,Western Caro. 13-4
2/14/26,George Washington,Western Caro.,Away,15.30%,84.70%,Western Caro. -5.99,3.8,282,84,Western Caro. 5-4
2/14/26,Oakland,Lamar University,Home,10.30%,89.70%,Lamar University -7.48,3.7,271,95,Lamar University 8-2
2/14/26,Valparaiso,Gardner-Webb,Home,34.60%,65.40%,Gardner-Webb -2.4,3.7,276,205,Valparaiso 11-10
2/14/26,Valparaiso,Gardner-Webb,Home,34.60%,65.40%,Gardner-Webb -2.4,3.7,276,205,Gardner-Webb 12-1
2/14/26,Oakland,Lamar University,Home,10.30%,89.70%,Lamar University -7.48,3.7,271,95,Lamar University 9-7
2/14/26,Canisius,App State,Home,12.70%,87.30%,App State -6.47,3.7,274,106,App State 8-5
2/14/26,Bellarmine,Middle Tenn.,Away,23.00%,77.00%,Middle Tenn. -4.13,3.7,260,179,Bellarmine 6-3
2/14/26,Bellarmine,Middle Tenn.,Away,23.00%,77.00%,Middle Tenn. -4.13,3.7,260,179,Middle Tenn. 15-5
2/14/26,Canisius,App State,Home,12.70%,87.30%,App State -6.47,3.7,274,106,App State 13-3
2/14/26,St. Thomas (MN),Abilene Christian,Home,20.00%,80.00%,Abilene Christian -4.75,3.7,267,151,St. Thomas (MN) 11-10
2/14/26,St. Thomas (MN),Abilene Christian,Home,20.00%,80.00%,Abilene Christian -4.75,3.7,267,151,Abilene Christian 6-5
2/14/26,Akron,Presbyterian,Away,45.80%,54.20%,Presbyterian -0.52,3.6,265,278,Akron 9-2
2/14/26,Akron,Presbyterian,Away,45.80%,54.20%,Presbyterian -0.52,3.6,265,278,Akron 8-7
2/14/26,Lehigh,Miami (FL),Away,4.10%,95.90%,Miami (FL) -10.59,3.6,296,29,Miami (FL) 17-11
2/14/26,Western Ill.,San Francisco,Home,28.20%,71.80%,San Francisco -3.3,3.6,281,175,San Francisco 5-4
2/14/26,Western Ill.,San Francisco,Home,28.20%,71.80%,San Francisco -3.3,3.6,281,175,San Francisco 10-6
2/14/26,Grambling,Texas Southern,Neutral,48.00%,52.00%,Texas Southern -0.11,3.5,273,285,Texas Southern 9-8
2/14/26,NJIT,Longwood,Home,22.50%,77.50%,Longwood -4.37,3.4,293,156,Longwood 15-0
2/14/26,NJIT,Longwood,Home,22.50%,77.50%,Longwood -4.37,3.4,293,156,Longwood 3-2
2/14/26,Sacred Heart,North Florida,Home,13.00%,87.00%,North Florida -6.39,3.2,284,149,North Florida 16-3
2/14/26,Bradley,Bethune-Cookman,Home,18.60%,81.40%,Bethune-Cookman -5.19,3.1,289,171,Bethune-Cookman 17-6
2/14/26,Seton Hall,Manhattan,Neutral,64.40%,35.60%,Seton Hall -1.88,3,263,291,Seton Hall 7-2
2/14/26,Mercyhurst,Wofford,Away,7.90%,92.10%,Wofford -8.35,3,299,122,Wofford 10-0
2/14/26,Mercyhurst,Wofford,Away,7.90%,92.10%,Wofford -8.35,3,299,122,Wofford 13-1
2/14/26,Iona,Radford,Away,19.90%,80.10%,Radford -4.72,3,290,187,Radford 6-3
2/14/26,Iona,Radford,Away,19.90%,80.10%,Radford -4.72,3,290,187,Iona 9-8
2/14/26,Stonehill,A&M-Corpus Christi,Home,17.40%,82.60%,A&M-Corpus Christi -5.29,2.9,286,199,A&M-Corpus Christi 12-5
2/14/26,St. Bonaventure,UNC Asheville,Away,32.80%,67.20%,UNC Asheville -2.5,2.9,292,259,St. Bonaventure 10-5
2/14/26,St. Bonaventure,UNC Asheville,Away,32.80%,67.20%,UNC Asheville -2.5,2.9,292,259,UNC Asheville 9-1
2/14/26,Mississippi Val.,SFA,Away,4.90%,95.10%,SFA -9.9,2.4,301,173,SFA 14-5
2/14/26,Towson,Norfolk St.,Home,81.00%,19.00%,Towson -4.91,2.4,245,298,Towson 28-4
2/14/26,Towson,Norfolk St.,Home,81.00%,19.00%,Towson -4.91,2.4,245,298,Towson 12-3
2/14/26,Delaware St.,VMI,Away,2.90%,97.10%,VMI -11.58,2.1,306,196,VMI 9-4
2/14/26,Delaware St.,VMI,Away,2.90%,97.10%,VMI -11.58,2.1,306,196,VMI 24-4
2/14/26,Lafayette,Coppin St.,Home,80.20%,19.80%,Lafayette -4.71,2,295,303,Lafayette 0-0
2/14/26,Prairie View,Alcorn,Neutral,76.80%,23.20%,Prairie View -4.11,2,300,305,Prairie View 15-10
2/14/26,Alabama A&M,Jackson St.,Neutral,13.20%,86.80%,Jackson St. -6.44,1.8,304,283,Jackson St. 6-1
2/14/26,UMES,La Salle,Home,7.80%,92.20%,La Salle -8.31,1.7,307,261,La Salle 14-2
2/13/26,Oklahoma St.,Arkansas,Neutral,44.70%,55.30%,Arkansas -0.9,9.3,27,17,Arkansas 12-2
2/13/26,Cincinnati,Jacksonville St.,Away,42.00%,58.00%,Jacksonville St. -1.18,9.2,24,22,Cincinnati 11-5
2/13/26,TCU,Vanderbilt,Neutral,43.30%,56.80%,Vanderbilt -0.78,9,30,38,TCU 5-4
2/13/26,Missouri St.,Louisiana,Home,44.00%,56.00%,Louisiana -0.93,8.9,35,39,Missouri St. 8-2
2/13/26,UC Santa Barbara,Southern Miss.,Home,34.70%,65.30%,Southern Miss. -2.12,8.8,32,21,UC Santa Barbara 5-1
2/13/26,Troy,Mercer,Home,45.50%,54.50%,Mercer -0.45,8.7,57,41,Mercer 4-3
2/13/26,Cal Poly,Campbell,Away,44.00%,56.00%,Campbell -0.75,8.6,52,53,Campbell 5-2
2/13/26,Iowa,Kansas St.,Neutral,44.70%,55.30%,Kansas St. -0.67,8.5,63,44,Kansas St. 15-6
2/13/26,Michigan,Oregon St.,Neutral,30.50%,69.50%,Oregon St. -2.93,8.4,50,18,Michigan 5-3
2/13/26,Liberty,The Citadel,Away,58.90%,41.10%,Liberty -1.23,8.4,31,69,Liberty 7-3
2/13/26,Kent St.,Southeastern La.,Away,49.00%,51.00%,Southeastern La. -0.11,8.2,61,86,Kent St. 8-3
2/13/26,Gonzaga,Hawaii,Away,46.00%,54.00%,Hawaii -0.26,7.8,48,112,Hawaii 3-2
2/13/26,Oklahoma,Texas Tech,Neutral,75.20%,24.80%,Oklahoma -4.02,7.7,13,80,Oklahoma 10-3
2/13/26,California Baptist,Cal St. Fullerton,Home,54.90%,45.10%,California Baptist -0.99,7.7,42,119,Cal St. Fullerton 3-1
2/13/26,Wake Forest,Houston,Neutral,69.10%,30.90%,Wake Forest -2.95,7.7,25,90,Houston 8-2
2/13/26,UConn,Nebraska,Neutral,31.50%,68.50%,Nebraska -2.86,7.7,100,16,Nebraska 12-2
2/13/26,Illinois,South Fla.,Away,41.10%,58.90%,South Fla. -1.17,7.7,94,74,South Fla. 9-4
2/13/26,UAB,Florida,Home,17.70%,82.30%,Florida -5.33,7.6,68,14,UAB 9-7
2/13/26,Notre Dame,Fla. Atlantic,Home,61.50%,38.50%,Notre Dame -1.83,7.5,47,115,Fla. Atlantic 7-1
2/13/26,Stanford,Arizona,Neutral,51.70%,48.30%,Stanford -0.47,7.5,64,130,Stanford 10-7
2/13/26,BYU,Western Ky.,Away,38.90%,61.10%,Western Ky. -1.3,7.5,62,110,Western Ky. 5-2
2/13/26,BYU,Western Ky.,Away,38.90%,61.10%,Western Ky. -1.3,7.5,62,110,BYU 3-2
2/13/26,Washington St.,Alabama,Home,17.90%,82.10%,Alabama -5.36,7.5,79,9,Washington St. 8-4
2/13/26,USC Upstate,South Alabama,Home,39.80%,60.30%,South Alabama -1.39,7.5,108,66,South Alabama 16-7
2/13/26,Xavier,East Carolina,Home,26.90%,73.10%,East Carolina -3.42,7.4,91,43,Xavier 4-3
2/13/26,Creighton,Saint Mary's (CA),Away,38.70%,61.30%,Saint Mary's (CA) -1.47,7.4,97,96,Creighton 11-3
2/13/26,UC San Diego,UCLA,Away,11.20%,88.80%,UCLA -7.15,7.2,85,1,UCLA 8-4
2/13/26,UC Irvine,Sacramento St.,Home,43.20%,56.80%,Sacramento St. -0.96,7.2,93,120,UC Irvine 5-0
2/13/26,NC State,Washington,Neutral,66.30%,33.70%,NC State -2.43,7.1,51,128,NC State 13-0
2/13/26,Kansas,UTRGV,Away,73.80%,26.20%,Kansas -3.83,7.1,12,126,UTRGV 7-4
2/13/26,Indiana,North Carolina,Away,13.40%,86.60%,North Carolina -6.54,7,103,5,North Carolina 9-4
2/13/26,Michigan St.,Louisville,Home,28.70%,71.30%,Louisville -3.04,7,109,67,Michigan St. 4-3
2/13/26,Saint Joseph's,High Point,Home,26.50%,73.50%,High Point -3.31,6.9,107,77,High Point 15-7
2/13/26,Portland,Purdue,Neutral,30.30%,69.70%,Purdue -3.02,6.9,127,54,Portland 9-3
2/13/26,Maryland,UNCW,Away,39.80%,60.20%,UNCW -1.26,6.9,101,131,Maryland 5-3
2/13/26,UC Davis,Texas,Home,10.70%,89.30%,Texas -7.34,6.8,111,3,Texas 12-2
2/13/26,Illinois St.,Southeast Mo. St.,Away,37.90%,62.10%,Southeast Mo. St. -1.88,6.8,145,75,Illinois St. 7-6
2/13/26,Illinois St.,Southeast Mo. St.,Away,37.90%,62.10%,Southeast Mo. St. -1.88,6.8,145,75,Illinois St. 12-1
2/13/26,Santa Clara,California,Home,31.40%,68.60%,California -2.78,6.7,147,56,Santa Clara 13-2
2/13/26,Northeastern,Grand Canyon,Home,59.10%,40.90%,Northeastern -1.54,6.7,102,148,Grand Canyon 10-0
2/13/26,Northwestern,Rice,Away,30.00%,70.00%,Rice -3.03,6.6,141,65,Rice 3-2
2/13/26,Northwestern,Rice,Away,30.00%,70.00%,Rice -3.03,6.6,141,65,Rice 7-6
2/13/26,Rutgers,Col. of Charleston,Home,42.50%,57.50%,Col. of Charleston -1.03,6.5,124,152,Col. of Charleston 8-3
2/13/26,Nevada,Ole Miss,Away,13.80%,86.20%,Ole Miss -6.48,6.5,135,11,Ole Miss 11-3
2/13/26,Toledo,Memphis,Home,51.50%,48.50%,Toledo -0.08,6.4,170,134,Toledo 8-6
2/13/26,Western Mich.,Pittsburgh,Neutral,25.30%,74.70%,Pittsburgh -3.87,6.4,162,36,Pittsburgh 12-4
2/13/26,Kentucky,UNC Greensboro,Away,74.10%,25.90%,Kentucky -3.76,6.4,28,168,Kentucky 13-2
2/13/26,SIUE,North Ala.,Home,49.30%,50.70%,SIUE -0.11,6.3,140,176,North Ala. 3-1
2/13/26,SIUE,North Ala.,Home,49.30%,50.70%,SIUE -0.11,6.3,140,176,North Ala. 8-1
2/13/26,Sam Houston,McNeese,Home,35.70%,64.30%,McNeese -1.98,6.2,146,139,McNeese 9-8
2/13/26,Wright St.,Georgia,Home,7.80%,92.20%,Georgia -8.56,6.1,153,2,Georgia 13-1
2/13/26,Houston Christian,Louisiana Tech,Away,30.90%,69.10%,Louisiana Tech -2.78,6.1,169,81,Louisiana Tech 17-5
2/13/26,Minnesota,Stetson,Away,66.80%,33.20%,Minnesota -2.41,6.1,72,183,Minnesota 11-5
2/13/26,San Diego,Charlotte,Home,30.90%,69.10%,Charlotte -2.87,5.9,177,98,San Diego 7-4
2/13/26,Central Ark.,ULM,Away,37.00%,63.00%,ULM -1.72,5.9,161,150,ULM 11-2
2/13/26,Binghamton,DBU,Away,19.10%,80.90%,DBU -4.82,5.8,163,71,DBU 13-2
2/13/26,Binghamton,DBU,Away,19.10%,80.90%,DBU -4.82,5.8,163,71,DBU 14-1
2/13/26,Air Force,Penn St.,Neutral,61.80%,38.20%,Air Force -1.66,5.8,121,192,Air Force 15-3
2/13/26,Nicholls,Tennessee,Away,11.30%,88.70%,Tennessee -7.04,5.8,166,26,Tennessee 10-0
2/13/26,San Jose St.,Long Beach St.,Home,50.90%,49.10%,San Jose St. -0.34,5.8,142,210,San Jose St. 8-0
2/13/26,Dayton,Lipscomb,Away,43.30%,56.80%,Lipscomb -0.94,5.7,185,165,Lipscomb 11-6
2/13/26,George Mason,Oregon,Away,12.40%,87.60%,Oregon -6.7,5.7,181,20,Oregon 6-2
2/13/26,UT Arlington,Northwestern St.,Home,37.30%,62.70%,Northwestern St. -1.68,5.7,172,157,Northwestern St. 3-2
2/13/26,New Orleans,Georgia St.,Home,37.10%,62.90%,Georgia St. -1.65,5.6,188,143,Georgia St. 10-6
2/13/26,James Madison,Florida St.,Home,10.90%,89.10%,Florida St. -7.23,5.6,182,19,Florida St. 5-1
2/13/26,Hofstra,Mississippi St.,Away,7.50%,92.50%,Mississippi St. -8.53,5.6,178,10,Mississippi St. 6-5
2/13/26,St. John's (NY),Ball St.,Neutral,66.80%,33.20%,St. John's (NY) -2.78,5.5,92,212,Ball St. 4-3
2/13/26,New Mexico St.,Baylor,Home,17.20%,82.80%,Baylor -5.39,5.5,186,60,Baylor 15-2
2/13/26,Omaha,Arizona St.,Home,11.10%,88.90%,Arizona St. -7.14,5.5,189,23,Arizona St. 7-2
2/13/26,Milwaukee,LSU,Home,13.00%,87.00%,LSU -6.37,5.5,180,45,LSU 16-5
2/13/26,Evansville,Kennesaw St.,Away,27.80%,72.20%,Kennesaw St. -3.43,5.5,200,88,Kennesaw St. 11-3
2/13/26,West Virginia,Ga. Southern,Home,87.00%,13.00%,West Virginia -6.69,5.5,6,203,West Virginia 15-3
2/13/26,Monmouth,Richmond,Away,29.10%,70.90%,Richmond -2.9,5.4,167,160,Monmouth 4-3
2/13/26,Pepperdine,Southern California,Away,10.30%,89.70%,Southern California -7.47,5.4,198,15,Southern California 3-1
2/13/26,UIC,UIW,Away,52.40%,47.60%,UIC -0.58,5.4,190,202,UIW 8-3
2/13/26,Eastern Ill.,Florida A&M,Away,59.40%,40.60%,Eastern Ill. -1.33,5.3,133,225,Eastern Ill. 13-4
2/13/26,Rhode Island,Jacksonville,Home,36.40%,63.60%,Jacksonville -1.87,5.3,214,132,Jacksonville 16-3
2/13/26,Austin Peay,UNLV,Away,34.20%,65.80%,UNLV -2.33,5.3,201,136,UNLV 7-3
2/13/26,Utah,Fresno St.,Home,65.00%,35.00%,Utah -2.51,5.2,70,248,Utah 8-3
2/13/26,Stony Brook,Arkansas St.,Home,23.30%,76.70%,Arkansas St. -3.97,5.2,207,83,Arkansas St. 9-8
2/13/26,Stony Brook,Arkansas St.,Home,23.30%,76.70%,Arkansas St. -3.97,5.2,207,83,Arkansas St. 4-0
2/13/26,Army West Point,Clemson,Away,13.10%,86.90%,Clemson -6.38,5.2,197,55,Clemson 3-2
2/13/26,South Dakota St.,UTSA,Away,13.00%,87.00%,UTSA -6.54,5.1,209,46,UTSA 17-4
2/13/26,Fairfield,Coastal Carolina,Home,14.40%,85.60%,Coastal Carolina -5.89,5.1,213,40,Coastal Carolina 5-3
2/13/26,Evansville,Marshall,Neutral,35.10%,64.90%,Marshall -2.07,5.1,200,174,Marshall 5-2
2/13/26,Southern Ind.,CSU Bakersfield,Home,39.50%,60.50%,CSU Bakersfield -1.34,5.1,204,191,CSU Bakersfield 8-7
2/13/26,Southern Ill.,Oral Roberts,Home,30.80%,69.20%,Oral Roberts -2.63,5.1,218,116,Southern Ill. 4-2
2/13/26,Bryant,Davidson,Away,51.80%,48.20%,Bryant -0.21,5,217,220,Bryant 6-5
2/13/26,Maine,Duke,Home,20.80%,79.20%,Duke -4.56,5,216,82,Duke 8-3
2/13/26,Maine,Duke,Home,20.80%,79.20%,Duke -4.56,5,216,82,Maine 4-3
2/13/26,William & Mary,Virginia Tech,Home,13.80%,86.20%,Virginia Tech -6.38,4.9,222,49,Virginia Tech 9-2
2/13/26,Belmont,Samford,Away,24.30%,75.70%,Samford -4.13,4.9,233,89,Samford 7-3
2/13/26,Belmont,Samford,Away,24.30%,75.70%,Samford -4.13,4.9,233,89,Belmont 14-4
2/13/26,Utah Tech,UC Riverside,Home,67.50%,32.50%,Utah Tech -2.73,4.9,105,246,Utah Tech 12-5
2/13/26,Miami (OH),Southern U.,Away,80.80%,19.20%,Miami (OH) -4.87,4.8,76,232,Miami (OH) 11-1
2/13/26,Georgetown,Winthrop,Away,27.10%,72.90%,Winthrop -3.24,4.8,219,129,Winthrop 13-2
2/13/26,Northern Ky.,South Carolina,Away,22.00%,78.00%,South Carolina -4.35,4.7,227,104,South Carolina 6-5
2/13/26,Northern Ky.,South Carolina,Away,22.00%,78.00%,South Carolina -4.35,4.7,227,104,South Carolina 5-2
2/13/26,Bowling Green,Georgia Tech,Away,4.10%,95.90%,Georgia Tech -10.69,4.7,234,4,Georgia Tech 11-5
2/13/26,Eastern Mich.,Little Rock,Away,24.40%,75.60%,Little Rock -4.13,4.6,238,113,Little Rock 6-1
2/13/26,Seattle U,CSUN,Home,30.10%,69.90%,CSUN -2.81,4.6,237,144,CSUN 10-5
2/13/26,LIU,San Diego St.,Away,16.60%,83.40%,San Diego St. -5.35,4.6,239,73,San Diego St. 12-11
2/13/26,Niagara,Texas St.,Away,11.50%,88.50%,Texas St. -6.87,4.6,230,59,Texas St. 13-0
2/13/26,Boston College,Seton Hall,Neutral,83.00%,17.00%,Boston College -5.61,4.5,37,263,Boston College 6-4
2/13/26,Tennessee Tech,Texas A&M,Away,5.50%,94.50%,Texas A&M -9.67,4.5,251,7,Texas A&M 15-6
2/13/26,Tulane,LMU (CA),Home,66.80%,33.20%,Tulane -2.74,4.5,137,254,Tulane 12-3
2/13/26,Navy,Queens (NC),Away,50.40%,49.60%,Navy -0.27,4.5,215,255,Navy 12-1
2/13/26,Fordham,New Mexico,Away,26.60%,73.40%,New Mexico -3.4,4.4,235,155,New Mexico 10-9
2/13/26,Delaware,Elon,Away,39.10%,60.90%,Elon -1.26,4.4,229,228,Elon 13-1
2/13/26,Saint Louis,Ohio St.,Neutral,21.20%,78.80%,Ohio St. -4.67,4.4,264,78,Ohio St. 7-1
2/13/26,Utah Valley,Pacific,Home,36.70%,63.30%,Pacific -1.93,4.4,243,193,Utah Valley 3-2
2/13/26,North Dakota St.,FGCU,Home,22.10%,77.90%,FGCU -4.45,4.4,244,118,FGCU 2-1
2/13/26,Bucknell,Charleston So.,Away,20.60%,79.40%,Charleston So. -4.41,4.3,223,154,Charleston So. 6-3
2/13/26,Quinnipiac,Old Dominion,Home,25.30%,74.70%,Old Dominion -3.87,4.3,252,125,Old Dominion 15-5
2/13/26,Wagner,Virginia,Home,4.80%,95.20%,Virginia -9.99,4.3,247,34,Virginia 13-7
2/13/26,Holy Cross,VCU,Away,21.60%,78.40%,VCU -4.48,4.3,249,117,VCU 2-1
2/13/26,UMass Lowell,Morehead St.,Home,32.20%,67.80%,Morehead St. -2.77,4.3,253,158,UMass Lowell 7-4
2/13/26,Butler,UT Martin,Away,38.80%,61.20%,UT Martin -1.5,4.2,236,231,UT Martin 9-8
2/13/26,Butler,UT Martin,Away,38.80%,61.20%,UT Martin -1.5,4.2,236,231,Butler 10-7
2/13/26,Central Mich.,West Ga.,Away,44.50%,55.50%,West Ga. -0.48,4.1,224,268,Central Mich. 18-6
2/13/26,Central Mich.,West Ga.,Away,44.50%,55.50%,West Ga. -0.48,4.1,224,268,West Ga. 11-3
2/13/26,Villanova,FIU,Home,32.80%,67.20%,FIU -2.38,4.1,241,211,Villanova 7-4
2/13/26,NIU,N.C. A&T,Home,77.10%,22.90%,NIU -4.3,4.1,99,272,NIU 10-2
2/13/26,Youngstown St.,Auburn,Home,3.60%,96.40%,Auburn -11.05,4.1,270,8,Auburn 2-1
2/13/26,Northern Colo.,Wichita St.,Away,19.40%,80.60%,Wichita St. -4.95,4.1,256,114,Wichita St. 11-4
2/13/26,Le Moyne,Tarleton St.,Away,10.80%,89.20%,Tarleton St. -7.27,4,275,58,Tarleton St. 20-3
2/13/26,Marist,ETSU,Home,14.00%,86.00%,ETSU -5.92,4,242,123,ETSU 6-5
2/13/26,Eastern Ky.,Alabama St.,Home,34.30%,65.70%,Alabama St. -2.39,4,258,194,Alabama St. 6-3
2/13/26,Mount St. Mary's,Missouri,Neutral,17.80%,82.20%,Missouri -5.29,3.9,280,87,Mount St. Mary's 8-5
2/13/26,Siena,UCF,Away,5.90%,94.10%,UCF -9.37,3.9,279,33,UCF 16-0
2/13/26,Lindenwood,Ark.-Pine Bluff,Home,67.70%,32.30%,Lindenwood -2.55,3.8,195,266,Lindenwood 6-1
2/13/26,Lindenwood,Ark.-Pine Bluff,Home,67.70%,32.30%,Lindenwood -2.55,3.8,195,266,Ark.-Pine Bluff 8-6
2/13/26,George Washington,Western Caro.,Away,15.30%,84.70%,Western Caro. -5.99,3.8,282,84,Western Caro. 7-5
2/13/26,St. Thomas (MN),Abilene Christian,Home,20.00%,80.00%,Abilene Christian -4.75,3.7,267,151,Abilene Christian 7-1
2/13/26,Valparaiso,Gardner-Webb,Home,34.60%,65.40%,Gardner-Webb -2.4,3.7,276,205,Gardner-Webb 7-6
2/13/26,Bellarmine,Middle Tenn.,Away,23.00%,77.00%,Middle Tenn. -4.13,3.7,260,179,Middle Tenn. 8-2
2/13/26,Valparaiso,Gardner-Webb,Home,34.60%,65.40%,Gardner-Webb -2.4,3.7,276,205,Gardner-Webb 7-3
2/13/26,Canisius,App State,Home,12.70%,87.30%,App State -6.47,3.7,274,106,App State 5-2
2/13/26,Akron,Presbyterian,Away,45.80%,54.20%,Presbyterian -0.52,3.6,265,278,Presbyterian 8-6
2/13/26,Akron,Presbyterian,Away,45.80%,54.20%,Presbyterian -0.52,3.6,265,278,Presbyterian 8-6
2/13/26,Lehigh,Miami (FL),Away,4.10%,95.90%,Miami (FL) -10.59,3.6,296,29,Miami (FL) 13-2
2/13/26,Western Ill.,San Francisco,Home,28.20%,71.80%,San Francisco -3.3,3.6,281,175,San Francisco 2-0
2/13/26,NJIT,Longwood,Home,22.50%,77.50%,Longwood -4.37,3.4,293,156,Longwood 10-1
2/13/26,Manhattan,Indiana St.,Neutral,16.90%,83.00%,Indiana St. -5.35,3.3,291,138,Indiana St. 10-3
2/13/26,Sacred Heart,North Florida,Home,13.00%,87.00%,North Florida -6.39,3.2,284,149,Sacred Heart 7-2
2/13/26,Bradley,Bethune-Cookman,Home,18.60%,81.40%,Bethune-Cookman -5.19,3.1,289,171,Bethune-Cookman 2-1
2/13/26,Ohio,Murray St.,Neutral,16.50%,83.50%,Murray St. -5.62,3.1,294,159,Murray St. 13-4
2/13/26,Mercyhurst,Wofford,Away,7.90%,92.10%,Wofford -8.35,3,299,122,Wofford 12-2
2/13/26,Iona,Radford,Away,19.90%,80.10%,Radford -4.72,3,290,187,Radford 2-0
2/13/26,Stonehill,A&M-Corpus Christi,Home,17.40%,82.60%,A&M-Corpus Christi -5.29,2.9,286,199,A&M-Corpus Christi 11-1
2/13/26,St. Bonaventure,UNC Asheville,Away,32.80%,67.20%,UNC Asheville -2.5,2.9,292,259,UNC Asheville 8-0
2/13/26,St. Bonaventure,UNC Asheville,Away,32.80%,67.20%,UNC Asheville -2.5,2.9,292,259,St. Bonaventure 11-7
2/13/26,Mississippi Val.,SFA,Away,4.90%,95.10%,SFA -9.9,2.4,301,173,SFA 17-2
2/13/26,Mississippi Val.,SFA,Away,4.90%,95.10%,SFA -9.9,2.4,301,173,SFA 15-3
2/13/26,Towson,Norfolk St.,Home,81.00%,19.00%,Towson -4.91,2.4,245,298,Norfolk St. 2-0
2/13/26,Prairie View,Jackson St.,Neutral,23.70%,76.30%,Jackson St. -3.9,2.3,300,283,Prairie View 10-4
2/13/26,Delaware St.,VMI,Away,2.90%,97.10%,VMI -11.58,2.1,306,196,VMI 24-4
2/13/26,Delaware St.,VMI,Away,2.90%,97.10%,VMI -11.58,2.1,306,196,VMI 10-0
2/13/26,Lafayette,Coppin St.,Home,80.20%,19.80%,Lafayette -4.71,2,295,303,Lafayette 0-0
2/13/26,Texas Southern,Alabama A&M,Neutral,83.80%,16.20%,Texas Southern -5.59,1.9,285,304,Texas Southern 6-4
2/13/26,Alcorn,Grambling,Neutral,11.50%,88.50%,Grambling -6.95,1.8,305,273,Grambling 11-1
2/13/26,UMES,La Salle,Home,7.80%,92.20%,La Salle -8.31,1.7,307,261,La Salle 27-10