game_id,season,week,season_type,date,start_time_utc,time_tbd,home_team,home_conference,away_team,away_conference,neutral_site,conference_game,venue,completed,home_points,away_points,overtime,overtime_periods
401856766,2026,0,regular,2026-08-29,2026-08-29T16:00:00Z,FALSE,TCU,B12,North Carolina,ACC,TRUE,FALSE,Aviva Stadium,FALSE,,,FALSE,0
401864494,2026,0,regular,2026-08-29,2026-08-29T19:00:00Z,FALSE,USC,B10,San José State,MWC,FALSE,FALSE,Los Angeles Memorial Coliseum,FALSE,,,FALSE,0
401858202,2026,0,regular,2026-08-29,2026-08-29T19:30:00Z,FALSE,Virginia,ACC,NC State,ACC,FALSE,TRUE,Scott Stadium,FALSE,,,FALSE,0
401864577,2026,0,regular,2026-08-29,2026-08-29T21:30:00Z,FALSE,North Dakota State,MWC,Jacksonville State,CUSA,FALSE,FALSE,Fargodome,FALSE,,,FALSE,0
401866408,2026,0,regular,2026-08-29,2026-08-29T22:30:00Z,FALSE,Eastern Michigan,MAC,Sacramento State,MAC,FALSE,TRUE,Rynearson Stadium,FALSE,,,FALSE,0
401864570,2026,0,regular,2026-08-29,2026-08-29T23:00:00Z,FALSE,Florida State,ACC,New Mexico State,CUSA,FALSE,FALSE,Doak Campbell Stadium,FALSE,,,FALSE,0
401858201,2026,0,regular,2026-08-29,2026-08-29T23:00:00Z,FALSE,Stanford,ACC,Hawai'i,MWC,FALSE,FALSE,Stanford Stadium,FALSE,,,FALSE,0
401862693,2026,0,regular,2026-08-29,2026-08-30T02:00:00Z,FALSE,UNLV,MWC,Memphis,AAC,FALSE,FALSE,Allegiant Stadium,FALSE,,,FALSE,0
401858423,2026,1,regular,2026-09-03,2026-09-03T22:00:00Z,FALSE,Rutgers,B10,Massachusetts,MAC,FALSE,FALSE,SHI Stadium,FALSE,,,FALSE,0
401866409,2026,1,regular,2026-09-03,2026-09-03T23:00:00Z,FALSE,Buffalo,MAC,UAlbany,CAA,FALSE,FALSE,UB Stadium,FALSE,,,FALSE,0
401864424,2026,1,regular,2026-09-03,2026-09-03T23:00:00Z,FALSE,Delaware,CUSA,Merrimack,FCS Independents,FALSE,FALSE,Delaware Stadium,FALSE,,,FALSE,0
401864425,2026,1,regular,2026-09-03,2026-09-03T23:00:00Z,FALSE,Kennesaw State,CUSA,West Georgia,UAC,FALSE,FALSE,Fifth Third Stadium,FALSE,,,FALSE,0
401856767,2026,1,regular,2026-09-03,2026-09-03T23:00:00Z,FALSE,UCF,B12,Bethune-Cookman,SWAC,FALSE,FALSE,FBC Mortgage Stadium,FALSE,,,FALSE,0
401858204,2026,1,regular,2026-09-03,2026-09-03T23:00:00Z,FALSE,Wake Forest,ACC,Akron,MAC,FALSE,FALSE,Allegacy Federal Credit Union Stadium,FALSE,,,FALSE,0
401856776,2026,1,regular,2026-09-03,2026-09-04T00:00:00Z,FALSE,Georgia Tech,ACC,Colorado,B12,FALSE,FALSE,Bobby Dodd Stadium,FALSE,,,FALSE,0
401858422,2026,1,regular,2026-09-03,2026-09-04T00:00:00Z,FALSE,Minnesota,B10,Eastern Illinois,Big South-OVC,FALSE,FALSE,Huntington Bank Stadium,FALSE,,,FALSE,0
401856663,2026,1,regular,2026-09-03,2026-09-04T00:00:00Z,FALSE,Missouri,SEC,Arkansas-Pine Bluff,SWAC,FALSE,FALSE,Memorial Stadium,FALSE,,,FALSE,0
401858424,2026,1,regular,2026-09-03,2026-09-04T01:00:00Z,FALSE,Illinois,B10,UAB,AAC,FALSE,FALSE,"Memorial Stadium (Champaign, IL)",FALSE,,,FALSE,0
401856768,2026,1,regular,2026-09-03,2026-09-04T01:00:00Z,FALSE,Utah,B12,Idaho,Big Sky,FALSE,FALSE,Rice-Eccles Stadium,FALSE,,,FALSE,0
401864495,2026,1,regular,2026-09-04,2026-09-04T22:30:00Z,FALSE,Eastern Michigan,MAC,San José State,MWC,FALSE,FALSE,Rynearson Stadium,FALSE,,,FALSE,0
401866623,2026,1,regular,2026-09-04,2026-09-04T23:00:00Z,FALSE,Georgia State,SUN,North Carolina A&T,CAA,FALSE,FALSE,Center Parc Stadium,FALSE,,,FALSE,0
401858435,2026,1,regular,2026-09-04,2026-09-04T23:00:00Z,FALSE,Purdue,B10,Indiana State,MVFC,FALSE,FALSE,Ross-Ade Stadium,FALSE,,,FALSE,0
401856769,2026,1,regular,2026-09-04,2026-09-05T00:00:00Z,FALSE,Kansas,B12,Long Island University,NEC,FALSE,FALSE,Memorial Stadium,FALSE,,,FALSE,0
401858429,2026,1,regular,2026-09-04,2026-09-05T00:00:00Z,FALSE,Michigan State,B10,Toledo,MAC,FALSE,FALSE,Spartan Stadium,FALSE,,,FALSE,0
401856664,2026,1,regular,2026-09-04,2026-09-05T00:00:00Z,FALSE,Oklahoma,SEC,UTEP,MWC,FALSE,FALSE,"Memorial Stadium (Norman, OK)",FALSE,,,FALSE,0
401858206,2026,1,regular,2026-09-04,2026-09-05T01:00:00Z,FALSE,Stanford,ACC,Miami,ACC,FALSE,TRUE,Stanford Stadium,FALSE,,,FALSE,0
401858436,2026,1,regular,2026-09-04,2026-09-05T01:00:00Z,FALSE,USC,B10,Fresno State,P12,FALSE,FALSE,Los Angeles Memorial Coliseum,FALSE,,,FALSE,0
401856634,2026,1,regular,2026-09-05,2026-09-05T16:00:00Z,FALSE,Alabama,SEC,East Carolina,AAC,FALSE,FALSE,Bryant-Denny Stadium,FALSE,,,FALSE,0
401862701,2026,1,regular,2026-09-05,2026-09-05T16:00:00Z,FALSE,Army,AAC,Bryant,CAA,FALSE,FALSE,Michie Stadium,FALSE,,,FALSE,0
401866410,2026,1,regular,2026-09-05,2026-09-05T16:00:00Z,FALSE,Bowling Green,MAC,Tarleton State,UAC,FALSE,FALSE,Doyt L. Perry Stadium,FALSE,,,FALSE,0
401856778,2026,1,regular,2026-09-05,2026-09-05T16:00:00Z,FALSE,Houston,B12,Oregon State,P12,FALSE,FALSE,TDECU Stadium,FALSE,,,FALSE,0
401858425,2026,1,regular,2026-09-05,2026-09-05T16:00:00Z,FALSE,Indiana,B10,North Texas,AAC,FALSE,FALSE,"Memorial Stadium (Bloomington, IN)",FALSE,,,FALSE,0
401869960,2026,1,regular,2026-09-05,2026-09-05T16:00:00Z,FALSE,James Madison,SUN,Liberty,CUSA,FALSE,FALSE,Bridgeforth Stadium,FALSE,,,FALSE,0
401858430,2026,1,regular,2026-09-05,2026-09-05T16:00:00Z,FALSE,Nebraska,B10,Ohio,MAC,FALSE,FALSE,"Memorial Stadium (Lincoln, NE)",FALSE,,,FALSE,0
401858207,2026,1,regular,2026-09-05,2026-09-05T16:00:00Z,FALSE,Pittsburgh,ACC,Miami (OH),MAC,FALSE,FALSE,Acrisure Stadium,FALSE,,,FALSE,0
401858208,2026,1,regular,2026-09-05,2026-09-05T16:00:00Z,FALSE,Syracuse,ACC,New Hampshire,CAA,FALSE,FALSE,JMA Wireless Dome,FALSE,,,FALSE,0
401861962,2026,1,regular,2026-09-05,2026-09-05T16:00:00Z,FALSE,UConn,IND,Lafayette,Patriot,FALSE,FALSE,Pratt & Whitney Stadium,FALSE,,,FALSE,0
401856780,2026,1,regular,2026-09-05,2026-09-05T16:00:00Z,FALSE,West Virginia,B12,Coastal Carolina,SUN,FALSE,FALSE,Milan Puskar Stadium,FALSE,,,FALSE,0
401858432,2026,1,regular,2026-09-05,2026-09-05T16:30:00Z,FALSE,Ohio State,B10,Ball State,MAC,FALSE,FALSE,Ohio Stadium,FALSE,,,FALSE,0
401856665,2026,1,regular,2026-09-05,2026-09-05T16:45:00Z,FALSE,South Carolina,SEC,Kent State,MAC,FALSE,FALSE,Williams-Brice Stadium,FALSE,,,FALSE,0
401864496,2026,1,regular,2026-09-05,2026-09-05T17:00:00Z,FALSE,Air Force,MWC,Duquesne,NEC,FALSE,FALSE,Falcon Stadium,FALSE,,,FALSE,0
401856779,2026,1,regular,2026-09-05,2026-09-05T17:00:00Z,FALSE,Iowa State,B12,Southeast Missouri State,Big South-OVC,FALSE,FALSE,Jack Trice Stadium,FALSE,,,FALSE,0
401856659,2026,1,regular,2026-09-05,2026-09-05T17:00:00Z,FALSE,Kentucky,SEC,Youngstown State,MVFC,FALSE,FALSE,Kroger Field,FALSE,,,FALSE,0
401862698,2026,1,regular,2026-09-05,2026-09-05T18:00:00Z,FALSE,Temple,AAC,Rhode Island,CAA,FALSE,FALSE,Lincoln Financial Field,FALSE,,,FALSE,0
401856658,2026,1,regular,2026-09-05,2026-09-05T19:00:00Z,FALSE,Georgia,SEC,Tennessee State,Big South-OVC,FALSE,FALSE,Sanford Stadium,FALSE,,,FALSE,0
401866627,2026,1,regular,2026-09-05,2026-09-05T19:30:00Z,FALSE,App State,SUN,Maine,CAA,FALSE,FALSE,Kidd Brewer Stadium,FALSE,,,FALSE,0
401856636,2026,1,regular,2026-09-05,2026-09-05T19:30:00Z,FALSE,Auburn,SEC,Baylor,B12,TRUE,FALSE,Mercedes-Benz Stadium,FALSE,,,FALSE,0
401862694,2026,1,regular,2026-09-05,2026-09-05T19:30:00Z,FALSE,Charlotte,AAC,The Citadel,Southern,FALSE,FALSE,Jerry Richardson Stadium,FALSE,,,FALSE,0
401856777,2026,1,regular,2026-09-05,2026-09-05T19:30:00Z,FALSE,Cincinnati,B12,Boston College,ACC,FALSE,FALSE,Nippert Stadium,FALSE,,,FALSE,0
401858209,2026,1,regular,2026-09-05,2026-09-05T19:30:00Z,FALSE,Duke,ACC,Tulane,AAC,FALSE,FALSE,Wallace Wade Stadium,FALSE,,,FALSE,0
401862696,2026,1,regular,2026-09-05,2026-09-05T19:30:00Z,FALSE,Navy,AAC,Towson,CAA,FALSE,FALSE,Navy-Marine Corps Memorial Stadium,FALSE,,,FALSE,0
401864499,2026,1,regular,2026-09-05,2026-09-05T19:30:00Z,FALSE,North Dakota State,MWC,Fordham,Patriot,FALSE,FALSE,Fargodome,FALSE,,,FALSE,0
401858433,2026,1,regular,2026-09-05,2026-09-05T19:30:00Z,FALSE,Oregon,B10,Boise State,P12,FALSE,FALSE,Autzen Stadium,FALSE,,,FALSE,0
401858434,2026,1,regular,2026-09-05,2026-09-05T19:30:00Z,FALSE,Penn State,B10,Marshall,SUN,FALSE,FALSE,Beaver Stadium,FALSE,,,FALSE,0
401856666,2026,1,regular,2026-09-05,2026-09-05T19:30:00Z,FALSE,Tennessee,SEC,Furman,Southern,FALSE,FALSE,Neyland Stadium,FALSE,,,FALSE,0
401856667,2026,1,regular,2026-09-05,2026-09-05T19:30:00Z,FALSE,Texas,SEC,Texas State,P12,FALSE,FALSE,DKR-Texas Memorial Stadium,FALSE,,,FALSE,0
401862700,2026,1,regular,2026-09-05,2026-09-05T19:30:00Z,FALSE,UTSA,AAC,UT Rio Grande Valley,Southland,FALSE,FALSE,Alamodome,FALSE,,,FALSE,0
401856772,2026,1,regular,2026-09-05,2026-09-05T19:45:00Z,FALSE,Tulsa,AAC,Oklahoma State,B12,FALSE,FALSE,Chapman Stadium,FALSE,,,FALSE,0
401856635,2026,1,regular,2026-09-05,2026-09-05T20:15:00Z,FALSE,Arkansas,SEC,North Alabama,UAC,FALSE,FALSE,Razorback Stadium,FALSE,,,FALSE,0
401858426,2026,1,regular,2026-09-05,2026-09-05T20:15:00Z,FALSE,Iowa,B10,Northern Illinois,MWC,FALSE,FALSE,Kinnick Stadium,FALSE,,,FALSE,0
401868356,2026,1,regular,2026-09-05,2026-09-05T21:00:00Z,FALSE,Southern Miss,SUN,Alcorn State,SWAC,FALSE,FALSE,M. M. Roberts Stadium,FALSE,,,FALSE,0
401860878,2026,1,regular,2026-09-05,2026-09-05T22:00:00Z,FALSE,Colorado State,P12,Wyoming,MWC,FALSE,FALSE,Canvas Stadium,FALSE,,,FALSE,0
401867973,2026,1,regular,2026-09-05,2026-09-05T22:00:00Z,FALSE,Old Dominion,SUN,Norfolk State,MEAC,FALSE,FALSE,S.B. Ballard Stadium,FALSE,,,FALSE,0
401868170,2026,1,regular,2026-09-05,2026-09-05T23:00:00Z,FALSE,Georgia Southern,SUN,Charleston Southern,Big South-OVC,FALSE,FALSE,Allen E. Paulson Stadium,FALSE,,,FALSE,0
401868140,2026,1,regular,2026-09-05,2026-09-05T23:00:00Z,FALSE,Jacksonville State,CUSA,Eastern Kentucky,UAC,FALSE,FALSE,AmFirst Stadium,FALSE,,,FALSE,0
401856771,2026,1,regular,2026-09-05,2026-09-05T23:00:00Z,FALSE,Kansas State,B12,Nicholls,Southland,FALSE,FALSE,Bill Snyder Family Stadium,FALSE,,,FALSE,0
401862695,2026,1,regular,2026-09-05,2026-09-05T23:00:00Z,FALSE,Memphis,AAC,Arkansas State,SUN,FALSE,FALSE,Simmons Bank Liberty Stadium,FALSE,,,FALSE,0
401867866,2026,1,regular,2026-09-05,2026-09-05T23:00:00Z,FALSE,Middle Tennessee,CUSA,Murray State,MVFC,FALSE,FALSE,"Johnny ""Red"" Floyd Stadium",FALSE,,,FALSE,0
401862697,2026,1,regular,2026-09-05,2026-09-05T23:00:00Z,FALSE,Rice,AAC,Houston Christian,Southland,FALSE,FALSE,Rice Stadium,FALSE,,,FALSE,0
401868316,2026,1,regular,2026-09-05,2026-09-05T23:00:00Z,FALSE,South Alabama,SUN,SE Louisiana,Southland,FALSE,FALSE,Hancock Whitney Stadium,FALSE,,,FALSE,0
401862699,2026,1,regular,2026-09-05,2026-09-05T23:00:00Z,FALSE,South Florida,AAC,Florida International,CUSA,FALSE,FALSE,Raymond James Stadium,FALSE,,,FALSE,0
401856668,2026,1,regular,2026-09-05,2026-09-05T23:00:00Z,FALSE,Texas A&M,SEC,Missouri State,CUSA,FALSE,FALSE,Kyle Field,FALSE,,,FALSE,0
401856770,2026,1,regular,2026-09-05,2026-09-05T23:00:00Z,FALSE,Texas Tech,B12,Abilene Christian,UAC,FALSE,FALSE,Jones AT&T Stadium,FALSE,,,FALSE,0
401870763,2026,1,regular,2026-09-05,2026-09-05T23:00:00Z,FALSE,Troy,SUN,Sam Houston,CUSA,FALSE,FALSE,Veterans Memorial Stadium (AL),FALSE,,,FALSE,0
401860880,2026,1,regular,2026-09-05,2026-09-05T23:00:00Z,FALSE,Utah State,P12,Idaho State,Big Sky,FALSE,FALSE,Maverik Stadium,FALSE,,,FALSE,0
401856669,2026,1,regular,2026-09-05,2026-09-05T23:00:00Z,FALSE,Vanderbilt,SEC,Austin Peay,UAC,FALSE,FALSE,FirstBank Stadium,FALSE,,,FALSE,0
401856660,2026,1,regular,2026-09-05,2026-09-05T23:30:00Z,FALSE,LSU,SEC,Clemson,ACC,FALSE,FALSE,Tiger Stadium (LA),FALSE,,,FALSE,0
401869129,2026,1,regular,2026-09-05,2026-09-05T23:30:00Z,FALSE,Louisiana Tech,SUN,Northwestern State,Southland,FALSE,FALSE,Joe Aillet Stadium,FALSE,,,FALSE,0
401858428,2026,1,regular,2026-09-05,2026-09-05T23:30:00Z,FALSE,Michigan,B10,Western Michigan,MAC,FALSE,FALSE,Michigan Stadium,FALSE,,,FALSE,0
401856662,2026,1,regular,2026-09-05,2026-09-05T23:30:00Z,FALSE,Mississippi State,SEC,UL Monroe,SUN,FALSE,FALSE,Davis Wade Stadium,FALSE,,,FALSE,0
401858211,2026,1,regular,2026-09-05,2026-09-05T23:30:00Z,FALSE,Virginia Tech,ACC,VMI,Southern,FALSE,FALSE,Lane Stadium,FALSE,,,FALSE,0
401856637,2026,1,regular,2026-09-05,2026-09-05T23:45:00Z,FALSE,Florida,SEC,Florida Atlantic,AAC,FALSE,FALSE,Ben Hill Griffin Stadium,FALSE,,,FALSE,0
401856775,2026,1,regular,2026-09-05,2026-09-06T00:00:00Z,FALSE,BYU,B12,Utah Tech,Big Sky,FALSE,FALSE,LaVell Edwards Stadium,FALSE,,,FALSE,0
401869142,2026,1,regular,2026-09-05,2026-09-06T00:00:00Z,FALSE,Louisiana,SUN,Lamar,Southland,FALSE,FALSE,Cajun Field,FALSE,,,FALSE,0
401858427,2026,1,regular,2026-09-05,2026-09-06T00:00:00Z,FALSE,Maryland,B10,Hampton,CAA,FALSE,FALSE,SECU Stadium,FALSE,,,FALSE,0
401858431,2026,1,regular,2026-09-05,2026-09-06T00:00:00Z,FALSE,Northwestern,B10,South Dakota State,MVFC,FALSE,FALSE,Ryan Field,FALSE,,,FALSE,0
401856774,2026,1,regular,2026-09-05,2026-09-06T01:00:00Z,FALSE,Arizona State,B12,Morgan State,MEAC,FALSE,FALSE,Mountain America Stadium,FALSE,,,FALSE,0
401870790,2026,1,regular,2026-09-05,2026-09-06T01:00:00Z,FALSE,New Mexico State,CUSA,Mercyhurst,NEC,FALSE,FALSE,Aggie Memorial Stadium,FALSE,,,FALSE,0
401856773,2026,1,regular,2026-09-05,2026-09-06T01:30:00Z,FALSE,Arizona,B12,Northern Arizona,Big Sky,FALSE,FALSE,Arizona Stadium,FALSE,,,FALSE,0
401860879,2026,1,regular,2026-09-05,2026-09-06T01:30:00Z,FALSE,San Diego State,P12,Portland State,Big Sky,FALSE,FALSE,Snapdragon Stadium,FALSE,,,FALSE,0
401864497,2026,1,regular,2026-09-05,2026-09-06T02:00:00Z,FALSE,Hawai'i,MWC,UNLV,MWC,FALSE,TRUE,Clarence T.C. Ching Athletics Complex,FALSE,,,FALSE,0
401864498,2026,1,regular,2026-09-05,2026-09-06T02:00:00Z,FALSE,New Mexico,MWC,Central Michigan,MAC,FALSE,FALSE,University Stadium (NM),FALSE,,,FALSE,0
401866411,2026,1,regular,2026-09-05,2026-09-06T02:00:00Z,FALSE,Sacramento State,MAC,Mississippi Valley State,SWAC,FALSE,FALSE,Hornet Stadium,FALSE,,,FALSE,0
401858210,2026,1,regular,2026-09-05,2026-09-06T02:30:00Z,FALSE,California,ACC,UCLA,B10,FALSE,FALSE,California Memorial Stadium,FALSE,,,FALSE,0
401864432,2026,1,regular,2026-09-05,2026-09-06T02:30:00Z,FALSE,Nevada,MWC,Western Kentucky,CUSA,FALSE,FALSE,Mackay Stadium,FALSE,,,FALSE,0
401858437,2026,1,regular,2026-09-06,2026-09-06T20:00:00Z,FALSE,Washington,B10,Washington State,P12,FALSE,FALSE,Husky Stadium,FALSE,,,FALSE,0
401858438,2026,1,regular,2026-09-06,2026-09-06T23:30:00Z,FALSE,Notre Dame,IND,Wisconsin,B10,TRUE,FALSE,Lambeau Field,FALSE,,,FALSE,0
401856661,2026,1,regular,2026-09-06,2026-09-06T23:30:00Z,FALSE,Ole Miss,SEC,Louisville,ACC,TRUE,FALSE,Nissan Stadium,FALSE,,,FALSE,0
401858212,2026,1,regular,2026-09-07,2026-09-07T23:30:00Z,FALSE,Florida State,ACC,SMU,ACC,FALSE,TRUE,Doak Campbell Stadium,FALSE,,,FALSE,0
401858213,2026,2,regular,2026-09-10,2026-09-11T00:00:00Z,FALSE,Miami,ACC,Florida A&M,SWAC,FALSE,FALSE,Hard Rock Stadium,FALSE,,,FALSE,0
401858215,2026,2,regular,2026-09-11,2026-09-11T23:00:00Z,FALSE,Louisville,ACC,Villanova,Patriot,FALSE,FALSE,L&N Federal Credit Union Stadium,FALSE,,,FALSE,0
401858222,2026,2,regular,2026-09-11,2026-09-11T23:00:00Z,FALSE,NC State,ACC,Richmond,Patriot,FALSE,FALSE,Carter-Finley Stadium,FALSE,,,FALSE,0
401858220,2026,2,regular,2026-09-11,2026-09-11T23:00:00Z,FALSE,Virginia,ACC,Norfolk State,MEAC,FALSE,FALSE,Scott Stadium,FALSE,,,FALSE,0
401858214,2026,2,regular,2026-09-11,2026-09-11T23:30:00Z,FALSE,Boston College,ACC,Rutgers,B10,FALSE,FALSE,"Alumni Stadium (Chestnut Hill, MA)",FALSE,,,FALSE,0
401856678,2026,2,regular,2026-09-11,2026-09-12T00:00:00Z,FALSE,Kansas,B12,Missouri,SEC,FALSE,FALSE,Memorial Stadium,FALSE,,,FALSE,0
401856671,2026,2,regular,2026-09-12,2026-09-12T04:00:00Z,TRUE,Auburn,SEC,Southern Miss,SUN,FALSE,FALSE,Jordan-Hare Stadium,FALSE,,,FALSE,0
401864578,2026,2,regular,2026-09-12,2026-09-12T04:00:00Z,TRUE,Hawai'i,MWC,New Mexico State,CUSA,FALSE,FALSE,Clarence T.C. Ching Athletics Complex,FALSE,,,FALSE,0
401865252,2026,2,regular,2026-09-12,2026-09-12T04:00:00Z,TRUE,New Mexico,MWC,Mercyhurst,NEC,FALSE,FALSE,University Stadium (NM),FALSE,,,FALSE,0
401864504,2026,2,regular,2026-09-12,2026-09-12T04:00:00Z,TRUE,San José State,MWC,Cal Poly,Big Sky,FALSE,FALSE,CEFCU Stadium,FALSE,,,FALSE,0
401862702,2026,2,regular,2026-09-12,2026-09-12T16:00:00Z,FALSE,Army,AAC,South Florida,AAC,FALSE,TRUE,Michie Stadium,FALSE,,,FALSE,0
401864571,2026,2,regular,2026-09-12,2026-09-12T16:00:00Z,FALSE,East Carolina,AAC,App State,SUN,FALSE,FALSE,Dowdy-Ficklen Stadium,FALSE,,,FALSE,0
401858439,2026,2,regular,2026-09-12,2026-09-12T16:00:00Z,FALSE,Indiana,B10,Howard,MEAC,FALSE,FALSE,"Memorial Stadium (Bloomington, IN)",FALSE,,,FALSE,0
401856781,2026,2,regular,2026-09-12,2026-09-12T16:00:00Z,FALSE,Kansas State,B12,Washington State,P12,FALSE,FALSE,Bill Snyder Family Stadium,FALSE,,,FALSE,0
401866416,2026,2,regular,2026-09-12,2026-09-12T16:00:00Z,FALSE,Kent State,MAC,Wofford,Southern,FALSE,FALSE,Dix Stadium,FALSE,,,FALSE,0
401856679,2026,2,regular,2026-09-12,2026-09-12T16:00:00Z,FALSE,Michigan,B10,Oklahoma,SEC,FALSE,FALSE,Michigan Stadium,FALSE,,,FALSE,0
401858218,2026,2,regular,2026-09-12,2026-09-12T16:00:00Z,FALSE,North Carolina,ACC,East Tennessee State,Southern,FALSE,FALSE,Kenan Stadium,FALSE,,,FALSE,0
401856782,2026,2,regular,2026-09-12,2026-09-12T16:00:00Z,FALSE,Oklahoma State,B12,Oregon,B10,FALSE,FALSE,Boone Pickens Stadium,FALSE,,,FALSE,0
401858224,2026,2,regular,2026-09-12,2026-09-12T16:00:00Z,FALSE,Purdue,B10,Wake Forest,ACC,FALSE,FALSE,Ross-Ade Stadium,FALSE,,,FALSE,0
401858442,2026,2,regular,2026-09-12,2026-09-12T16:00:00Z,FALSE,Temple,AAC,Penn State,B10,FALSE,FALSE,Lincoln Financial Field,FALSE,,,FALSE,0
401856683,2026,2,regular,2026-09-12,2026-09-12T16:00:00Z,FALSE,Texas A&M,SEC,Arizona State,B12,FALSE,FALSE,Kyle Field,FALSE,,,FALSE,0
401858221,2026,2,regular,2026-09-12,2026-09-12T16:00:00Z,FALSE,Virginia Tech,ACC,Old Dominion,SUN,FALSE,FALSE,Lane Stadium,FALSE,,,FALSE,0
401856673,2026,2,regular,2026-09-12,2026-09-12T16:45:00Z,FALSE,Georgia,SEC,Western Kentucky,CUSA,FALSE,FALSE,Sanford Stadium,FALSE,,,FALSE,0
401866415,2026,2,regular,2026-09-12,2026-09-12T17:00:00Z,FALSE,Central Michigan,MAC,Colgate,Patriot,FALSE,FALSE,Kelly/Shorts Stadium,FALSE,,,FALSE,0
401866417,2026,2,regular,2026-09-12,2026-09-12T17:00:00Z,FALSE,Miami (OH),MAC,Holy Cross,Patriot,FALSE,FALSE,Yager Stadium,FALSE,,,FALSE,0
401856791,2026,2,regular,2026-09-12,2026-09-12T17:00:00Z,FALSE,West Virginia,B12,UT Martin,Big South-OVC,FALSE,FALSE,Milan Puskar Stadium,FALSE,,,FALSE,0
401866413,2026,2,regular,2026-09-12,2026-09-12T18:00:00Z,FALSE,Ball State,MAC,Stony Brook,CAA,FALSE,FALSE,Scheumann Stadium,FALSE,,,FALSE,0
401866412,2026,2,regular,2026-09-12,2026-09-12T19:30:00Z,FALSE,Akron,MAC,Robert Morris,NEC,FALSE,FALSE,InfoCision Stadium,FALSE,,,FALSE,0
401856810,2026,2,regular,2026-09-12,2026-09-12T19:30:00Z,FALSE,BYU,B12,Arizona,B12,FALSE,TRUE,LaVell Edwards Stadium,FALSE,,,FALSE,0
401856785,2026,2,regular,2026-09-12,2026-09-12T19:30:00Z,FALSE,Colorado,B12,Weber State,Big Sky,FALSE,FALSE,Folsom Field,FALSE,,,FALSE,0
401858217,2026,2,regular,2026-09-12,2026-09-12T19:30:00Z,FALSE,Illinois,B10,Duke,ACC,FALSE,FALSE,"Memorial Stadium (Champaign, IL)",FALSE,,,FALSE,0
401867929,2026,2,regular,2026-09-12,2026-09-12T19:30:00Z,FALSE,James Madison,SUN,Wagner,NEC,FALSE,FALSE,Bridgeforth Stadium,FALSE,,,FALSE,0
401856674,2026,2,regular,2026-09-12,2026-09-12T19:30:00Z,FALSE,Kentucky,SEC,Alabama,SEC,FALSE,TRUE,Kroger Field,FALSE,,,FALSE,0
401866420,2026,2,regular,2026-09-12,2026-09-12T19:30:00Z,FALSE,Massachusetts,MAC,Sacred Heart,CAA,FALSE,FALSE,Warren McGuirk Alumni Stadium,FALSE,,,FALSE,0
401858440,2026,2,regular,2026-09-12,2026-09-12T19:30:00Z,FALSE,Michigan State,B10,Eastern Michigan,MAC,FALSE,FALSE,Spartan Stadium,FALSE,,,FALSE,0
401856677,2026,2,regular,2026-09-12,2026-09-12T19:30:00Z,FALSE,Minnesota,B10,Mississippi State,SEC,FALSE,FALSE,Huntington Bank Stadium,FALSE,,,FALSE,0
401859184,2026,2,regular,2026-09-12,2026-09-12T19:30:00Z,FALSE,Notre Dame,IND,Rice,AAC,FALSE,FALSE,Notre Dame Stadium,FALSE,,,FALSE,0
401856790,2026,2,regular,2026-09-12,2026-09-12T19:30:00Z,FALSE,Pittsburgh,ACC,UCF,B12,FALSE,FALSE,Acrisure Stadium,FALSE,,,FALSE,0
401858216,2026,2,regular,2026-09-12,2026-09-12T19:30:00Z,FALSE,Syracuse,ACC,California,ACC,FALSE,TRUE,JMA Wireless Dome,FALSE,,,FALSE,0
401860884,2026,2,regular,2026-09-12,2026-09-12T19:30:00Z,FALSE,Texas State,P12,UTSA,AAC,FALSE,FALSE,Bobcat Stadium (TX),FALSE,,,FALSE,0
401866419,2026,2,regular,2026-09-12,2026-09-12T19:30:00Z,FALSE,Toledo,MAC,Central Connecticut,NEC,FALSE,FALSE,Glass Bowl,FALSE,,,FALSE,0
401862708,2026,2,regular,2026-09-12,2026-09-12T19:30:00Z,FALSE,UAB,AAC,UL Monroe,SUN,FALSE,FALSE,Protective Stadium,FALSE,,,FALSE,0
401858444,2026,2,regular,2026-09-12,2026-09-12T19:30:00Z,FALSE,UConn,IND,Maryland,B10,FALSE,FALSE,Pratt & Whitney Stadium,FALSE,,,FALSE,0
401858446,2026,2,regular,2026-09-12,2026-09-12T19:30:00Z,FALSE,Washington,B10,Utah State,P12,FALSE,FALSE,Husky Stadium,FALSE,,,FALSE,0
401862705,2026,2,regular,2026-09-12,2026-09-12T19:45:00Z,FALSE,North Texas,AAC,UNLV,MWC,FALSE,FALSE,DATCU Stadium,FALSE,,,FALSE,0
401858223,2026,2,regular,2026-09-12,2026-09-12T20:00:00Z,FALSE,SMU,ACC,UC Davis,Big Sky,FALSE,FALSE,Gerald J. Ford Stadium,FALSE,,,FALSE,0
401868326,2026,2,regular,2026-09-12,2026-09-12T20:00:00Z,FALSE,Troy,SUN,Alabama State,SWAC,FALSE,FALSE,Veterans Memorial Stadium (AL),FALSE,,,FALSE,0
401864506,2026,2,regular,2026-09-12,2026-09-12T20:00:00Z,FALSE,Wyoming,MWC,Northern Colorado,Big Sky,FALSE,FALSE,War Memorial Stadium,FALSE,,,FALSE,0
401856684,2026,2,regular,2026-09-12,2026-09-12T20:15:00Z,FALSE,Vanderbilt,SEC,Delaware,CUSA,FALSE,FALSE,FirstBank Stadium,FALSE,,,FALSE,0
401856672,2026,2,regular,2026-09-12,2026-09-12T21:30:00Z,FALSE,Florida,SEC,Campbell,CAA,FALSE,FALSE,Ben Hill Griffin Stadium,FALSE,,,FALSE,0
401860881,2026,2,regular,2026-09-12,2026-09-12T22:00:00Z,FALSE,Boise State,P12,Memphis,AAC,FALSE,FALSE,Albertsons Stadium,FALSE,,,FALSE,0
401866414,2026,2,regular,2026-09-12,2026-09-12T22:00:00Z,FALSE,Florida International,CUSA,Buffalo,MAC,FALSE,FALSE,FIU Stadium,FALSE,,,FALSE,0
401868187,2026,2,regular,2026-09-12,2026-09-12T22:00:00Z,FALSE,Liberty,CUSA,Gardner-Webb,Big South-OVC,FALSE,FALSE,Williams Stadium (VA),FALSE,,,FALSE,0
401866418,2026,2,regular,2026-09-12,2026-09-12T22:00:00Z,FALSE,Ohio,MAC,Jacksonville State,CUSA,FALSE,FALSE,Peden Stadium,FALSE,,,FALSE,0
401866421,2026,2,regular,2026-09-12,2026-09-12T22:30:00Z,FALSE,Western Michigan,MAC,Monmouth,CAA,FALSE,FALSE,Waldo Stadium,FALSE,,,FALSE,0
401868241,2026,2,regular,2026-09-12,2026-09-12T23:00:00Z,FALSE,Arkansas State,SUN,West Georgia,UAC,FALSE,FALSE,Centennial Bank Stadium,FALSE,,,FALSE,0
401856786,2026,2,regular,2026-09-12,2026-09-12T23:00:00Z,FALSE,Cincinnati,B12,Western Carolina,Southern,FALSE,FALSE,Nippert Stadium,FALSE,,,FALSE,0
401860882,2026,2,regular,2026-09-12,2026-09-12T23:00:00Z,FALSE,Colorado State,P12,Southern Utah,Big Sky,FALSE,FALSE,Canvas Stadium,FALSE,,,FALSE,0
401856681,2026,2,regular,2026-09-12,2026-09-12T23:00:00Z,FALSE,Georgia Tech,ACC,Tennessee,SEC,FALSE,FALSE,Bobby Dodd Stadium,FALSE,,,FALSE,0
401856787,2026,2,regular,2026-09-12,2026-09-12T23:00:00Z,FALSE,Houston,B12,Southern,SWAC,FALSE,FALSE,TDECU Stadium,FALSE,,,FALSE,0
401869955,2026,2,regular,2026-09-12,2026-09-12T23:00:00Z,FALSE,Kennesaw State,CUSA,Georgia State,SUN,FALSE,FALSE,Fifth Third Stadium,FALSE,,,FALSE,0
401871045,2026,2,regular,2026-09-12,2026-09-12T23:00:00Z,FALSE,Marshall,SUN,Middle Tennessee,CUSA,FALSE,FALSE,Joan C. Edwards Stadium,FALSE,,,FALSE,0
401871046,2026,2,regular,2026-09-12,2026-09-12T23:00:00Z,FALSE,Missouri State,CUSA,Lindenwood,Big South-OVC,FALSE,FALSE,Plaster Sports Complex,FALSE,,,FALSE,0
401858441,2026,2,regular,2026-09-12,2026-09-12T23:00:00Z,FALSE,Nebraska,B10,Bowling Green,MAC,FALSE,FALSE,"Memorial Stadium (Lincoln, NE)",FALSE,,,FALSE,0
401864503,2026,2,regular,2026-09-12,2026-09-12T23:00:00Z,FALSE,Northern Illinois,MWC,Illinois State,MVFC,FALSE,FALSE,Huskie Stadium,FALSE,,,FALSE,0
401862707,2026,2,regular,2026-09-12,2026-09-12T23:00:00Z,FALSE,Sam Houston,CUSA,Tulsa,AAC,FALSE,FALSE,Elliott T. Bowers Stadium,FALSE,,,FALSE,0
401856680,2026,2,regular,2026-09-12,2026-09-12T23:00:00Z,FALSE,South Carolina,SEC,Towson,CAA,FALSE,FALSE,Williams-Brice Stadium,FALSE,,,FALSE,0
401864575,2026,2,regular,2026-09-12,2026-09-12T23:00:00Z,FALSE,Tulane,AAC,South Alabama,SUN,FALSE,FALSE,Yulman Stadium,FALSE,,,FALSE,0
401858443,2026,2,regular,2026-09-12,2026-09-12T23:15:00Z,FALSE,UCLA,B10,San Diego State,P12,FALSE,FALSE,Rose Bowl,FALSE,,,FALSE,0
401858447,2026,2,regular,2026-09-12,2026-09-12T23:15:00Z,FALSE,Wisconsin,B10,Western Illinois,Big South-OVC,FALSE,FALSE,Camp Randall Stadium,FALSE,,,FALSE,0
401858219,2026,2,regular,2026-09-12,2026-09-12T23:30:00Z,FALSE,Clemson,ACC,Georgia Southern,SUN,FALSE,FALSE,"Memorial Stadium (Clemson, SC)",FALSE,,,FALSE,0
401868008,2026,2,regular,2026-09-12,2026-09-12T23:30:00Z,FALSE,Coastal Carolina,SUN,Fordham,Patriot,FALSE,FALSE,Brooks Stadium (SC),FALSE,,,FALSE,0
401862703,2026,2,regular,2026-09-12,2026-09-12T23:30:00Z,FALSE,Florida Atlantic,AAC,Navy,AAC,FALSE,TRUE,FAU Stadium,FALSE,,,FALSE,0
401856788,2026,2,regular,2026-09-12,2026-09-12T23:30:00Z,FALSE,Iowa,B10,Iowa State,B12,FALSE,FALSE,Kinnick Stadium,FALSE,,,FALSE,0
401867796,2026,2,regular,2026-09-12,2026-09-12T23:30:00Z,FALSE,LSU,SEC,Louisiana Tech,SUN,FALSE,FALSE,Tiger Stadium (LA),FALSE,,,FALSE,0
401856783,2026,2,regular,2026-09-12,2026-09-12T23:30:00Z,FALSE,Oregon State,P12,Texas Tech,B12,FALSE,FALSE,Reser Stadium,FALSE,,,FALSE,0
401856682,2026,2,regular,2026-09-12,2026-09-12T23:30:00Z,FALSE,Texas,SEC,Ohio State,B10,FALSE,FALSE,DKR-Texas Memorial Stadium,FALSE,,,FALSE,0
401856676,2026,2,regular,2026-09-12,2026-09-12T23:45:00Z,FALSE,Ole Miss,SEC,Charlotte,AAC,FALSE,FALSE,Vaught-Hemingway Stadium,FALSE,,,FALSE,0
401856784,2026,2,regular,2026-09-12,2026-09-13T00:00:00Z,FALSE,Baylor,B12,Prairie View A&M,SWAC,FALSE,FALSE,McLane Stadium,FALSE,,,FALSE,0
401856789,2026,2,regular,2026-09-12,2026-09-13T00:00:00Z,FALSE,TCU,B12,Grambling,SWAC,FALSE,FALSE,Amon G. Carter Stadium,FALSE,,,FALSE,0
401864505,2026,2,regular,2026-09-12,2026-09-13T01:00:00Z,FALSE,UTEP,MWC,Texas Southern,SWAC,FALSE,FALSE,Sun Bowl,FALSE,,,FALSE,0
401864502,2026,2,regular,2026-09-12,2026-09-13T02:00:00Z,FALSE,Air Force,MWC,North Dakota State,MWC,FALSE,TRUE,Falcon Stadium,FALSE,,,FALSE,0
401856670,2026,2,regular,2026-09-12,2026-09-13T02:15:00Z,FALSE,Utah,B12,Arkansas,SEC,FALSE,FALSE,Rice-Eccles Stadium,FALSE,,,FALSE,0
401860883,2026,2,regular,2026-09-12,2026-09-13T02:30:00Z,FALSE,Fresno State,P12,Sacramento State,MAC,FALSE,FALSE,Valley Children's Stadium,FALSE,,,FALSE,0
401864500,2026,2,regular,2026-09-12,2026-09-13T02:30:00Z,FALSE,Nevada,MWC,Montana State,Big Sky,FALSE,FALSE,Mackay Stadium,FALSE,,,FALSE,0
401858445,2026,2,regular,2026-09-12,2026-09-13T03:00:00Z,FALSE,USC,B10,Louisiana,SUN,FALSE,FALSE,Los Angeles Memorial Coliseum,FALSE,,,FALSE,0
401858225,2026,3,regular,2026-09-17,2026-09-17T23:30:00Z,FALSE,Pittsburgh,ACC,Syracuse,ACC,FALSE,TRUE,Acrisure Stadium,FALSE,,,FALSE,0
401858226,2026,3,regular,2026-09-18,2026-09-18T23:30:00Z,FALSE,Wake Forest,ACC,Miami,ACC,FALSE,TRUE,Allegacy Federal Credit Union Stadium,FALSE,,,FALSE,0
401856811,2026,3,regular,2026-09-18,2026-09-19T00:00:00Z,FALSE,Texas Tech,B12,Houston,B12,FALSE,TRUE,Jones AT&T Stadium,FALSE,,,FALSE,0
401858455,2026,3,regular,2026-09-18,2026-09-19T02:30:00Z,FALSE,Oregon,B10,Portland State,Big Sky,FALSE,FALSE,Autzen Stadium,FALSE,,,FALSE,0
401869940,2026,3,regular,2026-09-19,2026-09-19T15:30:00Z,FALSE,Delaware,CUSA,Coastal Carolina,SUN,FALSE,FALSE,Delaware Stadium,FALSE,,,FALSE,0
401856686,2026,3,regular,2026-09-19,2026-09-19T16:00:00Z,FALSE,Arkansas,SEC,Georgia,SEC,FALSE,TRUE,Razorback Stadium,FALSE,,,FALSE,0
401858229,2026,3,regular,2026-09-19,2026-09-19T16:00:00Z,FALSE,Clemson,ACC,North Carolina,ACC,FALSE,TRUE,"Memorial Stadium (Clemson, SC)",FALSE,,,FALSE,0
401858228,2026,3,regular,2026-09-19,2026-09-19T16:00:00Z,FALSE,Georgia Tech,ACC,Mercer,Southern,FALSE,FALSE,Bobby Dodd Stadium,FALSE,,,FALSE,0
401856798,2026,3,regular,2026-09-19,2026-09-19T16:00:00Z,FALSE,Iowa State,B12,Bowling Green,MAC,FALSE,FALSE,Jack Trice Stadium,FALSE,,,FALSE,0
401856812,2026,3,regular,2026-09-19,2026-09-19T16:00:00Z,FALSE,Kansas,B12,Arizona State,B12,TRUE,TRUE,Wembley Stadium,FALSE,,,FALSE,0
401856792,2026,3,regular,2026-09-19,2026-09-19T16:00:00Z,FALSE,Kansas State,B12,Tulane,AAC,FALSE,FALSE,Bill Snyder Family Stadium,FALSE,,,FALSE,0
401858451,2026,3,regular,2026-09-19,2026-09-19T16:00:00Z,FALSE,Minnesota,B10,Akron,MAC,FALSE,FALSE,Huntington Bank Stadium,FALSE,,,FALSE,0
401858454,2026,3,regular,2026-09-19,2026-09-19T16:00:00Z,FALSE,Ohio State,B10,Kent State,MAC,FALSE,FALSE,Ohio Stadium,FALSE,,,FALSE,0
401858456,2026,3,regular,2026-09-19,2026-09-19T16:00:00Z,FALSE,Penn State,B10,Buffalo,MAC,FALSE,FALSE,Beaver Stadium,FALSE,,,FALSE,0
401858460,2026,3,regular,2026-09-19,2026-09-19T16:30:00Z,FALSE,Wisconsin,B10,Eastern Michigan,MAC,FALSE,FALSE,Camp Randall Stadium,FALSE,,,FALSE,0
401856689,2026,3,regular,2026-09-19,2026-09-19T16:45:00Z,FALSE,Missouri,SEC,Troy,SUN,FALSE,FALSE,Memorial Stadium,FALSE,,,FALSE,0
401856695,2026,3,regular,2026-09-19,2026-09-19T16:45:00Z,FALSE,Vanderbilt,SEC,NC State,ACC,FALSE,FALSE,FirstBank Stadium,FALSE,,,FALSE,0
401864508,2026,3,regular,2026-09-19,2026-09-19T17:00:00Z,FALSE,Central Michigan,MAC,Wyoming,MWC,FALSE,FALSE,Kelly/Shorts Stadium,FALSE,,,FALSE,0
401858227,2026,3,regular,2026-09-19,2026-09-19T18:00:00Z,FALSE,Boston College,ACC,Maine,CAA,FALSE,FALSE,"Alumni Stadium (Chestnut Hill, MA)",FALSE,,,FALSE,0
401858448,2026,3,regular,2026-09-19,2026-09-19T18:00:00Z,FALSE,Illinois,B10,Southern Illinois,MVFC,FALSE,FALSE,"Memorial Stadium (Champaign, IL)",FALSE,,,FALSE,0
401862774,2026,3,regular,2026-09-19,2026-09-19T19:00:00Z,FALSE,Toledo,MAC,Temple,AAC,FALSE,FALSE,Glass Bowl,FALSE,,,FALSE,0
401856685,2026,3,regular,2026-09-19,2026-09-19T19:30:00Z,FALSE,Alabama,SEC,Florida State,ACC,FALSE,FALSE,Bryant-Denny Stadium,FALSE,,,FALSE,0
401858233,2026,3,regular,2026-09-19,2026-09-19T19:30:00Z,FALSE,California,ACC,Wagner,NEC,FALSE,FALSE,California Memorial Stadium,FALSE,,,FALSE,0
401856797,2026,3,regular,2026-09-19,2026-09-19T19:30:00Z,FALSE,Cincinnati,B12,Miami (OH),MAC,FALSE,FALSE,TQL Stadium,FALSE,,,FALSE,0
401858230,2026,3,regular,2026-09-19,2026-09-19T19:30:00Z,FALSE,Louisville,ACC,SMU,ACC,FALSE,TRUE,L&N Federal Credit Union Stadium,FALSE,,,FALSE,0
401866424,2026,3,regular,2026-09-19,2026-09-19T19:30:00Z,FALSE,Massachusetts,MAC,Stonehill,NEC,FALSE,FALSE,Warren McGuirk Alumni Stadium,FALSE,,,FALSE,0
401858450,2026,3,regular,2026-09-19,2026-09-19T19:30:00Z,FALSE,Michigan,B10,UTEP,MWC,FALSE,FALSE,Michigan Stadium,FALSE,,,FALSE,0
401858457,2026,3,regular,2026-09-19,2026-09-19T19:30:00Z,FALSE,Rutgers,B10,USC,B10,FALSE,TRUE,SHI Stadium,FALSE,,,FALSE,0
401856694,2026,3,regular,2026-09-19,2026-09-19T19:30:00Z,FALSE,Texas A&M,SEC,Kentucky,SEC,FALSE,TRUE,Kyle Field,FALSE,,,FALSE,0
401856801,2026,3,regular,2026-09-19,2026-09-19T19:30:00Z,FALSE,Utah,B12,Utah State,P12,FALSE,FALSE,Rice-Eccles Stadium,FALSE,,,FALSE,0
401860890,2026,3,regular,2026-09-19,2026-09-19T19:30:00Z,FALSE,Washington State,P12,Duquesne,NEC,FALSE,FALSE,Gesa Field,FALSE,,,FALSE,0
401867804,2026,3,regular,2026-09-19,2026-09-19T20:00:00Z,FALSE,Baylor,B12,Louisiana Tech,SUN,FALSE,FALSE,McLane Stadium,FALSE,,,FALSE,0
401858231,2026,3,regular,2026-09-19,2026-09-19T20:00:00Z,FALSE,Duke,ACC,Stanford,ACC,FALSE,TRUE,Wallace Wade Stadium,FALSE,,,FALSE,0
401858449,2026,3,regular,2026-09-19,2026-09-19T20:00:00Z,FALSE,Indiana,B10,Western Kentucky,CUSA,FALSE,FALSE,"Memorial Stadium (Bloomington, IN)",FALSE,,,FALSE,0
401858471,2026,3,regular,2026-09-19,2026-09-19T20:00:00Z,FALSE,Iowa,B10,Northern Iowa,MVFC,FALSE,FALSE,Kinnick Stadium,FALSE,,,FALSE,0
401866422,2026,3,regular,2026-09-19,2026-09-19T20:00:00Z,FALSE,Liberty,CUSA,Ball State,MAC,FALSE,FALSE,Williams Stadium (VA),FALSE,,,FALSE,0
401856691,2026,3,regular,2026-09-19,2026-09-19T20:15:00Z,FALSE,South Carolina,SEC,Mississippi State,SEC,FALSE,TRUE,Williams-Brice Stadium,FALSE,,,FALSE,0
401868317,2026,3,regular,2026-09-19,2026-09-19T20:30:00Z,FALSE,UL Monroe,SUN,SE Louisiana,Southland,FALSE,FALSE,Malone Stadium,FALSE,,,FALSE,0
401864574,2026,3,regular,2026-09-19,2026-09-19T22:00:00Z,FALSE,App State,SUN,Charlotte,AAC,FALSE,FALSE,Kidd Brewer Stadium,FALSE,,,FALSE,0
401862771,2026,3,regular,2026-09-19,2026-09-19T22:00:00Z,FALSE,Florida Atlantic,AAC,Florida International,CUSA,FALSE,FALSE,FAU Stadium,FALSE,,,FALSE,0
401862710,2026,3,regular,2026-09-19,2026-09-19T22:00:00Z,FALSE,Old Dominion,SUN,East Carolina,AAC,FALSE,FALSE,S.B. Ballard Stadium,FALSE,,,FALSE,0
401871047,2026,3,regular,2026-09-19,2026-09-19T22:30:00Z,FALSE,Missouri State,CUSA,Marshall,SUN,FALSE,FALSE,Plaster Sports Complex,FALSE,,,FALSE,0
401856687,2026,3,regular,2026-09-19,2026-09-19T23:00:00Z,FALSE,Auburn,SEC,Florida,SEC,FALSE,TRUE,Jordan-Hare Stadium,FALSE,,,FALSE,0
401869948,2026,3,regular,2026-09-19,2026-09-19T23:00:00Z,FALSE,Jacksonville State,CUSA,Georgia Southern,SUN,FALSE,FALSE,AmFirst Stadium,FALSE,,,FALSE,0
401862772,2026,3,regular,2026-09-19,2026-09-19T23:00:00Z,FALSE,Memphis,AAC,UT Martin,Big South-OVC,FALSE,FALSE,Simmons Bank Liberty Stadium,FALSE,,,FALSE,0
401864443,2026,3,regular,2026-09-19,2026-09-19T23:00:00Z,FALSE,Middle Tennessee,CUSA,Nevada,MWC,FALSE,FALSE,"Johnny ""Red"" Floyd Stadium",FALSE,,,FALSE,0
401856803,2026,3,regular,2026-09-19,2026-09-19T23:00:00Z,FALSE,Oklahoma State,B12,Murray State,MVFC,FALSE,FALSE,Boone Pickens Stadium,FALSE,,,FALSE,0
401862773,2026,3,regular,2026-09-19,2026-09-19T23:00:00Z,FALSE,Rice,AAC,Western Michigan,MAC,FALSE,FALSE,Rice Stadium,FALSE,,,FALSE,0
401870764,2026,3,regular,2026-09-19,2026-09-19T23:00:00Z,FALSE,Sam Houston,CUSA,Nicholls,Southland,FALSE,FALSE,Elliott T. Bowers Stadium,FALSE,,,FALSE,0
401866423,2026,3,regular,2026-09-19,2026-09-19T23:00:00Z,FALSE,South Alabama,SUN,Ohio,MAC,FALSE,FALSE,Hancock Whitney Stadium,FALSE,,,FALSE,0
401862777,2026,3,regular,2026-09-19,2026-09-19T23:00:00Z,FALSE,South Florida,AAC,Delaware State,MEAC,FALSE,FALSE,Raymond James Stadium,FALSE,,,FALSE,0
401861963,2026,3,regular,2026-09-19,2026-09-19T23:00:00Z,FALSE,Southern Miss,SUN,UConn,IND,FALSE,FALSE,M. M. Roberts Stadium,FALSE,,,FALSE,0
401856800,2026,3,regular,2026-09-19,2026-09-19T23:00:00Z,FALSE,UCF,B12,Georgia State,SUN,FALSE,FALSE,FBC Mortgage Stadium,FALSE,,,FALSE,0
401858452,2026,3,regular,2026-09-19,2026-09-19T23:15:00Z,FALSE,Nebraska,B10,North Dakota,MVFC,FALSE,FALSE,"Memorial Stadium (Lincoln, NE)",FALSE,,,FALSE,0
401858459,2026,3,regular,2026-09-19,2026-09-19T23:15:00Z,FALSE,Washington,B10,Eastern Washington,Big Sky,FALSE,FALSE,Husky Stadium,FALSE,,,FALSE,0
401856795,2026,3,regular,2026-09-19,2026-09-19T23:30:00Z,FALSE,Colorado State,P12,BYU,B12,FALSE,FALSE,Canvas Stadium,FALSE,,,FALSE,0
401858232,2026,3,regular,2026-09-19,2026-09-19T23:30:00Z,FALSE,Maryland,B10,Virginia Tech,ACC,FALSE,FALSE,SECU Stadium,FALSE,,,FALSE,0
401856796,2026,3,regular,2026-09-19,2026-09-19T23:30:00Z,FALSE,Northwestern,B10,Colorado,B12,FALSE,FALSE,Ryan Field,FALSE,,,FALSE,0
401858453,2026,3,regular,2026-09-19,2026-09-19T23:30:00Z,FALSE,Notre Dame,IND,Michigan State,B10,FALSE,FALSE,Notre Dame Stadium,FALSE,,,FALSE,0
401856690,2026,3,regular,2026-09-19,2026-09-19T23:30:00Z,FALSE,Oklahoma,SEC,New Mexico,MWC,FALSE,FALSE,"Memorial Stadium (Norman, OK)",FALSE,,,FALSE,0
401856688,2026,3,regular,2026-09-19,2026-09-19T23:30:00Z,FALSE,Ole Miss,SEC,LSU,SEC,FALSE,TRUE,Vaught-Hemingway Stadium,FALSE,,,FALSE,0
401856802,2026,3,regular,2026-09-19,2026-09-19T23:30:00Z,FALSE,Virginia,ACC,West Virginia,B12,TRUE,FALSE,Bank of America Stadium,FALSE,,,FALSE,0
401856692,2026,3,regular,2026-09-19,2026-09-19T23:45:00Z,FALSE,Tennessee,SEC,Kennesaw State,CUSA,FALSE,FALSE,Neyland Stadium,FALSE,,,FALSE,0
401862776,2026,3,regular,2026-09-19,2026-09-20T00:00:00Z,FALSE,Louisiana,SUN,UAB,AAC,FALSE,FALSE,Cajun Field,FALSE,,,FALSE,0
401856799,2026,3,regular,2026-09-19,2026-09-20T00:00:00Z,FALSE,TCU,B12,Arkansas State,SUN,FALSE,FALSE,Amon G. Carter Stadium,FALSE,,,FALSE,0
401856693,2026,3,regular,2026-09-19,2026-09-20T00:00:00Z,FALSE,Texas,SEC,UTSA,AAC,FALSE,FALSE,DKR-Texas Memorial Stadium,FALSE,,,FALSE,0
401862775,2026,3,regular,2026-09-19,2026-09-20T00:00:00Z,FALSE,Tulsa,AAC,East Texas A&M,Southland,FALSE,FALSE,Chapman Stadium,FALSE,,,FALSE,0
401860885,2026,3,regular,2026-09-19,2026-09-20T02:00:00Z,FALSE,Boise State,P12,South Dakota,MVFC,FALSE,FALSE,Albertsons Stadium,FALSE,,,FALSE,0
401860887,2026,3,regular,2026-09-19,2026-09-20T02:00:00Z,FALSE,San Diego State,P12,James Madison,SUN,FALSE,FALSE,Snapdragon Stadium,FALSE,,,FALSE,0
401860889,2026,3,regular,2026-09-19,2026-09-20T02:00:00Z,FALSE,Texas State,P12,North Texas,AAC,FALSE,FALSE,Bobcat Stadium (TX),FALSE,,,FALSE,0
401856793,2026,3,regular,2026-09-19,2026-09-20T02:30:00Z,FALSE,Arizona,B12,Northern Illinois,MWC,FALSE,FALSE,Arizona Stadium,FALSE,,,FALSE,0
401864507,2026,3,regular,2026-09-19,2026-09-20T02:30:00Z,FALSE,Sacramento State,MAC,North Dakota State,MWC,FALSE,FALSE,Hornet Stadium,FALSE,,,FALSE,0
401860886,2026,3,regular,2026-09-19,2026-09-20T03:00:00Z,FALSE,Oregon State,P12,Montana,Big Sky,FALSE,FALSE,Reser Stadium,FALSE,,,FALSE,0
401860888,2026,3,regular,2026-09-19,2026-09-20T03:00:00Z,FALSE,San José State,MWC,Fresno State,P12,FALSE,FALSE,CEFCU Stadium,FALSE,,,FALSE,0
401858458,2026,3,regular,2026-09-19,2026-09-20T03:00:00Z,FALSE,UCLA,B10,Purdue,B10,FALSE,TRUE,Rose Bowl,FALSE,,,FALSE,0
401869941,2026,4,regular,2026-09-24,2026-09-24T23:30:00Z,FALSE,Coastal Carolina,SUN,Liberty,CUSA,FALSE,FALSE,Brooks Stadium (SC),FALSE,,,FALSE,0
401862779,2026,4,regular,2026-09-25,2026-09-25T20:00:00Z,FALSE,Temple,AAC,Army,AAC,FALSE,TRUE,Lincoln Financial Field,FALSE,,,FALSE,0
401858468,2026,4,regular,2026-09-25,2026-09-25T23:00:00Z,FALSE,Rutgers,B10,Howard,MEAC,FALSE,FALSE,SHI Stadium,FALSE,,,FALSE,0
401862778,2026,4,regular,2026-09-25,2026-09-25T23:00:00Z,FALSE,UAB,AAC,Navy,AAC,FALSE,TRUE,Protective Stadium,FALSE,,,FALSE,0
401858461,2026,4,regular,2026-09-25,2026-09-26T00:00:00Z,FALSE,Indiana,B10,Northwestern,B10,FALSE,TRUE,"Memorial Stadium (Bloomington, IN)",FALSE,,,FALSE,0
401858234,2026,4,regular,2026-09-25,2026-09-26T02:30:00Z,FALSE,California,ACC,Clemson,ACC,FALSE,TRUE,California Memorial Stadium,FALSE,,,FALSE,0
401864512,2026,4,regular,2026-09-26,2026-09-26T04:00:00Z,TRUE,Akron,MAC,UNLV,MWC,FALSE,FALSE,InfoCision Stadium,FALSE,,,FALSE,0
401856696,2026,4,regular,2026-09-26,2026-09-26T04:00:00Z,TRUE,Alabama,SEC,South Carolina,SEC,FALSE,TRUE,Bryant-Denny Stadium,FALSE,,,FALSE,0
401869931,2026,4,regular,2026-09-26,2026-09-26T04:00:00Z,TRUE,Arkansas State,SUN,Kennesaw State,CUSA,FALSE,FALSE,Centennial Bank Stadium,FALSE,,,FALSE,0
401856698,2026,4,regular,2026-09-26,2026-09-26T04:00:00Z,TRUE,Auburn,SEC,Vanderbilt,SEC,FALSE,TRUE,Jordan-Hare Stadium,FALSE,,,FALSE,0
401856813,2026,4,regular,2026-09-26,2026-09-26T04:00:00Z,TRUE,Baylor,B12,Colorado,B12,FALSE,TRUE,McLane Stadium,FALSE,,,FALSE,0
401858242,2026,4,regular,2026-09-26,2026-09-26T04:00:00Z,TRUE,Boston College,ACC,Virginia Tech,ACC,FALSE,TRUE,"Alumni Stadium (Chestnut Hill, MA)",FALSE,,,FALSE,0
401862785,2026,4,regular,2026-09-26,2026-09-26T04:00:00Z,TRUE,Bowling Green,MAC,South Florida,AAC,FALSE,FALSE,Doyt L. Perry Stadium,FALSE,,,FALSE,0
401862780,2026,4,regular,2026-09-26,2026-09-26T04:00:00Z,TRUE,Charlotte,AAC,Louisiana,SUN,FALSE,FALSE,Jerry Richardson Stadium,FALSE,,,FALSE,0
401856814,2026,4,regular,2026-09-26,2026-09-26T04:00:00Z,TRUE,Cincinnati,B12,Kansas State,B12,FALSE,TRUE,Nippert Stadium,FALSE,,,FALSE,0
401856699,2026,4,regular,2026-09-26,2026-09-26T04:00:00Z,TRUE,Florida,SEC,Ole Miss,SEC,FALSE,TRUE,Ben Hill Griffin Stadium,FALSE,,,FALSE,0
401858237,2026,4,regular,2026-09-26,2026-09-26T04:00:00Z,TRUE,Florida State,ACC,Central Arkansas,UAC,FALSE,FALSE,Doak Campbell Stadium,FALSE,,,FALSE,0
401856700,2026,4,regular,2026-09-26,2026-09-26T04:00:00Z,TRUE,Georgia,SEC,Oklahoma,SEC,FALSE,TRUE,Sanford Stadium,FALSE,,,FALSE,0
401856806,2026,4,regular,2026-09-26,2026-09-26T04:00:00Z,TRUE,Georgia Southern,SUN,Houston,B12,FALSE,FALSE,Allen E. Paulson Stadium,FALSE,,,FALSE,0
401864511,2026,4,regular,2026-09-26,2026-09-26T04:00:00Z,TRUE,Georgia State,SUN,Northern Illinois,MWC,FALSE,FALSE,Center Parc Stadium,FALSE,,,FALSE,0
401856816,2026,4,regular,2026-09-26,2026-09-26T04:00:00Z,TRUE,Iowa State,B12,Utah,B12,FALSE,TRUE,Jack Trice Stadium,FALSE,,,FALSE,0
401866425,2026,4,regular,2026-09-26,2026-09-26T04:00:00Z,TRUE,Kent State,MAC,Ball State,MAC,FALSE,TRUE,Dix Stadium,FALSE,,,FALSE,0
401856702,2026,4,regular,2026-09-26,2026-09-26T04:00:00Z,TRUE,LSU,SEC,Texas A&M,SEC,FALSE,TRUE,Tiger Stadium (LA),FALSE,,,FALSE,0
401858243,2026,4,regular,2026-09-26,2026-09-26T04:00:00Z,TRUE,Louisville,ACC,Wake Forest,ACC,FALSE,TRUE,L&N Federal Credit Union Stadium,FALSE,,,FALSE,0
401858462,2026,4,regular,2026-09-26,2026-09-26T04:00:00Z,TRUE,Maryland,B10,UCLA,B10,FALSE,TRUE,SECU Stadium,FALSE,,,FALSE,0
401861970,2026,4,regular,2026-09-26,2026-09-26T04:00:00Z,TRUE,Miami (OH),MAC,UConn,IND,FALSE,FALSE,Yager Stadium,FALSE,,,FALSE,0
401858463,2026,4,regular,2026-09-26,2026-09-26T04:00:00Z,TRUE,Michigan,B10,Iowa,B10,FALSE,TRUE,Michigan Stadium,FALSE,,,FALSE,0
401858464,2026,4,regular,2026-09-26,2026-09-26T04:00:00Z,TRUE,Michigan State,B10,Nebraska,B10,FALSE,TRUE,Spartan Stadium,FALSE,,,FALSE,0
401856703,2026,4,regular,2026-09-26,2026-09-26T04:00:00Z,TRUE,Mississippi State,SEC,Missouri,SEC,FALSE,TRUE,Davis Wade Stadium,FALSE,,,FALSE,0
401864572,2026,4,regular,2026-09-26,2026-09-26T04:00:00Z,TRUE,NC State,ACC,App State,SUN,FALSE,FALSE,Carter-Finley Stadium,FALSE,,,FALSE,0
401864509,2026,4,regular,2026-09-26,2026-09-26T04:00:00Z,TRUE,Nevada,MWC,Air Force,MWC,FALSE,TRUE,Mackay Stadium,FALSE,,,FALSE,0
401858465,2026,4,regular,2026-09-26,2026-09-26T04:00:00Z,TRUE,Ohio State,B10,Illinois,B10,FALSE,TRUE,Ohio Stadium,FALSE,,,FALSE,0
401869961,2026,4,regular,2026-09-26,2026-09-26T04:00:00Z,TRUE,Old Dominion,SUN,James Madison,SUN,FALSE,TRUE,S.B. Ballard Stadium,FALSE,,,FALSE,0
401858466,2026,4,regular,2026-09-26,2026-09-26T04:00:00Z,TRUE,Penn State,B10,Wisconsin,B10,FALSE,TRUE,Beaver Stadium,FALSE,,,FALSE,0
401858467,2026,4,regular,2026-09-26,2026-09-26T04:00:00Z,TRUE,Purdue,B10,Notre Dame,IND,FALSE,FALSE,Ross-Ade Stadium,FALSE,,,FALSE,0
401858241,2026,4,regular,2026-09-26,2026-09-26T04:00:00Z,TRUE,SMU,ACC,Missouri State,CUSA,FALSE,FALSE,Gerald J. Ford Stadium,FALSE,,,FALSE,0
401866429,2026,4,regular,2026-09-26,2026-09-26T04:00:00Z,TRUE,Sacramento State,MAC,Massachusetts,MAC,FALSE,TRUE,Hornet Stadium,FALSE,,,FALSE,0
401856805,2026,4,regular,2026-09-26,2026-09-26T04:00:00Z,TRUE,Texas Tech,B12,Sam Houston,CUSA,FALSE,FALSE,Jones AT&T Stadium,FALSE,,,FALSE,0
401860893,2026,4,regular,2026-09-26,2026-09-26T04:00:00Z,TRUE,Toledo,MAC,San Diego State,P12,FALSE,FALSE,Glass Bowl,FALSE,,,FALSE,0
401862784,2026,4,regular,2026-09-26,2026-09-26T04:00:00Z,TRUE,Tulane,AAC,Southern Miss,SUN,FALSE,FALSE,Yulman Stadium,FALSE,,,FALSE,0
401856815,2026,4,regular,2026-09-26,2026-09-26T04:00:00Z,TRUE,UCF,B12,TCU,B12,FALSE,TRUE,FBC Mortgage Stadium,FALSE,,,FALSE,0
401862782,2026,4,regular,2026-09-26,2026-09-26T04:00:00Z,TRUE,UL Monroe,SUN,Florida Atlantic,AAC,FALSE,FALSE,Malone Stadium,FALSE,,,FALSE,0
401858469,2026,4,regular,2026-09-26,2026-09-26T04:00:00Z,TRUE,USC,B10,Oregon,B10,FALSE,TRUE,Los Angeles Memorial Coliseum,FALSE,,,FALSE,0
401860896,2026,4,regular,2026-09-26,2026-09-26T04:00:00Z,TRUE,UTSA,AAC,Colorado State,P12,FALSE,FALSE,Alamodome,FALSE,,,FALSE,0
401858239,2026,4,regular,2026-09-26,2026-09-26T04:00:00Z,TRUE,Virginia,ACC,Delaware,CUSA,FALSE,FALSE,Scott Stadium,FALSE,,,FALSE,0
401858470,2026,4,regular,2026-09-26,2026-09-26T04:00:00Z,TRUE,Washington,B10,Minnesota,B10,FALSE,TRUE,Husky Stadium,FALSE,,,FALSE,0
401856881,2026,4,regular,2026-09-26,2026-09-26T04:00:00Z,TRUE,West Virginia,B12,Oklahoma State,B12,FALSE,TRUE,Milan Puskar Stadium,FALSE,,,FALSE,0
401860897,2026,4,regular,2026-09-26,2026-09-26T04:00:00Z,TRUE,Western Michigan,MAC,Boise State,P12,FALSE,FALSE,Waldo Stadium,FALSE,,,FALSE,0
401858236,2026,4,regular,2026-09-26,2026-09-26T16:00:00Z,FALSE,Pittsburgh,ACC,Bucknell,Patriot,FALSE,FALSE,Acrisure Stadium,FALSE,,,FALSE,0
401856704,2026,4,regular,2026-09-26,2026-09-26T16:00:00Z,FALSE,Tennessee,SEC,Texas,SEC,FALSE,TRUE,Neyland Stadium,FALSE,,,FALSE,0
401864576,2026,4,regular,2026-09-26,2026-09-26T16:45:00Z,FALSE,Kentucky,SEC,South Alabama,SUN,FALSE,FALSE,Kroger Field,FALSE,,,FALSE,0
401866427,2026,4,regular,2026-09-26,2026-09-26T17:00:00Z,FALSE,Eastern Michigan,MAC,Lindenwood,Big South-OVC,FALSE,FALSE,Rynearson Stadium,FALSE,,,FALSE,0
401864510,2026,4,regular,2026-09-26,2026-09-26T19:00:00Z,FALSE,Wyoming,MWC,Hawai'i,MWC,FALSE,TRUE,War Memorial Stadium,FALSE,,,FALSE,0
401866426,2026,4,regular,2026-09-26,2026-09-26T19:30:00Z,FALSE,Buffalo,MAC,Robert Morris,NEC,FALSE,FALSE,UB Stadium,FALSE,,,FALSE,0
401858244,2026,4,regular,2026-09-26,2026-09-26T19:30:00Z,FALSE,Duke,ACC,William & Mary,Patriot,FALSE,FALSE,Wallace Wade Stadium,FALSE,,,FALSE,0
401868188,2026,4,regular,2026-09-26,2026-09-26T19:30:00Z,FALSE,Marshall,SUN,Gardner-Webb,Big South-OVC,FALSE,FALSE,Joan C. Edwards Stadium,FALSE,,,FALSE,0
401864579,2026,4,regular,2026-09-26,2026-09-26T19:30:00Z,FALSE,New Mexico State,CUSA,New Mexico,MWC,FALSE,FALSE,Aggie Memorial Stadium,FALSE,,,FALSE,0
401866428,2026,4,regular,2026-09-26,2026-09-26T19:30:00Z,FALSE,Ohio,MAC,Stonehill,NEC,FALSE,FALSE,Peden Stadium,FALSE,,,FALSE,0
401862781,2026,4,regular,2026-09-26,2026-09-26T20:00:00Z,FALSE,East Carolina,AAC,North Carolina Central,MEAC,FALSE,FALSE,Dowdy-Ficklen Stadium,FALSE,,,FALSE,0
401867909,2026,4,regular,2026-09-26,2026-09-26T22:00:00Z,FALSE,Florida International,CUSA,Long Island University,NEC,FALSE,FALSE,FIU Stadium,FALSE,,,FALSE,0
401860892,2026,4,regular,2026-09-26,2026-09-26T22:00:00Z,FALSE,Texas State,P12,Incarnate Word,Southland,FALSE,FALSE,Bobcat Stadium (TX),FALSE,,,FALSE,0
401858238,2026,4,regular,2026-09-26,2026-09-26T22:30:00Z,FALSE,Miami,ACC,Central Michigan,MAC,FALSE,FALSE,Hard Rock Stadium,FALSE,,,FALSE,0
401871048,2026,4,regular,2026-09-26,2026-09-26T23:00:00Z,FALSE,Jacksonville State,CUSA,Middle Tennessee,CUSA,FALSE,TRUE,AmFirst Stadium,FALSE,,,FALSE,0
401870745,2026,4,regular,2026-09-26,2026-09-26T23:00:00Z,FALSE,Western Kentucky,CUSA,Mercyhurst,NEC,FALSE,FALSE,Houchens Industries-L.T. Smith Stadium,FALSE,,,FALSE,0
401862783,2026,4,regular,2026-09-26,2026-09-26T23:30:00Z,FALSE,North Texas,AAC,Houston Christian,Southland,FALSE,FALSE,DATCU Stadium,FALSE,,,FALSE,0
401860894,2026,4,regular,2026-09-26,2026-09-26T23:30:00Z,FALSE,Utah State,P12,Troy,SUN,FALSE,FALSE,Maverik Stadium,FALSE,,,FALSE,0
401856804,2026,4,regular,2026-09-26,2026-09-26T23:30:00Z,FALSE,Washington State,P12,Arizona,B12,FALSE,FALSE,Gesa Field,FALSE,,,FALSE,0
401856697,2026,4,regular,2026-09-26,2026-09-27T00:00:00Z,FALSE,Arkansas,SEC,Tulsa,AAC,FALSE,FALSE,Razorback Stadium,FALSE,,,FALSE,0
401860895,2026,4,regular,2026-09-26,2026-09-27T01:00:00Z,FALSE,UTEP,MWC,Oregon State,P12,FALSE,FALSE,Sun Bowl,FALSE,,,FALSE,0
401860891,2026,4,regular,2026-09-26,2026-09-27T02:00:00Z,FALSE,Fresno State,P12,Rice,AAC,FALSE,FALSE,Valley Children's Stadium,FALSE,,,FALSE,0
401858240,2026,4,regular,2026-09-26,2026-09-27T02:30:00Z,FALSE,Stanford,ACC,Georgia Tech,ACC,FALSE,TRUE,Stanford Stadium,FALSE,,,FALSE,0
401871049,2026,5,regular,2026-10-01,2026-10-02T00:00:00Z,FALSE,New Mexico State,CUSA,Western Kentucky,CUSA,FALSE,TRUE,Aggie Memorial Stadium,FALSE,,,FALSE,0
401862786,2026,5,regular,2026-10-01,2026-10-02T01:00:00Z,FALSE,Tulsa,AAC,North Texas,AAC,FALSE,TRUE,Chapman Stadium,FALSE,,,FALSE,0
401871050,2026,5,regular,2026-10-02,2026-10-02T23:00:00Z,FALSE,Delaware,CUSA,Liberty,CUSA,FALSE,TRUE,Delaware Stadium,FALSE,,,FALSE,0
401858245,2026,5,regular,2026-10-02,2026-10-02T23:00:00Z,FALSE,Virginia Tech,ACC,Pittsburgh,ACC,FALSE,TRUE,Lane Stadium,FALSE,,,FALSE,0
401858476,2026,5,regular,2026-10-02,2026-10-03T00:00:00Z,FALSE,Northwestern,B10,Penn State,B10,FALSE,TRUE,Ryan Field,FALSE,,,FALSE,0
401856820,2026,5,regular,2026-10-03,2026-10-03T04:00:00Z,TRUE,Arizona,B12,Cincinnati,B12,FALSE,TRUE,Arizona Stadium,FALSE,,,FALSE,0
401856817,2026,5,regular,2026-10-03,2026-10-03T04:00:00Z,TRUE,Arizona State,B12,Baylor,B12,FALSE,TRUE,Mountain America Stadium,FALSE,,,FALSE,0
401866431,2026,5,regular,2026-10-03,2026-10-03T04:00:00Z,TRUE,Ball State,MAC,Toledo,MAC,FALSE,TRUE,Scheumann Stadium,FALSE,,,FALSE,0
401866432,2026,5,regular,2026-10-03,2026-10-03T04:00:00Z,TRUE,Buffalo,MAC,Western Michigan,MAC,FALSE,TRUE,UB Stadium,FALSE,,,FALSE,0
401866430,2026,5,regular,2026-10-03,2026-10-03T04:00:00Z,TRUE,Central Michigan,MAC,Akron,MAC,FALSE,TRUE,Kelly/Shorts Stadium,FALSE,,,FALSE,0
401862787,2026,5,regular,2026-10-03,2026-10-03T04:00:00Z,TRUE,Charlotte,AAC,Memphis,AAC,FALSE,TRUE,Jerry Richardson Stadium,FALSE,,,FALSE,0
401858249,2026,5,regular,2026-10-03,2026-10-03T04:00:00Z,TRUE,Clemson,ACC,Miami,ACC,FALSE,TRUE,"Memorial Stadium (Clemson, SC)",FALSE,,,FALSE,0
401869942,2026,5,regular,2026-10-03,2026-10-03T04:00:00Z,TRUE,Coastal Carolina,SUN,Georgia Southern,SUN,FALSE,TRUE,Brooks Stadium (SC),FALSE,,,FALSE,0
401856821,2026,5,regular,2026-10-03,2026-10-03T04:00:00Z,TRUE,Colorado,B12,Texas Tech,B12,FALSE,TRUE,Folsom Field,FALSE,,,FALSE,0
401858253,2026,5,regular,2026-10-03,2026-10-03T04:00:00Z,TRUE,Florida State,ACC,Virginia,ACC,FALSE,TRUE,Doak Campbell Stadium,FALSE,,,FALSE,0
401856705,2026,5,regular,2026-10-03,2026-10-03T04:00:00Z,TRUE,Georgia,SEC,Vanderbilt,SEC,FALSE,TRUE,Sanford Stadium,FALSE,,,FALSE,0
401869956,2026,5,regular,2026-10-03,2026-10-03T04:00:00Z,TRUE,Georgia State,SUN,Old Dominion,SUN,FALSE,TRUE,Center Parc Stadium,FALSE,,,FALSE,0
401864513,2026,5,regular,2026-10-03,2026-10-03T04:00:00Z,TRUE,Hawai'i,MWC,San José State,MWC,FALSE,TRUE,Clarence T.C. Ching Athletics Complex,FALSE,,,FALSE,0
401856819,2026,5,regular,2026-10-03,2026-10-03T04:00:00Z,TRUE,Houston,B12,UCF,B12,FALSE,TRUE,TDECU Stadium,FALSE,,,FALSE,0
401858472,2026,5,regular,2026-10-03,2026-10-03T04:00:00Z,TRUE,Illinois,B10,Purdue,B10,FALSE,TRUE,"Memorial Stadium (Champaign, IL)",FALSE,,,FALSE,0
401858473,2026,5,regular,2026-10-03,2026-10-03T04:00:00Z,TRUE,Iowa,B10,Ohio State,B10,FALSE,TRUE,Kinnick Stadium,FALSE,,,FALSE,0
401856822,2026,5,regular,2026-10-03,2026-10-03T04:00:00Z,TRUE,Iowa State,B12,West Virginia,B12,FALSE,TRUE,Jack Trice Stadium,FALSE,,,FALSE,0
401869962,2026,5,regular,2026-10-03,2026-10-03T04:00:00Z,TRUE,James Madison,SUN,Marshall,SUN,FALSE,TRUE,Bridgeforth Stadium,FALSE,,,FALSE,0
401856807,2026,5,regular,2026-10-03,2026-10-03T04:00:00Z,TRUE,Kansas,B12,Middle Tennessee,CUSA,FALSE,FALSE,Memorial Stadium,FALSE,,,FALSE,0
401866434,2026,5,regular,2026-10-03,2026-10-03T04:00:00Z,TRUE,Kent State,MAC,Ohio,MAC,FALSE,TRUE,Dix Stadium,FALSE,,,FALSE,0
401869932,2026,5,regular,2026-10-03,2026-10-03T04:00:00Z,TRUE,Louisiana,SUN,Arkansas State,SUN,FALSE,TRUE,Cajun Field,FALSE,,,FALSE,0
401869842,2026,5,regular,2026-10-03,2026-10-03T04:00:00Z,TRUE,Louisiana Tech,SUN,Army,AAC,FALSE,FALSE,Joe Aillet Stadium,FALSE,,,FALSE,0
401866433,2026,5,regular,2026-10-03,2026-10-03T04:00:00Z,TRUE,Massachusetts,MAC,Eastern Michigan,MAC,FALSE,TRUE,Warren McGuirk Alumni Stadium,FALSE,,,FALSE,0
401866477,2026,5,regular,2026-10-03,2026-10-03T04:00:00Z,TRUE,Miami (OH),MAC,Bowling Green,MAC,FALSE,TRUE,Yager Stadium,FALSE,,,FALSE,0
401858474,2026,5,regular,2026-10-03,2026-10-03T04:00:00Z,TRUE,Minnesota,B10,Michigan,B10,FALSE,TRUE,Huntington Bank Stadium,FALSE,,,FALSE,0
401856707,2026,5,regular,2026-10-03,2026-10-03T04:00:00Z,TRUE,Mississippi State,SEC,Alabama,SEC,FALSE,TRUE,Davis Wade Stadium,FALSE,,,FALSE,0
401856708,2026,5,regular,2026-10-03,2026-10-03T04:00:00Z,TRUE,Missouri,SEC,Florida,SEC,FALSE,TRUE,Memorial Stadium,FALSE,,,FALSE,0
401858248,2026,5,regular,2026-10-03,2026-10-03T04:00:00Z,TRUE,NC State,ACC,Louisville,ACC,FALSE,TRUE,Carter-Finley Stadium,FALSE,,,FALSE,0
401858475,2026,5,regular,2026-10-03,2026-10-03T04:00:00Z,TRUE,Nebraska,B10,Maryland,B10,FALSE,TRUE,"Memorial Stadium (Lincoln, NE)",FALSE,,,FALSE,0
401864514,2026,5,regular,2026-10-03,2026-10-03T04:00:00Z,TRUE,New Mexico,MWC,UTEP,MWC,FALSE,TRUE,University Stadium (NM),FALSE,,,FALSE,0
401858250,2026,5,regular,2026-10-03,2026-10-03T04:00:00Z,TRUE,North Carolina,ACC,Notre Dame,IND,FALSE,FALSE,Kenan Stadium,FALSE,,,FALSE,0
401862788,2026,5,regular,2026-10-03,2026-10-03T04:00:00Z,TRUE,Rice,AAC,UTSA,AAC,FALSE,TRUE,Rice Stadium,FALSE,,,FALSE,0
401858246,2026,5,regular,2026-10-03,2026-10-03T04:00:00Z,TRUE,SMU,ACC,Boston College,ACC,FALSE,TRUE,Gerald J. Ford Stadium,FALSE,,,FALSE,0
401871089,2026,5,regular,2026-10-03,2026-10-03T04:00:00Z,TRUE,South Alabama,SUN,UL Monroe,SUN,FALSE,TRUE,Hancock Whitney Stadium,FALSE,,,FALSE,0
401856709,2026,5,regular,2026-10-03,2026-10-03T04:00:00Z,TRUE,South Carolina,SEC,Kentucky,SEC,FALSE,TRUE,Williams-Brice Stadium,FALSE,,,FALSE,0
401862792,2026,5,regular,2026-10-03,2026-10-03T04:00:00Z,TRUE,South Florida,AAC,Temple,AAC,FALSE,TRUE,Raymond James Stadium,FALSE,,,FALSE,0
401856818,2026,5,regular,2026-10-03,2026-10-03T04:00:00Z,TRUE,TCU,B12,BYU,B12,FALSE,TRUE,Amon G. Carter Stadium,FALSE,,,FALSE,0
401856710,2026,5,regular,2026-10-03,2026-10-03T04:00:00Z,TRUE,Tennessee,SEC,Auburn,SEC,FALSE,TRUE,Neyland Stadium,FALSE,,,FALSE,0
401856711,2026,5,regular,2026-10-03,2026-10-03T04:00:00Z,TRUE,Texas A&M,SEC,Arkansas,SEC,FALSE,TRUE,Kyle Field,FALSE,,,FALSE,0
401858478,2026,5,regular,2026-10-03,2026-10-03T04:00:00Z,TRUE,USC,B10,Washington,B10,FALSE,TRUE,Los Angeles Memorial Coliseum,FALSE,,,FALSE,0
401858251,2026,5,regular,2026-10-03,2026-10-03T04:00:00Z,TRUE,Wake Forest,ACC,Stanford,ACC,FALSE,TRUE,Allegacy Federal Credit Union Stadium,FALSE,,,FALSE,0
401858479,2026,5,regular,2026-10-03,2026-10-03T04:00:00Z,TRUE,Wisconsin,B10,Michigan State,B10,FALSE,TRUE,Camp Randall Stadium,FALSE,,,FALSE,0
401862791,2026,5,regular,2026-10-03,2026-10-03T16:00:00Z,FALSE,Air Force,MWC,Navy,AAC,FALSE,FALSE,Falcon Stadium,FALSE,,,FALSE,0
401858252,2026,5,regular,2026-10-03,2026-10-03T16:00:00Z,FALSE,UConn,IND,Syracuse,ACC,FALSE,FALSE,Pratt & Whitney Stadium,FALSE,,,FALSE,0
401864515,2026,5,regular,2026-10-03,2026-10-03T19:30:00Z,FALSE,North Dakota State,MWC,Wyoming,MWC,FALSE,TRUE,Fargodome,FALSE,,,FALSE,0
401862793,2026,5,regular,2026-10-03,2026-10-03T19:30:00Z,FALSE,UAB,AAC,Samford,Southern,FALSE,FALSE,Protective Stadium,FALSE,,,FALSE,0
401858247,2026,5,regular,2026-10-03,2026-10-03T19:30:00Z,FALSE,UNLV,MWC,California,ACC,FALSE,FALSE,Allegiant Stadium,FALSE,,,FALSE,0
401860899,2026,5,regular,2026-10-03,2026-10-03T22:00:00Z,FALSE,Colorado State,P12,Oregon State,P12,FALSE,TRUE,Canvas Stadium,FALSE,,,FALSE,0
401862790,2026,5,regular,2026-10-03,2026-10-03T22:00:00Z,FALSE,Florida Atlantic,AAC,Texas Southern,SWAC,FALSE,FALSE,FAU Stadium,FALSE,,,FALSE,0
401860898,2026,5,regular,2026-10-03,2026-10-03T23:30:00Z,FALSE,Boise State,P12,Utah State,P12,FALSE,TRUE,Albertsons Stadium,FALSE,,,FALSE,0
401856706,2026,5,regular,2026-10-03,2026-10-03T23:45:00Z,FALSE,LSU,SEC,McNeese,Southland,FALSE,FALSE,Tiger Stadium (LA),FALSE,,,FALSE,0
401858477,2026,5,regular,2026-10-03,2026-10-04T00:00:00Z,FALSE,Rutgers,B10,Indiana,B10,FALSE,TRUE,SHI Stadium,FALSE,,,FALSE,0
401860921,2026,5,regular,2026-10-03,2026-10-04T01:30:00Z,FALSE,Washington State,P12,Fresno State,P12,FALSE,TRUE,Gesa Field,FALSE,,,FALSE,0
401860900,2026,5,regular,2026-10-03,2026-10-04T02:30:00Z,FALSE,San Diego State,P12,Texas State,P12,FALSE,TRUE,Snapdragon Stadium,FALSE,,,FALSE,0
401871090,2026,6,regular,2026-10-06,2026-10-07T00:00:00Z,FALSE,Troy,SUN,Southern Miss,SUN,FALSE,TRUE,Veterans Memorial Stadium (AL),FALSE,,,FALSE,0
401871051,2026,6,regular,2026-10-07,2026-10-07T23:00:00Z,FALSE,Kennesaw State,CUSA,Jacksonville State,CUSA,FALSE,TRUE,Fifth Third Stadium,FALSE,,,FALSE,0
401871066,2026,6,regular,2026-10-07,2026-10-07T23:30:00Z,FALSE,Florida International,CUSA,New Mexico State,CUSA,FALSE,TRUE,FIU Stadium,FALSE,,,FALSE,0
401870766,2026,6,regular,2026-10-08,2026-10-08T23:00:00Z,FALSE,Liberty,CUSA,Sam Houston,CUSA,FALSE,TRUE,Williams Stadium (VA),FALSE,,,FALSE,0
401871052,2026,6,regular,2026-10-08,2026-10-08T23:00:00Z,FALSE,Western Kentucky,CUSA,Missouri State,CUSA,FALSE,TRUE,Houchens Industries-L.T. Smith Stadium,FALSE,,,FALSE,0
401869933,2026,6,regular,2026-10-08,2026-10-08T23:30:00Z,FALSE,Arkansas State,SUN,South Alabama,SUN,FALSE,TRUE,Centennial Bank Stadium,FALSE,,,FALSE,0
401862794,2026,6,regular,2026-10-08,2026-10-08T23:30:00Z,FALSE,UTSA,AAC,South Florida,AAC,FALSE,TRUE,Alamodome,FALSE,,,FALSE,0
401858254,2026,6,regular,2026-10-09,2026-10-09T23:00:00Z,FALSE,Louisville,ACC,Florida State,ACC,FALSE,TRUE,L&N Federal Credit Union Stadium,FALSE,,,FALSE,0
401864519,2026,6,regular,2026-10-09,2026-10-10T01:00:00Z,FALSE,San José State,MWC,Wyoming,MWC,FALSE,TRUE,CEFCU Stadium,FALSE,,,FALSE,0
401860922,2026,6,regular,2026-10-09,2026-10-10T01:00:00Z,FALSE,Utah State,P12,Washington State,P12,FALSE,TRUE,Maverik Stadium,FALSE,,,FALSE,0
401858487,2026,6,regular,2026-10-09,2026-10-10T01:00:00Z,FALSE,Washington,B10,Iowa,B10,FALSE,TRUE,Husky Stadium,FALSE,,,FALSE,0
401856826,2026,6,regular,2026-10-09,2026-10-10T02:15:00Z,FALSE,BYU,B12,Iowa State,B12,FALSE,TRUE,LaVell Edwards Stadium,FALSE,,,FALSE,0
401866435,2026,6,regular,2026-10-10,2026-10-10T04:00:00Z,TRUE,Akron,MAC,Eastern Michigan,MAC,FALSE,TRUE,InfoCision Stadium,FALSE,,,FALSE,0
401856712,2026,6,regular,2026-10-10,2026-10-10T04:00:00Z,TRUE,Alabama,SEC,Georgia,SEC,FALSE,TRUE,Bryant-Denny Stadium,FALSE,,,FALSE,0
401869843,2026,6,regular,2026-10-10,2026-10-10T04:00:00Z,TRUE,App State,SUN,Old Dominion,SUN,FALSE,TRUE,Kidd Brewer Stadium,FALSE,,,FALSE,0
401856808,2026,6,regular,2026-10-10,2026-10-10T04:00:00Z,TRUE,Arizona State,B12,Hawai'i,MWC,FALSE,FALSE,Mountain America Stadium,FALSE,,,FALSE,0
401856713,2026,6,regular,2026-10-10,2026-10-10T04:00:00Z,TRUE,Arkansas,SEC,Tennessee,SEC,FALSE,TRUE,Razorback Stadium,FALSE,,,FALSE,0
401866436,2026,6,regular,2026-10-10,2026-10-10T04:00:00Z,TRUE,Bowling Green,MAC,Sacramento State,MAC,FALSE,TRUE,Doyt L. Perry Stadium,FALSE,,,FALSE,0
401858259,2026,6,regular,2026-10-10,2026-10-10T04:00:00Z,TRUE,California,ACC,Virginia Tech,ACC,FALSE,TRUE,California Memorial Stadium,FALSE,,,FALSE,0
401862797,2026,6,regular,2026-10-10,2026-10-10T04:00:00Z,TRUE,East Carolina,AAC,Rice,AAC,FALSE,TRUE,Dowdy-Ficklen Stadium,FALSE,,,FALSE,0
401856714,2026,6,regular,2026-10-10,2026-10-10T04:00:00Z,TRUE,Florida,SEC,South Carolina,SEC,FALSE,TRUE,Ben Hill Griffin Stadium,FALSE,,,FALSE,0
401869949,2026,6,regular,2026-10-10,2026-10-10T04:00:00Z,TRUE,Georgia Southern,SUN,James Madison,SUN,FALSE,TRUE,Allen E. Paulson Stadium,FALSE,,,FALSE,0
401858255,2026,6,regular,2026-10-10,2026-10-10T04:00:00Z,TRUE,Georgia Tech,ACC,Duke,ACC,FALSE,TRUE,Bobby Dodd Stadium,FALSE,,,FALSE,0
401856825,2026,6,regular,2026-10-10,2026-10-10T04:00:00Z,TRUE,Kansas State,B12,Houston,B12,FALSE,TRUE,Bill Snyder Family Stadium,FALSE,,,FALSE,0
401856715,2026,6,regular,2026-10-10,2026-10-10T04:00:00Z,TRUE,Kentucky,SEC,LSU,SEC,FALSE,TRUE,Kroger Field,FALSE,,,FALSE,0
401869965,2026,6,regular,2026-10-10,2026-10-10T04:00:00Z,TRUE,Louisiana Tech,SUN,Louisiana,SUN,FALSE,TRUE,Joe Aillet Stadium,FALSE,,,FALSE,0
401869943,2026,6,regular,2026-10-10,2026-10-10T04:00:00Z,TRUE,Marshall,SUN,Coastal Carolina,SUN,FALSE,TRUE,Joan C. Edwards Stadium,FALSE,,,FALSE,0
401866440,2026,6,regular,2026-10-10,2026-10-10T04:00:00Z,TRUE,Massachusetts,MAC,Miami (OH),MAC,FALSE,TRUE,Warren McGuirk Alumni Stadium,FALSE,,,FALSE,0
401862798,2026,6,regular,2026-10-10,2026-10-10T04:00:00Z,TRUE,Memphis,AAC,UAB,AAC,FALSE,TRUE,Simmons Bank Liberty Stadium,FALSE,,,FALSE,0
401858480,2026,6,regular,2026-10-10,2026-10-10T04:00:00Z,TRUE,Michigan State,B10,Illinois,B10,FALSE,TRUE,Spartan Stadium,FALSE,,,FALSE,0
401856716,2026,6,regular,2026-10-10,2026-10-10T04:00:00Z,TRUE,Missouri,SEC,Texas A&M,SEC,FALSE,TRUE,Memorial Stadium,FALSE,,,FALSE,0
401858260,2026,6,regular,2026-10-10,2026-10-10T04:00:00Z,TRUE,NC State,ACC,Wake Forest,ACC,FALSE,TRUE,Carter-Finley Stadium,FALSE,,,FALSE,0
401858481,2026,6,regular,2026-10-10,2026-10-10T04:00:00Z,TRUE,Nebraska,B10,Indiana,B10,FALSE,TRUE,"Memorial Stadium (Lincoln, NE)",FALSE,,,FALSE,0
401862796,2026,6,regular,2026-10-10,2026-10-10T04:00:00Z,TRUE,North Texas,AAC,Charlotte,AAC,FALSE,TRUE,DATCU Stadium,FALSE,,,FALSE,0
401858482,2026,6,regular,2026-10-10,2026-10-10T04:00:00Z,TRUE,Northwestern,B10,Ball State,MAC,FALSE,FALSE,Ryan Field,FALSE,,,FALSE,0
401866438,2026,6,regular,2026-10-10,2026-10-10T04:00:00Z,TRUE,Ohio,MAC,Central Michigan,MAC,FALSE,TRUE,Peden Stadium,FALSE,,,FALSE,0
401858483,2026,6,regular,2026-10-10,2026-10-10T04:00:00Z,TRUE,Ohio State,B10,Maryland,B10,FALSE,TRUE,Ohio Stadium,FALSE,,,FALSE,0
401856824,2026,6,regular,2026-10-10,2026-10-10T04:00:00Z,TRUE,Oklahoma State,B12,UCF,B12,FALSE,TRUE,Boone Pickens Stadium,FALSE,,,FALSE,0
401858484,2026,6,regular,2026-10-10,2026-10-10T04:00:00Z,TRUE,Oregon,B10,UCLA,B10,FALSE,TRUE,Autzen Stadium,FALSE,,,FALSE,0
401858485,2026,6,regular,2026-10-10,2026-10-10T04:00:00Z,TRUE,Penn State,B10,USC,B10,FALSE,TRUE,Beaver Stadium,FALSE,,,FALSE,0
401858256,2026,6,regular,2026-10-10,2026-10-10T04:00:00Z,TRUE,Pittsburgh,ACC,North Carolina,ACC,FALSE,TRUE,Acrisure Stadium,FALSE,,,FALSE,0
401858486,2026,6,regular,2026-10-10,2026-10-10T04:00:00Z,TRUE,Purdue,B10,Minnesota,B10,FALSE,TRUE,Ross-Ade Stadium,FALSE,,,FALSE,0
401861964,2026,6,regular,2026-10-10,2026-10-10T04:00:00Z,TRUE,Temple,AAC,UConn,IND,FALSE,FALSE,Lincoln Financial Field,FALSE,,,FALSE,0
401866437,2026,6,regular,2026-10-10,2026-10-10T04:00:00Z,TRUE,Toledo,MAC,Buffalo,MAC,FALSE,TRUE,Glass Bowl,FALSE,,,FALSE,0
401864517,2026,6,regular,2026-10-10,2026-10-10T04:00:00Z,TRUE,UTEP,MWC,Nevada,MWC,FALSE,TRUE,Sun Bowl,FALSE,,,FALSE,0
401856827,2026,6,regular,2026-10-10,2026-10-10T04:00:00Z,TRUE,Utah,B12,Kansas,B12,FALSE,TRUE,Rice-Eccles Stadium,FALSE,,,FALSE,0
401856718,2026,6,regular,2026-10-10,2026-10-10T04:00:00Z,TRUE,Vanderbilt,SEC,Ole Miss,SEC,FALSE,TRUE,FirstBank Stadium,FALSE,,,FALSE,0
401858258,2026,6,regular,2026-10-10,2026-10-10T04:00:00Z,TRUE,Virginia,ACC,Syracuse,ACC,FALSE,TRUE,Scott Stadium,FALSE,,,FALSE,0
401856823,2026,6,regular,2026-10-10,2026-10-10T04:00:00Z,TRUE,West Virginia,B12,Arizona,B12,FALSE,TRUE,Milan Puskar Stadium,FALSE,,,FALSE,0
401866439,2026,6,regular,2026-10-10,2026-10-10T04:00:00Z,TRUE,Western Michigan,MAC,Kent State,MAC,FALSE,TRUE,Waldo Stadium,FALSE,,,FALSE,0
401862795,2026,6,regular,2026-10-10,2026-10-10T16:00:00Z,FALSE,Army,AAC,Tulane,AAC,FALSE,TRUE,Michie Stadium,FALSE,,,FALSE,0
401862799,2026,6,regular,2026-10-10,2026-10-10T19:30:00Z,FALSE,Navy,AAC,Tulsa,AAC,FALSE,TRUE,Navy-Marine Corps Memorial Stadium,FALSE,,,FALSE,0
401858257,2026,6,regular,2026-10-10,2026-10-10T19:30:00Z,FALSE,Notre Dame,IND,Stanford,ACC,FALSE,FALSE,Notre Dame Stadium,FALSE,,,FALSE,0
401856717,2026,6,regular,2026-10-10,2026-10-10T19:30:00Z,FALSE,Oklahoma,SEC,Texas,SEC,TRUE,TRUE,Cotton Bowl,FALSE,,,FALSE,0
401860902,2026,6,regular,2026-10-10,2026-10-10T22:00:00Z,FALSE,Oregon State,P12,San Diego State,P12,FALSE,TRUE,Reser Stadium,FALSE,,,FALSE,0
401864518,2026,6,regular,2026-10-10,2026-10-10T23:00:00Z,FALSE,UNLV,MWC,North Dakota State,MWC,FALSE,TRUE,Allegiant Stadium,FALSE,,,FALSE,0
401864516,2026,6,regular,2026-10-10,2026-10-10T23:30:00Z,FALSE,Northern Illinois,MWC,Air Force,MWC,FALSE,TRUE,Huskie Stadium,FALSE,,,FALSE,0
401860901,2026,6,regular,2026-10-10,2026-10-11T02:30:00Z,FALSE,Fresno State,P12,Boise State,P12,FALSE,TRUE,Valley Children's Stadium,FALSE,,,FALSE,0
401871067,2026,7,regular,2026-10-13,2026-10-13T23:00:00Z,FALSE,Middle Tennessee,CUSA,Delaware,CUSA,FALSE,TRUE,"Johnny ""Red"" Floyd Stadium",FALSE,,,FALSE,0
401871053,2026,7,regular,2026-10-13,2026-10-14T00:00:00Z,FALSE,Jacksonville State,CUSA,Florida International,CUSA,FALSE,TRUE,AmFirst Stadium,FALSE,,,FALSE,0
401871054,2026,7,regular,2026-10-14,2026-10-14T23:30:00Z,FALSE,Missouri State,CUSA,Kennesaw State,CUSA,FALSE,TRUE,Plaster Sports Complex,FALSE,,,FALSE,0
401871068,2026,7,regular,2026-10-14,2026-10-15T00:00:00Z,FALSE,Sam Houston,CUSA,Western Kentucky,CUSA,FALSE,TRUE,Elliott T. Bowers Stadium,FALSE,,,FALSE,0
401869950,2026,7,regular,2026-10-15,2026-10-15T23:30:00Z,FALSE,Old Dominion,SUN,Georgia Southern,SUN,FALSE,TRUE,S.B. Ballard Stadium,FALSE,,,FALSE,0
401862800,2026,7,regular,2026-10-15,2026-10-15T23:30:00Z,FALSE,UAB,AAC,East Carolina,AAC,FALSE,TRUE,Protective Stadium,FALSE,,,FALSE,0
401860923,2026,7,regular,2026-10-15,2026-10-16T00:00:00Z,FALSE,Texas State,P12,Colorado State,P12,FALSE,TRUE,Bobcat Stadium (TX),FALSE,,,FALSE,0
401862801,2026,7,regular,2026-10-16,2026-10-16T23:30:00Z,FALSE,Tulane,AAC,Memphis,AAC,FALSE,TRUE,Yulman Stadium,FALSE,,,FALSE,0
401869844,2026,7,regular,2026-10-16,2026-10-17T00:00:00Z,FALSE,Coastal Carolina,SUN,App State,SUN,FALSE,TRUE,Brooks Stadium (SC),FALSE,,,FALSE,0
401858493,2026,7,regular,2026-10-16,2026-10-17T00:00:00Z,FALSE,Purdue,B10,Washington,B10,FALSE,TRUE,Ross-Ade Stadium,FALSE,,,FALSE,0
401856809,2026,7,regular,2026-10-17,2026-10-17T04:00:00Z,TRUE,BYU,B12,Notre Dame,IND,FALSE,FALSE,LaVell Edwards Stadium,FALSE,,,FALSE,0
401856832,2026,7,regular,2026-10-17,2026-10-17T04:00:00Z,TRUE,Baylor,B12,TCU,B12,FALSE,TRUE,McLane Stadium,FALSE,,,FALSE,0
401858267,2026,7,regular,2026-10-17,2026-10-17T04:00:00Z,TRUE,Boston College,ACC,Pittsburgh,ACC,FALSE,TRUE,"Alumni Stadium (Chestnut Hill, MA)",FALSE,,,FALSE,0
401866441,2026,7,regular,2026-10-17,2026-10-17T04:00:00Z,TRUE,Bowling Green,MAC,Ball State,MAC,FALSE,TRUE,Doyt L. Perry Stadium,FALSE,,,FALSE,0
401866442,2026,7,regular,2026-10-17,2026-10-17T04:00:00Z,TRUE,Buffalo,MAC,Massachusetts,MAC,FALSE,TRUE,UB Stadium,FALSE,,,FALSE,0
401858269,2026,7,regular,2026-10-17,2026-10-17T04:00:00Z,TRUE,California,ACC,Wake Forest,ACC,FALSE,TRUE,California Memorial Stadium,FALSE,,,FALSE,0
401866443,2026,7,regular,2026-10-17,2026-10-17T04:00:00Z,TRUE,Central Michigan,MAC,Western Michigan,MAC,FALSE,TRUE,Kelly/Shorts Stadium,FALSE,,,FALSE,0
401858261,2026,7,regular,2026-10-17,2026-10-17T04:00:00Z,TRUE,Clemson,ACC,Charleston Southern,Big South-OVC,FALSE,FALSE,"Memorial Stadium (Clemson, SC)",FALSE,,,FALSE,0
401856833,2026,7,regular,2026-10-17,2026-10-17T04:00:00Z,TRUE,Colorado,B12,Utah,B12,FALSE,TRUE,Folsom Field,FALSE,,,FALSE,0
401858266,2026,7,regular,2026-10-17,2026-10-17T04:00:00Z,TRUE,Duke,ACC,North Carolina,ACC,FALSE,TRUE,Wallace Wade Stadium,FALSE,,,FALSE,0
401866444,2026,7,regular,2026-10-17,2026-10-17T04:00:00Z,TRUE,Eastern Michigan,MAC,Toledo,MAC,FALSE,TRUE,Rynearson Stadium,FALSE,,,FALSE,0
401856719,2026,7,regular,2026-10-17,2026-10-17T04:00:00Z,TRUE,Georgia,SEC,Auburn,SEC,FALSE,TRUE,Sanford Stadium,FALSE,,,FALSE,0
401864521,2026,7,regular,2026-10-17,2026-10-17T04:00:00Z,TRUE,Hawai'i,MWC,New Mexico,MWC,FALSE,TRUE,Clarence T.C. Ching Athletics Complex,FALSE,,,FALSE,0
401856831,2026,7,regular,2026-10-17,2026-10-17T04:00:00Z,TRUE,Houston,B12,Oklahoma State,B12,FALSE,TRUE,TDECU Stadium,FALSE,,,FALSE,0
401858488,2026,7,regular,2026-10-17,2026-10-17T04:00:00Z,TRUE,Indiana,B10,Ohio State,B10,FALSE,TRUE,"Memorial Stadium (Bloomington, IN)",FALSE,,,FALSE,0
401869957,2026,7,regular,2026-10-17,2026-10-17T04:00:00Z,TRUE,James Madison,SUN,Georgia State,SUN,FALSE,TRUE,Bridgeforth Stadium,FALSE,,,FALSE,0
401856830,2026,7,regular,2026-10-17,2026-10-17T04:00:00Z,TRUE,Kansas State,B12,Kansas,B12,FALSE,TRUE,Bill Snyder Family Stadium,FALSE,,,FALSE,0
401856720,2026,7,regular,2026-10-17,2026-10-17T04:00:00Z,TRUE,LSU,SEC,Mississippi State,SEC,FALSE,TRUE,Tiger Stadium (LA),FALSE,,,FALSE,0
401869966,2026,7,regular,2026-10-17,2026-10-17T04:00:00Z,TRUE,Louisiana,SUN,Troy,SUN,FALSE,TRUE,Cajun Field,FALSE,,,FALSE,0
401858489,2026,7,regular,2026-10-17,2026-10-17T04:00:00Z,TRUE,Maryland,B10,Rutgers,B10,FALSE,TRUE,SECU Stadium,FALSE,,,FALSE,0
401858263,2026,7,regular,2026-10-17,2026-10-17T04:00:00Z,TRUE,Miami,ACC,Florida State,ACC,FALSE,TRUE,Hard Rock Stadium,FALSE,,,FALSE,0
401866478,2026,7,regular,2026-10-17,2026-10-17T04:00:00Z,TRUE,Miami (OH),MAC,Akron,MAC,FALSE,TRUE,Yager Stadium,FALSE,,,FALSE,0
401858490,2026,7,regular,2026-10-17,2026-10-17T04:00:00Z,TRUE,Michigan,B10,Penn State,B10,FALSE,TRUE,Michigan Stadium,FALSE,,,FALSE,0
401858491,2026,7,regular,2026-10-17,2026-10-17T04:00:00Z,TRUE,Michigan State,B10,Northwestern,B10,FALSE,TRUE,Spartan Stadium,FALSE,,,FALSE,0
401856722,2026,7,regular,2026-10-17,2026-10-17T04:00:00Z,TRUE,Oklahoma,SEC,Kentucky,SEC,FALSE,TRUE,"Memorial Stadium (Norman, OK)",FALSE,,,FALSE,0
401856721,2026,7,regular,2026-10-17,2026-10-17T04:00:00Z,TRUE,Ole Miss,SEC,Missouri,SEC,FALSE,TRUE,Vaught-Hemingway Stadium,FALSE,,,FALSE,0
401858492,2026,7,regular,2026-10-17,2026-10-17T04:00:00Z,TRUE,Oregon,B10,Nebraska,B10,FALSE,TRUE,Autzen Stadium,FALSE,,,FALSE,0
401862805,2026,7,regular,2026-10-17,2026-10-17T04:00:00Z,TRUE,Rice,AAC,Tulsa,AAC,FALSE,TRUE,Rice Stadium,FALSE,,,FALSE,0
401858268,2026,7,regular,2026-10-17,2026-10-17T04:00:00Z,TRUE,SMU,ACC,Virginia,ACC,FALSE,TRUE,Gerald J. Ford Stadium,FALSE,,,FALSE,0
401866445,2026,7,regular,2026-10-17,2026-10-17T04:00:00Z,TRUE,Sacramento State,MAC,Ohio,MAC,FALSE,TRUE,Hornet Stadium,FALSE,,,FALSE,0
401862806,2026,7,regular,2026-10-17,2026-10-17T04:00:00Z,TRUE,South Florida,AAC,Kent State,MAC,FALSE,FALSE,Raymond James Stadium,FALSE,,,FALSE,0
401869934,2026,7,regular,2026-10-17,2026-10-17T04:00:00Z,TRUE,Southern Miss,SUN,Arkansas State,SUN,FALSE,TRUE,M. M. Roberts Stadium,FALSE,,,FALSE,0
401858265,2026,7,regular,2026-10-17,2026-10-17T04:00:00Z,TRUE,Syracuse,ACC,Louisville,ACC,FALSE,TRUE,JMA Wireless Dome,FALSE,,,FALSE,0
401862803,2026,7,regular,2026-10-17,2026-10-17T04:00:00Z,TRUE,Temple,AAC,Charlotte,AAC,FALSE,TRUE,Lincoln Financial Field,FALSE,,,FALSE,0
401856723,2026,7,regular,2026-10-17,2026-10-17T04:00:00Z,TRUE,Tennessee,SEC,Alabama,SEC,FALSE,TRUE,Neyland Stadium,FALSE,,,FALSE,0
401856724,2026,7,regular,2026-10-17,2026-10-17T04:00:00Z,TRUE,Texas,SEC,Florida,SEC,FALSE,TRUE,DKR-Texas Memorial Stadium,FALSE,,,FALSE,0
401856828,2026,7,regular,2026-10-17,2026-10-17T04:00:00Z,TRUE,Texas Tech,B12,Arizona State,B12,FALSE,TRUE,Jones AT&T Stadium,FALSE,,,FALSE,0
401858494,2026,7,regular,2026-10-17,2026-10-17T04:00:00Z,TRUE,UCLA,B10,Wisconsin,B10,FALSE,TRUE,Rose Bowl,FALSE,,,FALSE,0
401871091,2026,7,regular,2026-10-17,2026-10-17T04:00:00Z,TRUE,UL Monroe,SUN,Louisiana Tech,SUN,FALSE,TRUE,Malone Stadium,FALSE,,,FALSE,0
401864523,2026,7,regular,2026-10-17,2026-10-17T04:00:00Z,TRUE,UTEP,MWC,San José State,MWC,FALSE,TRUE,Sun Bowl,FALSE,,,FALSE,0
401862804,2026,7,regular,2026-10-17,2026-10-17T04:00:00Z,TRUE,UTSA,AAC,Navy,AAC,FALSE,TRUE,Alamodome,FALSE,,,FALSE,0
401856726,2026,7,regular,2026-10-17,2026-10-17T04:00:00Z,TRUE,Vanderbilt,SEC,Arkansas,SEC,FALSE,TRUE,FirstBank Stadium,FALSE,,,FALSE,0
401858264,2026,7,regular,2026-10-17,2026-10-17T04:00:00Z,TRUE,Virginia Tech,ACC,Georgia Tech,ACC,FALSE,TRUE,Lane Stadium,FALSE,,,FALSE,0
401856829,2026,7,regular,2026-10-17,2026-10-17T04:00:00Z,TRUE,West Virginia,B12,Cincinnati,B12,FALSE,TRUE,Milan Puskar Stadium,FALSE,,,FALSE,0
401862802,2026,7,regular,2026-10-17,2026-10-17T16:00:00Z,FALSE,Army,AAC,Florida Atlantic,AAC,FALSE,TRUE,Michie Stadium,FALSE,,,FALSE,0
401856725,2026,7,regular,2026-10-17,2026-10-17T17:00:00Z,FALSE,Texas A&M,SEC,The Citadel,Southern,FALSE,FALSE,Kyle Field,FALSE,,,FALSE,0
401864524,2026,7,regular,2026-10-17,2026-10-17T19:30:00Z,FALSE,Air Force,MWC,UNLV,MWC,FALSE,TRUE,Falcon Stadium,FALSE,,,FALSE,0
401864522,2026,7,regular,2026-10-17,2026-10-17T19:30:00Z,FALSE,Wyoming,MWC,Northern Illinois,MWC,FALSE,TRUE,War Memorial Stadium,FALSE,,,FALSE,0
401860903,2026,7,regular,2026-10-17,2026-10-17T22:00:00Z,FALSE,Oregon State,P12,Washington State,P12,FALSE,TRUE,Reser Stadium,FALSE,,,FALSE,0
401864520,2026,7,regular,2026-10-17,2026-10-17T23:00:00Z,FALSE,North Dakota State,MWC,Nevada,MWC,FALSE,TRUE,Fargodome,FALSE,,,FALSE,0
401858262,2026,7,regular,2026-10-17,2026-10-17T23:30:00Z,FALSE,Stanford,ACC,Elon,CAA,FALSE,FALSE,Stanford Stadium,FALSE,,,FALSE,0
401860904,2026,7,regular,2026-10-17,2026-10-18T02:30:00Z,FALSE,San Diego State,P12,Fresno State,P12,FALSE,TRUE,Snapdragon Stadium,FALSE,,,FALSE,0
401871069,2026,8,regular,2026-10-20,2026-10-20T23:00:00Z,FALSE,Delaware,CUSA,Missouri State,CUSA,FALSE,TRUE,Delaware Stadium,FALSE,,,FALSE,0
401871055,2026,8,regular,2026-10-20,2026-10-20T23:00:00Z,FALSE,Florida International,CUSA,Middle Tennessee,CUSA,FALSE,TRUE,FIU Stadium,FALSE,,,FALSE,0
401871092,2026,8,regular,2026-10-20,2026-10-20T23:30:00Z,FALSE,Marshall,SUN,South Alabama,SUN,FALSE,TRUE,Joan C. Edwards Stadium,FALSE,,,FALSE,0
401871070,2026,8,regular,2026-10-21,2026-10-22T00:00:00Z,FALSE,Sam Houston,CUSA,New Mexico State,CUSA,FALSE,TRUE,Elliott T. Bowers Stadium,FALSE,,,FALSE,0
401869845,2026,8,regular,2026-10-22,2026-10-22T23:00:00Z,FALSE,App State,SUN,James Madison,SUN,FALSE,TRUE,Kidd Brewer Stadium,FALSE,,,FALSE,0
401871056,2026,8,regular,2026-10-22,2026-10-22T23:00:00Z,FALSE,Kennesaw State,CUSA,Liberty,CUSA,FALSE,TRUE,Fifth Third Stadium,FALSE,,,FALSE,0
401862807,2026,8,regular,2026-10-22,2026-10-22T23:30:00Z,FALSE,Memphis,AAC,East Carolina,AAC,FALSE,TRUE,Simmons Bank Liberty Stadium,FALSE,,,FALSE,0
401861965,2026,8,regular,2026-10-23,2026-10-23T22:00:00Z,FALSE,UConn,IND,Massachusetts,MAC,FALSE,FALSE,Pratt & Whitney Stadium,FALSE,,,FALSE,0
401858271,2026,8,regular,2026-10-23,2026-10-23T23:00:00Z,FALSE,Virginia,ACC,Duke,ACC,FALSE,TRUE,Scott Stadium,FALSE,,,FALSE,0
401862808,2026,8,regular,2026-10-23,2026-10-24T00:30:00Z,FALSE,Tulsa,AAC,Army,AAC,FALSE,TRUE,Chapman Stadium,FALSE,,,FALSE,0
401864525,2026,8,regular,2026-10-23,2026-10-24T01:00:00Z,FALSE,Wyoming,MWC,Air Force,MWC,FALSE,TRUE,War Memorial Stadium,FALSE,,,FALSE,0
401858272,2026,8,regular,2026-10-23,2026-10-24T02:30:00Z,FALSE,Stanford,ACC,NC State,ACC,FALSE,TRUE,Stanford Stadium,FALSE,,,FALSE,0
401856727,2026,8,regular,2026-10-24,2026-10-24T04:00:00Z,TRUE,Alabama,SEC,Texas A&M,SEC,FALSE,TRUE,Bryant-Denny Stadium,FALSE,,,FALSE,0
401856838,2026,8,regular,2026-10-24,2026-10-24T04:00:00Z,TRUE,Arizona,B12,Iowa State,B12,FALSE,TRUE,Arizona Stadium,FALSE,,,FALSE,0
401856839,2026,8,regular,2026-10-24,2026-10-24T04:00:00Z,TRUE,Arizona State,B12,Kansas State,B12,FALSE,TRUE,Mountain America Stadium,FALSE,,,FALSE,0
401869935,2026,8,regular,2026-10-24,2026-10-24T04:00:00Z,TRUE,Arkansas State,SUN,Georgia State,SUN,FALSE,TRUE,Centennial Bank Stadium,FALSE,,,FALSE,0
401866447,2026,8,regular,2026-10-24,2026-10-24T04:00:00Z,TRUE,Ball State,MAC,Sacramento State,MAC,FALSE,TRUE,Scheumann Stadium,FALSE,,,FALSE,0
401866448,2026,8,regular,2026-10-24,2026-10-24T04:00:00Z,TRUE,Buffalo,MAC,Bowling Green,MAC,FALSE,TRUE,UB Stadium,FALSE,,,FALSE,0
401866476,2026,8,regular,2026-10-24,2026-10-24T04:00:00Z,TRUE,Central Michigan,MAC,Miami (OH),MAC,FALSE,TRUE,Kelly/Shorts Stadium,FALSE,,,FALSE,0
401856840,2026,8,regular,2026-10-24,2026-10-24T04:00:00Z,TRUE,Cincinnati,B12,Texas Tech,B12,FALSE,TRUE,Nippert Stadium,FALSE,,,FALSE,0
401858276,2026,8,regular,2026-10-24,2026-10-24T04:00:00Z,TRUE,Clemson,ACC,Virginia Tech,ACC,FALSE,TRUE,"Memorial Stadium (Clemson, SC)",FALSE,,,FALSE,0
401862809,2026,8,regular,2026-10-24,2026-10-24T04:00:00Z,TRUE,Florida Atlantic,AAC,Rice,AAC,FALSE,TRUE,FAU Stadium,FALSE,,,FALSE,0
401858273,2026,8,regular,2026-10-24,2026-10-24T04:00:00Z,TRUE,Georgia Tech,ACC,Boston College,ACC,FALSE,TRUE,Bobby Dodd Stadium,FALSE,,,FALSE,0
401858495,2026,8,regular,2026-10-24,2026-10-24T04:00:00Z,TRUE,Illinois,B10,Oregon,B10,FALSE,TRUE,"Memorial Stadium (Champaign, IL)",FALSE,,,FALSE,0
401856834,2026,8,regular,2026-10-24,2026-10-24T04:00:00Z,TRUE,Kansas,B12,Baylor,B12,FALSE,TRUE,Memorial Stadium,FALSE,,,FALSE,0
401866446,2026,8,regular,2026-10-24,2026-10-24T04:00:00Z,TRUE,Kent State,MAC,Akron,MAC,FALSE,TRUE,Dix Stadium,FALSE,,,FALSE,0
401856729,2026,8,regular,2026-10-24,2026-10-24T04:00:00Z,TRUE,Kentucky,SEC,Vanderbilt,SEC,FALSE,TRUE,Kroger Field,FALSE,,,FALSE,0
401871093,2026,8,regular,2026-10-24,2026-10-24T04:00:00Z,TRUE,Louisiana Tech,SUN,Old Dominion,SUN,FALSE,TRUE,Joe Aillet Stadium,FALSE,,,FALSE,0
401858274,2026,8,regular,2026-10-24,2026-10-24T04:00:00Z,TRUE,Miami,ACC,Pittsburgh,ACC,FALSE,TRUE,Hard Rock Stadium,FALSE,,,FALSE,0
401858496,2026,8,regular,2026-10-24,2026-10-24T04:00:00Z,TRUE,Michigan,B10,Indiana,B10,FALSE,TRUE,Michigan Stadium,FALSE,,,FALSE,0
401858497,2026,8,regular,2026-10-24,2026-10-24T04:00:00Z,TRUE,Minnesota,B10,Iowa,B10,FALSE,TRUE,Huntington Bank Stadium,FALSE,,,FALSE,0
401856730,2026,8,regular,2026-10-24,2026-10-24T04:00:00Z,TRUE,Mississippi State,SEC,Oklahoma,SEC,FALSE,TRUE,Davis Wade Stadium,FALSE,,,FALSE,0
401864528,2026,8,regular,2026-10-24,2026-10-24T04:00:00Z,TRUE,Nevada,MWC,San José State,MWC,FALSE,TRUE,Mackay Stadium,FALSE,,,FALSE,0
401864527,2026,8,regular,2026-10-24,2026-10-24T04:00:00Z,TRUE,New Mexico,MWC,North Dakota State,MWC,FALSE,TRUE,University Stadium (NM),FALSE,,,FALSE,0
401858275,2026,8,regular,2026-10-24,2026-10-24T04:00:00Z,TRUE,North Carolina,ACC,Syracuse,ACC,FALSE,TRUE,Kenan Stadium,FALSE,,,FALSE,0
401864526,2026,8,regular,2026-10-24,2026-10-24T04:00:00Z,TRUE,Northern Illinois,MWC,Hawai'i,MWC,FALSE,TRUE,Huskie Stadium,FALSE,,,FALSE,0
401858498,2026,8,regular,2026-10-24,2026-10-24T04:00:00Z,TRUE,Northwestern,B10,Rutgers,B10,FALSE,TRUE,Ryan Field,FALSE,,,FALSE,0
401866449,2026,8,regular,2026-10-24,2026-10-24T04:00:00Z,TRUE,Ohio,MAC,Eastern Michigan,MAC,FALSE,TRUE,Peden Stadium,FALSE,,,FALSE,0
401856836,2026,8,regular,2026-10-24,2026-10-24T04:00:00Z,TRUE,Oklahoma State,B12,Colorado,B12,FALSE,TRUE,Boone Pickens Stadium,FALSE,,,FALSE,0
401858270,2026,8,regular,2026-10-24,2026-10-24T04:00:00Z,TRUE,SMU,ACC,California,ACC,FALSE,TRUE,Gerald J. Ford Stadium,FALSE,,,FALSE,0
401856731,2026,8,regular,2026-10-24,2026-10-24T04:00:00Z,TRUE,South Carolina,SEC,Tennessee,SEC,FALSE,TRUE,Williams-Brice Stadium,FALSE,,,FALSE,0
401869967,2026,8,regular,2026-10-24,2026-10-24T04:00:00Z,TRUE,Southern Miss,SUN,Louisiana,SUN,FALSE,TRUE,M. M. Roberts Stadium,FALSE,,,FALSE,0
401856841,2026,8,regular,2026-10-24,2026-10-24T04:00:00Z,TRUE,TCU,B12,West Virginia,B12,FALSE,TRUE,Amon G. Carter Stadium,FALSE,,,FALSE,0
401856732,2026,8,regular,2026-10-24,2026-10-24T04:00:00Z,TRUE,Texas,SEC,Ole Miss,SEC,FALSE,TRUE,DKR-Texas Memorial Stadium,FALSE,,,FALSE,0
401866450,2026,8,regular,2026-10-24,2026-10-24T04:00:00Z,TRUE,Toledo,MAC,Western Michigan,MAC,FALSE,TRUE,Glass Bowl,FALSE,,,FALSE,0
401871094,2026,8,regular,2026-10-24,2026-10-24T04:00:00Z,TRUE,Troy,SUN,UL Monroe,SUN,FALSE,TRUE,Veterans Memorial Stadium (AL),FALSE,,,FALSE,0
401862811,2026,8,regular,2026-10-24,2026-10-24T04:00:00Z,TRUE,Tulane,AAC,UTSA,AAC,FALSE,TRUE,Yulman Stadium,FALSE,,,FALSE,0
401856835,2026,8,regular,2026-10-24,2026-10-24T04:00:00Z,TRUE,UCF,B12,BYU,B12,FALSE,TRUE,FBC Mortgage Stadium,FALSE,,,FALSE,0
401858499,2026,8,regular,2026-10-24,2026-10-24T04:00:00Z,TRUE,UCLA,B10,Michigan State,B10,FALSE,TRUE,Rose Bowl,FALSE,,,FALSE,0
401856837,2026,8,regular,2026-10-24,2026-10-24T04:00:00Z,TRUE,Utah,B12,Houston,B12,FALSE,TRUE,Rice-Eccles Stadium,FALSE,,,FALSE,0
401858500,2026,8,regular,2026-10-24,2026-10-24T04:00:00Z,TRUE,Wisconsin,B10,USC,B10,FALSE,TRUE,Camp Randall Stadium,FALSE,,,FALSE,0
401856728,2026,8,regular,2026-10-24,2026-10-24T16:00:00Z,FALSE,Auburn,SEC,LSU,SEC,FALSE,TRUE,Jordan-Hare Stadium,FALSE,,,FALSE,0
401862810,2026,8,regular,2026-10-24,2026-10-24T19:30:00Z,FALSE,Navy,AAC,North Texas,AAC,FALSE,TRUE,Navy-Marine Corps Memorial Stadium,FALSE,,,FALSE,0
401860907,2026,8,regular,2026-10-24,2026-10-24T22:00:00Z,FALSE,Washington State,P12,Boise State,P12,FALSE,TRUE,Gesa Field,FALSE,,,FALSE,0
401860906,2026,8,regular,2026-10-24,2026-10-24T23:30:00Z,FALSE,Texas State,P12,Utah State,P12,FALSE,TRUE,Bobcat Stadium (TX),FALSE,,,FALSE,0
401860905,2026,8,regular,2026-10-24,2026-10-25T01:30:00Z,FALSE,Colorado State,P12,San Diego State,P12,FALSE,TRUE,Canvas Stadium,FALSE,,,FALSE,0
401871071,2026,9,regular,2026-10-27,2026-10-27T23:00:00Z,FALSE,Western Kentucky,CUSA,Delaware,CUSA,FALSE,TRUE,Houchens Industries-L.T. Smith Stadium,FALSE,,,FALSE,0
401871072,2026,9,regular,2026-10-27,2026-10-28T00:00:00Z,FALSE,Missouri State,CUSA,Sam Houston,CUSA,FALSE,TRUE,Plaster Sports Complex,FALSE,,,FALSE,0
401871058,2026,9,regular,2026-10-28,2026-10-28T23:00:00Z,FALSE,Middle Tennessee,CUSA,Kennesaw State,CUSA,FALSE,TRUE,"Johnny ""Red"" Floyd Stadium",FALSE,,,FALSE,0
401871057,2026,9,regular,2026-10-28,2026-10-29T00:00:00Z,FALSE,New Mexico State,CUSA,Jacksonville State,CUSA,FALSE,TRUE,Aggie Memorial Stadium,FALSE,,,FALSE,0
401869963,2026,9,regular,2026-10-29,2026-10-29T23:30:00Z,FALSE,James Madison,SUN,Troy,SUN,FALSE,TRUE,Bridgeforth Stadium,FALSE,,,FALSE,0
401862812,2026,9,regular,2026-10-29,2026-10-29T23:30:00Z,FALSE,North Texas,AAC,Florida Atlantic,AAC,FALSE,TRUE,DATCU Stadium,FALSE,,,FALSE,0
401862813,2026,9,regular,2026-10-30,2026-10-30T23:00:00Z,FALSE,Charlotte,AAC,Tulane,AAC,FALSE,TRUE,Jerry Richardson Stadium,FALSE,,,FALSE,0
401856844,2026,9,regular,2026-10-30,2026-10-30T23:30:00Z,FALSE,UCF,B12,Baylor,B12,FALSE,TRUE,FBC Mortgage Stadium,FALSE,,,FALSE,0
401866451,2026,9,regular,2026-10-30,2026-10-31T02:30:00Z,FALSE,Sacramento State,MAC,Kent State,MAC,FALSE,TRUE,Hornet Stadium,FALSE,,,FALSE,0
401856733,2026,9,regular,2026-10-31,2026-10-31T04:00:00Z,TRUE,Arkansas,SEC,Missouri,SEC,FALSE,TRUE,Razorback Stadium,FALSE,,,FALSE,0
401856843,2026,9,regular,2026-10-31,2026-10-31T04:00:00Z,TRUE,BYU,B12,Arizona State,B12,FALSE,TRUE,LaVell Edwards Stadium,FALSE,,,FALSE,0
401856848,2026,9,regular,2026-10-31,2026-10-31T04:00:00Z,TRUE,Cincinnati,B12,Utah,B12,FALSE,TRUE,Nippert Stadium,FALSE,,,FALSE,0
401856846,2026,9,regular,2026-10-31,2026-10-31T04:00:00Z,TRUE,Colorado,B12,Kansas State,B12,FALSE,TRUE,Folsom Field,FALSE,,,FALSE,0
401858279,2026,9,regular,2026-10-31,2026-10-31T04:00:00Z,TRUE,Duke,ACC,Boston College,ACC,FALSE,TRUE,Wallace Wade Stadium,FALSE,,,FALSE,0
401862815,2026,9,regular,2026-10-31,2026-10-31T04:00:00Z,TRUE,East Carolina,AAC,Temple,AAC,FALSE,TRUE,Dowdy-Ficklen Stadium,FALSE,,,FALSE,0
401858280,2026,9,regular,2026-10-31,2026-10-31T04:00:00Z,TRUE,Florida State,ACC,Clemson,ACC,FALSE,TRUE,Doak Campbell Stadium,FALSE,,,FALSE,0
401860924,2026,9,regular,2026-10-31,2026-10-31T04:00:00Z,TRUE,Fresno State,P12,Oregon State,P12,FALSE,TRUE,Valley Children's Stadium,FALSE,,,FALSE,0
401869846,2026,9,regular,2026-10-31,2026-10-31T04:00:00Z,TRUE,Georgia Southern,SUN,App State,SUN,FALSE,TRUE,Allen E. Paulson Stadium,FALSE,,,FALSE,0
401869944,2026,9,regular,2026-10-31,2026-10-31T04:00:00Z,TRUE,Georgia State,SUN,Coastal Carolina,SUN,FALSE,TRUE,Center Parc Stadium,FALSE,,,FALSE,0
401858501,2026,9,regular,2026-10-31,2026-10-31T04:00:00Z,TRUE,Indiana,B10,Minnesota,B10,FALSE,TRUE,"Memorial Stadium (Bloomington, IN)",FALSE,,,FALSE,0
401858502,2026,9,regular,2026-10-31,2026-10-31T04:00:00Z,TRUE,Iowa,B10,Wisconsin,B10,FALSE,TRUE,Kinnick Stadium,FALSE,,,FALSE,0
401856847,2026,9,regular,2026-10-31,2026-10-31T04:00:00Z,TRUE,Iowa State,B12,Oklahoma State,B12,FALSE,TRUE,Jack Trice Stadium,FALSE,,,FALSE,0
401858283,2026,9,regular,2026-10-31,2026-10-31T04:00:00Z,TRUE,Louisville,ACC,Stanford,ACC,FALSE,TRUE,L&N Federal Credit Union Stadium,FALSE,,,FALSE,0
401858503,2026,9,regular,2026-10-31,2026-10-31T04:00:00Z,TRUE,Maryland,B10,Illinois,B10,FALSE,TRUE,SECU Stadium,FALSE,,,FALSE,0
401862814,2026,9,regular,2026-10-31,2026-10-31T04:00:00Z,TRUE,Memphis,AAC,Army,AAC,FALSE,TRUE,Simmons Bank Liberty Stadium,FALSE,,,FALSE,0
401858277,2026,9,regular,2026-10-31,2026-10-31T04:00:00Z,TRUE,NC State,ACC,California,ACC,FALSE,TRUE,Carter-Finley Stadium,FALSE,,,FALSE,0
401858504,2026,9,regular,2026-10-31,2026-10-31T04:00:00Z,TRUE,Nebraska,B10,Washington,B10,FALSE,TRUE,"Memorial Stadium (Lincoln, NE)",FALSE,,,FALSE,0
401858282,2026,9,regular,2026-10-31,2026-10-31T04:00:00Z,TRUE,North Carolina,ACC,Miami,ACC,FALSE,TRUE,Kenan Stadium,FALSE,,,FALSE,0
401856736,2026,9,regular,2026-10-31,2026-10-31T04:00:00Z,TRUE,Oklahoma,SEC,South Carolina,SEC,FALSE,TRUE,"Memorial Stadium (Norman, OK)",FALSE,,,FALSE,0
401871096,2026,9,regular,2026-10-31,2026-10-31T04:00:00Z,TRUE,Old Dominion,SUN,Marshall,SUN,FALSE,TRUE,S.B. Ballard Stadium,FALSE,,,FALSE,0
401856735,2026,9,regular,2026-10-31,2026-10-31T04:00:00Z,TRUE,Ole Miss,SEC,Auburn,SEC,FALSE,TRUE,Vaught-Hemingway Stadium,FALSE,,,FALSE,0
401858505,2026,9,regular,2026-10-31,2026-10-31T04:00:00Z,TRUE,Oregon,B10,Northwestern,B10,FALSE,TRUE,Autzen Stadium,FALSE,,,FALSE,0
401858506,2026,9,regular,2026-10-31,2026-10-31T04:00:00Z,TRUE,Penn State,B10,Purdue,B10,FALSE,TRUE,Beaver Stadium,FALSE,,,FALSE,0
401858281,2026,9,regular,2026-10-31,2026-10-31T04:00:00Z,TRUE,Pittsburgh,ACC,Georgia Tech,ACC,FALSE,TRUE,Acrisure Stadium,FALSE,,,FALSE,0
401858507,2026,9,regular,2026-10-31,2026-10-31T04:00:00Z,TRUE,Rutgers,B10,Michigan,B10,FALSE,TRUE,SHI Stadium,FALSE,,,FALSE,0
401864529,2026,9,regular,2026-10-31,2026-10-31T04:00:00Z,TRUE,San José State,MWC,New Mexico,MWC,FALSE,TRUE,CEFCU Stadium,FALSE,,,FALSE,0
401871097,2026,9,regular,2026-10-31,2026-10-31T04:00:00Z,TRUE,South Alabama,SUN,Louisiana Tech,SUN,FALSE,TRUE,Hancock Whitney Stadium,FALSE,,,FALSE,0
401862816,2026,9,regular,2026-10-31,2026-10-31T04:00:00Z,TRUE,South Florida,AAC,UAB,AAC,FALSE,TRUE,Raymond James Stadium,FALSE,,,FALSE,0
401858278,2026,9,regular,2026-10-31,2026-10-31T04:00:00Z,TRUE,Syracuse,ACC,SMU,ACC,FALSE,TRUE,JMA Wireless Dome,FALSE,,,FALSE,0
401856845,2026,9,regular,2026-10-31,2026-10-31T04:00:00Z,TRUE,TCU,B12,Kansas,B12,FALSE,TRUE,Amon G. Carter Stadium,FALSE,,,FALSE,0
401856737,2026,9,regular,2026-10-31,2026-10-31T04:00:00Z,TRUE,Texas,SEC,Mississippi State,SEC,FALSE,TRUE,DKR-Texas Memorial Stadium,FALSE,,,FALSE,0
401856842,2026,9,regular,2026-10-31,2026-10-31T04:00:00Z,TRUE,Texas Tech,B12,Arizona,B12,FALSE,TRUE,Jones AT&T Stadium,FALSE,,,FALSE,0
401858508,2026,9,regular,2026-10-31,2026-10-31T04:00:00Z,TRUE,UCLA,B10,Nevada,MWC,FALSE,FALSE,Rose Bowl,FALSE,,,FALSE,0
401871095,2026,9,regular,2026-10-31,2026-10-31T04:00:00Z,TRUE,UL Monroe,SUN,Southern Miss,SUN,FALSE,TRUE,Malone Stadium,FALSE,,,FALSE,0
401858509,2026,9,regular,2026-10-31,2026-10-31T04:00:00Z,TRUE,USC,B10,Ohio State,B10,FALSE,TRUE,Los Angeles Memorial Coliseum,FALSE,,,FALSE,0
401858284,2026,9,regular,2026-10-31,2026-10-31T04:00:00Z,TRUE,Wake Forest,ACC,Virginia,ACC,FALSE,TRUE,Allegacy Federal Credit Union Stadium,FALSE,,,FALSE,0
401859185,2026,9,regular,2026-10-31,2026-10-31T16:00:00Z,FALSE,Navy,AAC,Notre Dame,IND,TRUE,FALSE,Gillette Stadium,FALSE,,,FALSE,0
401866452,2026,9,regular,2026-10-31,2026-10-31T16:00:00Z,FALSE,Western Michigan,MAC,Bowling Green,MAC,FALSE,TRUE,Waldo Stadium,FALSE,,,FALSE,0
401861966,2026,9,regular,2026-10-31,2026-10-31T19:00:00Z,FALSE,Air Force,MWC,UConn,IND,FALSE,FALSE,Falcon Stadium,FALSE,,,FALSE,0
401856734,2026,9,regular,2026-10-31,2026-10-31T19:30:00Z,FALSE,Georgia,SEC,Florida,SEC,TRUE,TRUE,Mercedes-Benz Stadium,FALSE,,,FALSE,0
401871059,2026,9,regular,2026-10-31,2026-10-31T19:30:00Z,FALSE,Liberty,CUSA,Florida International,CUSA,FALSE,TRUE,Williams Stadium (VA),FALSE,,,FALSE,0
401864531,2026,9,regular,2026-10-31,2026-10-31T19:30:00Z,FALSE,North Dakota State,MWC,UTEP,MWC,FALSE,TRUE,Fargodome,FALSE,,,FALSE,0
401860910,2026,9,regular,2026-10-31,2026-10-31T19:30:00Z,FALSE,Utah State,P12,Colorado State,P12,FALSE,TRUE,Maverik Stadium,FALSE,,,FALSE,0
401860909,2026,9,regular,2026-10-31,2026-10-31T23:00:00Z,FALSE,San Diego State,P12,Washington State,P12,FALSE,TRUE,Snapdragon Stadium,FALSE,,,FALSE,0
401860908,2026,9,regular,2026-10-31,2026-11-01T02:00:00Z,FALSE,Boise State,P12,Texas State,P12,FALSE,TRUE,Albertsons Stadium,FALSE,,,FALSE,0
401864530,2026,9,regular,2026-10-31,2026-11-01T02:30:00Z,FALSE,UNLV,MWC,Northern Illinois,MWC,FALSE,TRUE,Allegiant Stadium,FALSE,,,FALSE,0
401866453,2026,10,regular,2026-11-03,2026-11-04T00:00:00Z,FALSE,Akron,MAC,Ohio,MAC,FALSE,TRUE,InfoCision Stadium,FALSE,,,FALSE,0
401866454,2026,10,regular,2026-11-03,2026-11-04T00:00:00Z,FALSE,Miami (OH),MAC,Buffalo,MAC,FALSE,TRUE,Yager Stadium,FALSE,,,FALSE,0
401866456,2026,10,regular,2026-11-04,2026-11-04T05:00:00Z,TRUE,Eastern Michigan,MAC,Central Michigan,MAC,TRUE,TRUE,Ford Field,FALSE,,,FALSE,0
401866455,2026,10,regular,2026-11-04,2026-11-04T05:00:00Z,TRUE,Massachusetts,MAC,Ball State,MAC,FALSE,TRUE,Warren McGuirk Alumni Stadium,FALSE,,,FALSE,0
401866457,2026,10,regular,2026-11-04,2026-11-04T05:00:00Z,TRUE,Sacramento State,MAC,Toledo,MAC,FALSE,TRUE,Hornet Stadium,FALSE,,,FALSE,0
401862817,2026,10,regular,2026-11-05,2026-11-06T01:00:00Z,FALSE,Florida Atlantic,AAC,UTSA,AAC,FALSE,TRUE,FAU Stadium,FALSE,,,FALSE,0
401869964,2026,10,regular,2026-11-05,2026-11-06T01:00:00Z,FALSE,Southern Miss,SUN,James Madison,SUN,FALSE,TRUE,M. M. Roberts Stadium,FALSE,,,FALSE,0
401858288,2026,10,regular,2026-11-06,2026-11-07T00:00:00Z,FALSE,SMU,ACC,Virginia Tech,ACC,FALSE,TRUE,Gerald J. Ford Stadium,FALSE,,,FALSE,0
401862818,2026,10,regular,2026-11-06,2026-11-07T00:30:00Z,FALSE,East Carolina,AAC,South Florida,AAC,FALSE,TRUE,Dowdy-Ficklen Stadium,FALSE,,,FALSE,0
401858510,2026,10,regular,2026-11-06,2026-11-07T01:00:00Z,FALSE,Illinois,B10,Nebraska,B10,FALSE,TRUE,"Memorial Stadium (Champaign, IL)",FALSE,,,FALSE,0
401864533,2026,10,regular,2026-11-06,2026-11-07T02:00:00Z,FALSE,Nevada,MWC,New Mexico,MWC,FALSE,TRUE,Mackay Stadium,FALSE,,,FALSE,0
401856855,2026,10,regular,2026-11-06,2026-11-07T03:15:00Z,FALSE,Arizona,B12,TCU,B12,FALSE,TRUE,Arizona Stadium,FALSE,,,FALSE,0
401869927,2026,10,regular,2026-11-07,2026-11-07T05:00:00Z,TRUE,App State,SUN,Georgia State,SUN,FALSE,TRUE,Kidd Brewer Stadium,FALSE,,,FALSE,0
401856852,2026,10,regular,2026-11-07,2026-11-07T05:00:00Z,TRUE,Arizona State,B12,Colorado,B12,FALSE,TRUE,Mountain America Stadium,FALSE,,,FALSE,0
401869936,2026,10,regular,2026-11-07,2026-11-07T05:00:00Z,TRUE,Arkansas State,SUN,UL Monroe,SUN,FALSE,TRUE,Centennial Bank Stadium,FALSE,,,FALSE,0
401856738,2026,10,regular,2026-11-07,2026-11-07T05:00:00Z,TRUE,Auburn,SEC,Arkansas,SEC,FALSE,TRUE,Jordan-Hare Stadium,FALSE,,,FALSE,0
401856853,2026,10,regular,2026-11-07,2026-11-07T05:00:00Z,TRUE,Baylor,B12,Iowa State,B12,FALSE,TRUE,McLane Stadium,FALSE,,,FALSE,0
401858289,2026,10,regular,2026-11-07,2026-11-07T05:00:00Z,TRUE,Boston College,ACC,Florida State,ACC,FALSE,TRUE,"Alumni Stadium (Chestnut Hill, MA)",FALSE,,,FALSE,0
401869945,2026,10,regular,2026-11-07,2026-11-07T05:00:00Z,TRUE,Coastal Carolina,SUN,Old Dominion,SUN,FALSE,TRUE,Brooks Stadium (SC),FALSE,,,FALSE,0
401856739,2026,10,regular,2026-11-07,2026-11-07T05:00:00Z,TRUE,Florida,SEC,Oklahoma,SEC,FALSE,TRUE,Ben Hill Griffin Stadium,FALSE,,,FALSE,0
401871074,2026,10,regular,2026-11-07,2026-11-07T05:00:00Z,TRUE,Florida International,CUSA,Missouri State,CUSA,FALSE,TRUE,FIU Stadium,FALSE,,,FALSE,0
401869951,2026,10,regular,2026-11-07,2026-11-07T05:00:00Z,TRUE,Georgia Southern,SUN,Marshall,SUN,FALSE,TRUE,Allen E. Paulson Stadium,FALSE,,,FALSE,0
401858287,2026,10,regular,2026-11-07,2026-11-07T05:00:00Z,TRUE,Georgia Tech,ACC,Louisville,ACC,FALSE,TRUE,Bobby Dodd Stadium,FALSE,,,FALSE,0
401856851,2026,10,regular,2026-11-07,2026-11-07T05:00:00Z,TRUE,Houston,B12,Cincinnati,B12,FALSE,TRUE,TDECU Stadium,FALSE,,,FALSE,0
401856850,2026,10,regular,2026-11-07,2026-11-07T05:00:00Z,TRUE,Kansas,B12,UCF,B12,FALSE,TRUE,Memorial Stadium,FALSE,,,FALSE,0
401856854,2026,10,regular,2026-11-07,2026-11-07T05:00:00Z,TRUE,Kansas State,B12,Oklahoma State,B12,FALSE,TRUE,Bill Snyder Family Stadium,FALSE,,,FALSE,0
401871073,2026,10,regular,2026-11-07,2026-11-07T05:00:00Z,TRUE,Kennesaw State,CUSA,Delaware,CUSA,FALSE,TRUE,Fifth Third Stadium,FALSE,,,FALSE,0
401856740,2026,10,regular,2026-11-07,2026-11-07T05:00:00Z,TRUE,LSU,SEC,Alabama,SEC,FALSE,TRUE,Tiger Stadium (LA),FALSE,,,FALSE,0
401869968,2026,10,regular,2026-11-07,2026-11-07T05:00:00Z,TRUE,Louisiana,SUN,South Alabama,SUN,FALSE,TRUE,Cajun Field,FALSE,,,FALSE,0
401858511,2026,10,regular,2026-11-07,2026-11-07T05:00:00Z,TRUE,Michigan,B10,Michigan State,B10,FALSE,TRUE,Michigan Stadium,FALSE,,,FALSE,0
401871076,2026,10,regular,2026-11-07,2026-11-07T05:00:00Z,TRUE,Middle Tennessee,CUSA,Western Kentucky,CUSA,FALSE,TRUE,"Johnny ""Red"" Floyd Stadium",FALSE,,,FALSE,0
401858512,2026,10,regular,2026-11-07,2026-11-07T05:00:00Z,TRUE,Minnesota,B10,UCLA,B10,FALSE,TRUE,Huntington Bank Stadium,FALSE,,,FALSE,0
401856742,2026,10,regular,2026-11-07,2026-11-07T05:00:00Z,TRUE,Mississippi State,SEC,Vanderbilt,SEC,FALSE,TRUE,Davis Wade Stadium,FALSE,,,FALSE,0
401856743,2026,10,regular,2026-11-07,2026-11-07T05:00:00Z,TRUE,Missouri,SEC,Texas,SEC,FALSE,TRUE,Memorial Stadium,FALSE,,,FALSE,0
401858286,2026,10,regular,2026-11-07,2026-11-07T05:00:00Z,TRUE,NC State,ACC,Duke,ACC,FALSE,TRUE,Carter-Finley Stadium,FALSE,,,FALSE,0
401870795,2026,10,regular,2026-11-07,2026-11-07T05:00:00Z,TRUE,New Mexico State,CUSA,Liberty,CUSA,FALSE,TRUE,Aggie Memorial Stadium,FALSE,,,FALSE,0
401862821,2026,10,regular,2026-11-07,2026-11-07T05:00:00Z,TRUE,North Texas,AAC,Rice,AAC,FALSE,TRUE,DATCU Stadium,FALSE,,,FALSE,0
401858513,2026,10,regular,2026-11-07,2026-11-07T05:00:00Z,TRUE,Northwestern,B10,Iowa,B10,FALSE,TRUE,Ryan Field,FALSE,,,FALSE,0
401858514,2026,10,regular,2026-11-07,2026-11-07T05:00:00Z,TRUE,Ohio State,B10,Oregon,B10,FALSE,TRUE,Ohio Stadium,FALSE,,,FALSE,0
401856741,2026,10,regular,2026-11-07,2026-11-07T05:00:00Z,TRUE,Ole Miss,SEC,Georgia,SEC,FALSE,TRUE,Vaught-Hemingway Stadium,FALSE,,,FALSE,0
401858515,2026,10,regular,2026-11-07,2026-11-07T05:00:00Z,TRUE,Purdue,B10,Maryland,B10,FALSE,TRUE,Ross-Ade Stadium,FALSE,,,FALSE,0
401864534,2026,10,regular,2026-11-07,2026-11-07T05:00:00Z,TRUE,San José State,MWC,Northern Illinois,MWC,FALSE,TRUE,CEFCU Stadium,FALSE,,,FALSE,0
401856744,2026,10,regular,2026-11-07,2026-11-07T05:00:00Z,TRUE,South Carolina,SEC,Texas A&M,SEC,FALSE,TRUE,Williams-Brice Stadium,FALSE,,,FALSE,0
401858285,2026,10,regular,2026-11-07,2026-11-07T05:00:00Z,TRUE,Syracuse,ACC,Clemson,ACC,FALSE,TRUE,JMA Wireless Dome,FALSE,,,FALSE,0
401856745,2026,10,regular,2026-11-07,2026-11-07T05:00:00Z,TRUE,Tennessee,SEC,Kentucky,SEC,FALSE,TRUE,Neyland Stadium,FALSE,,,FALSE,0
401856856,2026,10,regular,2026-11-07,2026-11-07T05:00:00Z,TRUE,Texas Tech,B12,West Virginia,B12,FALSE,TRUE,Jones AT&T Stadium,FALSE,,,FALSE,0
401871098,2026,10,regular,2026-11-07,2026-11-07T05:00:00Z,TRUE,Troy,SUN,Louisiana Tech,SUN,FALSE,TRUE,Veterans Memorial Stadium (AL),FALSE,,,FALSE,0
401862822,2026,10,regular,2026-11-07,2026-11-07T05:00:00Z,TRUE,Tulane,AAC,Tulsa,AAC,FALSE,TRUE,Yulman Stadium,FALSE,,,FALSE,0
401862819,2026,10,regular,2026-11-07,2026-11-07T05:00:00Z,TRUE,UAB,AAC,Charlotte,AAC,FALSE,TRUE,Protective Stadium,FALSE,,,FALSE,0
401864532,2026,10,regular,2026-11-07,2026-11-07T05:00:00Z,TRUE,UTEP,MWC,Hawai'i,MWC,FALSE,TRUE,Sun Bowl,FALSE,,,FALSE,0
401856849,2026,10,regular,2026-11-07,2026-11-07T05:00:00Z,TRUE,Utah,B12,BYU,B12,FALSE,TRUE,Rice-Eccles Stadium,FALSE,,,FALSE,0
401858516,2026,10,regular,2026-11-07,2026-11-07T05:00:00Z,TRUE,Washington,B10,Penn State,B10,FALSE,TRUE,Husky Stadium,FALSE,,,FALSE,0
401858517,2026,10,regular,2026-11-07,2026-11-07T05:00:00Z,TRUE,Wisconsin,B10,Rutgers,B10,FALSE,TRUE,Camp Randall Stadium,FALSE,,,FALSE,0
401858292,2026,10,regular,2026-11-07,2026-11-07T17:00:00Z,FALSE,UConn,IND,North Carolina,ACC,FALSE,FALSE,Pratt & Whitney Stadium,FALSE,,,FALSE,0
401858290,2026,10,regular,2026-11-07,2026-11-07T17:00:00Z,FALSE,Wake Forest,ACC,Merrimack,FCS Independents,FALSE,FALSE,Allegacy Federal Credit Union Stadium,FALSE,,,FALSE,0
401862820,2026,10,regular,2026-11-07,2026-11-07T20:30:00Z,FALSE,Navy,AAC,Temple,AAC,FALSE,TRUE,Navy-Marine Corps Memorial Stadium,FALSE,,,FALSE,0
401860911,2026,10,regular,2026-11-07,2026-11-07T23:00:00Z,FALSE,Colorado State,P12,Boise State,P12,FALSE,TRUE,Canvas Stadium,FALSE,,,FALSE,0
401871075,2026,10,regular,2026-11-07,2026-11-08T00:00:00Z,FALSE,Jacksonville State,CUSA,Sam Houston,CUSA,FALSE,TRUE,AmFirst Stadium,FALSE,,,FALSE,0
401862823,2026,10,regular,2026-11-07,2026-11-08T00:30:00Z,FALSE,Army,AAC,Air Force,MWC,FALSE,FALSE,Michie Stadium,FALSE,,,FALSE,0
401858291,2026,10,regular,2026-11-07,2026-11-08T00:30:00Z,FALSE,Notre Dame,IND,Miami,ACC,FALSE,FALSE,Notre Dame Stadium,FALSE,,,FALSE,0
401860913,2026,10,regular,2026-11-07,2026-11-08T02:30:00Z,FALSE,Utah State,P12,Fresno State,P12,FALSE,TRUE,Maverik Stadium,FALSE,,,FALSE,0
401860912,2026,10,regular,2026-11-07,2026-11-08T03:30:00Z,FALSE,Oregon State,P12,Texas State,P12,FALSE,TRUE,Reser Stadium,FALSE,,,FALSE,0
401864535,2026,10,regular,2026-11-07,2026-11-08T03:30:00Z,FALSE,UNLV,MWC,Wyoming,MWC,FALSE,TRUE,Allegiant Stadium,FALSE,,,FALSE,0
401866458,2026,11,regular,2026-11-10,2026-11-10T05:00:00Z,TRUE,Akron,MAC,Western Michigan,MAC,FALSE,TRUE,InfoCision Stadium,FALSE,,,FALSE,0
401866459,2026,11,regular,2026-11-10,2026-11-10T05:00:00Z,TRUE,Bowling Green,MAC,Kent State,MAC,FALSE,TRUE,Doyt L. Perry Stadium,FALSE,,,FALSE,0
401866460,2026,11,regular,2026-11-10,2026-11-10T05:00:00Z,TRUE,Miami (OH),MAC,Ohio,MAC,FALSE,TRUE,Yager Stadium,FALSE,,,FALSE,0
401866461,2026,11,regular,2026-11-11,2026-11-11T05:00:00Z,TRUE,Ball State,MAC,Buffalo,MAC,FALSE,TRUE,Scheumann Stadium,FALSE,,,FALSE,0
401866462,2026,11,regular,2026-11-11,2026-11-11T05:00:00Z,TRUE,Central Michigan,MAC,Sacramento State,MAC,FALSE,TRUE,Kelly/Shorts Stadium,FALSE,,,FALSE,0
401866463,2026,11,regular,2026-11-11,2026-11-11T05:00:00Z,TRUE,Toledo,MAC,Massachusetts,MAC,FALSE,TRUE,Glass Bowl,FALSE,,,FALSE,0
401862824,2026,11,regular,2026-11-12,2026-11-13T01:00:00Z,FALSE,South Florida,AAC,Memphis,AAC,FALSE,TRUE,Raymond James Stadium,FALSE,,,FALSE,0
401869969,2026,11,regular,2026-11-12,2026-11-13T02:00:00Z,FALSE,UL Monroe,SUN,Louisiana,SUN,FALSE,TRUE,Malone Stadium,FALSE,,,FALSE,0
401858293,2026,11,regular,2026-11-13,2026-11-14T00:00:00Z,FALSE,Pittsburgh,ACC,Florida State,ACC,FALSE,TRUE,Acrisure Stadium,FALSE,,,FALSE,0
401858526,2026,11,regular,2026-11-13,2026-11-14T02:00:00Z,FALSE,UCLA,B10,Illinois,B10,FALSE,TRUE,Rose Bowl,FALSE,,,FALSE,0
401856860,2026,11,regular,2026-11-13,2026-11-14T03:15:00Z,FALSE,Colorado,B12,Houston,B12,FALSE,TRUE,Folsom Field,FALSE,,,FALSE,0
401856864,2026,11,regular,2026-11-14,2026-11-14T05:00:00Z,TRUE,Arizona,B12,Utah,B12,FALSE,TRUE,Arizona Stadium,FALSE,,,FALSE,0
401856882,2026,11,regular,2026-11-14,2026-11-14T05:00:00Z,TRUE,Arkansas,SEC,South Carolina,SEC,FALSE,TRUE,Razorback Stadium,FALSE,,,FALSE,0
401856858,2026,11,regular,2026-11-14,2026-11-14T05:00:00Z,TRUE,BYU,B12,Baylor,B12,FALSE,TRUE,LaVell Edwards Stadium,FALSE,,,FALSE,0
401862825,2026,11,regular,2026-11-14,2026-11-14T05:00:00Z,TRUE,Charlotte,AAC,East Carolina,AAC,FALSE,TRUE,Jerry Richardson Stadium,FALSE,,,FALSE,0
401858297,2026,11,regular,2026-11-14,2026-11-14T05:00:00Z,TRUE,Clemson,ACC,Georgia Tech,ACC,FALSE,TRUE,"Memorial Stadium (Clemson, SC)",FALSE,,,FALSE,0
401869937,2026,11,regular,2026-11-14,2026-11-14T05:00:00Z,TRUE,Coastal Carolina,SUN,Arkansas State,SUN,FALSE,TRUE,Brooks Stadium (SC),FALSE,,,FALSE,0
401871060,2026,11,regular,2026-11-14,2026-11-14T05:00:00Z,TRUE,Delaware,CUSA,Florida International,CUSA,FALSE,TRUE,Delaware Stadium,FALSE,,,FALSE,0
401856883,2026,11,regular,2026-11-14,2026-11-14T05:00:00Z,TRUE,Georgia,SEC,Missouri,SEC,FALSE,TRUE,Sanford Stadium,FALSE,,,FALSE,0
401869952,2026,11,regular,2026-11-14,2026-11-14T05:00:00Z,TRUE,Georgia State,SUN,Georgia Southern,SUN,FALSE,TRUE,Center Parc Stadium,FALSE,,,FALSE,0
401858518,2026,11,regular,2026-11-14,2026-11-14T05:00:00Z,TRUE,Indiana,B10,USC,B10,FALSE,TRUE,"Memorial Stadium (Bloomington, IN)",FALSE,,,FALSE,0
401858519,2026,11,regular,2026-11-14,2026-11-14T05:00:00Z,TRUE,Iowa,B10,Purdue,B10,FALSE,TRUE,Kinnick Stadium,FALSE,,,FALSE,0
401856859,2026,11,regular,2026-11-14,2026-11-14T05:00:00Z,TRUE,Iowa State,B12,Cincinnati,B12,FALSE,TRUE,Jack Trice Stadium,FALSE,,,FALSE,0
401856884,2026,11,regular,2026-11-14,2026-11-14T05:00:00Z,TRUE,Kentucky,SEC,Florida,SEC,FALSE,TRUE,Kroger Field,FALSE,,,FALSE,0
401856885,2026,11,regular,2026-11-14,2026-11-14T05:00:00Z,TRUE,LSU,SEC,Texas,SEC,FALSE,TRUE,Tiger Stadium (LA),FALSE,,,FALSE,0
401871099,2026,11,regular,2026-11-14,2026-11-14T05:00:00Z,TRUE,Louisiana Tech,SUN,Southern Miss,SUN,FALSE,TRUE,Joe Aillet Stadium,FALSE,,,FALSE,0
401869928,2026,11,regular,2026-11-14,2026-11-14T05:00:00Z,TRUE,Marshall,SUN,App State,SUN,FALSE,TRUE,Joan C. Edwards Stadium,FALSE,,,FALSE,0
401858520,2026,11,regular,2026-11-14,2026-11-14T05:00:00Z,TRUE,Maryland,B10,Wisconsin,B10,FALSE,TRUE,SECU Stadium,FALSE,,,FALSE,0
401858296,2026,11,regular,2026-11-14,2026-11-14T05:00:00Z,TRUE,Miami,ACC,Duke,ACC,FALSE,TRUE,Hard Rock Stadium,FALSE,,,FALSE,0
401858521,2026,11,regular,2026-11-14,2026-11-14T05:00:00Z,TRUE,Michigan State,B10,Washington,B10,FALSE,TRUE,Spartan Stadium,FALSE,,,FALSE,0
401856886,2026,11,regular,2026-11-14,2026-11-14T05:00:00Z,TRUE,Mississippi State,SEC,Auburn,SEC,FALSE,TRUE,Davis Wade Stadium,FALSE,,,FALSE,0
401870796,2026,11,regular,2026-11-14,2026-11-14T05:00:00Z,TRUE,Missouri State,CUSA,New Mexico State,CUSA,FALSE,TRUE,Plaster Sports Complex,FALSE,,,FALSE,0
401858300,2026,11,regular,2026-11-14,2026-11-14T05:00:00Z,TRUE,NC State,ACC,Syracuse,ACC,FALSE,TRUE,Carter-Finley Stadium,FALSE,,,FALSE,0
401858298,2026,11,regular,2026-11-14,2026-11-14T05:00:00Z,TRUE,North Carolina,ACC,Louisville,ACC,FALSE,TRUE,Kenan Stadium,FALSE,,,FALSE,0
401864536,2026,11,regular,2026-11-14,2026-11-14T05:00:00Z,TRUE,Northern Illinois,MWC,Nevada,MWC,FALSE,TRUE,Huskie Stadium,FALSE,,,FALSE,0
401858522,2026,11,regular,2026-11-14,2026-11-14T05:00:00Z,TRUE,Ohio State,B10,Northwestern,B10,FALSE,TRUE,Ohio Stadium,FALSE,,,FALSE,0
401856887,2026,11,regular,2026-11-14,2026-11-14T05:00:00Z,TRUE,Oklahoma,SEC,Ole Miss,SEC,FALSE,TRUE,"Memorial Stadium (Norman, OK)",FALSE,,,FALSE,0
401856863,2026,11,regular,2026-11-14,2026-11-14T05:00:00Z,TRUE,Oklahoma State,B12,Texas Tech,B12,FALSE,TRUE,Boone Pickens Stadium,FALSE,,,FALSE,0
401858523,2026,11,regular,2026-11-14,2026-11-14T05:00:00Z,TRUE,Oregon,B10,Michigan,B10,FALSE,TRUE,Autzen Stadium,FALSE,,,FALSE,0
401858524,2026,11,regular,2026-11-14,2026-11-14T05:00:00Z,TRUE,Penn State,B10,Minnesota,B10,FALSE,TRUE,Beaver Stadium,FALSE,,,FALSE,0
401862828,2026,11,regular,2026-11-14,2026-11-14T05:00:00Z,TRUE,Rice,AAC,Tulane,AAC,FALSE,TRUE,Rice Stadium,FALSE,,,FALSE,0
401858525,2026,11,regular,2026-11-14,2026-11-14T05:00:00Z,TRUE,Rutgers,B10,Nebraska,B10,FALSE,TRUE,SHI Stadium,FALSE,,,FALSE,0
401858301,2026,11,regular,2026-11-14,2026-11-14T05:00:00Z,TRUE,SMU,ACC,Wake Forest,ACC,FALSE,TRUE,Gerald J. Ford Stadium,FALSE,,,FALSE,0
401870769,2026,11,regular,2026-11-14,2026-11-14T05:00:00Z,TRUE,Sam Houston,CUSA,Kennesaw State,CUSA,FALSE,TRUE,Elliott T. Bowers Stadium,FALSE,,,FALSE,0
401871100,2026,11,regular,2026-11-14,2026-11-14T05:00:00Z,TRUE,South Alabama,SUN,Troy,SUN,FALSE,TRUE,Hancock Whitney Stadium,FALSE,,,FALSE,0
401856862,2026,11,regular,2026-11-14,2026-11-14T05:00:00Z,TRUE,TCU,B12,Kansas State,B12,FALSE,TRUE,Amon G. Carter Stadium,FALSE,,,FALSE,0
401862829,2026,11,regular,2026-11-14,2026-11-14T05:00:00Z,TRUE,Temple,AAC,UAB,AAC,FALSE,TRUE,Lincoln Financial Field,FALSE,,,FALSE,0
401856888,2026,11,regular,2026-11-14,2026-11-14T05:00:00Z,TRUE,Texas A&M,SEC,Tennessee,SEC,FALSE,TRUE,Kyle Field,FALSE,,,FALSE,0
401862826,2026,11,regular,2026-11-14,2026-11-14T05:00:00Z,TRUE,Tulsa,AAC,Florida Atlantic,AAC,FALSE,TRUE,Chapman Stadium,FALSE,,,FALSE,0
401856857,2026,11,regular,2026-11-14,2026-11-14T05:00:00Z,TRUE,UCF,B12,Arizona State,B12,FALSE,TRUE,FBC Mortgage Stadium,FALSE,,,FALSE,0
401864540,2026,11,regular,2026-11-14,2026-11-14T05:00:00Z,TRUE,UTEP,MWC,Wyoming,MWC,FALSE,TRUE,Sun Bowl,FALSE,,,FALSE,0
401862827,2026,11,regular,2026-11-14,2026-11-14T05:00:00Z,TRUE,UTSA,AAC,North Texas,AAC,FALSE,TRUE,Alamodome,FALSE,,,FALSE,0
401856889,2026,11,regular,2026-11-14,2026-11-14T05:00:00Z,TRUE,Vanderbilt,SEC,Alabama,SEC,FALSE,TRUE,FirstBank Stadium,FALSE,,,FALSE,0
401858295,2026,11,regular,2026-11-14,2026-11-14T05:00:00Z,TRUE,Virginia,ACC,California,ACC,FALSE,TRUE,Scott Stadium,FALSE,,,FALSE,0
401858299,2026,11,regular,2026-11-14,2026-11-14T05:00:00Z,TRUE,Virginia Tech,ACC,Stanford,ACC,FALSE,TRUE,Lane Stadium,FALSE,,,FALSE,0
401856861,2026,11,regular,2026-11-14,2026-11-14T05:00:00Z,TRUE,West Virginia,B12,Kansas,B12,FALSE,TRUE,Milan Puskar Stadium,FALSE,,,FALSE,0
401870752,2026,11,regular,2026-11-14,2026-11-14T05:00:00Z,TRUE,Western Kentucky,CUSA,Jacksonville State,CUSA,FALSE,TRUE,Houchens Industries-L.T. Smith Stadium,FALSE,,,FALSE,0
401861967,2026,11,regular,2026-11-14,2026-11-14T17:00:00Z,FALSE,UConn,IND,James Madison,SUN,FALSE,FALSE,Pratt & Whitney Stadium,FALSE,,,FALSE,0
401871061,2026,11,regular,2026-11-14,2026-11-14T20:30:00Z,FALSE,Liberty,CUSA,Middle Tennessee,CUSA,FALSE,TRUE,Williams Stadium (VA),FALSE,,,FALSE,0
401858294,2026,11,regular,2026-11-14,2026-11-14T20:30:00Z,FALSE,Notre Dame,IND,Boston College,ACC,FALSE,FALSE,Notre Dame Stadium,FALSE,,,FALSE,0
401860916,2026,11,regular,2026-11-14,2026-11-14T21:00:00Z,FALSE,Texas State,P12,Fresno State,P12,FALSE,TRUE,Bobcat Stadium (TX),FALSE,,,FALSE,0
401860914,2026,11,regular,2026-11-14,2026-11-14T23:00:00Z,FALSE,Boise State,P12,Oregon State,P12,FALSE,TRUE,Albertsons Stadium,FALSE,,,FALSE,0
401864538,2026,11,regular,2026-11-14,2026-11-15T00:00:00Z,FALSE,Air Force,MWC,San José State,MWC,FALSE,TRUE,Falcon Stadium,FALSE,,,FALSE,0
401864539,2026,11,regular,2026-11-14,2026-11-15T00:30:00Z,FALSE,New Mexico,MWC,UNLV,MWC,FALSE,TRUE,University Stadium (NM),FALSE,,,FALSE,0
401860915,2026,11,regular,2026-11-14,2026-11-15T02:30:00Z,FALSE,San Diego State,P12,Utah State,P12,FALSE,TRUE,Snapdragon Stadium,FALSE,,,FALSE,0
401860917,2026,11,regular,2026-11-14,2026-11-15T03:30:00Z,FALSE,Washington State,P12,Colorado State,P12,FALSE,TRUE,Gesa Field,FALSE,,,FALSE,0
401864537,2026,11,regular,2026-11-14,2026-11-15T04:00:00Z,FALSE,Hawai'i,MWC,North Dakota State,MWC,FALSE,TRUE,Clarence T.C. Ching Athletics Complex,FALSE,,,FALSE,0
401866466,2026,12,regular,2026-11-17,2026-11-17T05:00:00Z,TRUE,Kent State,MAC,Miami (OH),MAC,FALSE,TRUE,Dix Stadium,FALSE,,,FALSE,0
401866464,2026,12,regular,2026-11-17,2026-11-17T05:00:00Z,TRUE,Ohio,MAC,Ball State,MAC,FALSE,TRUE,Peden Stadium,FALSE,,,FALSE,0
401866465,2026,12,regular,2026-11-17,2026-11-17T05:00:00Z,TRUE,Western Michigan,MAC,Eastern Michigan,MAC,FALSE,TRUE,Waldo Stadium,FALSE,,,FALSE,0
401866469,2026,12,regular,2026-11-18,2026-11-18T05:00:00Z,TRUE,Buffalo,MAC,Central Michigan,MAC,FALSE,TRUE,UB Stadium,FALSE,,,FALSE,0
401866467,2026,12,regular,2026-11-18,2026-11-18T05:00:00Z,TRUE,Massachusetts,MAC,Akron,MAC,FALSE,TRUE,Warren McGuirk Alumni Stadium,FALSE,,,FALSE,0
401869938,2026,12,regular,2026-11-19,2026-11-19T05:00:00Z,TRUE,Louisiana Tech,SUN,Arkansas State,SUN,FALSE,TRUE,Joe Aillet Stadium,FALSE,,,FALSE,0
401862830,2026,12,regular,2026-11-19,2026-11-20T00:30:00Z,FALSE,Temple,AAC,Rice,AAC,FALSE,TRUE,Lincoln Financial Field,FALSE,,,FALSE,0
401856869,2026,12,regular,2026-11-20,2026-11-20T23:00:00Z,FALSE,UCF,B12,Iowa State,B12,FALSE,TRUE,FBC Mortgage Stadium,FALSE,,,FALSE,0
401858303,2026,12,regular,2026-11-20,2026-11-21T00:30:00Z,FALSE,Duke,ACC,Clemson,ACC,FALSE,TRUE,Wallace Wade Stadium,FALSE,,,FALSE,0
401866468,2026,12,regular,2026-11-20,2026-11-21T00:30:00Z,FALSE,Toledo,MAC,Bowling Green,MAC,FALSE,TRUE,Glass Bowl,FALSE,,,FALSE,0
401864545,2026,12,regular,2026-11-20,2026-11-21T01:00:00Z,FALSE,Air Force,MWC,UTEP,MWC,FALSE,TRUE,Falcon Stadium,FALSE,,,FALSE,0
401858529,2026,12,regular,2026-11-20,2026-11-21T01:00:00Z,FALSE,Michigan State,B10,Oregon,B10,FALSE,TRUE,Spartan Stadium,FALSE,,,FALSE,0
401869929,2026,12,regular,2026-11-21,2026-11-21T05:00:00Z,TRUE,App State,SUN,UL Monroe,SUN,FALSE,TRUE,Kidd Brewer Stadium,FALSE,,,FALSE,0
401856870,2026,12,regular,2026-11-21,2026-11-21T05:00:00Z,TRUE,Arizona State,B12,Oklahoma State,B12,FALSE,TRUE,Mountain America Stadium,FALSE,,,FALSE,0
401856871,2026,12,regular,2026-11-21,2026-11-21T05:00:00Z,TRUE,Baylor,B12,Texas Tech,B12,FALSE,TRUE,McLane Stadium,FALSE,,,FALSE,0
401858309,2026,12,regular,2026-11-21,2026-11-21T05:00:00Z,TRUE,Boston College,ACC,Syracuse,ACC,FALSE,TRUE,"Alumni Stadium (Chestnut Hill, MA)",FALSE,,,FALSE,0
401858308,2026,12,regular,2026-11-21,2026-11-21T05:00:00Z,TRUE,California,ACC,Stanford,ACC,FALSE,TRUE,California Memorial Stadium,FALSE,,,FALSE,0
401856867,2026,12,regular,2026-11-21,2026-11-21T05:00:00Z,TRUE,Cincinnati,B12,Colorado,B12,FALSE,TRUE,Nippert Stadium,FALSE,,,FALSE,0
401856748,2026,12,regular,2026-11-21,2026-11-21T05:00:00Z,TRUE,Florida,SEC,Vanderbilt,SEC,FALSE,TRUE,Ben Hill Griffin Stadium,FALSE,,,FALSE,0
401862833,2026,12,regular,2026-11-21,2026-11-21T05:00:00Z,TRUE,Florida Atlantic,AAC,South Florida,AAC,FALSE,TRUE,FAU Stadium,FALSE,,,FALSE,0
401858304,2026,12,regular,2026-11-21,2026-11-21T05:00:00Z,TRUE,Florida State,ACC,NC State,ACC,FALSE,TRUE,Doak Campbell Stadium,FALSE,,,FALSE,0
401858310,2026,12,regular,2026-11-21,2026-11-21T05:00:00Z,TRUE,Georgia Tech,ACC,Wake Forest,ACC,FALSE,TRUE,Bobby Dodd Stadium,FALSE,,,FALSE,0
401858527,2026,12,regular,2026-11-21,2026-11-21T05:00:00Z,TRUE,Illinois,B10,Iowa,B10,FALSE,TRUE,"Memorial Stadium (Champaign, IL)",FALSE,,,FALSE,0
401871079,2026,12,regular,2026-11-21,2026-11-21T05:00:00Z,TRUE,Jacksonville State,CUSA,Missouri State,CUSA,FALSE,TRUE,AmFirst Stadium,FALSE,,,FALSE,0
401856866,2026,12,regular,2026-11-21,2026-11-21T05:00:00Z,TRUE,Kansas,B12,BYU,B12,FALSE,TRUE,Memorial Stadium,FALSE,,,FALSE,0
401856865,2026,12,regular,2026-11-21,2026-11-21T05:00:00Z,TRUE,Kansas State,B12,Arizona,B12,FALSE,TRUE,Bill Snyder Family Stadium,FALSE,,,FALSE,0
401871078,2026,12,regular,2026-11-21,2026-11-21T05:00:00Z,TRUE,Kennesaw State,CUSA,Florida International,CUSA,FALSE,TRUE,Fifth Third Stadium,FALSE,,,FALSE,0
401871080,2026,12,regular,2026-11-21,2026-11-21T05:00:00Z,TRUE,Liberty,CUSA,Western Kentucky,CUSA,FALSE,TRUE,Williams Stadium (VA),FALSE,,,FALSE,0
401869946,2026,12,regular,2026-11-21,2026-11-21T05:00:00Z,TRUE,Louisiana,SUN,Coastal Carolina,SUN,FALSE,TRUE,Cajun Field,FALSE,,,FALSE,0
401858306,2026,12,regular,2026-11-21,2026-11-21T05:00:00Z,TRUE,Louisville,ACC,Pittsburgh,ACC,FALSE,TRUE,L&N Federal Credit Union Stadium,FALSE,,,FALSE,0
401869958,2026,12,regular,2026-11-21,2026-11-21T05:00:00Z,TRUE,Marshall,SUN,Georgia State,SUN,FALSE,TRUE,Joan C. Edwards Stadium,FALSE,,,FALSE,0
401858302,2026,12,regular,2026-11-21,2026-11-21T05:00:00Z,TRUE,Miami,ACC,Virginia Tech,ACC,FALSE,TRUE,Hard Rock Stadium,FALSE,,,FALSE,0
401858528,2026,12,regular,2026-11-21,2026-11-21T05:00:00Z,TRUE,Michigan,B10,UCLA,B10,FALSE,TRUE,Michigan Stadium,FALSE,,,FALSE,0
401858530,2026,12,regular,2026-11-21,2026-11-21T05:00:00Z,TRUE,Minnesota,B10,Northwestern,B10,FALSE,TRUE,Huntington Bank Stadium,FALSE,,,FALSE,0
401856751,2026,12,regular,2026-11-21,2026-11-21T05:00:00Z,TRUE,Missouri,SEC,Kentucky,SEC,FALSE,TRUE,Memorial Stadium,FALSE,,,FALSE,0
401858531,2026,12,regular,2026-11-21,2026-11-21T05:00:00Z,TRUE,Nebraska,B10,Ohio State,B10,FALSE,TRUE,"Memorial Stadium (Lincoln, NE)",FALSE,,,FALSE,0
401864541,2026,12,regular,2026-11-21,2026-11-21T05:00:00Z,TRUE,Nevada,MWC,Hawai'i,MWC,FALSE,TRUE,Mackay Stadium,FALSE,,,FALSE,0
401871077,2026,12,regular,2026-11-21,2026-11-21T05:00:00Z,TRUE,New Mexico State,CUSA,Delaware,CUSA,FALSE,TRUE,Aggie Memorial Stadium,FALSE,,,FALSE,0
401856752,2026,12,regular,2026-11-21,2026-11-21T05:00:00Z,TRUE,Oklahoma,SEC,Texas A&M,SEC,FALSE,TRUE,"Memorial Stadium (Norman, OK)",FALSE,,,FALSE,0
401858532,2026,12,regular,2026-11-21,2026-11-21T05:00:00Z,TRUE,Penn State,B10,Rutgers,B10,FALSE,TRUE,Beaver Stadium,FALSE,,,FALSE,0
401858533,2026,12,regular,2026-11-21,2026-11-21T05:00:00Z,TRUE,Purdue,B10,Wisconsin,B10,FALSE,TRUE,Ross-Ade Stadium,FALSE,,,FALSE,0
401871081,2026,12,regular,2026-11-21,2026-11-21T05:00:00Z,TRUE,Sam Houston,CUSA,Middle Tennessee,CUSA,FALSE,TRUE,Elliott T. Bowers Stadium,FALSE,,,FALSE,0
401856753,2026,12,regular,2026-11-21,2026-11-21T05:00:00Z,TRUE,South Carolina,SEC,Georgia,SEC,FALSE,TRUE,Williams-Brice Stadium,FALSE,,,FALSE,0
401871101,2026,12,regular,2026-11-21,2026-11-21T05:00:00Z,TRUE,Southern Miss,SUN,South Alabama,SUN,FALSE,TRUE,M. M. Roberts Stadium,FALSE,,,FALSE,0
401856872,2026,12,regular,2026-11-21,2026-11-21T05:00:00Z,TRUE,TCU,B12,Utah,B12,FALSE,TRUE,Amon G. Carter Stadium,FALSE,,,FALSE,0
401856754,2026,12,regular,2026-11-21,2026-11-21T05:00:00Z,TRUE,Tennessee,SEC,LSU,SEC,FALSE,TRUE,Neyland Stadium,FALSE,,,FALSE,0
401856755,2026,12,regular,2026-11-21,2026-11-21T05:00:00Z,TRUE,Texas,SEC,Arkansas,SEC,FALSE,TRUE,DKR-Texas Memorial Stadium,FALSE,,,FALSE,0
401869953,2026,12,regular,2026-11-21,2026-11-21T05:00:00Z,TRUE,Troy,SUN,Georgia Southern,SUN,FALSE,TRUE,Veterans Memorial Stadium (AL),FALSE,,,FALSE,0
401862835,2026,12,regular,2026-11-21,2026-11-21T05:00:00Z,TRUE,Tulane,AAC,North Texas,AAC,FALSE,TRUE,Yulman Stadium,FALSE,,,FALSE,0
401862832,2026,12,regular,2026-11-21,2026-11-21T05:00:00Z,TRUE,Tulsa,AAC,Charlotte,AAC,FALSE,TRUE,Chapman Stadium,FALSE,,,FALSE,0
401862836,2026,12,regular,2026-11-21,2026-11-21T05:00:00Z,TRUE,UAB,AAC,UTSA,AAC,FALSE,TRUE,Protective Stadium,FALSE,,,FALSE,0
401858534,2026,12,regular,2026-11-21,2026-11-21T05:00:00Z,TRUE,USC,B10,Maryland,B10,FALSE,TRUE,Los Angeles Memorial Coliseum,FALSE,,,FALSE,0
401858305,2026,12,regular,2026-11-21,2026-11-21T05:00:00Z,TRUE,Virginia,ACC,North Carolina,ACC,FALSE,TRUE,Scott Stadium,FALSE,,,FALSE,0
401858535,2026,12,regular,2026-11-21,2026-11-21T05:00:00Z,TRUE,Washington,B10,Indiana,B10,FALSE,TRUE,Husky Stadium,FALSE,,,FALSE,0
401856868,2026,12,regular,2026-11-21,2026-11-21T05:00:00Z,TRUE,West Virginia,B12,Houston,B12,FALSE,TRUE,Milan Puskar Stadium,FALSE,,,FALSE,0
401862831,2026,12,regular,2026-11-21,2026-11-21T17:00:00Z,FALSE,Army,AAC,East Carolina,AAC,FALSE,TRUE,Michie Stadium,FALSE,,,FALSE,0
401862834,2026,12,regular,2026-11-21,2026-11-21T17:00:00Z,FALSE,Navy,AAC,Memphis,AAC,FALSE,TRUE,Navy-Marine Corps Memorial Stadium,FALSE,,,FALSE,0
401856749,2026,12,regular,2026-11-21,2026-11-21T17:00:00Z,FALSE,Ole Miss,SEC,Wofford,Southern,FALSE,FALSE,Vaught-Hemingway Stadium,FALSE,,,FALSE,0
401856750,2026,12,regular,2026-11-21,2026-11-21T18:00:00Z,FALSE,Mississippi State,SEC,Tennessee Tech,Southern,FALSE,FALSE,Davis Wade Stadium,FALSE,,,FALSE,0
401856746,2026,12,regular,2026-11-21,2026-11-21T19:00:00Z,FALSE,Alabama,SEC,Chattanooga,Southern,FALSE,FALSE,Bryant-Denny Stadium,FALSE,,,FALSE,0
401856747,2026,12,regular,2026-11-21,2026-11-21T20:30:00Z,FALSE,Auburn,SEC,Samford,Southern,FALSE,FALSE,Jordan-Hare Stadium,FALSE,,,FALSE,0
401861968,2026,12,regular,2026-11-21,2026-11-21T20:30:00Z,FALSE,UConn,IND,Old Dominion,SUN,FALSE,FALSE,Pratt & Whitney Stadium,FALSE,,,FALSE,0
401864543,2026,12,regular,2026-11-21,2026-11-21T21:00:00Z,FALSE,North Dakota State,MWC,Northern Illinois,MWC,FALSE,TRUE,Fargodome,FALSE,,,FALSE,0
401860920,2026,12,regular,2026-11-21,2026-11-21T23:00:00Z,FALSE,Texas State,P12,Washington State,P12,FALSE,TRUE,Bobcat Stadium (TX),FALSE,,,FALSE,0
401860918,2026,12,regular,2026-11-21,2026-11-22T00:30:00Z,FALSE,Fresno State,P12,Colorado State,P12,FALSE,TRUE,Valley Children's Stadium,FALSE,,,FALSE,0
401858307,2026,12,regular,2026-11-21,2026-11-22T00:30:00Z,FALSE,Notre Dame,IND,SMU,ACC,FALSE,FALSE,Notre Dame Stadium,FALSE,,,FALSE,0
401864544,2026,12,regular,2026-11-21,2026-11-22T01:00:00Z,FALSE,San José State,MWC,UNLV,MWC,FALSE,TRUE,CEFCU Stadium,FALSE,,,FALSE,0
401864542,2026,12,regular,2026-11-21,2026-11-22T02:00:00Z,FALSE,Wyoming,MWC,New Mexico,MWC,FALSE,TRUE,War Memorial Stadium,FALSE,,,FALSE,0
401860925,2026,12,regular,2026-11-21,2026-11-22T02:30:00Z,FALSE,Boise State,P12,San Diego State,P12,FALSE,TRUE,Albertsons Stadium,FALSE,,,FALSE,0
401860919,2026,12,regular,2026-11-21,2026-11-22T03:30:00Z,FALSE,Oregon State,P12,Utah State,P12,FALSE,TRUE,Reser Stadium,FALSE,,,FALSE,0
401866470,2026,13,regular,2026-11-24,2026-11-24T05:00:00Z,TRUE,Eastern Michigan,MAC,Kent State,MAC,FALSE,TRUE,Rynearson Stadium,FALSE,,,FALSE,0
401866471,2026,13,regular,2026-11-24,2026-11-24T05:00:00Z,TRUE,Western Michigan,MAC,Miami (OH),MAC,FALSE,TRUE,Waldo Stadium,FALSE,,,FALSE,0
401856879,2026,13,regular,2026-11-26,2026-11-27T01:00:00Z,FALSE,Texas Tech,B12,TCU,B12,FALSE,TRUE,Jones AT&T Stadium,FALSE,,,FALSE,0
401866472,2026,13,regular,2026-11-27,2026-11-27T05:00:00Z,TRUE,Akron,MAC,Buffalo,MAC,FALSE,TRUE,InfoCision Stadium,FALSE,,,FALSE,0
401862837,2026,13,regular,2026-11-27,2026-11-27T05:00:00Z,TRUE,East Carolina,AAC,Florida Atlantic,AAC,FALSE,TRUE,Dowdy-Ficklen Stadium,FALSE,,,FALSE,0
401862838,2026,13,regular,2026-11-27,2026-11-27T05:00:00Z,TRUE,Memphis,AAC,Temple,AAC,FALSE,TRUE,Simmons Bank Liberty Stadium,FALSE,,,FALSE,0
401866473,2026,13,regular,2026-11-27,2026-11-27T05:00:00Z,TRUE,Ohio,MAC,Toledo,MAC,FALSE,TRUE,Peden Stadium,FALSE,,,FALSE,0
401862839,2026,13,regular,2026-11-27,2026-11-27T05:00:00Z,TRUE,South Florida,AAC,Tulane,AAC,FALSE,TRUE,Raymond James Stadium,FALSE,,,FALSE,0
401858536,2026,13,regular,2026-11-27,2026-11-27T17:00:00Z,FALSE,Iowa,B10,Nebraska,B10,FALSE,TRUE,Kinnick Stadium,FALSE,,,FALSE,0
401856762,2026,13,regular,2026-11-27,2026-11-27T17:00:00Z,FALSE,Ole Miss,SEC,Mississippi State,SEC,FALSE,TRUE,Vaught-Hemingway Stadium,FALSE,,,FALSE,0
401869930,2026,13,regular,2026-11-27,2026-11-27T20:00:00Z,FALSE,South Alabama,SUN,App State,SUN,FALSE,TRUE,Hancock Whitney Stadium,FALSE,,,FALSE,0
401856759,2026,13,regular,2026-11-27,2026-11-27T20:30:00Z,FALSE,Florida State,ACC,Florida,SEC,FALSE,FALSE,Doak Campbell Stadium,FALSE,,,FALSE,0
401864549,2026,13,regular,2026-11-27,2026-11-27T20:30:00Z,FALSE,San José State,MWC,North Dakota State,MWC,FALSE,TRUE,CEFCU Stadium,FALSE,,,FALSE,0
401856756,2026,13,regular,2026-11-27,2026-11-28T00:30:00Z,FALSE,Texas A&M,SEC,Texas,SEC,FALSE,TRUE,Kyle Field,FALSE,,,FALSE,0
401858544,2026,13,regular,2026-11-27,2026-11-28T00:30:00Z,FALSE,Wisconsin,B10,Minnesota,B10,FALSE,TRUE,Camp Randall Stadium,FALSE,,,FALSE,0
401856880,2026,13,regular,2026-11-27,2026-11-28T02:00:00Z,FALSE,Utah,B12,West Virginia,B12,FALSE,TRUE,Rice-Eccles Stadium,FALSE,,,FALSE,0
401856757,2026,13,regular,2026-11-28,2026-11-28T05:00:00Z,TRUE,Alabama,SEC,Auburn,SEC,FALSE,TRUE,Bryant-Denny Stadium,FALSE,,,FALSE,0
401856873,2026,13,regular,2026-11-28,2026-11-28T05:00:00Z,TRUE,Arizona,B12,Arizona State,B12,FALSE,TRUE,Arizona Stadium,FALSE,,,FALSE,0
401856758,2026,13,regular,2026-11-28,2026-11-28T05:00:00Z,TRUE,Arkansas,SEC,LSU,SEC,FALSE,TRUE,Razorback Stadium,FALSE,,,FALSE,0
401869939,2026,13,regular,2026-11-28,2026-11-28T05:00:00Z,TRUE,Arkansas State,SUN,Troy,SUN,FALSE,TRUE,Centennial Bank Stadium,FALSE,,,FALSE,0
401856876,2026,13,regular,2026-11-28,2026-11-28T05:00:00Z,TRUE,BYU,B12,Cincinnati,B12,FALSE,TRUE,LaVell Edwards Stadium,FALSE,,,FALSE,0
401866474,2026,13,regular,2026-11-28,2026-11-28T05:00:00Z,TRUE,Ball State,MAC,Central Michigan,MAC,FALSE,TRUE,Scheumann Stadium,FALSE,,,FALSE,0
401866475,2026,13,regular,2026-11-28,2026-11-28T05:00:00Z,TRUE,Bowling Green,MAC,Massachusetts,MAC,FALSE,TRUE,Doyt L. Perry Stadium,FALSE,,,FALSE,0
401858315,2026,13,regular,2026-11-28,2026-11-28T05:00:00Z,TRUE,California,ACC,Pittsburgh,ACC,FALSE,TRUE,California Memorial Stadium,FALSE,,,FALSE,0
401862842,2026,13,regular,2026-11-28,2026-11-28T05:00:00Z,TRUE,Charlotte,AAC,Navy,AAC,FALSE,TRUE,Jerry Richardson Stadium,FALSE,,,FALSE,0
401856764,2026,13,regular,2026-11-28,2026-11-28T05:00:00Z,TRUE,Clemson,ACC,South Carolina,SEC,FALSE,FALSE,"Memorial Stadium (Clemson, SC)",FALSE,,,FALSE,0
401856875,2026,13,regular,2026-11-28,2026-11-28T05:00:00Z,TRUE,Colorado,B12,UCF,B12,FALSE,TRUE,Folsom Field,FALSE,,,FALSE,0
401871082,2026,13,regular,2026-11-28,2026-11-28T05:00:00Z,TRUE,Florida International,CUSA,Sam Houston,CUSA,FALSE,TRUE,FIU Stadium,FALSE,,,FALSE,0
401856760,2026,13,regular,2026-11-28,2026-11-28T05:00:00Z,TRUE,Georgia,SEC,Georgia Tech,ACC,FALSE,FALSE,Sanford Stadium,FALSE,,,FALSE,0
401869954,2026,13,regular,2026-11-28,2026-11-28T05:00:00Z,TRUE,Georgia Southern,SUN,Louisiana Tech,SUN,FALSE,TRUE,Allen E. Paulson Stadium,FALSE,,,FALSE,0
401869959,2026,13,regular,2026-11-28,2026-11-28T05:00:00Z,TRUE,Georgia State,SUN,Louisiana,SUN,FALSE,TRUE,Center Parc Stadium,FALSE,,,FALSE,0
401864547,2026,13,regular,2026-11-28,2026-11-28T05:00:00Z,TRUE,Hawai'i,MWC,Sacramento State,MAC,FALSE,FALSE,Clarence T.C. Ching Athletics Complex,FALSE,,,FALSE,0
401856874,2026,13,regular,2026-11-28,2026-11-28T05:00:00Z,TRUE,Houston,B12,Baylor,B12,FALSE,TRUE,TDECU Stadium,FALSE,,,FALSE,0
401858538,2026,13,regular,2026-11-28,2026-11-28T05:00:00Z,TRUE,Indiana,B10,Purdue,B10,FALSE,TRUE,"Memorial Stadium (Bloomington, IN)",FALSE,,,FALSE,0
401856878,2026,13,regular,2026-11-28,2026-11-28T05:00:00Z,TRUE,Iowa State,B12,Kansas State,B12,FALSE,TRUE,Jack Trice Stadium,FALSE,,,FALSE,0
401869947,2026,13,regular,2026-11-28,2026-11-28T05:00:00Z,TRUE,James Madison,SUN,Coastal Carolina,SUN,FALSE,TRUE,Bridgeforth Stadium,FALSE,,,FALSE,0
401856761,2026,13,regular,2026-11-28,2026-11-28T05:00:00Z,TRUE,Kentucky,SEC,Louisville,ACC,FALSE,FALSE,Kroger Field,FALSE,,,FALSE,0
401858539,2026,13,regular,2026-11-28,2026-11-28T05:00:00Z,TRUE,Maryland,B10,Penn State,B10,FALSE,TRUE,SECU Stadium,FALSE,,,FALSE,0
401858311,2026,13,regular,2026-11-28,2026-11-28T05:00:00Z,TRUE,Miami,ACC,Boston College,ACC,FALSE,TRUE,Hard Rock Stadium,FALSE,,,FALSE,0
401871083,2026,13,regular,2026-11-28,2026-11-28T05:00:00Z,TRUE,Middle Tennessee,CUSA,New Mexico State,CUSA,FALSE,TRUE,"Johnny ""Red"" Floyd Stadium",FALSE,,,FALSE,0
401856763,2026,13,regular,2026-11-28,2026-11-28T05:00:00Z,TRUE,Missouri,SEC,Oklahoma,SEC,FALSE,TRUE,Memorial Stadium,FALSE,,,FALSE,0
401871063,2026,13,regular,2026-11-28,2026-11-28T05:00:00Z,TRUE,Missouri State,CUSA,Liberty,CUSA,FALSE,TRUE,Plaster Sports Complex,FALSE,,,FALSE,0
401858313,2026,13,regular,2026-11-28,2026-11-28T05:00:00Z,TRUE,North Carolina,ACC,NC State,ACC,FALSE,TRUE,Kenan Stadium,FALSE,,,FALSE,0
401862843,2026,13,regular,2026-11-28,2026-11-28T05:00:00Z,TRUE,North Texas,AAC,UAB,AAC,FALSE,TRUE,DATCU Stadium,FALSE,,,FALSE,0
401864550,2026,13,regular,2026-11-28,2026-11-28T05:00:00Z,TRUE,Northern Illinois,MWC,UTEP,MWC,FALSE,TRUE,Huskie Stadium,FALSE,,,FALSE,0
401858537,2026,13,regular,2026-11-28,2026-11-28T05:00:00Z,TRUE,Northwestern,B10,Illinois,B10,FALSE,TRUE,Ryan Field,FALSE,,,FALSE,0
401856877,2026,13,regular,2026-11-28,2026-11-28T05:00:00Z,TRUE,Oklahoma State,B12,Kansas,B12,FALSE,TRUE,Boone Pickens Stadium,FALSE,,,FALSE,0
401871103,2026,13,regular,2026-11-28,2026-11-28T05:00:00Z,TRUE,Old Dominion,SUN,Southern Miss,SUN,FALSE,TRUE,S.B. Ballard Stadium,FALSE,,,FALSE,0
401858541,2026,13,regular,2026-11-28,2026-11-28T05:00:00Z,TRUE,Oregon,B10,Washington,B10,FALSE,TRUE,Autzen Stadium,FALSE,,,FALSE,0
401862841,2026,13,regular,2026-11-28,2026-11-28T05:00:00Z,TRUE,Rice,AAC,Army,AAC,FALSE,TRUE,Rice Stadium,FALSE,,,FALSE,0
401858542,2026,13,regular,2026-11-28,2026-11-28T05:00:00Z,TRUE,Rutgers,B10,Michigan State,B10,FALSE,TRUE,SHI Stadium,FALSE,,,FALSE,0
401858316,2026,13,regular,2026-11-28,2026-11-28T05:00:00Z,TRUE,Stanford,ACC,SMU,ACC,FALSE,TRUE,Stanford Stadium,FALSE,,,FALSE,0
401858314,2026,13,regular,2026-11-28,2026-11-28T05:00:00Z,TRUE,Syracuse,ACC,Notre Dame,IND,FALSE,FALSE,JMA Wireless Dome,FALSE,,,FALSE,0
401858543,2026,13,regular,2026-11-28,2026-11-28T05:00:00Z,TRUE,UCLA,B10,USC,B10,FALSE,TRUE,Rose Bowl,FALSE,,,FALSE,0
401871102,2026,13,regular,2026-11-28,2026-11-28T05:00:00Z,TRUE,UL Monroe,SUN,Marshall,SUN,FALSE,TRUE,Malone Stadium,FALSE,,,FALSE,0
401862840,2026,13,regular,2026-11-28,2026-11-28T05:00:00Z,TRUE,UTSA,AAC,Tulsa,AAC,FALSE,TRUE,Alamodome,FALSE,,,FALSE,0
401856765,2026,13,regular,2026-11-28,2026-11-28T05:00:00Z,TRUE,Vanderbilt,SEC,Tennessee,SEC,FALSE,TRUE,FirstBank Stadium,FALSE,,,FALSE,0
401858317,2026,13,regular,2026-11-28,2026-11-28T05:00:00Z,TRUE,Virginia Tech,ACC,Virginia,ACC,FALSE,TRUE,Lane Stadium,FALSE,,,FALSE,0
401858312,2026,13,regular,2026-11-28,2026-11-28T05:00:00Z,TRUE,Wake Forest,ACC,Duke,ACC,FALSE,TRUE,Allegacy Federal Credit Union Stadium,FALSE,,,FALSE,0
401870804,2026,13,regular,2026-11-28,2026-11-28T05:00:00Z,TRUE,Western Kentucky,CUSA,Kennesaw State,CUSA,FALSE,TRUE,Houchens Industries-L.T. Smith Stadium,FALSE,,,FALSE,0
401861969,2026,13,regular,2026-11-28,2026-11-28T05:00:00Z,TRUE,Wyoming,MWC,UConn,IND,FALSE,FALSE,War Memorial Stadium,FALSE,,,FALSE,0
401858540,2026,13,regular,2026-11-28,2026-11-28T17:00:00Z,FALSE,Ohio State,B10,Michigan,B10,FALSE,TRUE,Ohio Stadium,FALSE,,,FALSE,0
401871062,2026,13,regular,2026-11-28,2026-11-28T20:30:00Z,FALSE,Delaware,CUSA,Jacksonville State,CUSA,FALSE,TRUE,Delaware Stadium,FALSE,,,FALSE,0
401864546,2026,13,regular,2026-11-28,2026-11-28T21:30:00Z,FALSE,New Mexico,MWC,Air Force,MWC,FALSE,TRUE,University Stadium (NM),FALSE,,,FALSE,0
401864548,2026,13,regular,2026-11-28,2026-11-29T02:00:00Z,FALSE,UNLV,MWC,Nevada,MWC,FALSE,TRUE,Allegiant Stadium,FALSE,,,FALSE,0
401862844,2026,15,regular,2026-12-12,2026-12-12T20:00:00Z,FALSE,Army,AAC,Navy,AAC,TRUE,FALSE,MetLife Stadium,FALSE,,,FALSE,0
